{
    "monitors": [],
    "servers": [],
    "num_discos": 0,
    "discos": [],
    "shared_dbs": false,
    "name": "11Takanori/example",
    "gates": [],
    "buses": [],
    "images": [
        "rustlang/rust"
    ],
    "avg_size_service": 409.0,
    "langs": [
        "scheme",
        "rust",
        "c"
    ],
    "dockers": [
        {
            "keywords": [
                "apt",
                "install",
                "get",
                "version",
                "update"
            ],
            "cmd_keywords": [
                "microservice"
            ],
            "monitors": [],
            "langs": [
                "rust"
            ],
            "servers": [],
            "dbs": [],
            "from_full": "rustlang/rust:nightly",
            "from": "rustlang/rust",
            "cmd": "microservice",
            "discos": [],
            "buses": [],
            "gates": [],
            "path": "/rust/microservice/docker/Dockerfile"
        }
    ],
    "structure": {
        "detected_dbs": {
            "num": 0,
            "services": [],
            "names": [],
            "shared_dbs": false
        },
        "services": [],
        "path": [],
        "num_services": 0
    },
    "commiters": 1,
    "num_monitors": 0,
    "num_servers": 0,
    "num_dbs": 0,
    "num_buses": 0,
    "num_langs": 3,
    "dbs": [],
    "num_gates": 0,
    "num_files": 2,
    "num_services": 0,
    "size": 409,
    "languages": [
        "scheme",
        "rust",
        "c"
    ],
    "url": "git://github.com/11Takanori/example.git",
    "num_dockers": 1,
    "files": []
}