{
    "gates": [],
    "num_dockers": 0,
    "languages": [
        "html",
        "java"
    ],
    "num_gates": 0,
    "structure": {
        "services": [],
        "detected_dbs": {
            "shared_dbs": false,
            "names": [],
            "services": [],
            "num": 0
        },
        "num_services": 0,
        "path": []
    },
    "num_langs": 2,
    "dockers": [],
    "images": [],
    "num_servers": 1,
    "num_monitors": 0,
    "langs": [
        "java",
        "html"
    ],
    "buses": [],
    "num_services": 0,
    "commiters": 2,
    "avg_size_service": 38.0,
    "dbs": [],
    "files": [
        {
            "gates": [],
            "monitors": [],
            "dbs": [],
            "path": "/farm-microservice/pom.xml",
            "servers": [
                "jboss"
            ],
            "discos": [],
            "buses": []
        }
    ],
    "num_buses": 0,
    "discos": [],
    "size": 38,
    "monitors": [],
    "shared_dbs": false,
    "url": "git://github.com/1920-5bhif-nvs/02-microservices-individual-tasks-MichiFrech.git",
    "num_dbs": 0,
    "name": "1920-5bhif-nvs/02-microservices-individual-tasks-MichiFrech",
    "num_files": 2,
    "num_discos": 0,
    "servers": [
        "jboss"
    ]
}