{
    "num_gates": 0,
    "discos": [],
    "num_dbs": 0,
    "num_monitors": 0,
    "dockers": [],
    "dbs": [],
    "num_langs": 2,
    "num_servers": 1,
    "avg_size_service": 74.0,
    "structure": {
        "detected_dbs": {
            "num": 0,
            "shared_dbs": false,
            "names": [],
            "services": []
        },
        "num_services": 0,
        "path": [],
        "services": []
    },
    "images": [],
    "size": 74,
    "servers": [
        "jboss"
    ],
    "languages": [
        "java",
        "html"
    ],
    "langs": [
        "html",
        "java"
    ],
    "commiters": 1,
    "shared_dbs": false,
    "num_buses": 0,
    "num_services": 0,
    "monitors": [],
    "num_dockers": 0,
    "url": "git://github.com/1920-5bhif-nvs/02-microservices-individual-tasks-lukasstransky.git",
    "name": "1920-5bhif-nvs/02-microservices-individual-tasks-lukasstransky",
    "buses": [],
    "gates": [],
    "files": [
        {
            "discos": [],
            "buses": [],
            "gates": [],
            "monitors": [],
            "path": "/Quarkus/pom.xml",
            "servers": [
                "jboss"
            ],
            "dbs": []
        },
        {
            "discos": [],
            "buses": [],
            "gates": [],
            "monitors": [],
            "path": "/Jakarta EE/Coffee/pom.xml",
            "servers": [],
            "dbs": []
        },
        {
            "discos": [],
            "buses": [],
            "gates": [],
            "monitors": [],
            "path": "/Jakarta EE/Starbucks/pom.xml",
            "servers": [],
            "dbs": []
        }
    ],
    "num_discos": 0,
    "num_files": 4
}