{
    "num_services": 4,
    "buses": [],
    "structure": {
        "services": [
            {
                "gates": [],
                "depends_on": [
                    "redis",
                    "microservice"
                ],
                "discos": [],
                "buses": [],
                "dbs": [],
                "servers": [],
                "image": ".",
                "name": "app",
                "monitors": [],
                "image_full": "."
            },
            {
                "gates": [],
                "depends_on": [],
                "discos": [],
                "buses": [],
                "dbs": [
                    "redis"
                ],
                "servers": [],
                "image": "redis",
                "name": "redis",
                "monitors": [],
                "image_full": "redis:alpine"
            },
            {
                "gates": [],
                "depends_on": [
                    "redis"
                ],
                "discos": [],
                "buses": [],
                "dbs": [],
                "servers": [],
                "image": ".",
                "name": "microservice",
                "monitors": [],
                "image_full": "."
            },
            {
                "gates": [
                    "nginx"
                ],
                "depends_on": [
                    "app"
                ],
                "discos": [],
                "buses": [],
                "dbs": [],
                "servers": [],
                "image": "nginx",
                "name": "nginx",
                "monitors": [],
                "image_full": "nginx:latest"
            }
        ],
        "num_services": 4,
        "path": "/docker-compose.yml",
        "detected_dbs": {
            "services": [
                "redis"
            ],
            "shared_dbs": true,
            "names": [
                "redis"
            ],
            "num": 1
        }
    },
    "num_buses": 0,
    "num_langs": 1,
    "num_files": 4,
    "num_discos": 0,
    "servers": [
        "node",
        "express"
    ],
    "avg_size_service": 1169.0,
    "url": "git://github.com/2muchcoffeecom/nestjs-microservices-queues-example.git",
    "num_gates": 1,
    "name": "2muchcoffeecom/nestjs-microservices-queues-example",
    "langs": [
        "typescript"
    ],
    "num_dockers": 1,
    "num_dbs": 1,
    "dbs": [
        "redis"
    ],
    "dockers": [
        {
            "gates": [],
            "from_full": "node:10",
            "cmd": "",
            "dbs": [],
            "discos": [],
            "monitors": [],
            "from": "node",
            "cmd_keywords": [],
            "keywords": [
                "npm",
                "add",
                "nodemon",
                "run",
                "build"
            ],
            "servers": [
                "node"
            ],
            "buses": [],
            "path": "/Dockerfile",
            "langs": []
        }
    ],
    "discos": [],
    "num_servers": 2,
    "monitors": [],
    "commiters": 1,
    "shared_dbs": true,
    "size": 1169,
    "gates": [
        "nginx"
    ],
    "languages": [
        "typescript"
    ],
    "files": [
        {
            "buses": [],
            "dbs": [
                "redis"
            ],
            "gates": [],
            "path": "/microservice/package.json",
            "discos": [],
            "monitors": [],
            "servers": [
                "node",
                "express"
            ]
        },
        {
            "buses": [],
            "dbs": [
                "redis"
            ],
            "gates": [],
            "path": "/app/package.json",
            "discos": [],
            "monitors": [],
            "servers": [
                "node",
                "express"
            ]
        }
    ],
    "images": [
        "node"
    ],
    "num_monitors": 0
}