{
    "dockers": [
        {
            "langs": [],
            "monitors": [],
            "path": "/Dockerfile",
            "buses": [],
            "keywords": [],
            "cmd": "",
            "from": "openjdk",
            "from_full": "openjdk:8",
            "cmd_keywords": [],
            "gates": [],
            "discos": [],
            "servers": [],
            "dbs": []
        }
    ],
    "monitors": [],
    "url": "git://github.com/aaron101295/microservice-operation.git",
    "num_discos": 0,
    "buses": [],
    "num_buses": 0,
    "shared_dbs": false,
    "num_monitors": 0,
    "num_servers": 2,
    "num_dbs": 0,
    "commiters": 1,
    "name": "aaron101295/microservice-operation",
    "images": [
        "openjdk"
    ],
    "size": 42334,
    "num_services": 0,
    "servers": [
        "spring",
        "tomcat"
    ],
    "gates": [],
    "langs": [
        "java"
    ],
    "files": [
        {
            "monitors": [],
            "path": "/pom.xml",
            "buses": [],
            "discos": [],
            "gates": [],
            "servers": [
                "spring",
                "tomcat"
            ],
            "dbs": []
        }
    ],
    "num_langs": 1,
    "languages": [
        "java"
    ],
    "structure": {
        "detected_dbs": {
            "names": [],
            "services": [],
            "shared_dbs": false,
            "num": 0
        },
        "services": [],
        "path": [],
        "num_services": 0
    },
    "avg_size_service": 42334.0,
    "dbs": [],
    "num_dockers": 1,
    "num_files": 3,
    "discos": [],
    "num_gates": 0
}