{
    "files": [
        {
            "gates": [],
            "discos": [],
            "servers": [
                "spring"
            ],
            "monitors": [],
            "buses": [],
            "dbs": [],
            "path": "/pom.xml"
        }
    ],
    "num_services": 0,
    "languages": [
        "java",
        "dockerfile"
    ],
    "shared_dbs": false,
    "num_discos": 0,
    "num_dbs": 0,
    "gates": [],
    "num_files": 3,
    "num_langs": 2,
    "avg_size_service": 14.0,
    "num_monitors": 0,
    "dockers": [
        {
            "cmd": "java -Xmx200m -jar /app/config.jar",
            "from": "java",
            "from_full": "java:8-jre-alpine",
            "servers": [],
            "buses": [],
            "dbs": [],
            "path": "/Dockerfile",
            "gates": [],
            "discos": [],
            "keywords": [],
            "cmd_keywords": [
                "jar",
                "java",
                "app",
                "config",
                "xmx"
            ],
            "langs": [
                "java"
            ],
            "monitors": []
        }
    ],
    "size": 14,
    "langs": [
        "dockerfile",
        "java"
    ],
    "num_buses": 0,
    "images": [
        "java"
    ],
    "servers": [
        "spring"
    ],
    "commiters": 1,
    "buses": [],
    "dbs": [],
    "name": "afermon/PiggyMetrics-config-service",
    "discos": [],
    "url": "git://github.com/afermon/PiggyMetrics-config-service.git",
    "num_servers": 1,
    "monitors": [],
    "num_gates": 0,
    "structure": {
        "detected_dbs": {
            "names": [],
            "services": [],
            "num": 0,
            "shared_dbs": false
        },
        "services": [],
        "num_services": 0,
        "path": []
    },
    "num_dockers": 1
}