{
    "monitors": [],
    "name": "afermon/PiggyMetrics-account-service",
    "size": 45,
    "num_monitors": 0,
    "images": [
        "java"
    ],
    "dbs": [
        "mongo"
    ],
    "commiters": 1,
    "langs": [
        "java"
    ],
    "url": "git://github.com/afermon/PiggyMetrics-account-service.git",
    "num_buses": 1,
    "shared_dbs": false,
    "buses": [
        "amqp"
    ],
    "gates": [],
    "languages": [
        "java"
    ],
    "num_files": 3,
    "files": [
        {
            "monitors": [],
            "discos": [
                "eureka"
            ],
            "servers": [
                "spring"
            ],
            "buses": [
                "amqp"
            ],
            "path": "/pom.xml",
            "dbs": [
                "mongodb",
                "mongo"
            ],
            "gates": []
        }
    ],
    "num_gates": 0,
    "num_discos": 1,
    "num_services": 0,
    "num_langs": 1,
    "structure": {
        "detected_dbs": {
            "num": 0,
            "shared_dbs": false,
            "names": [],
            "services": []
        },
        "num_services": 0,
        "path": [],
        "services": []
    },
    "num_dbs": 1,
    "num_dockers": 1,
    "dockers": [
        {
            "monitors": [],
            "keywords": [],
            "path": "/Dockerfile",
            "dbs": [],
            "cmd": "java -Xmx200m -jar /app/account-service.jar",
            "from_full": "java:8-jre-alpine",
            "servers": [],
            "langs": [
                "java"
            ],
            "from": "java",
            "discos": [],
            "buses": [],
            "cmd_keywords": [
                "jar",
                "app",
                "account",
                "service",
                "java"
            ],
            "gates": []
        }
    ],
    "servers": [
        "spring"
    ],
    "discos": [
        "eureka"
    ],
    "avg_size_service": 45.0,
    "num_servers": 1
}