{
    "num_gates": 0,
    "discos": [
        "eureka"
    ],
    "num_dbs": 0,
    "num_monitors": 0,
    "dockers": [
        {
            "langs": [],
            "cmd_keywords": [],
            "from_full": "springci/spring-boot-ci-image:2.0.x",
            "path": "/Dockerfile",
            "monitors": [],
            "discos": [],
            "cmd": "",
            "buses": [],
            "gates": [],
            "dbs": [],
            "from": "springci/spring-boot-ci-image",
            "keywords": [
                "currency",
                "jar",
                "microservice",
                "converter",
                "clean"
            ],
            "servers": [
                "spring"
            ]
        }
    ],
    "dbs": [],
    "num_langs": 1,
    "num_servers": 1,
    "avg_size_service": 18.0,
    "structure": {
        "detected_dbs": {
            "num": 0,
            "shared_dbs": false,
            "names": [],
            "services": []
        },
        "num_services": 0,
        "path": [],
        "services": []
    },
    "images": [
        "springci/spring-boot-ci-image"
    ],
    "size": 18,
    "servers": [
        "spring"
    ],
    "languages": [
        "java"
    ],
    "langs": [
        "java"
    ],
    "commiters": 1,
    "shared_dbs": false,
    "num_buses": 0,
    "num_services": 0,
    "monitors": [],
    "num_dockers": 1,
    "url": "git://github.com/agamezg/currency-service.git",
    "name": "agamezg/currency-service",
    "buses": [],
    "gates": [],
    "files": [
        {
            "discos": [
                "eureka"
            ],
            "buses": [],
            "gates": [],
            "monitors": [],
            "path": "/pom.xml",
            "servers": [
                "spring"
            ],
            "dbs": []
        }
    ],
    "num_discos": 1,
    "num_files": 3
}