{
    "num_services": 0,
    "name": "ahauser16/travel-time-software-develpment-kit",
    "size": 36915,
    "avg_size_service": 3691.5,
    "monitors": [],
    "images": [
        "ubuntu",
        "ruby",
        "mcr.microsoft.com/dotnet/core/aspnet",
        "scratch",
        "frolvlad/alpine-oraclejdk8",
        "alpine",
        "python",
        "openjdk"
    ],
    "languages": [
        "java",
        "c++",
        "c#"
    ],
    "servers": [
        "laravel",
        "node",
        "jetty",
        "jboss",
        "spring",
        "express",
        "glassfish",
        "rails"
    ],
    "dockers": [
        {
            "langs": [
                "python"
            ],
            "dbs": [],
            "buses": [],
            "cmd": "-B -m openapi_server",
            "cmd_keywords": [
                "server",
                "openapi"
            ],
            "monitors": [],
            "keywords": [
                "mkdir",
                "gltoken",
                "com",
                "pip",
                "src"
            ],
            "servers": [],
            "from": "python",
            "from_full": "python:3-alpine",
            "gates": [],
            "path": "/python-blueplanet/app/Dockerfile",
            "discos": []
        },
        {
            "langs": [
                "scratch"
            ],
            "dbs": [],
            "buses": [],
            "cmd": "",
            "cmd_keywords": [],
            "monitors": [],
            "keywords": [
                "build",
                "get",
                "openapi",
                "installsuffix",
                "cgo"
            ],
            "servers": [],
            "from": "scratch",
            "from_full": "scratch",
            "gates": [],
            "path": "/go-server/Dockerfile",
            "discos": []
        },
        {
            "langs": [
                "python"
            ],
            "dbs": [],
            "buses": [],
            "cmd": "-m openapi_server",
            "cmd_keywords": [
                "server",
                "openapi"
            ],
            "monitors": [],
            "keywords": [
                "txt",
                "install",
                "usr",
                "cache",
                "pip"
            ],
            "servers": [],
            "from": "python",
            "from_full": "python:3-alpine",
            "gates": [],
            "path": "/python-flask/Dockerfile",
            "discos": []
        },
        {
            "langs": [
                "ruby"
            ],
            "dbs": [],
            "buses": [],
            "cmd": "bin/rails s -b 0.0.0.0",
            "cmd_keywords": [
                "rails",
                "bin"
            ],
            "monitors": [],
            "keywords": [
                "apk",
                "packages",
                "bundle",
                "install",
                "usr"
            ],
            "servers": [
                "rails"
            ],
            "from": "ruby",
            "from_full": "ruby:2.5-alpine",
            "gates": [],
            "path": "/ruby-on-rails/Dockerfile",
            "discos": []
        },
        {
            "langs": [],
            "dbs": [],
            "buses": [],
            "cmd": "",
            "cmd_keywords": [],
            "monitors": [],
            "keywords": [],
            "servers": [],
            "from": "frolvlad/alpine-oraclejdk8",
            "from_full": "frolvlad/alpine-oraclejdk8:slim",
            "gates": [],
            "path": "/java-pkmst/Dockerfile",
            "discos": []
        },
        {
            "langs": [
                "cmake"
            ],
            "dbs": [],
            "buses": [],
            "cmd": "",
            "cmd_keywords": [],
            "monitors": [],
            "keywords": [
                "qtbase",
                "cmake",
                "apk",
                "update",
                "dev"
            ],
            "servers": [],
            "from": "alpine",
            "from_full": "alpine:latest",
            "gates": [],
            "path": "/cpp-qt5-qhttpengine-server/server/Dockerfile",
            "discos": []
        },
        {
            "langs": [
                "bash"
            ],
            "dbs": [],
            "buses": [],
            "cmd": "",
            "cmd_keywords": [],
            "monitors": [],
            "keywords": [
                "tput",
                "setaf",
                "sgr",
                "the",
                "echo"
            ],
            "servers": [],
            "from": "ubuntu",
            "from_full": "ubuntu:16.10",
            "gates": [],
            "path": "/bash/Dockerfile",
            "discos": []
        },
        {
            "langs": [
                "java"
            ],
            "dbs": [],
            "buses": [],
            "cmd": "java -server -Xms4g -Xmx4g -XX:+UseG1GC -XX:MaxGCPauseMillis=100 -XX:+UseStringDeduplication -jar kotlin-server.jar",
            "cmd_keywords": [
                "server",
                "jar",
                "useg",
                "kotlin",
                "xmx"
            ],
            "monitors": [],
            "keywords": [],
            "servers": [],
            "from": "openjdk",
            "from_full": "openjdk:8-jre-alpine",
            "gates": [],
            "path": "/kotlin-server/Dockerfile",
            "discos": []
        },
        {
            "langs": [],
            "dbs": [],
            "buses": [],
            "cmd": "",
            "cmd_keywords": [],
            "monitors": [],
            "keywords": [
                "dotnet",
                "restore",
                "publish",
                "release",
                "out"
            ],
            "servers": [],
            "from": "mcr.microsoft.com/dotnet/core/aspnet",
            "from_full": "mcr.microsoft.com/dotnet/core/aspnet:2.2",
            "gates": [],
            "path": "/aspnetcore/src/Org.OpenAPITools/Dockerfile",
            "discos": []
        },
        {
            "langs": [
                "scratch"
            ],
            "dbs": [],
            "buses": [],
            "cmd": "",
            "cmd_keywords": [],
            "monitors": [],
            "keywords": [
                "build",
                "get",
                "openapi",
                "installsuffix",
                "cgo"
            ],
            "servers": [],
            "from": "scratch",
            "from_full": "scratch",
            "gates": [],
            "path": "/go-gin-server/Dockerfile",
            "discos": []
        }
    ],
    "num_servers": 8,
    "num_gates": 0,
    "discos": [],
    "num_monitors": 0,
    "files": [
        {
            "servers": [],
            "gates": [],
            "dbs": [],
            "buses": [],
            "path": "/python-blueplanet/requirements.txt",
            "monitors": [],
            "discos": []
        },
        {
            "servers": [],
            "gates": [],
            "dbs": [],
            "buses": [],
            "path": "/python-blueplanet/app/requirements.txt",
            "monitors": [],
            "discos": []
        },
        {
            "servers": [],
            "gates": [],
            "dbs": [],
            "buses": [],
            "path": "/python-flask/requirements.txt",
            "monitors": [],
            "discos": []
        },
        {
            "servers": [],
            "gates": [],
            "dbs": [],
            "buses": [],
            "path": "/python-aiohttp/requirements.txt",
            "monitors": [],
            "discos": []
        },
        {
            "servers": [],
            "gates": [],
            "dbs": [],
            "buses": [],
            "path": "/python/requirements.txt",
            "monitors": [],
            "discos": []
        },
        {
            "servers": [
                "spring"
            ],
            "gates": [],
            "dbs": [],
            "buses": [],
            "path": "/kotlin-spring/settings.gradle",
            "monitors": [],
            "discos": []
        },
        {
            "servers": [],
            "gates": [],
            "dbs": [],
            "buses": [],
            "path": "/java/build.gradle",
            "monitors": [],
            "discos": []
        },
        {
            "servers": [],
            "gates": [],
            "dbs": [],
            "buses": [],
            "path": "/java/settings.gradle",
            "monitors": [],
            "discos": []
        },
        {
            "servers": [],
            "gates": [],
            "dbs": [],
            "buses": [],
            "path": "/kotlin/build.gradle",
            "monitors": [],
            "discos": []
        },
        {
            "servers": [],
            "gates": [],
            "dbs": [],
            "buses": [],
            "path": "/kotlin/settings.gradle",
            "monitors": [],
            "discos": []
        },
        {
            "servers": [
                "jboss"
            ],
            "gates": [],
            "dbs": [],
            "buses": [],
            "path": "/jaxrs-resteasy/build.gradle",
            "monitors": [],
            "discos": []
        },
        {
            "servers": [],
            "gates": [],
            "dbs": [],
            "buses": [],
            "path": "/jaxrs-resteasy/settings.gradle",
            "monitors": [],
            "discos": []
        },
        {
            "servers": [],
            "gates": [],
            "dbs": [],
            "buses": [],
            "path": "/groovy/build.gradle",
            "monitors": [],
            "discos": []
        },
        {
            "servers": [],
            "gates": [],
            "dbs": [],
            "buses": [],
            "path": "/android/build.gradle",
            "monitors": [],
            "discos": []
        },
        {
            "servers": [],
            "gates": [],
            "dbs": [],
            "buses": [],
            "path": "/kotlin-server/build.gradle",
            "monitors": [],
            "discos": []
        },
        {
            "servers": [],
            "gates": [],
            "dbs": [],
            "buses": [],
            "path": "/kotlin-server/settings.gradle",
            "monitors": [],
            "discos": []
        },
        {
            "servers": [],
            "gates": [],
            "dbs": [],
            "buses": [],
            "path": "/scala-gatling/build.gradle",
            "monitors": [],
            "discos": []
        },
        {
            "servers": [
                "jboss"
            ],
            "gates": [],
            "dbs": [],
            "buses": [],
            "path": "/jaxrs-resteasy-eap/build.gradle",
            "monitors": [],
            "discos": []
        },
        {
            "servers": [],
            "gates": [],
            "dbs": [],
            "buses": [],
            "path": "/jaxrs-resteasy-eap/settings.gradle",
            "monitors": [],
            "discos": []
        },
        {
            "servers": [
                "spring"
            ],
            "gates": [],
            "dbs": [],
            "buses": [],
            "path": "/kotlin-spring/pom.xml",
            "monitors": [],
            "discos": []
        },
        {
            "servers": [],
            "gates": [],
            "dbs": [],
            "buses": [],
            "path": "/scala-akka/pom.xml",
            "monitors": [],
            "discos": []
        },
        {
            "servers": [],
            "gates": [],
            "dbs": [],
            "buses": [],
            "path": "/jaxrs-spec/pom.xml",
            "monitors": [],
            "discos": []
        },
        {
            "servers": [
                "jetty"
            ],
            "gates": [],
            "dbs": [],
            "buses": [],
            "path": "/java-inflector/pom.xml",
            "monitors": [],
            "discos": []
        },
        {
            "servers": [],
            "gates": [],
            "dbs": [],
            "buses": [],
            "path": "/java/pom.xml",
            "monitors": [],
            "discos": []
        },
        {
            "servers": [
                "jetty",
                "spring"
            ],
            "gates": [],
            "dbs": [],
            "buses": [
                "amqp"
            ],
            "path": "/java-pkmst/pom.xml",
            "monitors": [],
            "discos": []
        },
        {
            "servers": [],
            "gates": [],
            "dbs": [],
            "buses": [],
            "path": "/java-msf4j/pom.xml",
            "monitors": [],
            "discos": []
        },
        {
            "servers": [
                "jetty",
                "glassfish"
            ],
            "gates": [],
            "dbs": [],
            "buses": [],
            "path": "/jaxrs-jersey/pom.xml",
            "monitors": [],
            "discos": []
        },
        {
            "servers": [],
            "gates": [],
            "dbs": [],
            "buses": [],
            "path": "/jaxrs-cxf-cdi/pom.xml",
            "monitors": [],
            "discos": []
        },
        {
            "servers": [],
            "gates": [],
            "dbs": [],
            "buses": [],
            "path": "/java-vertx/pom.xml",
            "monitors": [],
            "discos": []
        },
        {
            "servers": [
                "jetty",
                "jboss"
            ],
            "gates": [],
            "dbs": [],
            "buses": [],
            "path": "/jaxrs-resteasy/pom.xml",
            "monitors": [],
            "discos": []
        },
        {
            "servers": [
                "jetty"
            ],
            "gates": [],
            "dbs": [],
            "buses": [],
            "path": "/jaxrs-cxf/pom.xml",
            "monitors": [],
            "discos": []
        },
        {
            "servers": [],
            "gates": [],
            "dbs": [],
            "buses": [],
            "path": "/android/pom.xml",
            "monitors": [],
            "discos": []
        },
        {
            "servers": [
                "jetty"
            ],
            "gates": [],
            "dbs": [],
            "buses": [],
            "path": "/jaxrs-cxf-extended/pom.xml",
            "monitors": [],
            "discos": []
        },
        {
            "servers": [],
            "gates": [],
            "dbs": [],
            "buses": [],
            "path": "/php-symfony/pom.xml",
            "monitors": [],
            "discos": []
        },
        {
            "servers": [
                "jetty"
            ],
            "gates": [],
            "dbs": [],
            "buses": [],
            "path": "/jaxrs-cxf-client/pom.xml",
            "monitors": [],
            "discos": []
        },
        {
            "servers": [
                "jetty",
                "jboss"
            ],
            "gates": [],
            "dbs": [],
            "buses": [],
            "path": "/jaxrs-resteasy-eap/pom.xml",
            "monitors": [],
            "discos": []
        },
        {
            "servers": [
                "spring"
            ],
            "gates": [],
            "dbs": [],
            "buses": [],
            "path": "/spring/pom.xml",
            "monitors": [],
            "discos": []
        },
        {
            "servers": [
                "node"
            ],
            "gates": [],
            "dbs": [],
            "buses": [],
            "path": "/javascript-flowtyped/package.json",
            "monitors": [],
            "discos": []
        },
        {
            "servers": [],
            "gates": [],
            "dbs": [],
            "buses": [],
            "path": "/javascript/package.json",
            "monitors": [],
            "discos": []
        },
        {
            "servers": [],
            "gates": [],
            "dbs": [],
            "buses": [],
            "path": "/typescript-aurelia/package.json",
            "monitors": [],
            "discos": []
        },
        {
            "servers": [
                "node"
            ],
            "gates": [],
            "dbs": [],
            "buses": [],
            "path": "/nodejs-server/package.json",
            "monitors": [],
            "discos": []
        },
        {
            "servers": [
                "node",
                "laravel"
            ],
            "gates": [],
            "dbs": [],
            "buses": [],
            "path": "/php-laravel/lib/package.json",
            "monitors": [],
            "discos": []
        },
        {
            "servers": [
                "node",
                "express"
            ],
            "gates": [],
            "dbs": [],
            "buses": [],
            "path": "/graphql-nodejs-express-server/openapi3graphql-server/package.json",
            "monitors": [],
            "discos": []
        }
    ],
    "dbs": [],
    "buses": [
        "amqp"
    ],
    "langs": [
        "ruby",
        "scratch",
        "cmake",
        "c++",
        "c#",
        "python",
        "java",
        "bash"
    ],
    "num_dbs": 0,
    "url": "git://github.com/ahauser16/travel-time-software-develpment-kit.git",
    "shared_dbs": false,
    "gates": [],
    "num_langs": 8,
    "num_dockers": 10,
    "num_buses": 1,
    "num_files": 54,
    "num_discos": 0,
    "commiters": 5,
    "structure": {
        "num_services": 0,
        "services": [],
        "path": [],
        "detected_dbs": {
            "services": [],
            "shared_dbs": false,
            "num": 0,
            "names": []
        }
    }
}