{
    "num_servers": 1,
    "num_monitors": 0,
    "commiters": 8,
    "num_discos": 0,
    "files": [
        {
            "buses": [],
            "dbs": [],
            "servers": [
                "django"
            ],
            "monitors": [],
            "gates": [],
            "discos": [],
            "path": "/requirements.txt"
        }
    ],
    "url": "git://github.com/airavata-courses/Schrodinger-s-cat.git",
    "discos": [],
    "num_langs": 1,
    "langs": [
        "python"
    ],
    "num_services": 1,
    "shared_dbs": false,
    "images": [
        "python"
    ],
    "avg_size_service": 40960.0,
    "num_gates": 0,
    "num_buses": 0,
    "dbs": [],
    "servers": [
        "django"
    ],
    "structure": {
        "services": [
            {
                "name": "pythonserver",
                "buses": [],
                "dbs": [],
                "servers": [],
                "image_full": "scatpythonserver",
                "gates": [],
                "discos": [],
                "depends_on": [],
                "image": "scatpythonserver",
                "monitors": []
            }
        ],
        "num_services": 1,
        "detected_dbs": {
            "num": 0,
            "shared_dbs": false,
            "names": [],
            "services": []
        },
        "path": "/docker-compose.yml"
    },
    "num_dockers": 1,
    "num_files": 3,
    "name": "airavata-courses/Schrodinger-s-cat",
    "dockers": [
        {
            "dbs": [],
            "servers": [
                "django"
            ],
            "keywords": [
                "install",
                "pip",
                "code",
                "upgrade",
                "txt"
            ],
            "from_full": "python:3-slim",
            "cmd_keywords": [
                "pythonmicroservice",
                "manage",
                "python",
                "djangoadmin",
                "user"
            ],
            "cmd": "python3 pythonMicroservice/manage.py makemigrations; python3 pythonMicroservice/manage.py migrate;echo \"from django.contrib.auth.models import User; User.objects.create_superuser('djangoAdmin', 'admin@example.com', 'djangoAdmin')\" | ./pythonMicroservice/manage.py shell;python3 pythonMicroservice/manage.py runserver 0.0.0.0:8000;",
            "langs": [
                "python"
            ],
            "buses": [],
            "monitors": [],
            "gates": [],
            "discos": [],
            "from": "python",
            "path": "/Dockerfile"
        }
    ],
    "buses": [],
    "monitors": [],
    "gates": [],
    "size": 40960,
    "languages": [
        "python"
    ],
    "num_dbs": 0
}