{
    "num_discos": 0,
    "structure": {
        "detected_dbs": {
            "num": 0,
            "shared_dbs": false,
            "names": [],
            "services": []
        },
        "num_services": 0,
        "path": [],
        "services": []
    },
    "buses": [],
    "servers": [
        "spring",
        "tomcat"
    ],
    "name": "akashkatakam/webapp-backend",
    "num_gates": 0,
    "gates": [],
    "num_dbs": 2,
    "discos": [],
    "num_servers": 2,
    "num_dockers": 1,
    "dockers": [
        {
            "cmd": "",
            "dbs": [],
            "cmd_keywords": [],
            "buses": [],
            "monitors": [],
            "from": "openjdk",
            "langs": [],
            "keywords": [],
            "gates": [],
            "from_full": "openjdk:8-jdk-alpine",
            "discos": [],
            "path": "/Dockerfile",
            "servers": []
        }
    ],
    "dbs": [
        "redis",
        "mysql"
    ],
    "images": [
        "openjdk"
    ],
    "commiters": 5,
    "monitors": [
        "prometheus"
    ],
    "files": [
        {
            "dbs": [
                "mariadb",
                "mysql",
                "redis"
            ],
            "buses": [],
            "servers": [
                "spring",
                "tomcat"
            ],
            "discos": [],
            "monitors": [
                "prometheus"
            ],
            "gates": [],
            "path": "/pom.xml"
        }
    ],
    "langs": [
        "java"
    ],
    "url": "git://github.com/akashkatakam/webapp-backend.git",
    "num_monitors": 1,
    "shared_dbs": false,
    "size": 112,
    "languages": [
        "java"
    ],
    "num_langs": 1,
    "num_buses": 0,
    "avg_size_service": 112.0,
    "num_files": 3,
    "num_services": 0
}