{
    "num_servers": 1,
    "num_monitors": 0,
    "commiters": 2,
    "num_discos": 1,
    "files": [
        {
            "buses": [],
            "dbs": [],
            "servers": [
                "spring"
            ],
            "monitors": [],
            "gates": [
                "zuul"
            ],
            "discos": [
                "eureka"
            ],
            "path": "/pom.xml"
        }
    ],
    "url": "git://github.com/alanniu99/config-microservice.git",
    "discos": [
        "eureka"
    ],
    "num_langs": 2,
    "langs": [
        "dockerfile",
        "java"
    ],
    "num_services": 0,
    "shared_dbs": false,
    "images": [
        "java"
    ],
    "avg_size_service": 10.0,
    "num_gates": 1,
    "num_buses": 0,
    "dbs": [],
    "servers": [
        "spring"
    ],
    "structure": {
        "services": [],
        "num_services": 0,
        "detected_dbs": {
            "num": 0,
            "shared_dbs": false,
            "names": [],
            "services": []
        },
        "path": []
    },
    "num_dockers": 1,
    "num_files": 3,
    "name": "alanniu99/config-microservice",
    "dockers": [
        {
            "dbs": [],
            "servers": [],
            "keywords": [
                "app",
                "touch",
                "bash",
                "jar"
            ],
            "from_full": "java:8",
            "cmd_keywords": [],
            "cmd": "",
            "langs": [
                "java"
            ],
            "buses": [],
            "monitors": [],
            "gates": [],
            "discos": [],
            "from": "java",
            "path": "/src/main/docker/Dockerfile"
        }
    ],
    "buses": [],
    "monitors": [],
    "gates": [
        "zuul"
    ],
    "size": 10,
    "languages": [
        "java",
        "dockerfile"
    ],
    "num_dbs": 0
}