{
    "num_gates": 0,
    "discos": [],
    "num_dbs": 1,
    "num_monitors": 0,
    "dockers": [
        {
            "langs": [],
            "cmd_keywords": [
                "yarn",
                "start"
            ],
            "from_full": "node:12-alpine",
            "path": "/api/Dockerfile",
            "monitors": [],
            "discos": [],
            "cmd": "yarn start",
            "buses": [],
            "gates": [],
            "dbs": [],
            "from": "node",
            "keywords": [
                "yarn",
                "frozen",
                "install",
                "lockfile"
            ],
            "servers": [
                "node"
            ]
        },
        {
            "langs": [],
            "cmd_keywords": [
                "crond",
                "dev",
                "stdout"
            ],
            "from_full": "node:12-alpine",
            "path": "/scrape-and-tweet/Dockerfile",
            "monitors": [],
            "discos": [],
            "cmd": "crond -f -L /dev/stdout",
            "buses": [],
            "gates": [],
            "dbs": [],
            "from": "node",
            "keywords": [
                "albion",
                "status",
                "check",
                "etc",
                "cron"
            ],
            "servers": [
                "node"
            ]
        }
    ],
    "dbs": [
        "mysql"
    ],
    "num_langs": 1,
    "num_servers": 1,
    "avg_size_service": 22.5,
    "structure": {
        "detected_dbs": {
            "num": 1,
            "shared_dbs": true,
            "names": [
                "mysql"
            ],
            "services": [
                "db"
            ]
        },
        "num_services": 3,
        "path": "/docker-compose.yml",
        "services": [
            {
                "discos": [],
                "image_full": "mysql:5.7",
                "name": "db",
                "image": "mysql",
                "buses": [],
                "gates": [],
                "depends_on": [],
                "monitors": [],
                "servers": [],
                "dbs": [
                    "mysql"
                ]
            },
            {
                "discos": [],
                "image_full": "./scrape-and-tweet/Dockerfile",
                "name": "scraper",
                "image": "./scrape-and-tweet/Dockerfile",
                "buses": [],
                "gates": [],
                "depends_on": [
                    "db"
                ],
                "monitors": [],
                "servers": [],
                "dbs": []
            },
            {
                "discos": [],
                "image_full": "./api/Dockerfile",
                "name": "api",
                "image": "./api/Dockerfile",
                "buses": [],
                "gates": [],
                "depends_on": [
                    "db"
                ],
                "monitors": [],
                "servers": [],
                "dbs": []
            }
        ]
    },
    "images": [
        "node"
    ],
    "size": 45,
    "servers": [
        "node"
    ],
    "languages": [
        "javascript"
    ],
    "langs": [
        "javascript"
    ],
    "commiters": 1,
    "shared_dbs": true,
    "num_buses": 0,
    "num_services": 3,
    "monitors": [],
    "num_dockers": 2,
    "url": "git://github.com/albionstatus/albionstatus-backend.git",
    "name": "albionstatus/albionstatus-backend",
    "buses": [],
    "gates": [],
    "files": [
        {
            "discos": [],
            "buses": [],
            "gates": [],
            "monitors": [],
            "path": "/src/package.json",
            "servers": [],
            "dbs": [
                "mysql"
            ]
        }
    ],
    "num_discos": 0,
    "num_files": 4
}