{
    "discos": [],
    "files": [
        {
            "discos": [],
            "dbs": [
                "mysql"
            ],
            "path": "/TelegramBot/requirements.txt",
            "gates": [],
            "buses": [],
            "servers": [
                "flask"
            ],
            "monitors": []
        },
        {
            "discos": [],
            "dbs": [
                "mysql"
            ],
            "path": "/TelegramPoll/requirements.txt",
            "gates": [],
            "buses": [],
            "servers": [
                "flask"
            ],
            "monitors": []
        },
        {
            "discos": [],
            "dbs": [
                "mysql"
            ],
            "path": "/purchase_microservice/requirements.txt",
            "gates": [],
            "buses": [],
            "servers": [
                "flask"
            ],
            "monitors": []
        },
        {
            "discos": [],
            "dbs": [
                "mysql"
            ],
            "path": "/paypal_microservice/requirements.txt",
            "gates": [],
            "buses": [],
            "servers": [
                "flask"
            ],
            "monitors": []
        },
        {
            "discos": [],
            "dbs": [
                "mysql"
            ],
            "path": "/furniture_microservice/requirements.txt",
            "gates": [],
            "buses": [],
            "servers": [
                "flask"
            ],
            "monitors": []
        },
        {
            "discos": [],
            "dbs": [
                "mysql"
            ],
            "path": "/customer_microservice/requirements.txt",
            "gates": [],
            "buses": [],
            "servers": [
                "flask"
            ],
            "monitors": []
        },
        {
            "discos": [],
            "dbs": [],
            "path": "/start_up/requirements.txt",
            "gates": [],
            "buses": [],
            "servers": [],
            "monitors": []
        },
        {
            "discos": [],
            "dbs": [
                "mysql"
            ],
            "path": "/routing_microservice/requirements.txt",
            "gates": [],
            "buses": [],
            "servers": [
                "flask"
            ],
            "monitors": []
        }
    ],
    "dbs": [
        "mysql"
    ],
    "num_monitors": 0,
    "url": "git://github.com/alch-1/delivery-enterprise-solution.git",
    "languages": [
        "html",
        "css"
    ],
    "images": [
        "php",
        "python",
        "mysql"
    ],
    "servers": [
        "flask"
    ],
    "num_files": 19,
    "commiters": 1,
    "num_buses": 1,
    "dockers": [
        {
            "discos": [],
            "from": "php",
            "dbs": [],
            "path": "/Dockerfile",
            "langs": [
                "php"
            ],
            "servers": [],
            "cmd_keywords": [],
            "cmd": "",
            "gates": [],
            "from_full": "php:7.3.3-apache",
            "buses": [],
            "monitors": [],
            "keywords": [
                "apt",
                "get",
                "ext",
                "install",
                "update"
            ]
        },
        {
            "discos": [],
            "from": "python",
            "dbs": [],
            "path": "/TelegramBot/Dockerfile",
            "langs": [
                "python"
            ],
            "servers": [],
            "cmd_keywords": [
                "telegrambot",
                "python"
            ],
            "cmd": "python ./telegramBot.py",
            "gates": [],
            "from_full": "python:3",
            "buses": [],
            "monitors": [],
            "keywords": [
                "install",
                "dir",
                "txt",
                "cache",
                "requirements"
            ]
        },
        {
            "discos": [],
            "from": "python",
            "dbs": [],
            "path": "/TelegramPoll/Dockerfile",
            "langs": [
                "python"
            ],
            "servers": [],
            "cmd_keywords": [
                "telegrampoll",
                "python"
            ],
            "cmd": "python ./telegramPoll.py",
            "gates": [],
            "from_full": "python:3",
            "buses": [],
            "monitors": [],
            "keywords": [
                "install",
                "dir",
                "txt",
                "cache",
                "requirements"
            ]
        },
        {
            "discos": [],
            "from": "python",
            "dbs": [],
            "path": "/purchase_microservice/Dockerfile",
            "langs": [
                "python"
            ],
            "servers": [],
            "cmd_keywords": [
                "purchase",
                "python"
            ],
            "cmd": "python ./purchase.py",
            "gates": [],
            "from_full": "python:3",
            "buses": [],
            "monitors": [],
            "keywords": [
                "install",
                "dir",
                "txt",
                "cache",
                "requirements"
            ]
        },
        {
            "discos": [],
            "from": "python",
            "dbs": [],
            "path": "/paypal_microservice/Dockerfile",
            "langs": [
                "python"
            ],
            "servers": [],
            "cmd_keywords": [
                "payment",
                "python"
            ],
            "cmd": "python ./payment.py",
            "gates": [],
            "from_full": "python:3",
            "buses": [],
            "monitors": [],
            "keywords": [
                "install",
                "dir",
                "txt",
                "cache",
                "requirements"
            ]
        },
        {
            "discos": [],
            "from": "python",
            "dbs": [],
            "path": "/furniture_microservice/Dockerfile",
            "langs": [
                "python"
            ],
            "servers": [],
            "cmd_keywords": [
                "furniture",
                "python"
            ],
            "cmd": "python ./furniture.py",
            "gates": [],
            "from_full": "python:3",
            "buses": [],
            "monitors": [],
            "keywords": [
                "install",
                "dir",
                "txt",
                "cache",
                "requirements"
            ]
        },
        {
            "discos": [],
            "from": "python",
            "dbs": [],
            "path": "/customer_microservice/Dockerfile",
            "langs": [
                "python"
            ],
            "servers": [],
            "cmd_keywords": [
                "customer",
                "python"
            ],
            "cmd": "python ./customer.py",
            "gates": [],
            "from_full": "python:3",
            "buses": [],
            "monitors": [],
            "keywords": [
                "install",
                "dir",
                "txt",
                "cache",
                "requirements"
            ]
        },
        {
            "discos": [],
            "from": "python",
            "dbs": [],
            "path": "/start_up/Dockerfile",
            "langs": [
                "python"
            ],
            "servers": [],
            "cmd_keywords": [
                "start",
                "python"
            ],
            "cmd": "python ./start_up.py",
            "gates": [],
            "from_full": "python:3",
            "buses": [],
            "monitors": [],
            "keywords": [
                "install",
                "dir",
                "txt",
                "cache",
                "requirements"
            ]
        },
        {
            "discos": [],
            "from": "mysql",
            "dbs": [
                "mysql"
            ],
            "path": "/database/Dockerfile",
            "langs": [],
            "servers": [],
            "cmd_keywords": [],
            "cmd": "",
            "gates": [],
            "from_full": "mysql:latest",
            "buses": [],
            "monitors": [],
            "keywords": []
        },
        {
            "discos": [],
            "from": "python",
            "dbs": [],
            "path": "/routing_microservice/Dockerfile",
            "langs": [
                "python"
            ],
            "servers": [],
            "cmd_keywords": [
                "python",
                "routing"
            ],
            "cmd": "python ./routing.py",
            "gates": [],
            "from_full": "python:3",
            "buses": [],
            "monitors": [],
            "keywords": [
                "install",
                "dir",
                "txt",
                "cache",
                "requirements"
            ]
        }
    ],
    "buses": [
        "rabbitmq"
    ],
    "num_dbs": 1,
    "num_dockers": 10,
    "langs": [
        "css",
        "php",
        "html",
        "python"
    ],
    "shared_dbs": false,
    "num_services": 12,
    "structure": {
        "num_services": 12,
        "detected_dbs": {
            "num": 0,
            "names": [],
            "shared_dbs": false,
            "services": []
        },
        "path": "/docker-compose.yml",
        "services": [
            {
                "discos": [],
                "image": "shkoliar/ngrok",
                "dbs": [],
                "name": "ngrok",
                "depends_on": [],
                "gates": [],
                "image_full": "shkoliar/ngrok:latest",
                "buses": [],
                "servers": [],
                "monitors": []
            },
            {
                "discos": [],
                "image": "Dockerfile",
                "dbs": [],
                "name": "purchase",
                "depends_on": [
                    "rabbitmq",
                    "mysql"
                ],
                "gates": [],
                "image_full": "Dockerfile",
                "buses": [],
                "servers": [],
                "monitors": []
            },
            {
                "discos": [],
                "image": "Dockerfile",
                "dbs": [],
                "name": "routing",
                "depends_on": [
                    "rabbitmq",
                    "mysql",
                    "purchase"
                ],
                "gates": [],
                "image_full": "Dockerfile",
                "buses": [],
                "servers": [],
                "monitors": []
            },
            {
                "discos": [],
                "image": "Dockerfile",
                "dbs": [],
                "name": "product",
                "depends_on": [
                    "mysql"
                ],
                "gates": [],
                "image_full": "Dockerfile",
                "buses": [],
                "servers": [],
                "monitors": []
            },
            {
                "discos": [],
                "image": "rabbitmq",
                "dbs": [],
                "name": "rabbitmq",
                "depends_on": [],
                "gates": [],
                "image_full": "rabbitmq:3-management",
                "buses": [
                    "rabbitmq"
                ],
                "servers": [],
                "monitors": []
            },
            {
                "discos": [],
                "image": "Dockerfile",
                "dbs": [],
                "name": "telegram_poll",
                "depends_on": [
                    "paypal",
                    "purchase",
                    "rabbitmq",
                    "mysql"
                ],
                "gates": [],
                "image_full": "Dockerfile",
                "buses": [],
                "servers": [],
                "monitors": []
            },
            {
                "discos": [],
                "image": "Dockerfile",
                "dbs": [],
                "name": "mysql",
                "depends_on": [],
                "gates": [],
                "image_full": "Dockerfile",
                "buses": [],
                "servers": [],
                "monitors": []
            },
            {
                "discos": [],
                "image": "Dockerfile",
                "dbs": [],
                "name": "telegram_bot",
                "depends_on": [
                    "paypal",
                    "purchase",
                    "rabbitmq",
                    "mysql"
                ],
                "gates": [],
                "image_full": "Dockerfile",
                "buses": [],
                "servers": [],
                "monitors": []
            },
            {
                "discos": [],
                "image": "Dockerfile",
                "dbs": [],
                "name": "paypal",
                "depends_on": [
                    "rabbitmq",
                    "mysql"
                ],
                "gates": [],
                "image_full": "Dockerfile",
                "buses": [],
                "servers": [],
                "monitors": []
            },
            {
                "discos": [],
                "image": "Dockerfile",
                "dbs": [],
                "name": "customer",
                "depends_on": [
                    "mysql"
                ],
                "gates": [],
                "image_full": "Dockerfile",
                "buses": [],
                "servers": [],
                "monitors": []
            },
            {
                "discos": [],
                "image": "Dockerfile",
                "dbs": [],
                "name": "start_up",
                "depends_on": [
                    "routing",
                    "telegram_poll"
                ],
                "gates": [],
                "image_full": "Dockerfile",
                "buses": [],
                "servers": [],
                "monitors": []
            },
            {
                "discos": [],
                "image": "Dockerfile",
                "dbs": [],
                "name": "web",
                "depends_on": [
                    "mysql",
                    "rabbitmq",
                    "customer",
                    "product"
                ],
                "gates": [],
                "image_full": "Dockerfile",
                "buses": [],
                "servers": [],
                "monitors": []
            }
        ]
    },
    "num_discos": 0,
    "num_langs": 4,
    "avg_size_service": 1863.3,
    "name": "alch-1/delivery-enterprise-solution",
    "num_gates": 0,
    "gates": [],
    "num_servers": 1,
    "monitors": [],
    "size": 18633
}