{
    "num_servers": 1,
    "num_monitors": 0,
    "commiters": 1,
    "num_discos": 1,
    "files": [
        {
            "buses": [],
            "dbs": [],
            "servers": [
                "spring"
            ],
            "monitors": [],
            "gates": [
                "gateway"
            ],
            "discos": [],
            "path": "/pom.xml"
        },
        {
            "buses": [],
            "dbs": [],
            "servers": [
                "spring"
            ],
            "monitors": [],
            "gates": [],
            "discos": [],
            "path": "/config/pom.xml"
        },
        {
            "buses": [],
            "dbs": [],
            "servers": [
                "spring"
            ],
            "monitors": [],
            "gates": [
                "zuul",
                "gateway"
            ],
            "discos": [
                "eureka"
            ],
            "path": "/gateway/pom.xml"
        },
        {
            "buses": [],
            "dbs": [],
            "servers": [
                "spring"
            ],
            "monitors": [],
            "gates": [],
            "discos": [
                "eureka"
            ],
            "path": "/registry/pom.xml"
        },
        {
            "buses": [],
            "dbs": [],
            "servers": [
                "spring"
            ],
            "monitors": [],
            "gates": [],
            "discos": [
                "eureka"
            ],
            "path": "/notes-service/pom.xml"
        }
    ],
    "url": "git://github.com/Alexey911/Notes.git",
    "discos": [
        "eureka"
    ],
    "num_langs": 2,
    "langs": [
        "dockerfile",
        "java"
    ],
    "num_services": 4,
    "shared_dbs": false,
    "images": [
        "java"
    ],
    "avg_size_service": 4.5,
    "num_gates": 1,
    "num_buses": 0,
    "dbs": [],
    "servers": [
        "spring"
    ],
    "structure": {
        "services": [
            {
                "name": "registry",
                "buses": [],
                "dbs": [],
                "servers": [],
                "image_full": "alexey777/notes-registry",
                "gates": [],
                "discos": [],
                "depends_on": [
                    "config"
                ],
                "image": "alexey777/notes-registry",
                "monitors": []
            },
            {
                "name": "notes-service",
                "buses": [],
                "dbs": [],
                "servers": [],
                "image_full": "alexey777/notes-service",
                "gates": [],
                "discos": [],
                "depends_on": [
                    "registry"
                ],
                "image": "alexey777/notes-service",
                "monitors": []
            },
            {
                "name": "config",
                "buses": [],
                "dbs": [],
                "servers": [],
                "image_full": "alexey777/notes-config",
                "gates": [],
                "discos": [],
                "depends_on": [],
                "image": "alexey777/notes-config",
                "monitors": []
            },
            {
                "name": "gateway",
                "buses": [],
                "dbs": [],
                "servers": [],
                "image_full": "alexey777/notes-gateway",
                "gates": [
                    "gateway"
                ],
                "discos": [],
                "depends_on": [
                    "notes-service"
                ],
                "image": "alexey777/notes-gateway",
                "monitors": []
            }
        ],
        "num_services": 4,
        "detected_dbs": {
            "num": 0,
            "shared_dbs": false,
            "names": [],
            "services": []
        },
        "path": "/docker-compose.yml"
    },
    "num_dockers": 4,
    "num_files": 10,
    "name": "Alexey911/Notes",
    "dockers": [
        {
            "dbs": [],
            "servers": [],
            "keywords": [],
            "from_full": "java:8u92-jre-alpine",
            "cmd_keywords": [
                "jar",
                "app",
                "config",
                "java"
            ],
            "cmd": "java -jar /app/config.jar",
            "langs": [
                "java"
            ],
            "buses": [],
            "monitors": [],
            "gates": [],
            "discos": [],
            "from": "java",
            "path": "/config/Dockerfile"
        },
        {
            "dbs": [],
            "servers": [],
            "keywords": [],
            "from_full": "java:8u92-jre-alpine",
            "cmd_keywords": [
                "jar",
                "app",
                "gateway",
                "java"
            ],
            "cmd": "java -jar /app/gateway.jar",
            "langs": [
                "java"
            ],
            "buses": [],
            "monitors": [],
            "gates": [
                "gateway"
            ],
            "discos": [],
            "from": "java",
            "path": "/gateway/Dockerfile"
        },
        {
            "dbs": [],
            "servers": [],
            "keywords": [],
            "from_full": "java:8u92-jre-alpine",
            "cmd_keywords": [
                "jar",
                "app",
                "registry",
                "java"
            ],
            "cmd": "java -jar /app/registry.jar",
            "langs": [
                "java"
            ],
            "buses": [],
            "monitors": [],
            "gates": [],
            "discos": [],
            "from": "java",
            "path": "/registry/Dockerfile"
        },
        {
            "dbs": [],
            "servers": [],
            "keywords": [],
            "from_full": "java:8u92-jre-alpine",
            "cmd_keywords": [
                "jar",
                "notes",
                "app",
                "java"
            ],
            "cmd": "java -jar /app/notes.jar",
            "langs": [
                "java"
            ],
            "buses": [],
            "monitors": [],
            "gates": [],
            "discos": [],
            "from": "java",
            "path": "/notes-service/Dockerfile"
        }
    ],
    "buses": [],
    "monitors": [],
    "gates": [
        "zuul"
    ],
    "size": 18,
    "languages": [
        "java",
        "dockerfile"
    ],
    "num_dbs": 0
}