{
    "structure": {
        "detected_dbs": {
            "num": 0,
            "services": [],
            "shared_dbs": false,
            "names": []
        },
        "path": "/docker-compose.yml",
        "services": [
            {
                "depends_on": [],
                "dbs": [],
                "buses": [],
                "gates": [],
                "name": "web",
                "image_full": "./Backend",
                "discos": [],
                "monitors": [],
                "image": "./Backend",
                "servers": []
            }
        ],
        "num_services": 1
    },
    "url": "git://github.com/amemifra/dockercompose-springboot-svelte.git",
    "monitors": [],
    "num_gates": 0,
    "shared_dbs": false,
    "num_buses": 0,
    "num_dbs": 0,
    "dbs": [],
    "commiters": 1,
    "languages": [
        "javascript",
        "css",
        "java",
        "html"
    ],
    "num_services": 1,
    "num_discos": 0,
    "num_dockers": 1,
    "gates": [],
    "langs": [
        "css",
        "javascript",
        "html",
        "java"
    ],
    "dockers": [
        {
            "langs": [],
            "keywords": [],
            "buses": [],
            "cmd": "",
            "monitors": [],
            "path": "/Backend/Dockerfile",
            "dbs": [],
            "from_full": "openjdk:8-jdk-alpine",
            "gates": [],
            "discos": [],
            "cmd_keywords": [],
            "from": "openjdk",
            "servers": []
        }
    ],
    "buses": [],
    "name": "amemifra/dockercompose-springboot-svelte",
    "images": [
        "openjdk"
    ],
    "num_langs": 4,
    "num_servers": 2,
    "num_files": 4,
    "discos": [],
    "num_monitors": 0,
    "avg_size_service": 291.0,
    "size": 291,
    "files": [
        {
            "dbs": [],
            "buses": [],
            "gates": [],
            "discos": [],
            "monitors": [],
            "path": "/Backend/pom.xml",
            "servers": [
                "spring"
            ]
        },
        {
            "dbs": [],
            "buses": [],
            "gates": [],
            "discos": [],
            "monitors": [],
            "path": "/Frontend/package.json",
            "servers": [
                "node"
            ]
        }
    ],
    "servers": [
        "node",
        "spring"
    ]
}