{
    "num_servers": 2,
    "num_monitors": 0,
    "commiters": 4,
    "num_discos": 0,
    "files": [
        {
            "buses": [],
            "dbs": [
                "mysql"
            ],
            "servers": [
                "spring",
                "tomcat"
            ],
            "monitors": [],
            "gates": [],
            "discos": [],
            "path": "/pom.xml"
        }
    ],
    "url": "git://github.com/aminkamaldev/microservice-starter.git",
    "discos": [],
    "num_langs": 1,
    "langs": [
        "java"
    ],
    "num_services": 2,
    "shared_dbs": false,
    "images": [
        "java"
    ],
    "avg_size_service": 71.0,
    "num_gates": 0,
    "num_buses": 0,
    "dbs": [
        "mysql"
    ],
    "servers": [
        "spring",
        "tomcat"
    ],
    "structure": {
        "services": [
            {
                "name": "microservice-starter",
                "buses": [],
                "dbs": [],
                "servers": [],
                "image_full": "akamal/microservice-starter",
                "gates": [],
                "discos": [],
                "depends_on": [
                    "mysqlprod"
                ],
                "image": "akamal/microservice-starter",
                "monitors": []
            },
            {
                "name": "mysqlprod",
                "buses": [],
                "dbs": [
                    "mysql"
                ],
                "servers": [],
                "image_full": "mysql:latest",
                "gates": [],
                "discos": [],
                "depends_on": [],
                "image": "mysql",
                "monitors": []
            }
        ],
        "num_services": 2,
        "detected_dbs": {
            "num": 1,
            "shared_dbs": false,
            "names": [
                "mysql"
            ],
            "services": [
                "mysqlprod"
            ]
        },
        "path": "/docker-compose.yml"
    },
    "num_dockers": 1,
    "num_files": 3,
    "name": "aminkamaldev/microservice-starter",
    "dockers": [
        {
            "dbs": [],
            "servers": [],
            "keywords": [
                "bash",
                "app",
                "jar",
                "wrapper",
                "chmod"
            ],
            "from_full": "java:8",
            "cmd_keywords": [],
            "cmd": "",
            "langs": [
                "java"
            ],
            "buses": [],
            "monitors": [],
            "gates": [],
            "discos": [],
            "from": "java",
            "path": "/src/main/docker/Dockerfile"
        }
    ],
    "buses": [],
    "monitors": [],
    "gates": [],
    "size": 71,
    "languages": [
        "java"
    ],
    "num_dbs": 1
}