{
    "num_services": 0,
    "images": [
        "openjdk"
    ],
    "num_langs": 1,
    "files": [
        {
            "servers": [
                "spring"
            ],
            "dbs": [
                "mysql"
            ],
            "path": "/pom.xml",
            "buses": [],
            "discos": [],
            "gates": [],
            "monitors": []
        }
    ],
    "num_dockers": 1,
    "monitors": [],
    "commiters": 2,
    "size": 29,
    "servers": [
        "spring"
    ],
    "discos": [],
    "num_discos": 0,
    "gates": [],
    "url": "git://github.com/anchitseth/payment.git",
    "num_dbs": 1,
    "avg_size_service": 29.0,
    "name": "anchitseth/payment",
    "num_gates": 0,
    "dockers": [
        {
            "cmd_keywords": [],
            "from": "openjdk",
            "monitors": [],
            "servers": [],
            "discos": [],
            "path": "/Dockerfile",
            "cmd": "",
            "buses": [],
            "from_full": "openjdk:8",
            "dbs": [],
            "keywords": [],
            "gates": [],
            "langs": []
        }
    ],
    "num_monitors": 0,
    "languages": [
        "java"
    ],
    "shared_dbs": false,
    "buses": [],
    "structure": {
        "num_services": 0,
        "detected_dbs": {
            "names": [],
            "services": [],
            "num": 0,
            "shared_dbs": false
        },
        "path": [],
        "services": []
    },
    "dbs": [
        "mysql"
    ],
    "num_buses": 0,
    "num_files": 3,
    "langs": [
        "java"
    ],
    "num_servers": 1
}