{
    "num_discos": 0,
    "structure": {
        "detected_dbs": {
            "num": 0,
            "shared_dbs": false,
            "names": [],
            "services": []
        },
        "num_services": 0,
        "path": [],
        "services": []
    },
    "buses": [],
    "servers": [],
    "name": "anderfilth/microservices-dockergo",
    "num_gates": 0,
    "gates": [],
    "num_dbs": 0,
    "discos": [],
    "num_servers": 0,
    "num_dockers": 1,
    "dockers": [
        {
            "cmd": "/app",
            "dbs": [],
            "cmd_keywords": [
                "app"
            ],
            "buses": [],
            "monitors": [],
            "from": "scratch",
            "langs": [
                "scratch"
            ],
            "keywords": [
                "enabled",
                "cgo",
                "app",
                "build",
                "main"
            ],
            "gates": [],
            "from_full": "scratch",
            "discos": [],
            "path": "/Dockerfile",
            "servers": []
        }
    ],
    "dbs": [],
    "images": [
        "scratch"
    ],
    "commiters": 1,
    "monitors": [],
    "files": [],
    "langs": [
        "dockerfile",
        "go",
        "scratch"
    ],
    "url": "git://github.com/anderfilth/microservices-dockergo.git",
    "num_monitors": 0,
    "shared_dbs": false,
    "size": 0,
    "languages": [
        "dockerfile",
        "go"
    ],
    "num_langs": 3,
    "num_buses": 0,
    "avg_size_service": 0.0,
    "num_files": 2,
    "num_services": 0
}