{
    "monitors": [],
    "servers": [
        "flask"
    ],
    "num_discos": 0,
    "discos": [],
    "shared_dbs": false,
    "name": "andrescueva/jenkins1",
    "gates": [],
    "buses": [],
    "images": [
        "ubuntu"
    ],
    "avg_size_service": 3.0,
    "langs": [
        "dockerfile",
        "python"
    ],
    "dockers": [
        {
            "keywords": [
                "apt",
                "install",
                "get",
                "pip",
                "python"
            ],
            "cmd_keywords": [
                "microservice"
            ],
            "monitors": [],
            "langs": [
                "python"
            ],
            "servers": [],
            "dbs": [],
            "from_full": "ubuntu:latest",
            "from": "ubuntu",
            "cmd": "microservice.py",
            "discos": [],
            "buses": [],
            "gates": [],
            "path": "/Dockerfile"
        }
    ],
    "structure": {
        "detected_dbs": {
            "num": 0,
            "services": [],
            "names": [],
            "shared_dbs": false
        },
        "services": [],
        "path": [],
        "num_services": 0
    },
    "commiters": 1,
    "num_monitors": 0,
    "num_servers": 1,
    "num_dbs": 0,
    "num_buses": 0,
    "num_langs": 2,
    "dbs": [],
    "num_gates": 0,
    "num_files": 3,
    "num_services": 0,
    "size": 3,
    "languages": [
        "python",
        "dockerfile"
    ],
    "url": "git://github.com/andrescueva/jenkins1.git",
    "num_dockers": 1,
    "files": [
        {
            "monitors": [],
            "discos": [],
            "servers": [
                "flask"
            ],
            "path": "/requirements.txt",
            "gates": [],
            "buses": [],
            "dbs": []
        }
    ]
}