{
    "num_gates": 0,
    "discos": [],
    "num_dbs": 0,
    "num_monitors": 0,
    "dockers": [
        {
            "langs": [
                "java"
            ],
            "cmd_keywords": [
                "jar",
                "dspring",
                "profiles",
                "main",
                "demo"
            ],
            "from_full": "openjdk:12.0-jdk-oracle",
            "path": "/Dockerfile",
            "monitors": [],
            "discos": [],
            "cmd": "java -Dspring.profiles.active=docker-demo -jar main.jar",
            "buses": [],
            "gates": [],
            "dbs": [],
            "from": "openjdk",
            "keywords": [],
            "servers": []
        }
    ],
    "dbs": [],
    "num_langs": 2,
    "num_servers": 1,
    "avg_size_service": 20.0,
    "structure": {
        "detected_dbs": {
            "num": 0,
            "shared_dbs": false,
            "names": [],
            "services": []
        },
        "num_services": 0,
        "path": [],
        "services": []
    },
    "images": [
        "openjdk"
    ],
    "size": 20,
    "servers": [
        "spring"
    ],
    "languages": [
        "java",
        "dockerfile"
    ],
    "langs": [
        "dockerfile",
        "java"
    ],
    "commiters": 1,
    "shared_dbs": false,
    "num_buses": 0,
    "num_services": 0,
    "monitors": [],
    "num_dockers": 1,
    "url": "git://github.com/Angelo404/Spring-Maven-Service-template.git",
    "name": "Angelo404/Spring-Maven-Service-template",
    "buses": [],
    "gates": [],
    "files": [
        {
            "discos": [],
            "buses": [],
            "gates": [],
            "monitors": [],
            "path": "/pom.xml",
            "servers": [
                "spring"
            ],
            "dbs": []
        }
    ],
    "num_discos": 0,
    "num_files": 3
}