{
    "monitors": [],
    "servers": [],
    "num_discos": 0,
    "discos": [],
    "shared_dbs": false,
    "name": "annushka3069/microservices_monitoring",
    "gates": [],
    "buses": [],
    "images": [],
    "avg_size_service": 19.0,
    "langs": [
        "scala"
    ],
    "dockers": [],
    "structure": {
        "detected_dbs": {
            "num": 0,
            "services": [],
            "names": [],
            "shared_dbs": false
        },
        "services": [],
        "path": [],
        "num_services": 0
    },
    "commiters": 1,
    "num_monitors": 0,
    "num_servers": 0,
    "num_dbs": 0,
    "num_buses": 0,
    "num_langs": 1,
    "dbs": [],
    "num_gates": 0,
    "num_files": 1,
    "num_services": 0,
    "size": 19,
    "languages": [
        "scala"
    ],
    "url": "git://github.com/annushka3069/microservices_monitoring.git",
    "num_dockers": 0,
    "files": []
}