{
    "structure": {
        "detected_dbs": {
            "num": 3,
            "services": [
                "mongodb",
                "mysql",
                "zookeeper"
            ],
            "shared_dbs": false,
            "names": [
                "mongo",
                "zookeeper",
                "mysql"
            ]
        },
        "path": "/docker-compose.yml",
        "services": [
            {
                "depends_on": [
                    "eureka-service"
                ],
                "dbs": [],
                "buses": [],
                "gates": [],
                "name": "config-service",
                "image_full": "config-service",
                "discos": [],
                "monitors": [],
                "image": "config-service",
                "servers": []
            },
            {
                "depends_on": [
                    "neo4j",
                    "eureka-service"
                ],
                "dbs": [],
                "buses": [],
                "gates": [],
                "name": "autocomplete-service",
                "image_full": "autocomplete-service",
                "discos": [],
                "monitors": [],
                "image": "autocomplete-service",
                "servers": []
            },
            {
                "depends_on": [
                    "eureka-service"
                ],
                "dbs": [],
                "buses": [],
                "gates": [],
                "name": "personalinformation-service",
                "image_full": "personalinformation-service",
                "discos": [],
                "monitors": [],
                "image": "personalinformation-service",
                "servers": []
            },
            {
                "depends_on": [],
                "dbs": [
                    "mongo"
                ],
                "buses": [],
                "gates": [],
                "name": "mongodb",
                "image_full": "mongo",
                "discos": [],
                "monitors": [],
                "image": "mongo",
                "servers": []
            },
            {
                "depends_on": [
                    "eureka-service"
                ],
                "dbs": [],
                "buses": [],
                "gates": [],
                "name": "experience-service",
                "image_full": "experience-service",
                "discos": [],
                "monitors": [],
                "image": "experience-service",
                "servers": []
            },
            {
                "depends_on": [
                    "eureka-service"
                ],
                "dbs": [],
                "buses": [],
                "gates": [],
                "name": "user-service",
                "image_full": "user-service",
                "discos": [],
                "monitors": [],
                "image": "user-service",
                "servers": []
            },
            {
                "depends_on": [],
                "dbs": [
                    "mysql"
                ],
                "buses": [],
                "gates": [],
                "name": "mysql",
                "image_full": "mysql:5.7",
                "discos": [],
                "monitors": [],
                "image": "mysql",
                "servers": []
            },
            {
                "depends_on": [],
                "dbs": [],
                "buses": [],
                "gates": [],
                "name": "eureka-service",
                "image_full": "eureka-server",
                "discos": [
                    "eureka"
                ],
                "monitors": [],
                "image": "eureka-server",
                "servers": []
            },
            {
                "depends_on": [],
                "dbs": [],
                "buses": [],
                "gates": [],
                "name": "angular-app",
                "image_full": "angular",
                "discos": [],
                "monitors": [],
                "image": "angular",
                "servers": []
            },
            {
                "depends_on": [
                    "eureka-service"
                ],
                "dbs": [],
                "buses": [],
                "gates": [],
                "name": "qual-service",
                "image_full": "qualification-service",
                "discos": [],
                "monitors": [],
                "image": "qualification-service",
                "servers": []
            },
            {
                "depends_on": [
                    "eureka-service"
                ],
                "dbs": [],
                "buses": [],
                "gates": [],
                "name": "nlp-service",
                "image_full": "nlp-service",
                "discos": [],
                "monitors": [],
                "image": "nlp-service",
                "servers": []
            },
            {
                "depends_on": [
                    "neo4j",
                    "eureka-service"
                ],
                "dbs": [],
                "buses": [],
                "gates": [],
                "name": "index-service",
                "image_full": "indexer-service",
                "discos": [],
                "monitors": [],
                "image": "indexer-service",
                "servers": []
            },
            {
                "depends_on": [
                    "eureka-service"
                ],
                "dbs": [],
                "buses": [],
                "gates": [],
                "name": "training-service",
                "image_full": "training-service",
                "discos": [],
                "monitors": [],
                "image": "training-service",
                "servers": []
            },
            {
                "depends_on": [
                    "eureka-service"
                ],
                "dbs": [],
                "buses": [],
                "gates": [],
                "name": "location-service",
                "image_full": "location-service",
                "discos": [],
                "monitors": [],
                "image": "location-service",
                "servers": []
            },
            {
                "depends_on": [
                    "mongodb",
                    "eureka-service"
                ],
                "dbs": [],
                "buses": [],
                "gates": [],
                "name": "downstream-service",
                "image_full": "downstream-service",
                "discos": [],
                "monitors": [],
                "image": "downstream-service",
                "servers": []
            },
            {
                "depends_on": [
                    "mysql",
                    "eureka-service"
                ],
                "dbs": [],
                "buses": [],
                "gates": [],
                "name": "login-service",
                "image_full": "login-service",
                "discos": [],
                "monitors": [],
                "image": "login-service",
                "servers": []
            },
            {
                "depends_on": [
                    "eureka-service"
                ],
                "dbs": [],
                "buses": [],
                "gates": [],
                "name": "skill-service",
                "image_full": "skill-service",
                "discos": [],
                "monitors": [],
                "image": "skill-service",
                "servers": []
            },
            {
                "depends_on": [
                    "eureka-service"
                ],
                "dbs": [],
                "buses": [],
                "gates": [
                    "zuul"
                ],
                "name": "zuul-service",
                "image_full": "zuul-service",
                "discos": [],
                "monitors": [],
                "image": "zuul-service",
                "servers": []
            },
            {
                "depends_on": [
                    "eureka-service"
                ],
                "dbs": [],
                "buses": [],
                "gates": [],
                "name": "project-service",
                "image_full": "project-service",
                "discos": [],
                "monitors": [],
                "image": "project-service",
                "servers": []
            },
            {
                "depends_on": [
                    "prometheus"
                ],
                "dbs": [],
                "buses": [],
                "gates": [],
                "name": "grafana",
                "image_full": "grafana/grafana",
                "discos": [],
                "monitors": [
                    "grafana"
                ],
                "image": "grafana/grafana",
                "servers": []
            },
            {
                "depends_on": [],
                "dbs": [],
                "buses": [],
                "gates": [],
                "name": "neo4j",
                "image_full": "neo4j:latest",
                "discos": [],
                "monitors": [],
                "image": "neo4j",
                "servers": []
            },
            {
                "depends_on": [],
                "dbs": [
                    "zookeeper"
                ],
                "buses": [],
                "gates": [],
                "name": "zookeeper",
                "image_full": "wurstmeister/zookeeper",
                "discos": [
                    "zookeeper"
                ],
                "monitors": [],
                "image": "wurstmeister/zookeeper",
                "servers": []
            },
            {
                "depends_on": [
                    "zookeeper"
                ],
                "dbs": [],
                "buses": [
                    "kafka"
                ],
                "gates": [],
                "name": "kafka",
                "image_full": "wurstmeister/kafka",
                "discos": [],
                "monitors": [],
                "image": "wurstmeister/kafka",
                "servers": []
            },
            {
                "depends_on": [],
                "dbs": [],
                "buses": [],
                "gates": [],
                "name": "prometheus",
                "image_full": "prom/prometheus",
                "discos": [],
                "monitors": [
                    "prometheus"
                ],
                "image": "prom/prometheus",
                "servers": []
            },
            {
                "depends_on": [
                    "eureka-service"
                ],
                "dbs": [],
                "buses": [],
                "gates": [],
                "name": "search-service",
                "image_full": "search-service",
                "discos": [],
                "monitors": [],
                "image": "search-service",
                "servers": []
            }
        ],
        "num_services": 25
    },
    "url": "git://github.com/AnshShah918/Demo1.git",
    "monitors": [
        "grafana",
        "prometheus"
    ],
    "num_gates": 1,
    "shared_dbs": false,
    "num_buses": 1,
    "num_dbs": 4,
    "dbs": [
        "redis",
        "mysql",
        "mongo",
        "zookeeper"
    ],
    "commiters": 1,
    "languages": [
        "javascript",
        "java",
        "css"
    ],
    "num_services": 25,
    "num_discos": 2,
    "num_dockers": 32,
    "gates": [
        "zuul"
    ],
    "langs": [
        "css",
        "javascript",
        "java"
    ],
    "dockers": [
        {
            "langs": [
                "java"
            ],
            "keywords": [
                "src",
                "jar",
                "location",
                "mkdir",
                "touch"
            ],
            "buses": [],
            "cmd": "",
            "monitors": [],
            "path": "/location-microservice/Dockerfile",
            "dbs": [],
            "from_full": "java:8",
            "gates": [],
            "discos": [],
            "cmd_keywords": [],
            "from": "java",
            "servers": []
        },
        {
            "langs": [
                "java"
            ],
            "keywords": [
                "src",
                "jar",
                "location",
                "mkdir",
                "touch"
            ],
            "buses": [],
            "cmd": "",
            "monitors": [],
            "path": "/location-microservice/bin/Dockerfile",
            "dbs": [],
            "from_full": "java:8",
            "gates": [],
            "discos": [],
            "cmd_keywords": [],
            "from": "java",
            "servers": []
        },
        {
            "langs": [
                "java"
            ],
            "keywords": [
                "src",
                "jar",
                "eureka",
                "mkdir",
                "touch"
            ],
            "buses": [],
            "cmd": "",
            "monitors": [],
            "path": "/eureka-server/Dockerfile",
            "dbs": [],
            "from_full": "java:8",
            "gates": [],
            "discos": [
                "eureka"
            ],
            "cmd_keywords": [],
            "from": "java",
            "servers": []
        },
        {
            "langs": [
                "java"
            ],
            "keywords": [
                "src",
                "jar",
                "eureka",
                "mkdir",
                "touch"
            ],
            "buses": [],
            "cmd": "",
            "monitors": [],
            "path": "/eureka-server/bin/Dockerfile",
            "dbs": [],
            "from_full": "java:8",
            "gates": [],
            "discos": [
                "eureka"
            ],
            "cmd_keywords": [],
            "from": "java",
            "servers": []
        },
        {
            "langs": [
                "java"
            ],
            "keywords": [
                "src",
                "training",
                "jar",
                "mkdir",
                "touch"
            ],
            "buses": [],
            "cmd": "",
            "monitors": [],
            "path": "/training-microservice/Dockerfile",
            "dbs": [],
            "from_full": "java:8",
            "gates": [],
            "discos": [],
            "cmd_keywords": [],
            "from": "java",
            "servers": []
        },
        {
            "langs": [
                "java"
            ],
            "keywords": [
                "src",
                "training",
                "jar",
                "mkdir",
                "touch"
            ],
            "buses": [],
            "cmd": "",
            "monitors": [],
            "path": "/training-microservice/bin/Dockerfile",
            "dbs": [],
            "from_full": "java:8",
            "gates": [],
            "discos": [],
            "cmd_keywords": [],
            "from": "java",
            "servers": []
        },
        {
            "langs": [
                "java"
            ],
            "keywords": [
                "src",
                "zuul",
                "jar",
                "mkdir",
                "touch"
            ],
            "buses": [],
            "cmd": "",
            "monitors": [],
            "path": "/zuul-apigateway/Dockerfile",
            "dbs": [],
            "from_full": "java:8",
            "gates": [
                "zuul"
            ],
            "discos": [],
            "cmd_keywords": [],
            "from": "java",
            "servers": []
        },
        {
            "langs": [
                "java"
            ],
            "keywords": [
                "src",
                "zuul",
                "jar",
                "mkdir",
                "touch"
            ],
            "buses": [],
            "cmd": "",
            "monitors": [],
            "path": "/zuul-apigateway/bin/Dockerfile",
            "dbs": [],
            "from_full": "java:8",
            "gates": [
                "zuul"
            ],
            "discos": [],
            "cmd_keywords": [],
            "from": "java",
            "servers": []
        },
        {
            "langs": [
                "java"
            ],
            "keywords": [
                "src",
                "downstream",
                "jar",
                "mkdir",
                "touch"
            ],
            "buses": [],
            "cmd": "",
            "monitors": [],
            "path": "/downstream-service/Dockerfile",
            "dbs": [],
            "from_full": "java:8",
            "gates": [],
            "discos": [],
            "cmd_keywords": [],
            "from": "java",
            "servers": []
        },
        {
            "langs": [
                "java"
            ],
            "keywords": [
                "src",
                "downstream",
                "jar",
                "mkdir",
                "touch"
            ],
            "buses": [],
            "cmd": "",
            "monitors": [],
            "path": "/downstream-service/bin/Dockerfile",
            "dbs": [],
            "from_full": "java:8",
            "gates": [],
            "discos": [],
            "cmd_keywords": [],
            "from": "java",
            "servers": []
        },
        {
            "langs": [
                "java"
            ],
            "keywords": [
                "src",
                "user",
                "jar",
                "mkdir",
                "touch"
            ],
            "buses": [],
            "cmd": "",
            "monitors": [],
            "path": "/user-service/Dockerfile",
            "dbs": [],
            "from_full": "java:8",
            "gates": [],
            "discos": [],
            "cmd_keywords": [],
            "from": "java",
            "servers": []
        },
        {
            "langs": [
                "java"
            ],
            "keywords": [
                "src",
                "jar",
                "restaurantapp",
                "mkdir",
                "touch"
            ],
            "buses": [],
            "cmd": "",
            "monitors": [],
            "path": "/user-service/bin/Dockerfile",
            "dbs": [],
            "from_full": "java:8",
            "gates": [],
            "discos": [],
            "cmd_keywords": [],
            "from": "java",
            "servers": []
        },
        {
            "langs": [
                "java"
            ],
            "keywords": [
                "src",
                "jar",
                "experience",
                "mkdir",
                "touch"
            ],
            "buses": [],
            "cmd": "",
            "monitors": [],
            "path": "/autocomplete-microservice/Dockerfile",
            "dbs": [],
            "from_full": "java:8",
            "gates": [],
            "discos": [],
            "cmd_keywords": [],
            "from": "java",
            "servers": []
        },
        {
            "langs": [
                "java"
            ],
            "keywords": [
                "src",
                "project",
                "jar",
                "mkdir",
                "touch"
            ],
            "buses": [],
            "cmd": "",
            "monitors": [],
            "path": "/project-microservice/Dockerfile",
            "dbs": [],
            "from_full": "java:8",
            "gates": [],
            "discos": [],
            "cmd_keywords": [],
            "from": "java",
            "servers": []
        },
        {
            "langs": [
                "java"
            ],
            "keywords": [
                "src",
                "project",
                "jar",
                "mkdir",
                "touch"
            ],
            "buses": [],
            "cmd": "",
            "monitors": [],
            "path": "/project-microservice/bin/Dockerfile",
            "dbs": [],
            "from_full": "java:8",
            "gates": [],
            "discos": [],
            "cmd_keywords": [],
            "from": "java",
            "servers": []
        },
        {
            "langs": [
                "java"
            ],
            "keywords": [
                "src",
                "jar",
                "qualification",
                "mkdir",
                "touch"
            ],
            "buses": [],
            "cmd": "",
            "monitors": [],
            "path": "/qualification-microservice/Dockerfile",
            "dbs": [],
            "from_full": "java:8",
            "gates": [],
            "discos": [],
            "cmd_keywords": [],
            "from": "java",
            "servers": []
        },
        {
            "langs": [
                "java"
            ],
            "keywords": [
                "src",
                "jar",
                "qualification",
                "mkdir",
                "touch"
            ],
            "buses": [],
            "cmd": "",
            "monitors": [],
            "path": "/qualification-microservice/bin/Dockerfile",
            "dbs": [],
            "from_full": "java:8",
            "gates": [],
            "discos": [],
            "cmd_keywords": [],
            "from": "java",
            "servers": []
        },
        {
            "langs": [
                "java"
            ],
            "keywords": [
                "src",
                "login",
                "jar",
                "mkdir",
                "touch"
            ],
            "buses": [],
            "cmd": "",
            "monitors": [],
            "path": "/login-service/Dockerfile",
            "dbs": [],
            "from_full": "java:8",
            "gates": [],
            "discos": [],
            "cmd_keywords": [],
            "from": "java",
            "servers": []
        },
        {
            "langs": [
                "java"
            ],
            "keywords": [
                "src",
                "user",
                "jar",
                "mkdir",
                "touch"
            ],
            "buses": [],
            "cmd": "",
            "monitors": [],
            "path": "/login-service/bin/Dockerfile",
            "dbs": [],
            "from_full": "java:8",
            "gates": [],
            "discos": [],
            "cmd_keywords": [],
            "from": "java",
            "servers": []
        },
        {
            "langs": [],
            "keywords": [
                "npm",
                "audit",
                "verify",
                "app",
                "src"
            ],
            "buses": [],
            "cmd": "npm start",
            "monitors": [],
            "path": "/Angular-project/Dockerfile",
            "dbs": [],
            "from_full": "node:latest",
            "gates": [],
            "discos": [],
            "cmd_keywords": [
                "start",
                "npm"
            ],
            "from": "node",
            "servers": [
                "node"
            ]
        },
        {
            "langs": [
                "java"
            ],
            "keywords": [
                "src",
                "skill",
                "jar",
                "mkdir",
                "touch"
            ],
            "buses": [],
            "cmd": "",
            "monitors": [],
            "path": "/skill-microservice/Dockerfile",
            "dbs": [],
            "from_full": "java:8",
            "gates": [],
            "discos": [],
            "cmd_keywords": [],
            "from": "java",
            "servers": []
        },
        {
            "langs": [
                "java"
            ],
            "keywords": [
                "src",
                "skill",
                "jar",
                "mkdir",
                "touch"
            ],
            "buses": [],
            "cmd": "",
            "monitors": [],
            "path": "/skill-microservice/bin/Dockerfile",
            "dbs": [],
            "from_full": "java:8",
            "gates": [],
            "discos": [],
            "cmd_keywords": [],
            "from": "java",
            "servers": []
        },
        {
            "langs": [
                "java"
            ],
            "keywords": [
                "src",
                "jar",
                "experience",
                "mkdir",
                "touch"
            ],
            "buses": [],
            "cmd": "",
            "monitors": [],
            "path": "/experience-microservice/Dockerfile",
            "dbs": [],
            "from_full": "java:8",
            "gates": [],
            "discos": [],
            "cmd_keywords": [],
            "from": "java",
            "servers": []
        },
        {
            "langs": [
                "java"
            ],
            "keywords": [
                "src",
                "jar",
                "experience",
                "mkdir",
                "touch"
            ],
            "buses": [],
            "cmd": "",
            "monitors": [],
            "path": "/experience-microservice/bin/Dockerfile",
            "dbs": [],
            "from_full": "java:8",
            "gates": [],
            "discos": [],
            "cmd_keywords": [],
            "from": "java",
            "servers": []
        },
        {
            "langs": [
                "java"
            ],
            "keywords": [
                "src",
                "jar",
                "personal",
                "mkdir",
                "touch"
            ],
            "buses": [],
            "cmd": "",
            "monitors": [],
            "path": "/personalinformation-microservice/Dockerfile",
            "dbs": [],
            "from_full": "java:8",
            "gates": [],
            "discos": [],
            "cmd_keywords": [],
            "from": "java",
            "servers": []
        },
        {
            "langs": [
                "java"
            ],
            "keywords": [
                "src",
                "jar",
                "personal",
                "mkdir",
                "touch"
            ],
            "buses": [],
            "cmd": "",
            "monitors": [],
            "path": "/personalinformation-microservice/bin/Dockerfile",
            "dbs": [],
            "from_full": "java:8",
            "gates": [],
            "discos": [],
            "cmd_keywords": [],
            "from": "java",
            "servers": []
        },
        {
            "langs": [
                "java"
            ],
            "keywords": [
                "src",
                "jar",
                "nlp",
                "mkdir",
                "touch"
            ],
            "buses": [],
            "cmd": "",
            "monitors": [],
            "path": "/nlp-service/Dockerfile",
            "dbs": [],
            "from_full": "java:8",
            "gates": [],
            "discos": [],
            "cmd_keywords": [],
            "from": "java",
            "servers": []
        },
        {
            "langs": [
                "java"
            ],
            "keywords": [
                "src",
                "centralizedconfig",
                "jar",
                "mkdir",
                "touch"
            ],
            "buses": [],
            "cmd": "",
            "monitors": [],
            "path": "/config-service/Dockerfile",
            "dbs": [],
            "from_full": "java:8",
            "gates": [],
            "discos": [],
            "cmd_keywords": [],
            "from": "java",
            "servers": []
        },
        {
            "langs": [
                "java"
            ],
            "keywords": [
                "src",
                "centralizedconfig",
                "jar",
                "mkdir",
                "touch"
            ],
            "buses": [],
            "cmd": "",
            "monitors": [],
            "path": "/config-service/bin/Dockerfile",
            "dbs": [],
            "from_full": "java:8",
            "gates": [],
            "discos": [],
            "cmd_keywords": [],
            "from": "java",
            "servers": []
        },
        {
            "langs": [
                "java"
            ],
            "keywords": [
                "src",
                "indexer",
                "jar",
                "mkdir",
                "touch"
            ],
            "buses": [],
            "cmd": "",
            "monitors": [],
            "path": "/indexer-microservice/Dockerfile",
            "dbs": [],
            "from_full": "java:8",
            "gates": [],
            "discos": [],
            "cmd_keywords": [],
            "from": "java",
            "servers": []
        },
        {
            "langs": [
                "java"
            ],
            "keywords": [
                "src",
                "indexer",
                "jar",
                "mkdir",
                "touch"
            ],
            "buses": [],
            "cmd": "",
            "monitors": [],
            "path": "/indexer-microservice/bin/Dockerfile",
            "dbs": [],
            "from_full": "java:8",
            "gates": [],
            "discos": [],
            "cmd_keywords": [],
            "from": "java",
            "servers": []
        },
        {
            "langs": [
                "java"
            ],
            "keywords": [
                "src",
                "search",
                "jar",
                "mkdir",
                "touch"
            ],
            "buses": [],
            "cmd": "",
            "monitors": [],
            "path": "/search-microservice/Dockerfile",
            "dbs": [],
            "from_full": "java:8",
            "gates": [],
            "discos": [],
            "cmd_keywords": [],
            "from": "java",
            "servers": []
        }
    ],
    "buses": [
        "kafka"
    ],
    "name": "AnshShah918/Demo1",
    "images": [
        "node",
        "java"
    ],
    "num_langs": 3,
    "num_servers": 3,
    "num_files": 66,
    "discos": [
        "zookeeper",
        "eureka"
    ],
    "num_monitors": 2,
    "avg_size_service": 133.6875,
    "size": 4278,
    "files": [
        {
            "dbs": [],
            "buses": [],
            "gates": [
                "zuul"
            ],
            "discos": [
                "eureka"
            ],
            "monitors": [],
            "path": "/pom.xml",
            "servers": [
                "spring"
            ]
        },
        {
            "dbs": [],
            "buses": [
                "kafka"
            ],
            "gates": [],
            "discos": [
                "eureka"
            ],
            "monitors": [
                "prometheus"
            ],
            "path": "/location-microservice/pom.xml",
            "servers": [
                "spring"
            ]
        },
        {
            "dbs": [],
            "buses": [
                "kafka"
            ],
            "gates": [],
            "discos": [
                "eureka"
            ],
            "monitors": [],
            "path": "/location-microservice/bin/pom.xml",
            "servers": [
                "spring"
            ]
        },
        {
            "dbs": [],
            "buses": [],
            "gates": [],
            "discos": [
                "eureka"
            ],
            "monitors": [
                "prometheus"
            ],
            "path": "/eureka-server/pom.xml",
            "servers": [
                "spring"
            ]
        },
        {
            "dbs": [],
            "buses": [],
            "gates": [],
            "discos": [
                "eureka"
            ],
            "monitors": [],
            "path": "/eureka-server/bin/pom.xml",
            "servers": [
                "spring"
            ]
        },
        {
            "dbs": [],
            "buses": [
                "kafka"
            ],
            "gates": [],
            "discos": [
                "eureka"
            ],
            "monitors": [
                "prometheus"
            ],
            "path": "/training-microservice/pom.xml",
            "servers": [
                "spring"
            ]
        },
        {
            "dbs": [],
            "buses": [
                "kafka"
            ],
            "gates": [],
            "discos": [
                "eureka"
            ],
            "monitors": [],
            "path": "/training-microservice/bin/pom.xml",
            "servers": [
                "spring"
            ]
        },
        {
            "dbs": [],
            "buses": [],
            "gates": [
                "zuul"
            ],
            "discos": [
                "eureka"
            ],
            "monitors": [
                "prometheus"
            ],
            "path": "/zuul-apigateway/pom.xml",
            "servers": [
                "spring"
            ]
        },
        {
            "dbs": [],
            "buses": [],
            "gates": [
                "zuul"
            ],
            "discos": [
                "eureka"
            ],
            "monitors": [],
            "path": "/zuul-apigateway/bin/pom.xml",
            "servers": [
                "spring"
            ]
        },
        {
            "dbs": [
                "mongodb"
            ],
            "buses": [
                "kafka"
            ],
            "gates": [],
            "discos": [
                "eureka"
            ],
            "monitors": [],
            "path": "/downstream-service/pom.xml",
            "servers": [
                "spring"
            ]
        },
        {
            "dbs": [
                "mongodb"
            ],
            "buses": [
                "kafka"
            ],
            "gates": [],
            "discos": [],
            "monitors": [],
            "path": "/downstream-service/bin/pom.xml",
            "servers": [
                "spring"
            ]
        },
        {
            "dbs": [],
            "buses": [
                "kafka"
            ],
            "gates": [],
            "discos": [
                "eureka"
            ],
            "monitors": [
                "prometheus"
            ],
            "path": "/user-service/pom.xml",
            "servers": [
                "spring"
            ]
        },
        {
            "dbs": [
                "mysql"
            ],
            "buses": [],
            "gates": [],
            "discos": [
                "eureka"
            ],
            "monitors": [],
            "path": "/user-service/bin/pom.xml",
            "servers": [
                "tomcat",
                "spring"
            ]
        },
        {
            "dbs": [
                "redis"
            ],
            "buses": [],
            "gates": [],
            "discos": [
                "eureka"
            ],
            "monitors": [
                "prometheus"
            ],
            "path": "/autocomplete-microservice/pom.xml",
            "servers": [
                "spring"
            ]
        },
        {
            "dbs": [
                "zookeeper"
            ],
            "buses": [
                "kafka"
            ],
            "gates": [],
            "discos": [
                "zookeeper",
                "eureka"
            ],
            "monitors": [
                "prometheus"
            ],
            "path": "/project-microservice/pom.xml",
            "servers": [
                "spring"
            ]
        },
        {
            "dbs": [
                "zookeeper"
            ],
            "buses": [
                "kafka"
            ],
            "gates": [],
            "discos": [
                "zookeeper",
                "eureka"
            ],
            "monitors": [],
            "path": "/project-microservice/bin/pom.xml",
            "servers": [
                "spring"
            ]
        },
        {
            "dbs": [],
            "buses": [
                "kafka"
            ],
            "gates": [],
            "discos": [
                "eureka"
            ],
            "monitors": [
                "prometheus"
            ],
            "path": "/qualification-microservice/pom.xml",
            "servers": [
                "spring"
            ]
        },
        {
            "dbs": [],
            "buses": [
                "kafka"
            ],
            "gates": [],
            "discos": [
                "eureka"
            ],
            "monitors": [],
            "path": "/qualification-microservice/bin/pom.xml",
            "servers": [
                "spring"
            ]
        },
        {
            "dbs": [
                "mysql"
            ],
            "buses": [
                "kafka"
            ],
            "gates": [],
            "discos": [
                "eureka"
            ],
            "monitors": [
                "prometheus"
            ],
            "path": "/login-service/pom.xml",
            "servers": [
                "spring"
            ]
        },
        {
            "dbs": [
                "mysql"
            ],
            "buses": [
                "kafka"
            ],
            "gates": [],
            "discos": [
                "eureka"
            ],
            "monitors": [],
            "path": "/login-service/bin/pom.xml",
            "servers": [
                "spring"
            ]
        },
        {
            "dbs": [],
            "buses": [
                "kafka"
            ],
            "gates": [],
            "discos": [
                "eureka"
            ],
            "monitors": [
                "prometheus"
            ],
            "path": "/skill-microservice/pom.xml",
            "servers": [
                "spring"
            ]
        },
        {
            "dbs": [],
            "buses": [
                "kafka"
            ],
            "gates": [],
            "discos": [
                "eureka"
            ],
            "monitors": [],
            "path": "/skill-microservice/bin/pom.xml",
            "servers": [
                "spring"
            ]
        },
        {
            "dbs": [
                "zookeeper"
            ],
            "buses": [
                "kafka"
            ],
            "gates": [],
            "discos": [
                "zookeeper",
                "eureka"
            ],
            "monitors": [
                "prometheus"
            ],
            "path": "/experience-microservice/pom.xml",
            "servers": [
                "spring"
            ]
        },
        {
            "dbs": [
                "zookeeper"
            ],
            "buses": [
                "kafka"
            ],
            "gates": [],
            "discos": [
                "zookeeper",
                "eureka"
            ],
            "monitors": [],
            "path": "/experience-microservice/bin/pom.xml",
            "servers": [
                "spring"
            ]
        },
        {
            "dbs": [],
            "buses": [
                "kafka"
            ],
            "gates": [],
            "discos": [
                "eureka"
            ],
            "monitors": [
                "prometheus"
            ],
            "path": "/personalinformation-microservice/pom.xml",
            "servers": [
                "spring"
            ]
        },
        {
            "dbs": [],
            "buses": [
                "kafka"
            ],
            "gates": [],
            "discos": [
                "eureka"
            ],
            "monitors": [],
            "path": "/personalinformation-microservice/bin/pom.xml",
            "servers": [
                "spring"
            ]
        },
        {
            "dbs": [],
            "buses": [],
            "gates": [],
            "discos": [
                "eureka"
            ],
            "monitors": [
                "prometheus"
            ],
            "path": "/nlp-service/pom.xml",
            "servers": [
                "spring"
            ]
        },
        {
            "dbs": [],
            "buses": [],
            "gates": [],
            "discos": [
                "eureka"
            ],
            "monitors": [
                "prometheus"
            ],
            "path": "/config-service/pom.xml",
            "servers": [
                "spring"
            ]
        },
        {
            "dbs": [],
            "buses": [],
            "gates": [],
            "discos": [
                "eureka"
            ],
            "monitors": [],
            "path": "/config-service/bin/pom.xml",
            "servers": [
                "spring"
            ]
        },
        {
            "dbs": [],
            "buses": [
                "kafka"
            ],
            "gates": [],
            "discos": [
                "eureka"
            ],
            "monitors": [
                "prometheus"
            ],
            "path": "/indexer-microservice/pom.xml",
            "servers": [
                "spring"
            ]
        },
        {
            "dbs": [],
            "buses": [
                "kafka"
            ],
            "gates": [],
            "discos": [],
            "monitors": [],
            "path": "/indexer-microservice/bin/pom.xml",
            "servers": [
                "spring"
            ]
        },
        {
            "dbs": [],
            "buses": [],
            "gates": [],
            "discos": [
                "eureka"
            ],
            "monitors": [
                "prometheus"
            ],
            "path": "/search-microservice/pom.xml",
            "servers": [
                "spring"
            ]
        },
        {
            "dbs": [],
            "buses": [],
            "gates": [],
            "discos": [],
            "monitors": [],
            "path": "/Angular-project/package.json",
            "servers": [
                "node"
            ]
        }
    ],
    "servers": [
        "tomcat",
        "spring",
        "node"
    ]
}