{
    "num_servers": 2,
    "num_monitors": 0,
    "commiters": 1,
    "num_discos": 0,
    "files": [
        {
            "buses": [],
            "dbs": [],
            "servers": [
                "node",
                "express"
            ],
            "monitors": [],
            "gates": [],
            "discos": [],
            "path": "/udagram-api-feed/package.json"
        },
        {
            "buses": [],
            "dbs": [],
            "servers": [
                "node"
            ],
            "monitors": [],
            "gates": [],
            "discos": [],
            "path": "/udagram-frontend/package.json"
        },
        {
            "buses": [],
            "dbs": [],
            "servers": [
                "node",
                "express"
            ],
            "monitors": [],
            "gates": [],
            "discos": [],
            "path": "/udagram-api-users/package.json"
        }
    ],
    "url": "git://github.com/anubhav13103738/udacity-udagram-microservices.git",
    "discos": [],
    "num_langs": 1,
    "langs": [
        "typescript"
    ],
    "num_services": 0,
    "shared_dbs": false,
    "images": [
        "node",
        "nginx"
    ],
    "avg_size_service": 3647.0,
    "num_gates": 1,
    "num_buses": 0,
    "dbs": [],
    "servers": [
        "node",
        "express"
    ],
    "structure": {
        "services": [],
        "num_services": 0,
        "detected_dbs": {
            "num": 0,
            "shared_dbs": false,
            "names": [],
            "services": []
        },
        "path": []
    },
    "num_dockers": 4,
    "num_files": 8,
    "name": "anubhav13103738/udacity-udagram-microservices",
    "dockers": [
        {
            "dbs": [],
            "servers": [
                "node"
            ],
            "keywords": [
                "npm"
            ],
            "from_full": "node:12",
            "cmd_keywords": [
                "run",
                "dev",
                "npm"
            ],
            "cmd": "npm run dev",
            "langs": [],
            "buses": [],
            "monitors": [],
            "gates": [],
            "discos": [],
            "from": "node",
            "path": "/udagram-api-feed/Dockerfile"
        },
        {
            "dbs": [],
            "servers": [],
            "keywords": [],
            "from_full": "nginx:alpine",
            "cmd_keywords": [],
            "cmd": "",
            "langs": [],
            "buses": [],
            "monitors": [],
            "gates": [
                "nginx"
            ],
            "discos": [],
            "from": "nginx",
            "path": "/udagram-deployment/docker/Dockerfile"
        },
        {
            "dbs": [],
            "servers": [],
            "keywords": [
                "build",
                "ionic",
                "npm"
            ],
            "from_full": "nginx:alpine",
            "cmd_keywords": [],
            "cmd": "",
            "langs": [],
            "buses": [],
            "monitors": [],
            "gates": [
                "nginx"
            ],
            "discos": [],
            "from": "nginx",
            "path": "/udagram-frontend/Dockerfile"
        },
        {
            "dbs": [],
            "servers": [
                "node"
            ],
            "keywords": [
                "npm"
            ],
            "from_full": "node:12",
            "cmd_keywords": [
                "run",
                "dev",
                "npm"
            ],
            "cmd": "npm run dev",
            "langs": [],
            "buses": [],
            "monitors": [],
            "gates": [],
            "discos": [],
            "from": "node",
            "path": "/udagram-api-users/Dockerfile"
        }
    ],
    "buses": [],
    "monitors": [],
    "gates": [
        "nginx"
    ],
    "size": 14588,
    "languages": [
        "typescript"
    ],
    "num_dbs": 0
}