{
    "structure": {
        "detected_dbs": {
            "num": 0,
            "services": [],
            "shared_dbs": false,
            "names": []
        },
        "path": [],
        "services": [],
        "num_services": 0
    },
    "url": "git://github.com/apache/juneau.git",
    "monitors": [],
    "num_gates": 0,
    "shared_dbs": false,
    "num_buses": 0,
    "num_dbs": 3,
    "dbs": [
        "foundation",
        "derby",
        "oracle"
    ],
    "commiters": 20,
    "languages": [
        "java"
    ],
    "num_services": 0,
    "num_discos": 0,
    "num_dockers": 2,
    "gates": [],
    "langs": [
        "java"
    ],
    "dockers": [
        {
            "langs": [
                "java"
            ],
            "keywords": [],
            "buses": [],
            "cmd": "/bin/sh -c \"java -jar microservice.jar 10000\"",
            "monitors": [],
            "path": "/juneau-microservice/juneau-microservice-core/Dockerfile",
            "dbs": [],
            "from_full": "ubuntu",
            "gates": [],
            "discos": [],
            "cmd_keywords": [
                "jar",
                "microservice",
                "bin",
                "java"
            ],
            "from": "ubuntu",
            "servers": []
        },
        {
            "langs": [
                "java"
            ],
            "keywords": [],
            "buses": [],
            "cmd": "/bin/sh -c \"java -jar microservice.jar 10000\"",
            "monitors": [],
            "path": "/juneau-microservice/juneau-microservice-jetty/Dockerfile",
            "dbs": [],
            "from_full": "ubuntu",
            "gates": [],
            "discos": [],
            "cmd_keywords": [
                "jar",
                "microservice",
                "bin",
                "java"
            ],
            "from": "ubuntu",
            "servers": []
        }
    ],
    "buses": [],
    "name": "apache/juneau",
    "images": [
        "ubuntu"
    ],
    "num_langs": 1,
    "num_servers": 3,
    "num_files": 42,
    "discos": [],
    "num_monitors": 0,
    "avg_size_service": 25816.0,
    "size": 51632,
    "files": [
        {
            "dbs": [
                "foundation",
                "derby",
                "oracle"
            ],
            "buses": [],
            "gates": [],
            "discos": [],
            "monitors": [],
            "path": "/pom.xml",
            "servers": [
                "express",
                "jetty"
            ]
        },
        {
            "dbs": [
                "foundation"
            ],
            "buses": [],
            "gates": [],
            "discos": [],
            "monitors": [],
            "path": "/juneau-doc/pom.xml",
            "servers": [
                "express"
            ]
        },
        {
            "dbs": [
                "foundation"
            ],
            "buses": [],
            "gates": [],
            "discos": [],
            "monitors": [],
            "path": "/juneau-microservice/pom.xml",
            "servers": [
                "express",
                "jetty"
            ]
        },
        {
            "dbs": [
                "foundation"
            ],
            "buses": [],
            "gates": [],
            "discos": [],
            "monitors": [],
            "path": "/juneau-microservice/juneau-my-jetty-microservice/pom.xml",
            "servers": [
                "express",
                "jetty"
            ]
        },
        {
            "dbs": [
                "foundation"
            ],
            "buses": [],
            "gates": [],
            "discos": [],
            "monitors": [],
            "path": "/juneau-microservice/juneau-microservice-ftest/pom.xml",
            "servers": [
                "express",
                "jetty"
            ]
        },
        {
            "dbs": [
                "foundation"
            ],
            "buses": [],
            "gates": [],
            "discos": [],
            "monitors": [],
            "path": "/juneau-microservice/juneau-microservice-core/pom.xml",
            "servers": [
                "express",
                "jetty"
            ]
        },
        {
            "dbs": [
                "foundation"
            ],
            "buses": [],
            "gates": [],
            "discos": [],
            "monitors": [],
            "path": "/juneau-microservice/juneau-my-springboot-microservice/pom.xml",
            "servers": [
                "spring",
                "express"
            ]
        },
        {
            "dbs": [
                "foundation"
            ],
            "buses": [],
            "gates": [],
            "discos": [],
            "monitors": [],
            "path": "/juneau-microservice/juneau-microservice-jetty/pom.xml",
            "servers": [
                "express",
                "jetty"
            ]
        },
        {
            "dbs": [
                "foundation"
            ],
            "buses": [],
            "gates": [],
            "discos": [],
            "monitors": [],
            "path": "/juneau-examples/pom.xml",
            "servers": [
                "express",
                "jetty"
            ]
        },
        {
            "dbs": [
                "foundation",
                "derby"
            ],
            "buses": [],
            "gates": [],
            "discos": [],
            "monitors": [],
            "path": "/juneau-examples/juneau-examples-rest/pom.xml",
            "servers": [
                "express",
                "jetty"
            ]
        },
        {
            "dbs": [
                "foundation"
            ],
            "buses": [],
            "gates": [],
            "discos": [],
            "monitors": [],
            "path": "/juneau-examples/juneau-examples-rest-springboot/pom.xml",
            "servers": [
                "spring",
                "express",
                "jetty"
            ]
        },
        {
            "dbs": [
                "foundation",
                "derby"
            ],
            "buses": [],
            "gates": [],
            "discos": [],
            "monitors": [],
            "path": "/juneau-examples/juneau-examples-rest-springboot/build-overlay/pom.xml",
            "servers": [
                "spring",
                "express",
                "jetty"
            ]
        },
        {
            "dbs": [
                "foundation"
            ],
            "buses": [],
            "gates": [],
            "discos": [],
            "monitors": [],
            "path": "/juneau-examples/juneau-examples-rest-jetty-ftest/pom.xml",
            "servers": [
                "express",
                "jetty"
            ]
        },
        {
            "dbs": [
                "foundation"
            ],
            "buses": [],
            "gates": [],
            "discos": [],
            "monitors": [],
            "path": "/juneau-examples/juneau-examples-rest-jetty/pom.xml",
            "servers": [
                "express",
                "jetty"
            ]
        },
        {
            "dbs": [
                "foundation",
                "derby"
            ],
            "buses": [],
            "gates": [],
            "discos": [],
            "monitors": [],
            "path": "/juneau-examples/juneau-examples-rest-jetty/build-overlay/pom.xml",
            "servers": [
                "express",
                "jetty"
            ]
        },
        {
            "dbs": [
                "foundation"
            ],
            "buses": [],
            "gates": [],
            "discos": [],
            "monitors": [],
            "path": "/juneau-examples/juneau-examples-core/pom.xml",
            "servers": [
                "express"
            ]
        },
        {
            "dbs": [
                "foundation"
            ],
            "buses": [],
            "gates": [],
            "discos": [],
            "monitors": [],
            "path": "/juneau-examples/juneau-examples-core/build-overlay/pom.xml",
            "servers": [
                "express"
            ]
        },
        {
            "dbs": [
                "foundation"
            ],
            "buses": [],
            "gates": [],
            "discos": [],
            "monitors": [],
            "path": "/juneau-rest/pom.xml",
            "servers": [
                "express"
            ]
        },
        {
            "dbs": [
                "foundation"
            ],
            "buses": [],
            "gates": [],
            "discos": [],
            "monitors": [],
            "path": "/juneau-rest/juneau-rest-server/pom.xml",
            "servers": [
                "express"
            ]
        },
        {
            "dbs": [
                "foundation"
            ],
            "buses": [],
            "gates": [],
            "discos": [],
            "monitors": [],
            "path": "/juneau-rest/juneau-rest-server-utest/pom.xml",
            "servers": [
                "express"
            ]
        },
        {
            "dbs": [
                "foundation"
            ],
            "buses": [],
            "gates": [],
            "discos": [],
            "monitors": [],
            "path": "/juneau-rest/juneau-rest-client-utest/pom.xml",
            "servers": [
                "express"
            ]
        },
        {
            "dbs": [
                "foundation"
            ],
            "buses": [],
            "gates": [],
            "discos": [],
            "monitors": [],
            "path": "/juneau-rest/juneau-rest-mock-utest/pom.xml",
            "servers": [
                "express"
            ]
        },
        {
            "dbs": [
                "foundation"
            ],
            "buses": [],
            "gates": [],
            "discos": [],
            "monitors": [],
            "path": "/juneau-rest/juneau-rest-server-springboot/pom.xml",
            "servers": [
                "spring",
                "express"
            ]
        },
        {
            "dbs": [
                "foundation"
            ],
            "buses": [],
            "gates": [],
            "discos": [],
            "monitors": [],
            "path": "/juneau-rest/juneau-rest-client/pom.xml",
            "servers": [
                "express"
            ]
        },
        {
            "dbs": [
                "foundation"
            ],
            "buses": [],
            "gates": [],
            "discos": [],
            "monitors": [],
            "path": "/juneau-rest/juneau-rest-mock/pom.xml",
            "servers": [
                "express"
            ]
        },
        {
            "dbs": [
                "foundation"
            ],
            "buses": [],
            "gates": [],
            "discos": [],
            "monitors": [],
            "path": "/juneau-rest/juneau-rest-server-rdf/pom.xml",
            "servers": [
                "express"
            ]
        },
        {
            "dbs": [
                "foundation"
            ],
            "buses": [],
            "gates": [],
            "discos": [],
            "monitors": [],
            "path": "/juneau-rest/juneau-rest-server-jaxrs/pom.xml",
            "servers": [
                "express"
            ]
        },
        {
            "dbs": [
                "foundation"
            ],
            "buses": [],
            "gates": [],
            "discos": [],
            "monitors": [],
            "path": "/juneau-sc/pom.xml",
            "servers": [
                "express"
            ]
        },
        {
            "dbs": [
                "foundation"
            ],
            "buses": [],
            "gates": [],
            "discos": [],
            "monitors": [],
            "path": "/juneau-sc/juneau-sc-client/pom.xml",
            "servers": [
                "express"
            ]
        },
        {
            "dbs": [
                "foundation"
            ],
            "buses": [],
            "gates": [],
            "discos": [],
            "monitors": [],
            "path": "/juneau-sc/juneau-sc-server/pom.xml",
            "servers": [
                "express",
                "jetty"
            ]
        },
        {
            "dbs": [
                "foundation"
            ],
            "buses": [],
            "gates": [],
            "discos": [],
            "monitors": [],
            "path": "/juneau-core/pom.xml",
            "servers": [
                "express"
            ]
        },
        {
            "dbs": [
                "foundation"
            ],
            "buses": [],
            "gates": [],
            "discos": [],
            "monitors": [],
            "path": "/juneau-core/juneau-dto/pom.xml",
            "servers": [
                "express"
            ]
        },
        {
            "dbs": [
                "foundation"
            ],
            "buses": [],
            "gates": [],
            "discos": [],
            "monitors": [],
            "path": "/juneau-core/juneau-config/pom.xml",
            "servers": [
                "express"
            ]
        },
        {
            "dbs": [
                "foundation"
            ],
            "buses": [],
            "gates": [],
            "discos": [],
            "monitors": [],
            "path": "/juneau-core/juneau-core-utest/pom.xml",
            "servers": [
                "express"
            ]
        },
        {
            "dbs": [
                "foundation"
            ],
            "buses": [],
            "gates": [],
            "discos": [],
            "monitors": [],
            "path": "/juneau-core/juneau-marshall-rdf/pom.xml",
            "servers": [
                "express"
            ]
        },
        {
            "dbs": [
                "foundation"
            ],
            "buses": [],
            "gates": [],
            "discos": [],
            "monitors": [],
            "path": "/juneau-core/juneau-marshall/pom.xml",
            "servers": [
                "express"
            ]
        },
        {
            "dbs": [
                "foundation"
            ],
            "buses": [],
            "gates": [],
            "discos": [],
            "monitors": [],
            "path": "/juneau-releng/pom.xml",
            "servers": [
                "express"
            ]
        },
        {
            "dbs": [
                "foundation"
            ],
            "buses": [],
            "gates": [],
            "discos": [],
            "monitors": [],
            "path": "/juneau-releng/juneau-distrib/pom.xml",
            "servers": [
                "express",
                "jetty"
            ]
        },
        {
            "dbs": [
                "foundation"
            ],
            "buses": [],
            "gates": [],
            "discos": [],
            "monitors": [],
            "path": "/juneau-releng/juneau-all/pom.xml",
            "servers": [
                "express"
            ]
        }
    ],
    "servers": [
        "spring",
        "express",
        "jetty"
    ]
}