{
    "monitors": [],
    "servers": [],
    "num_discos": 0,
    "discos": [],
    "shared_dbs": false,
    "name": "armadaplatform/magellan",
    "gates": [],
    "buses": [],
    "images": [
        "microservice_python"
    ],
    "avg_size_service": 32.0,
    "langs": [
        "python",
        "html"
    ],
    "dockers": [
        {
            "keywords": [
                "apt",
                "install",
                "get",
                "dev",
                "libssl"
            ],
            "cmd_keywords": [],
            "monitors": [],
            "langs": [
                "python"
            ],
            "servers": [],
            "dbs": [],
            "from_full": "microservice_python",
            "from": "microservice_python",
            "cmd": "",
            "discos": [],
            "buses": [],
            "gates": [],
            "path": "/Dockerfile"
        }
    ],
    "structure": {
        "detected_dbs": {
            "num": 0,
            "services": [],
            "names": [],
            "shared_dbs": false
        },
        "services": [],
        "path": [],
        "num_services": 0
    },
    "commiters": 9,
    "num_monitors": 0,
    "num_servers": 0,
    "num_dbs": 0,
    "num_buses": 0,
    "num_langs": 2,
    "dbs": [],
    "num_gates": 0,
    "num_files": 2,
    "num_services": 0,
    "size": 32,
    "languages": [
        "python",
        "html"
    ],
    "url": "git://github.com/armadaplatform/magellan.git",
    "num_dockers": 1,
    "files": []
}