{
    "monitors": [],
    "name": "armand1m/microservices",
    "size": 2805,
    "num_monitors": 0,
    "images": [],
    "dbs": [],
    "commiters": 2,
    "langs": [],
    "url": "git://github.com/armand1m/microservices.git",
    "num_buses": 0,
    "shared_dbs": false,
    "buses": [],
    "gates": [],
    "languages": [],
    "num_files": 1,
    "files": [],
    "num_gates": 0,
    "num_discos": 0,
    "num_services": 5,
    "num_langs": 0,
    "structure": {
        "detected_dbs": {
            "num": 0,
            "shared_dbs": false,
            "names": [],
            "services": []
        },
        "num_services": 5,
        "path": "/docker-compose.yml",
        "services": [
            {
                "monitors": [],
                "depends_on": [
                    "consul"
                ],
                "servers": [],
                "name": "hello",
                "image": "./hello-service/service",
                "discos": [],
                "image_full": "./hello-service/service",
                "buses": [],
                "dbs": [],
                "gates": []
            },
            {
                "monitors": [],
                "depends_on": [
                    "users_database",
                    "consul"
                ],
                "servers": [],
                "name": "users",
                "image": "./users-service/service",
                "discos": [],
                "image_full": "./users-service/service",
                "buses": [],
                "dbs": [],
                "gates": []
            },
            {
                "monitors": [],
                "depends_on": [],
                "servers": [],
                "name": "users_database",
                "image": "",
                "discos": [],
                "image_full": "",
                "buses": [],
                "dbs": [],
                "gates": []
            },
            {
                "monitors": [],
                "depends_on": [],
                "servers": [],
                "name": "consul",
                "image": "",
                "discos": [],
                "image_full": "",
                "buses": [],
                "dbs": [],
                "gates": []
            },
            {
                "monitors": [],
                "depends_on": [
                    "consul"
                ],
                "servers": [],
                "name": "gateway",
                "image": "",
                "discos": [],
                "image_full": "",
                "buses": [],
                "dbs": [],
                "gates": []
            }
        ]
    },
    "num_dbs": 0,
    "num_dockers": 0,
    "dockers": [],
    "servers": [],
    "discos": [],
    "avg_size_service": 2805.0,
    "num_servers": 0
}