{
    "monitors": [],
    "servers": [],
    "num_discos": 0,
    "discos": [],
    "shared_dbs": false,
    "name": "arturoverbel/microservice_compra",
    "gates": [],
    "buses": [],
    "images": [
        "golang"
    ],
    "avg_size_service": 8149.0,
    "langs": [
        "golang",
        "go"
    ],
    "dockers": [
        {
            "keywords": [
                "com",
                "compra",
                "github",
                "arturoverbel",
                "microservice"
            ],
            "cmd_keywords": [],
            "monitors": [],
            "langs": [
                "golang"
            ],
            "servers": [],
            "dbs": [],
            "from_full": "golang:latest",
            "from": "golang",
            "cmd": "",
            "discos": [],
            "buses": [],
            "gates": [],
            "path": "/Dockerfile"
        }
    ],
    "structure": {
        "detected_dbs": {
            "num": 0,
            "services": [],
            "names": [],
            "shared_dbs": false
        },
        "services": [],
        "path": [],
        "num_services": 0
    },
    "commiters": 1,
    "num_monitors": 0,
    "num_servers": 0,
    "num_dbs": 0,
    "num_buses": 0,
    "num_langs": 2,
    "dbs": [],
    "num_gates": 0,
    "num_files": 2,
    "num_services": 0,
    "size": 8149,
    "languages": [
        "go"
    ],
    "url": "git://github.com/arturoverbel/microservice_compra.git",
    "num_dockers": 1,
    "files": []
}