{
    "num_dbs": 2,
    "langs": [
        "java"
    ],
    "gates": [],
    "num_servers": 2,
    "num_dockers": 6,
    "num_buses": 1,
    "num_files": 13,
    "num_discos": 1,
    "num_services": 9,
    "dbs": [
        "cassandra",
        "zookeeper"
    ],
    "servers": [
        "spring",
        "node"
    ],
    "num_langs": 1,
    "structure": {
        "detected_dbs": {
            "num": 3,
            "shared_dbs": true,
            "services": [
                "cassandra-node-2",
                "zookeeper",
                "cassandra-node-1"
            ],
            "names": [
                "cassandra",
                "zookeeper"
            ]
        },
        "services": [
            {
                "depends_on": [
                    "cassandra-node-1"
                ],
                "image": "cassandra-node",
                "gates": [],
                "dbs": [
                    "cassandra"
                ],
                "servers": [
                    "node"
                ],
                "buses": [],
                "monitors": [],
                "name": "cassandra-node-2",
                "discos": [],
                "image_full": "cassandra-node"
            },
            {
                "depends_on": [
                    "kafka",
                    "cassandra-node-1",
                    "cassandra-node-2"
                ],
                "image": "order-service",
                "gates": [],
                "dbs": [],
                "servers": [],
                "buses": [],
                "monitors": [],
                "name": "order",
                "discos": [],
                "image_full": "order-service"
            },
            {
                "depends_on": [],
                "image": "wurstmeister/zookeeper",
                "gates": [],
                "dbs": [
                    "zookeeper"
                ],
                "servers": [],
                "buses": [],
                "monitors": [],
                "name": "zookeeper",
                "discos": [
                    "zookeeper"
                ],
                "image_full": "wurstmeister/zookeeper"
            },
            {
                "depends_on": [
                    "kafka",
                    "cassandra-node-1",
                    "cassandra-node-2"
                ],
                "image": "product-service",
                "gates": [],
                "dbs": [],
                "servers": [],
                "buses": [],
                "monitors": [],
                "name": "product",
                "discos": [],
                "image_full": "product-service"
            },
            {
                "depends_on": [
                    "zookeeper"
                ],
                "image": "wurstmeister/kafka",
                "gates": [],
                "dbs": [],
                "servers": [],
                "buses": [
                    "kafka"
                ],
                "monitors": [],
                "name": "kafka",
                "discos": [],
                "image_full": "wurstmeister/kafka"
            },
            {
                "depends_on": [
                    "kafka",
                    "cassandra-node-1",
                    "cassandra-node-2"
                ],
                "image": "user-service",
                "gates": [],
                "dbs": [],
                "servers": [],
                "buses": [],
                "monitors": [],
                "name": "user",
                "discos": [],
                "image_full": "user-service"
            },
            {
                "depends_on": [
                    "user",
                    "order",
                    "product"
                ],
                "image": "api-service",
                "gates": [],
                "dbs": [],
                "servers": [],
                "buses": [],
                "monitors": [],
                "name": "api",
                "discos": [],
                "image_full": "api-service"
            },
            {
                "depends_on": [],
                "image": "cassandra-node",
                "gates": [],
                "dbs": [
                    "cassandra"
                ],
                "servers": [
                    "node"
                ],
                "buses": [],
                "monitors": [],
                "name": "cassandra-node-1",
                "discos": [],
                "image_full": "cassandra-node"
            },
            {
                "depends_on": [
                    "kafka"
                ],
                "image": "consumer-service",
                "gates": [],
                "dbs": [],
                "servers": [],
                "buses": [],
                "monitors": [],
                "name": "consumer-service",
                "discos": [],
                "image_full": "consumer-service"
            }
        ],
        "num_services": 9,
        "path": "/docker-compose.yml"
    },
    "commiters": 1,
    "languages": [
        "java"
    ],
    "files": [
        {
            "path": "/pom.xml",
            "dbs": [],
            "servers": [],
            "buses": [],
            "monitors": [],
            "discos": [],
            "gates": []
        },
        {
            "path": "/product_service/pom.xml",
            "dbs": [
                "cassandra"
            ],
            "servers": [
                "spring"
            ],
            "buses": [
                "kafka"
            ],
            "monitors": [],
            "discos": [],
            "gates": []
        },
        {
            "path": "/api_service/pom.xml",
            "dbs": [],
            "servers": [
                "spring"
            ],
            "buses": [],
            "monitors": [],
            "discos": [],
            "gates": []
        },
        {
            "path": "/consumer_service/pom.xml",
            "dbs": [],
            "servers": [
                "spring"
            ],
            "buses": [
                "kafka"
            ],
            "monitors": [],
            "discos": [],
            "gates": []
        },
        {
            "path": "/user_service/pom.xml",
            "dbs": [
                "cassandra"
            ],
            "servers": [
                "spring"
            ],
            "buses": [
                "kafka"
            ],
            "monitors": [],
            "discos": [],
            "gates": []
        },
        {
            "path": "/order_service/pom.xml",
            "dbs": [
                "cassandra"
            ],
            "servers": [
                "spring"
            ],
            "buses": [
                "kafka"
            ],
            "monitors": [],
            "discos": [],
            "gates": []
        }
    ],
    "shared_dbs": true,
    "monitors": [],
    "discos": [
        "zookeeper"
    ],
    "dockers": [
        {
            "cmd_keywords": [],
            "from_full": "openjdk:8-jdk-alpine",
            "gates": [],
            "monitors": [],
            "discos": [],
            "langs": [],
            "from": "openjdk",
            "path": "/product_service/Dockerfile",
            "dbs": [],
            "servers": [],
            "buses": [],
            "cmd": "",
            "keywords": []
        },
        {
            "cmd_keywords": [],
            "from_full": "openjdk:8-jdk-alpine",
            "gates": [],
            "monitors": [],
            "discos": [],
            "langs": [],
            "from": "openjdk",
            "path": "/api_service/Dockerfile",
            "dbs": [],
            "servers": [],
            "buses": [],
            "cmd": "",
            "keywords": []
        },
        {
            "cmd_keywords": [
                "cassandra"
            ],
            "from_full": "cassandra",
            "gates": [],
            "monitors": [],
            "discos": [],
            "langs": [],
            "from": "cassandra",
            "path": "/cassandra_node/Dockerfile",
            "dbs": [
                "cassandra"
            ],
            "servers": [],
            "buses": [],
            "cmd": "cassandra -f",
            "keywords": [
                "apt",
                "get",
                "chmod",
                "entrypoint",
                "wrap"
            ]
        },
        {
            "cmd_keywords": [],
            "from_full": "openjdk:8-jdk-alpine",
            "gates": [],
            "monitors": [],
            "discos": [],
            "langs": [],
            "from": "openjdk",
            "path": "/consumer_service/Dockerfile",
            "dbs": [],
            "servers": [],
            "buses": [],
            "cmd": "",
            "keywords": []
        },
        {
            "cmd_keywords": [],
            "from_full": "openjdk:8-jdk-alpine",
            "gates": [],
            "monitors": [],
            "discos": [],
            "langs": [],
            "from": "openjdk",
            "path": "/user_service/Dockerfile",
            "dbs": [],
            "servers": [],
            "buses": [],
            "cmd": "",
            "keywords": []
        },
        {
            "cmd_keywords": [],
            "from_full": "openjdk:8-jdk-alpine",
            "gates": [],
            "monitors": [],
            "discos": [],
            "langs": [],
            "from": "openjdk",
            "path": "/order_service/Dockerfile",
            "dbs": [],
            "servers": [],
            "buses": [],
            "cmd": "",
            "keywords": []
        }
    ],
    "num_monitors": 0,
    "images": [
        "openjdk",
        "cassandra"
    ],
    "avg_size_service": 99.33333333333333,
    "num_gates": 0,
    "size": 596,
    "buses": [
        "kafka"
    ],
    "url": "git://github.com/arunmrao/ref-cloud-app.git",
    "name": "arunmrao/ref-cloud-app"
}