{
    "num_discos": 0,
    "structure": {
        "detected_dbs": {
            "num": 0,
            "shared_dbs": false,
            "names": [],
            "services": []
        },
        "num_services": 0,
        "path": [],
        "services": []
    },
    "buses": [
        "amqp"
    ],
    "servers": [
        "spring"
    ],
    "name": "AshayKing/polyglot-spring-cloud",
    "num_gates": 1,
    "gates": [
        "gateway"
    ],
    "num_dbs": 4,
    "discos": [],
    "num_servers": 1,
    "num_dockers": 7,
    "dockers": [
        {
            "cmd": "",
            "dbs": [],
            "cmd_keywords": [],
            "buses": [],
            "monitors": [],
            "from": "java",
            "langs": [
                "java"
            ],
            "keywords": [],
            "gates": [],
            "from_full": "java:8",
            "discos": [],
            "path": "/product-microservice/src/main/docker/Dockerfile",
            "servers": []
        },
        {
            "cmd": "",
            "dbs": [],
            "cmd_keywords": [],
            "buses": [],
            "monitors": [],
            "from": "java",
            "langs": [
                "java"
            ],
            "keywords": [],
            "gates": [],
            "from_full": "java:8",
            "discos": [],
            "path": "/gateway-microservice/src/main/docker/Dockerfile",
            "servers": []
        },
        {
            "cmd": "",
            "dbs": [],
            "cmd_keywords": [],
            "buses": [],
            "monitors": [],
            "from": "java",
            "langs": [
                "java"
            ],
            "keywords": [],
            "gates": [],
            "from_full": "java:8",
            "discos": [],
            "path": "/review-microservice/src/main/docker/Dockerfile",
            "servers": []
        },
        {
            "cmd": "",
            "dbs": [],
            "cmd_keywords": [],
            "buses": [],
            "monitors": [],
            "from": "java",
            "langs": [
                "java"
            ],
            "keywords": [],
            "gates": [],
            "from_full": "java:8",
            "discos": [],
            "path": "/order-microservice/src/main/docker/Dockerfile",
            "servers": []
        },
        {
            "cmd": "",
            "dbs": [],
            "cmd_keywords": [],
            "buses": [],
            "monitors": [],
            "from": "java",
            "langs": [
                "java"
            ],
            "keywords": [],
            "gates": [],
            "from_full": "java:8",
            "discos": [],
            "path": "/product-inventory-microservice/src/main/docker/Dockerfile",
            "servers": []
        },
        {
            "cmd": "",
            "dbs": [],
            "cmd_keywords": [],
            "buses": [],
            "monitors": [],
            "from": "java",
            "langs": [
                "java"
            ],
            "keywords": [],
            "gates": [],
            "from_full": "java:8",
            "discos": [],
            "path": "/customer-microservice/src/main/docker/Dockerfile",
            "servers": []
        },
        {
            "cmd": "",
            "dbs": [],
            "cmd_keywords": [],
            "buses": [],
            "monitors": [],
            "from": "java",
            "langs": [
                "java"
            ],
            "keywords": [],
            "gates": [],
            "from_full": "java:8",
            "discos": [],
            "path": "/email-service/src/main/docker/Dockerfile",
            "servers": []
        }
    ],
    "dbs": [
        "cassandra",
        "mongo",
        "redis",
        "mysql"
    ],
    "images": [
        "java"
    ],
    "commiters": 2,
    "monitors": [],
    "files": [
        {
            "dbs": [
                "mongodb"
            ],
            "buses": [],
            "servers": [
                "spring"
            ],
            "discos": [],
            "monitors": [],
            "gates": [],
            "path": "/product-microservice/pom.xml"
        },
        {
            "dbs": [],
            "buses": [],
            "servers": [
                "spring"
            ],
            "discos": [],
            "monitors": [],
            "gates": [
                "gateway"
            ],
            "path": "/gateway-microservice/pom.xml"
        },
        {
            "dbs": [
                "mysql",
                "redis"
            ],
            "buses": [
                "amqp"
            ],
            "servers": [
                "spring"
            ],
            "discos": [],
            "monitors": [],
            "gates": [],
            "path": "/review-microservice/pom.xml"
        },
        {
            "dbs": [
                "mongo",
                "mongodb"
            ],
            "buses": [
                "amqp"
            ],
            "servers": [
                "spring"
            ],
            "discos": [],
            "monitors": [],
            "gates": [],
            "path": "/order-microservice/pom.xml"
        },
        {
            "dbs": [
                "mongo",
                "mongodb"
            ],
            "buses": [],
            "servers": [
                "spring"
            ],
            "discos": [],
            "monitors": [],
            "gates": [],
            "path": "/product-inventory-microservice/pom.xml"
        },
        {
            "dbs": [
                "cassandra"
            ],
            "buses": [
                "amqp"
            ],
            "servers": [
                "spring"
            ],
            "discos": [],
            "monitors": [],
            "gates": [],
            "path": "/customer-microservice/pom.xml"
        },
        {
            "dbs": [],
            "buses": [
                "amqp"
            ],
            "servers": [
                "spring"
            ],
            "discos": [],
            "monitors": [],
            "gates": [],
            "path": "/email-service/pom.xml"
        }
    ],
    "langs": [
        "java"
    ],
    "url": "git://github.com/AshayKing/polyglot-spring-cloud.git",
    "num_monitors": 0,
    "shared_dbs": false,
    "size": 827,
    "languages": [
        "java"
    ],
    "num_langs": 1,
    "num_buses": 1,
    "avg_size_service": 118.14285714285714,
    "num_files": 15,
    "num_services": 0
}