{
    "monitors": [],
    "name": "ata-cloud/bazooka",
    "size": 11165,
    "num_monitors": 0,
    "images": [
        "registry.gs.youyuwo.com/base/docker-springboot-pinpoint"
    ],
    "dbs": [
        "enterprise",
        "mysql"
    ],
    "commiters": 10,
    "langs": [
        "javascript",
        "java"
    ],
    "url": "git://github.com/ata-cloud/bazooka.git",
    "num_buses": 0,
    "shared_dbs": false,
    "buses": [],
    "gates": [
        "gateway"
    ],
    "languages": [
        "java",
        "javascript"
    ],
    "num_files": 18,
    "files": [
        {
            "path": "/pom.xml"
        },
        {
            "monitors": [],
            "discos": [],
            "servers": [],
            "buses": [],
            "path": "/bazooka-deploy/pom.xml",
            "dbs": [],
            "gates": []
        },
        {
            "monitors": [],
            "discos": [],
            "servers": [
                "spring"
            ],
            "buses": [],
            "path": "/bazooka-deploy/bazooka-deploy-api/pom.xml",
            "dbs": [],
            "gates": []
        },
        {
            "monitors": [],
            "discos": [],
            "servers": [
                "spring"
            ],
            "buses": [],
            "path": "/bazooka-deploy/bazooka-deploy-biz/pom.xml",
            "dbs": [
                "mysql"
            ],
            "gates": []
        },
        {
            "monitors": [],
            "discos": [],
            "servers": [],
            "buses": [],
            "path": "/bazooka-rms/pom.xml",
            "dbs": [],
            "gates": []
        },
        {
            "monitors": [],
            "discos": [],
            "servers": [],
            "buses": [],
            "path": "/bazooka-rms/bazooka-rms-api/pom.xml",
            "dbs": [],
            "gates": []
        },
        {
            "monitors": [],
            "discos": [],
            "servers": [
                "spring"
            ],
            "buses": [],
            "path": "/bazooka-rms/bazooka-rms-biz/pom.xml",
            "dbs": [],
            "gates": []
        },
        {
            "monitors": [],
            "discos": [],
            "servers": [],
            "buses": [],
            "path": "/bazooka-pms/pom.xml",
            "dbs": [],
            "gates": []
        },
        {
            "monitors": [],
            "discos": [],
            "servers": [
                "spring"
            ],
            "buses": [],
            "path": "/bazooka-pms/bazooka-pms-api/pom.xml",
            "dbs": [],
            "gates": []
        },
        {
            "path": "/bazooka-pms/bazooka-pms-biz/pom.xml"
        },
        {
            "monitors": [],
            "discos": [],
            "servers": [
                "spring"
            ],
            "buses": [],
            "path": "/bazooka-upms/pom.xml",
            "dbs": [],
            "gates": []
        },
        {
            "monitors": [],
            "discos": [],
            "servers": [],
            "buses": [],
            "path": "/bazooka-upms/bazooka-upms-api/pom.xml",
            "dbs": [],
            "gates": []
        },
        {
            "monitors": [],
            "discos": [],
            "servers": [
                "spring"
            ],
            "buses": [],
            "path": "/bazooka-upms/bazooka-upms-biz/pom.xml",
            "dbs": [],
            "gates": []
        },
        {
            "monitors": [],
            "discos": [],
            "servers": [
                "spring"
            ],
            "buses": [],
            "path": "/bazooka-gateway/pom.xml",
            "dbs": [],
            "gates": [
                "gateway"
            ]
        },
        {
            "monitors": [],
            "discos": [],
            "servers": [
                "spring"
            ],
            "buses": [],
            "path": "/bazooka-common/pom.xml",
            "dbs": [],
            "gates": []
        },
        {
            "monitors": [],
            "discos": [],
            "servers": [
                "node"
            ],
            "buses": [],
            "path": "/bazooka-web/package.json",
            "dbs": [
                "enterprise"
            ],
            "gates": []
        }
    ],
    "num_gates": 1,
    "num_discos": 0,
    "num_services": 0,
    "num_langs": 2,
    "structure": {
        "detected_dbs": {
            "num": 0,
            "shared_dbs": false,
            "names": [],
            "services": []
        },
        "num_services": 0,
        "path": [],
        "services": []
    },
    "num_dbs": 2,
    "num_dockers": 1,
    "dockers": [
        {
            "monitors": [],
            "keywords": [],
            "path": "/docker/Dockerfile",
            "dbs": [],
            "cmd": "java -jar app.jar",
            "from_full": "registry.gs.youyuwo.com/base/docker-springboot-pinpoint:latest",
            "servers": [],
            "langs": [
                "java"
            ],
            "from": "registry.gs.youyuwo.com/base/docker-springboot-pinpoint",
            "discos": [],
            "buses": [],
            "cmd_keywords": [
                "jar",
                "app",
                "java"
            ],
            "gates": []
        }
    ],
    "servers": [
        "spring",
        "node"
    ],
    "discos": [],
    "avg_size_service": 11165.0,
    "num_servers": 2
}