{
    "num_dbs": 0,
    "langs": [
        "dockerfile",
        "javascript"
    ],
    "gates": [],
    "num_servers": 2,
    "num_dockers": 1,
    "num_buses": 0,
    "num_files": 3,
    "num_discos": 0,
    "num_services": 0,
    "dbs": [],
    "servers": [
        "node",
        "express"
    ],
    "num_langs": 2,
    "structure": {
        "detected_dbs": {
            "num": 0,
            "shared_dbs": false,
            "services": [],
            "names": []
        },
        "services": [],
        "num_services": 0,
        "path": []
    },
    "commiters": 1,
    "languages": [
        "javascript",
        "dockerfile"
    ],
    "files": [
        {
            "path": "/package.json",
            "dbs": [],
            "servers": [
                "express"
            ],
            "buses": [],
            "monitors": [],
            "discos": [],
            "gates": []
        }
    ],
    "shared_dbs": false,
    "monitors": [],
    "discos": [],
    "dockers": [
        {
            "cmd_keywords": [
                "npm",
                "start"
            ],
            "from_full": "node:8",
            "gates": [],
            "monitors": [],
            "discos": [],
            "langs": [],
            "from": "node",
            "path": "/Dockerfile",
            "dbs": [],
            "servers": [
                "node"
            ],
            "buses": [],
            "cmd": "npm start",
            "keywords": [
                "install",
                "npm"
            ]
        }
    ],
    "num_monitors": 0,
    "images": [
        "node"
    ],
    "avg_size_service": 16.0,
    "num_gates": 0,
    "size": 16,
    "buses": [],
    "url": "git://github.com/atahualpapena/nodejs-microservice-codepipeline-ecs.git",
    "name": "atahualpapena/nodejs-microservice-codepipeline-ecs"
}