{
    "files": [
        {
            "gates": [],
            "discos": [],
            "servers": [],
            "monitors": [],
            "buses": [],
            "dbs": [],
            "path": "/package.json"
        }
    ],
    "num_services": 2,
    "languages": [
        "javascript"
    ],
    "shared_dbs": false,
    "num_discos": 0,
    "num_dbs": 0,
    "gates": [],
    "num_files": 3,
    "num_langs": 1,
    "avg_size_service": 2.0,
    "num_monitors": 0,
    "dockers": [
        {
            "cmd": "",
            "from": "mhart/alpine-node",
            "from_full": "mhart/alpine-node:latest",
            "servers": [
                "node"
            ],
            "buses": [],
            "dbs": [],
            "path": "/Dockerfile",
            "gates": [],
            "discos": [],
            "keywords": [
                "npm",
                "install",
                "cote"
            ],
            "cmd_keywords": [],
            "langs": [],
            "monitors": []
        }
    ],
    "size": 2,
    "langs": [
        "javascript"
    ],
    "num_buses": 0,
    "images": [
        "mhart/alpine-node"
    ],
    "servers": [
        "node"
    ],
    "commiters": 1,
    "buses": [],
    "dbs": [],
    "name": "AvaDeath/docker-microservices-conversion-example",
    "discos": [],
    "url": "git://github.com/AvaDeath/docker-microservices-conversion-example.git",
    "num_servers": 1,
    "monitors": [],
    "num_gates": 0,
    "structure": {
        "detected_dbs": {
            "names": [],
            "services": [],
            "num": 0,
            "shared_dbs": false
        },
        "services": [
            {
                "gates": [],
                "buses": [],
                "discos": [],
                "image": "mtro/conversion_ex",
                "monitors": [],
                "servers": [],
                "image_full": "mtro/conversion_ex:latest",
                "dbs": [],
                "name": "conversion-service",
                "depends_on": []
            },
            {
                "gates": [],
                "buses": [],
                "discos": [],
                "image": "mtro/conversion_ex",
                "monitors": [],
                "servers": [],
                "image_full": "mtro/conversion_ex:latest",
                "dbs": [],
                "name": "arbitration-service",
                "depends_on": []
            }
        ],
        "num_services": 2,
        "path": "/docker-compose.yml"
    },
    "num_dockers": 1
}