{
    "num_servers": 1,
    "num_monitors": 0,
    "commiters": 1,
    "num_discos": 0,
    "files": [
        {
            "buses": [],
            "dbs": [],
            "servers": [
                "spring"
            ],
            "monitors": [],
            "gates": [],
            "discos": [],
            "path": "/microservice-kubernetes-demo/pom.xml"
        },
        {
            "buses": [],
            "dbs": [
                "hsqldb"
            ],
            "servers": [
                "spring"
            ],
            "monitors": [],
            "gates": [],
            "discos": [],
            "path": "/microservice-kubernetes-demo/microservice-kubernetes-demo-catalog/pom.xml"
        },
        {
            "buses": [],
            "dbs": [
                "hsqldb"
            ],
            "servers": [
                "spring"
            ],
            "monitors": [],
            "gates": [],
            "discos": [],
            "path": "/microservice-kubernetes-demo/microservice-kubernetes-demo-customer/pom.xml"
        },
        {
            "buses": [],
            "dbs": [],
            "servers": [
                "spring"
            ],
            "monitors": [],
            "gates": [],
            "discos": [],
            "path": "/microservice-kubernetes-demo/microservice-kubernetes-demo-hystrix-dashboard/pom.xml"
        },
        {
            "buses": [],
            "dbs": [
                "hsqldb"
            ],
            "servers": [
                "spring"
            ],
            "monitors": [],
            "gates": [],
            "discos": [],
            "path": "/microservice-kubernetes-demo/microservice-kubernetes-demo-order/pom.xml"
        }
    ],
    "url": "git://github.com/avinasherupaka/microservice-kubernetes-master.git",
    "discos": [],
    "num_langs": 2,
    "langs": [
        "html",
        "java"
    ],
    "num_services": 0,
    "shared_dbs": false,
    "images": [
        "ubuntu",
        "avinasherupaka/docker-java"
    ],
    "avg_size_service": 36.6,
    "num_gates": 0,
    "num_buses": 0,
    "dbs": [
        "db"
    ],
    "servers": [
        "spring"
    ],
    "structure": {
        "services": [],
        "num_services": 0,
        "detected_dbs": {
            "num": 0,
            "shared_dbs": false,
            "names": [],
            "services": []
        },
        "path": []
    },
    "num_dockers": 5,
    "num_files": 11,
    "name": "avinasherupaka/microservice-kubernetes-master",
    "dockers": [
        {
            "dbs": [],
            "servers": [],
            "keywords": [
                "proxy",
                "get",
                "apache",
                "apt",
                "mkdir"
            ],
            "from_full": "ubuntu:16.04",
            "cmd_keywords": [
                "foreground",
                "apache",
                "ctl"
            ],
            "cmd": "apache2ctl -D FOREGROUND",
            "langs": [],
            "buses": [],
            "monitors": [],
            "gates": [],
            "discos": [],
            "from": "ubuntu",
            "path": "/microservice-kubernetes-demo/apache/Dockerfile"
        },
        {
            "dbs": [],
            "servers": [],
            "keywords": [],
            "from_full": "avinasherupaka/docker-java",
            "cmd_keywords": [
                "jar",
                "catalog",
                "microservice",
                "xms",
                "usr"
            ],
            "cmd": "/usr/bin/java -Xmx400m -Xms400m -jar microservice-kubernetes-demo-catalog-0.0.1-SNAPSHOT.jar",
            "langs": [
                "java"
            ],
            "buses": [],
            "monitors": [],
            "gates": [],
            "discos": [],
            "from": "avinasherupaka/docker-java",
            "path": "/microservice-kubernetes-demo/microservice-kubernetes-demo-catalog/Dockerfile"
        },
        {
            "dbs": [],
            "servers": [],
            "keywords": [],
            "from_full": "avinasherupaka/docker-java",
            "cmd_keywords": [
                "jar",
                "microservice",
                "xms",
                "usr",
                "xmx"
            ],
            "cmd": "/usr/bin/java -Xmx400m -Xms400m -jar microservice-kubernetes-demo-customer-0.0.1-SNAPSHOT.jar",
            "langs": [
                "java"
            ],
            "buses": [],
            "monitors": [],
            "gates": [],
            "discos": [],
            "from": "avinasherupaka/docker-java",
            "path": "/microservice-kubernetes-demo/microservice-kubernetes-demo-customer/Dockerfile"
        },
        {
            "dbs": [],
            "servers": [],
            "keywords": [],
            "from_full": "avinasherupaka/docker-java",
            "cmd_keywords": [
                "jar",
                "bin",
                "dashboard",
                "snapshot",
                "usr"
            ],
            "cmd": "/usr/bin/java -Xmx400m -Xms400m -jar microservice-kubernetes-demo-hystrix-dashboard-0.0.1-SNAPSHOT.jar",
            "langs": [
                "java"
            ],
            "buses": [],
            "monitors": [],
            "gates": [],
            "discos": [],
            "from": "avinasherupaka/docker-java",
            "path": "/microservice-kubernetes-demo/microservice-kubernetes-demo-hystrix-dashboard/Dockerfile"
        },
        {
            "dbs": [],
            "servers": [],
            "keywords": [],
            "from_full": "avinasherupaka/docker-java",
            "cmd_keywords": [
                "jar",
                "microservice",
                "xms",
                "usr",
                "xmx"
            ],
            "cmd": "/usr/bin/java -Xmx400m -Xms400m -jar microservice-kubernetes-demo-order-0.0.1-SNAPSHOT.jar",
            "langs": [
                "java"
            ],
            "buses": [],
            "monitors": [],
            "gates": [],
            "discos": [],
            "from": "avinasherupaka/docker-java",
            "path": "/microservice-kubernetes-demo/microservice-kubernetes-demo-order/Dockerfile"
        }
    ],
    "buses": [],
    "monitors": [],
    "gates": [],
    "size": 183,
    "languages": [
        "java",
        "html"
    ],
    "num_dbs": 1
}