{
    "files": [
        {
            "gates": [],
            "discos": [],
            "servers": [
                "mongoose",
                "express"
            ],
            "monitors": [],
            "buses": [],
            "dbs": [],
            "path": "/package.json"
        }
    ],
    "num_services": 0,
    "languages": [
        "javascript"
    ],
    "shared_dbs": false,
    "num_discos": 0,
    "num_dbs": 0,
    "gates": [],
    "num_files": 3,
    "num_langs": 2,
    "avg_size_service": 29.0,
    "num_monitors": 0,
    "dockers": [
        {
            "cmd": "./run.sh",
            "from": "mhart/alpine-node",
            "from_full": "mhart/alpine-node:10",
            "servers": [
                "node"
            ],
            "buses": [],
            "dbs": [],
            "path": "/Dockerfile",
            "gates": [],
            "discos": [],
            "keywords": [
                "microservice",
                "npm",
                "cache",
                "deps",
                "virtual"
            ],
            "cmd_keywords": [
                "run"
            ],
            "langs": [
                "python"
            ],
            "monitors": []
        }
    ],
    "size": 29,
    "langs": [
        "python",
        "javascript"
    ],
    "num_buses": 0,
    "images": [
        "mhart/alpine-node"
    ],
    "servers": [
        "mongoose",
        "node",
        "express"
    ],
    "commiters": 1,
    "buses": [],
    "dbs": [],
    "name": "awelllle/ecommerceCartService",
    "discos": [],
    "url": "git://github.com/awelllle/ecommerceCartService.git",
    "num_servers": 3,
    "monitors": [],
    "num_gates": 0,
    "structure": {
        "detected_dbs": {
            "names": [],
            "services": [],
            "num": 0,
            "shared_dbs": false
        },
        "services": [],
        "num_services": 0,
        "path": []
    },
    "num_dockers": 1
}