{
    "num_dockers": 3,
    "commiters": 2,
    "num_services": 1,
    "servers": [
        "spring"
    ],
    "languages": [
        "java",
        "html"
    ],
    "gates": [],
    "num_langs": 2,
    "langs": [
        "java",
        "html"
    ],
    "num_servers": 1,
    "size": 167,
    "num_buses": 0,
    "url": "git://github.com/ayoubahrarGit/ecommerce.git",
    "dbs": [],
    "name": "ayoubahrarGit/ecommerce",
    "shared_dbs": false,
    "num_gates": 0,
    "files": [
        {
            "buses": [],
            "dbs": [],
            "path": "/Microservices/microservice-produits/pom.xml",
            "gates": [],
            "servers": [
                "spring"
            ],
            "discos": [],
            "monitors": []
        },
        {
            "buses": [],
            "dbs": [],
            "path": "/Microservices/microservice-paiement/pom.xml",
            "gates": [],
            "servers": [
                "spring"
            ],
            "discos": [],
            "monitors": []
        },
        {
            "buses": [],
            "dbs": [],
            "path": "/Microservices/microservice-commandes/pom.xml",
            "gates": [],
            "servers": [
                "spring"
            ],
            "discos": [],
            "monitors": []
        },
        {
            "buses": [],
            "dbs": [],
            "path": "/Client/clientui/pom.xml",
            "gates": [],
            "servers": [
                "spring"
            ],
            "discos": [],
            "monitors": []
        }
    ],
    "monitors": [],
    "num_discos": 0,
    "structure": {
        "detected_dbs": {
            "num": 0,
            "names": [],
            "services": [],
            "shared_dbs": false
        },
        "services": [
            {
                "buses": [],
                "gates": [],
                "name": "produits",
                "depends_on": [],
                "monitors": [],
                "dbs": [],
                "servers": [],
                "image": "./microservice-produits",
                "image_full": "./microservice-produits",
                "discos": []
            }
        ],
        "num_services": 1,
        "path": "/Microservices/docker-compose.yml"
    },
    "buses": [],
    "avg_size_service": 55.666666666666664,
    "images": [
        "ubuntu"
    ],
    "num_files": 8,
    "num_monitors": 0,
    "num_dbs": 0,
    "discos": [],
    "dockers": [
        {
            "cmd": "java -jar produits.jar",
            "dbs": [],
            "path": "/Microservices/microservice-produits/Dockerfile",
            "buses": [],
            "monitors": [],
            "servers": [],
            "from": "ubuntu",
            "cmd_keywords": [
                "jar",
                "java",
                "produits"
            ],
            "keywords": [
                "apt",
                "get",
                "openjdk",
                "update",
                "install"
            ],
            "gates": [],
            "from_full": "ubuntu:latest",
            "langs": [
                "java"
            ],
            "discos": []
        },
        {
            "cmd": "java -jar paiments.jar",
            "dbs": [],
            "path": "/Microservices/microservice-paiement/Dockerfile",
            "buses": [],
            "monitors": [],
            "servers": [],
            "from": "ubuntu",
            "cmd_keywords": [
                "jar",
                "paiments",
                "java"
            ],
            "keywords": [
                "apt",
                "get",
                "openjdk",
                "update",
                "install"
            ],
            "gates": [],
            "from_full": "ubuntu:latest",
            "langs": [
                "java"
            ],
            "discos": []
        },
        {
            "cmd": "java -jar commandes.jar",
            "dbs": [],
            "path": "/Microservices/microservice-commandes/Dockerfile",
            "buses": [],
            "monitors": [],
            "servers": [],
            "from": "ubuntu",
            "cmd_keywords": [
                "jar",
                "java",
                "commandes"
            ],
            "keywords": [
                "apt",
                "get",
                "openjdk",
                "update",
                "install"
            ],
            "gates": [],
            "from_full": "ubuntu:latest",
            "langs": [
                "java"
            ],
            "discos": []
        }
    ]
}