{
    "num_dbs": 1,
    "langs": [
        "java",
        "shell"
    ],
    "gates": [],
    "num_servers": 3,
    "num_dockers": 2,
    "num_buses": 0,
    "num_files": 5,
    "num_discos": 0,
    "num_services": 3,
    "dbs": [
        "postgresql"
    ],
    "servers": [
        "node",
        "spring",
        "express"
    ],
    "num_langs": 2,
    "structure": {
        "detected_dbs": {
            "num": 0,
            "shared_dbs": false,
            "services": [],
            "names": []
        },
        "services": [
            {
                "depends_on": [],
                "image": "postgres",
                "gates": [],
                "dbs": [],
                "servers": [],
                "buses": [],
                "monitors": [],
                "name": "postgres",
                "discos": [],
                "image_full": "postgres:10"
            },
            {
                "depends_on": [],
                "image": "./node-app",
                "gates": [],
                "dbs": [],
                "servers": [
                    "node"
                ],
                "buses": [],
                "monitors": [],
                "name": "node-app",
                "discos": [],
                "image_full": "./node-app"
            },
            {
                "depends_on": [],
                "image": "./spring-boot-app",
                "gates": [],
                "dbs": [],
                "servers": [
                    "spring"
                ],
                "buses": [],
                "monitors": [],
                "name": "spring-boot-app",
                "discos": [],
                "image_full": "./spring-boot-app"
            }
        ],
        "num_services": 3,
        "path": "/docker-compose.yml"
    },
    "commiters": 1,
    "languages": [
        "java",
        "shell"
    ],
    "files": [
        {
            "path": "/spring-boot-app/pom.xml",
            "dbs": [
                "postgresql"
            ],
            "servers": [
                "spring"
            ],
            "buses": [],
            "monitors": [],
            "discos": [],
            "gates": []
        },
        {
            "path": "/node-app/package.json",
            "dbs": [],
            "servers": [
                "express",
                "node"
            ],
            "buses": [],
            "monitors": [],
            "discos": [],
            "gates": []
        }
    ],
    "shared_dbs": false,
    "monitors": [],
    "discos": [],
    "dockers": [
        {
            "cmd_keywords": [
                "jar",
                "java",
                "snapshot",
                "app",
                "target"
            ],
            "from_full": "openjdk:8-jdk",
            "gates": [],
            "monitors": [],
            "discos": [],
            "langs": [
                "java"
            ],
            "from": "openjdk",
            "path": "/spring-boot-app/Dockerfile",
            "dbs": [],
            "servers": [
                "spring"
            ],
            "buses": [],
            "cmd": "java -jar target/spring-boot-app-1.0-SNAPSHOT.jar",
            "keywords": [
                "apt",
                "get",
                "install",
                "update",
                "clean"
            ]
        },
        {
            "cmd_keywords": [
                "index",
                "node"
            ],
            "from_full": "node",
            "gates": [],
            "monitors": [],
            "discos": [],
            "langs": [],
            "from": "node",
            "path": "/node-app/Dockerfile",
            "dbs": [],
            "servers": [
                "node"
            ],
            "buses": [],
            "cmd": "node index.js",
            "keywords": [
                "install",
                "npm"
            ]
        }
    ],
    "num_monitors": 0,
    "images": [
        "openjdk",
        "node"
    ],
    "avg_size_service": 12.0,
    "num_gates": 0,
    "size": 24,
    "buses": [],
    "url": "git://github.com/babicamir/basic-microservices-docker.git",
    "name": "babicamir/basic-microservices-docker"
}