{
    "structure": {
        "detected_dbs": {
            "num": 0,
            "services": [],
            "shared_dbs": false,
            "names": []
        },
        "path": [],
        "services": [],
        "num_services": 0
    },
    "url": "git://github.com/BhavishyaArelli/caas-task_microservice-edited.git",
    "monitors": [],
    "num_gates": 0,
    "shared_dbs": false,
    "num_buses": 0,
    "num_dbs": 0,
    "dbs": [],
    "commiters": 1,
    "languages": [
        "javascript"
    ],
    "num_services": 0,
    "num_discos": 0,
    "num_dockers": 1,
    "gates": [],
    "langs": [
        "javascript"
    ],
    "dockers": [
        {
            "langs": [],
            "keywords": [
                "git",
                "install",
                "apt",
                "update",
                "microservice"
            ],
            "buses": [],
            "cmd": "",
            "monitors": [],
            "path": "/caas_task_microservice-master/Dockerfile",
            "dbs": [],
            "from_full": "node:7",
            "gates": [],
            "discos": [],
            "cmd_keywords": [],
            "from": "node",
            "servers": [
                "node"
            ]
        }
    ],
    "buses": [],
    "name": "BhavishyaArelli/caas-task_microservice-edited",
    "images": [
        "node"
    ],
    "num_langs": 1,
    "num_servers": 1,
    "num_files": 3,
    "discos": [],
    "num_monitors": 0,
    "avg_size_service": 338.0,
    "size": 338,
    "files": [
        {
            "dbs": [],
            "buses": [],
            "gates": [],
            "discos": [],
            "monitors": [],
            "path": "/caas_task_microservice-master/package.json",
            "servers": [
                "node"
            ]
        }
    ],
    "servers": [
        "node"
    ]
}