{
    "structure": {
        "detected_dbs": {
            "num": 4,
            "services": [
                "mongomaintenance",
                "mongovalet",
                "mongovehicle",
                "mongoauthentication"
            ],
            "shared_dbs": false,
            "names": [
                "mongo"
            ]
        },
        "path": "/docker-compose.yml",
        "services": [
            {
                "depends_on": [
                    "vehicle",
                    "valet",
                    "authentication",
                    "maintenance"
                ],
                "dbs": [],
                "buses": [],
                "gates": [
                    "nginx"
                ],
                "name": "nginx",
                "image_full": "nginx/",
                "discos": [],
                "monitors": [],
                "image": "nginx/",
                "servers": []
            },
            {
                "depends_on": [],
                "dbs": [
                    "mongo"
                ],
                "buses": [],
                "gates": [],
                "name": "mongomaintenance",
                "image_full": "mongo/",
                "discos": [],
                "monitors": [],
                "image": "mongo/",
                "servers": []
            },
            {
                "depends_on": [],
                "dbs": [],
                "buses": [],
                "gates": [],
                "name": "graphite",
                "image_full": "hopsoft/graphite-statsd:latest",
                "discos": [],
                "monitors": [
                    "graphite"
                ],
                "image": "hopsoft/graphite-statsd",
                "servers": []
            },
            {
                "depends_on": [
                    "mongovalet",
                    "elk",
                    "graphite"
                ],
                "dbs": [],
                "buses": [],
                "gates": [],
                "name": "valet",
                "image_full": "Valet/",
                "discos": [],
                "monitors": [],
                "image": "Valet/",
                "servers": []
            },
            {
                "depends_on": [],
                "dbs": [
                    "mongo"
                ],
                "buses": [],
                "gates": [],
                "name": "mongovalet",
                "image_full": "mongo/",
                "discos": [],
                "monitors": [],
                "image": "mongo/",
                "servers": []
            },
            {
                "depends_on": [],
                "dbs": [
                    "mongo"
                ],
                "buses": [],
                "gates": [],
                "name": "mongovehicle",
                "image_full": "mongo/",
                "discos": [],
                "monitors": [],
                "image": "mongo/",
                "servers": []
            },
            {
                "depends_on": [
                    "elk"
                ],
                "dbs": [],
                "buses": [],
                "gates": [],
                "name": "logspout",
                "image_full": "amouat/logspout-logstash:latest",
                "discos": [],
                "monitors": [],
                "image": "amouat/logspout-logstash",
                "servers": []
            },
            {
                "depends_on": [],
                "dbs": [],
                "buses": [],
                "gates": [],
                "name": "elk",
                "image_full": "elk/",
                "discos": [],
                "monitors": [
                    "elk"
                ],
                "image": "elk/",
                "servers": []
            },
            {
                "depends_on": [],
                "dbs": [
                    "mongo"
                ],
                "buses": [],
                "gates": [],
                "name": "mongoauthentication",
                "image_full": "mongo/",
                "discos": [],
                "monitors": [],
                "image": "mongo/",
                "servers": []
            },
            {
                "depends_on": [
                    "mongovehicle",
                    "elk",
                    "graphite"
                ],
                "dbs": [],
                "buses": [],
                "gates": [],
                "name": "vehicle",
                "image_full": "Vehicle/",
                "discos": [],
                "monitors": [],
                "image": "Vehicle/",
                "servers": []
            },
            {
                "depends_on": [
                    "mongomaintenance",
                    "elk",
                    "graphite"
                ],
                "dbs": [],
                "buses": [],
                "gates": [],
                "name": "maintenance",
                "image_full": "Maintenance/",
                "discos": [],
                "monitors": [],
                "image": "Maintenance/",
                "servers": []
            },
            {
                "depends_on": [
                    "mongoauthentication",
                    "elk",
                    "graphite"
                ],
                "dbs": [],
                "buses": [],
                "gates": [],
                "name": "authentication",
                "image_full": "Authentication/",
                "discos": [],
                "monitors": [],
                "image": "Authentication/",
                "servers": []
            }
        ],
        "num_services": 12
    },
    "url": "git://github.com/bilelibrahim/Vehicules.git",
    "monitors": [
        "graphite",
        "elk"
    ],
    "num_gates": 1,
    "shared_dbs": false,
    "num_buses": 0,
    "num_dbs": 1,
    "dbs": [
        "mongo"
    ],
    "commiters": 3,
    "languages": [
        "java",
        "javascript"
    ],
    "num_services": 12,
    "num_discos": 0,
    "num_dockers": 7,
    "gates": [
        "nginx"
    ],
    "langs": [
        "javascript",
        "java"
    ],
    "dockers": [
        {
            "langs": [],
            "keywords": [],
            "buses": [],
            "cmd": "mongod",
            "monitors": [],
            "path": "/mongo/Dockerfile",
            "dbs": [
                "mongo"
            ],
            "from_full": "mongo",
            "gates": [],
            "discos": [],
            "cmd_keywords": [
                "mongod"
            ],
            "from": "mongo",
            "servers": []
        },
        {
            "langs": [
                "java"
            ],
            "keywords": [],
            "buses": [],
            "cmd": "",
            "monitors": [],
            "path": "/Vehicle/Dockerfile",
            "dbs": [],
            "from_full": "java:8u102-jdk",
            "gates": [],
            "discos": [],
            "cmd_keywords": [],
            "from": "java",
            "servers": []
        },
        {
            "langs": [],
            "keywords": [],
            "buses": [],
            "cmd": "",
            "monitors": [],
            "path": "/nginx/Dockerfile",
            "dbs": [],
            "from_full": "nginx:latest",
            "gates": [
                "nginx"
            ],
            "discos": [],
            "cmd_keywords": [],
            "from": "nginx",
            "servers": []
        },
        {
            "langs": [
                "java"
            ],
            "keywords": [],
            "buses": [],
            "cmd": "",
            "monitors": [],
            "path": "/Authentication/Dockerfile",
            "dbs": [],
            "from_full": "java:8u102-jdk",
            "gates": [],
            "discos": [],
            "cmd_keywords": [],
            "from": "java",
            "servers": []
        },
        {
            "langs": [
                "java"
            ],
            "keywords": [],
            "buses": [],
            "cmd": "",
            "monitors": [],
            "path": "/Maintenance/Dockerfile",
            "dbs": [],
            "from_full": "java:8u102-jdk",
            "gates": [],
            "discos": [],
            "cmd_keywords": [],
            "from": "java",
            "servers": []
        },
        {
            "langs": [
                "java"
            ],
            "keywords": [],
            "buses": [],
            "cmd": "",
            "monitors": [],
            "path": "/Valet/Dockerfile",
            "dbs": [],
            "from_full": "java:8u102-jdk",
            "gates": [],
            "discos": [],
            "cmd_keywords": [],
            "from": "java",
            "servers": []
        },
        {
            "langs": [],
            "keywords": [],
            "buses": [],
            "cmd": "",
            "monitors": [
                "elk"
            ],
            "path": "/elk/Dockerfile",
            "dbs": [],
            "from_full": "willdurand/elk:latest",
            "gates": [],
            "discos": [],
            "cmd_keywords": [],
            "from": "willdurand/elk",
            "servers": []
        }
    ],
    "buses": [],
    "name": "bilelibrahim/Vehicules",
    "images": [
        "nginx",
        "mongo",
        "willdurand/elk",
        "java"
    ],
    "num_langs": 2,
    "num_servers": 3,
    "num_files": 21,
    "discos": [],
    "num_monitors": 2,
    "avg_size_service": 402.42857142857144,
    "size": 2817,
    "files": [
        {
            "dbs": [],
            "buses": [],
            "gates": [],
            "discos": [],
            "monitors": [],
            "path": "/pom.xml",
            "servers": []
        },
        {
            "dbs": [
                "mongodb"
            ],
            "buses": [],
            "gates": [],
            "discos": [],
            "monitors": [
                "graphite"
            ],
            "path": "/Vehicle/pom.xml",
            "servers": [
                "express"
            ]
        },
        {
            "dbs": [
                "mongo",
                "mongodb"
            ],
            "buses": [],
            "gates": [],
            "discos": [],
            "monitors": [
                "graphite"
            ],
            "path": "/Authentication/pom.xml",
            "servers": [
                "express"
            ]
        },
        {
            "dbs": [
                "mongodb"
            ],
            "buses": [],
            "gates": [],
            "discos": [],
            "monitors": [
                "graphite"
            ],
            "path": "/Maintenance/pom.xml",
            "servers": [
                "express"
            ]
        },
        {
            "dbs": [
                "mongodb"
            ],
            "buses": [],
            "gates": [],
            "discos": [],
            "monitors": [
                "graphite"
            ],
            "path": "/Valet/pom.xml",
            "servers": [
                "express"
            ]
        },
        {
            "dbs": [],
            "buses": [],
            "gates": [],
            "discos": [],
            "monitors": [],
            "path": "/virtual-vehicle/package.json",
            "servers": [
                "node"
            ]
        },
        {
            "dbs": [
                "mongodb"
            ],
            "buses": [],
            "gates": [],
            "discos": [],
            "monitors": [],
            "path": "/virtual-vehicle-meanio/package.json",
            "servers": [
                "mongoose",
                "node",
                "express"
            ]
        },
        {
            "dbs": [],
            "buses": [],
            "gates": [],
            "discos": [],
            "monitors": [],
            "path": "/virtual-vehicle-meanio/packages/theme/package.json",
            "servers": [
                "node"
            ]
        },
        {
            "dbs": [],
            "buses": [],
            "gates": [],
            "discos": [],
            "monitors": [],
            "path": "/virtual-vehicle-meanio/packages/system/package.json",
            "servers": [
                "node"
            ]
        },
        {
            "dbs": [],
            "buses": [],
            "gates": [],
            "discos": [],
            "monitors": [],
            "path": "/virtual-vehicle-meanio/packages/users/package.json",
            "servers": [
                "node"
            ]
        },
        {
            "dbs": [],
            "buses": [],
            "gates": [],
            "discos": [],
            "monitors": [],
            "path": "/virtual-vehicle-meanio/packages/custom/valet/package.json",
            "servers": [
                "node"
            ]
        },
        {
            "dbs": [],
            "buses": [],
            "gates": [],
            "discos": [],
            "monitors": [],
            "path": "/virtual-vehicle-meanio/packages/custom/vehicles/package.json",
            "servers": [
                "node"
            ]
        },
        {
            "dbs": [],
            "buses": [],
            "gates": [],
            "discos": [],
            "monitors": [],
            "path": "/virtual-vehicle-meanio/packages/custom/maintenance/package.json",
            "servers": [
                "node"
            ]
        }
    ],
    "servers": [
        "node",
        "mongoose",
        "express"
    ]
}