{
    "num_servers": 3,
    "num_monitors": 0,
    "commiters": 8,
    "num_discos": 1,
    "files": [
        {
            "buses": [
                "kafka"
            ],
            "dbs": [
                "zookeeper",
                "mongodb"
            ],
            "servers": [
                "spring"
            ],
            "monitors": [],
            "gates": [],
            "discos": [
                "zookeeper"
            ],
            "path": "/sessionmanagement/pom.xml"
        },
        {
            "buses": [],
            "dbs": [],
            "servers": [],
            "monitors": [],
            "gates": [],
            "discos": [],
            "path": "/UI/package.json"
        },
        {
            "buses": [
                "kafka"
            ],
            "dbs": [
                "zookeeper"
            ],
            "servers": [
                "express",
                "node"
            ],
            "monitors": [],
            "gates": [
                "gateway"
            ],
            "discos": [
                "zookeeper"
            ],
            "path": "/APIGateway/package.json"
        }
    ],
    "url": "git://github.com/bivasmaiti26/Weather-App-Microservices.git",
    "discos": [
        "zookeeper"
    ],
    "num_langs": 3,
    "langs": [
        "javascript",
        "java",
        "python"
    ],
    "num_services": 10,
    "shared_dbs": true,
    "images": [
        "maven",
        "python",
        "node"
    ],
    "avg_size_service": 3010.0,
    "num_gates": 1,
    "num_buses": 1,
    "dbs": [
        "zookeeper"
    ],
    "servers": [
        "express",
        "spring",
        "node"
    ],
    "structure": {
        "services": [
            {
                "name": "usermgmt",
                "buses": [],
                "dbs": [],
                "servers": [],
                "image_full": "user-management:1.0",
                "gates": [],
                "discos": [],
                "depends_on": [
                    "postgres",
                    "zookeeper"
                ],
                "image": "user-management",
                "monitors": []
            },
            {
                "name": "zookeeper",
                "buses": [],
                "dbs": [
                    "zookeeper"
                ],
                "servers": [],
                "image_full": "confluentinc/cp-zookeeper:5.3.1",
                "gates": [],
                "discos": [
                    "zookeeper"
                ],
                "depends_on": [],
                "image": "confluentinc/cp-zookeeper",
                "monitors": []
            },
            {
                "name": "ui",
                "buses": [],
                "dbs": [],
                "servers": [],
                "image_full": "user-interface:1.0",
                "gates": [],
                "discos": [],
                "depends_on": [
                    "api"
                ],
                "image": "user-interface",
                "monitors": []
            },
            {
                "name": "postgres",
                "buses": [],
                "dbs": [],
                "servers": [],
                "image_full": "postgres:10",
                "gates": [],
                "discos": [],
                "depends_on": [],
                "image": "postgres",
                "monitors": []
            },
            {
                "name": "api",
                "buses": [],
                "dbs": [],
                "servers": [],
                "image_full": "api-gateway:1.0",
                "gates": [
                    "gateway"
                ],
                "discos": [],
                "depends_on": [
                    "zookeeper",
                    "kafka"
                ],
                "image": "api-gateway",
                "monitors": []
            },
            {
                "name": "modelexec",
                "buses": [],
                "dbs": [],
                "servers": [],
                "image_full": "model-executer:1.0",
                "gates": [],
                "discos": [],
                "depends_on": [
                    "dataret",
                    "datapost",
                    "zookeeper",
                    "kafka"
                ],
                "image": "model-executer",
                "monitors": []
            },
            {
                "name": "kafka",
                "buses": [
                    "kafka"
                ],
                "dbs": [],
                "servers": [],
                "image_full": "confluentinc/cp-kafka:5.3.1",
                "gates": [],
                "discos": [],
                "depends_on": [
                    "zookeeper"
                ],
                "image": "confluentinc/cp-kafka",
                "monitors": []
            },
            {
                "name": "dataret",
                "buses": [],
                "dbs": [],
                "servers": [],
                "image_full": "data-retrieval:1.0",
                "gates": [],
                "discos": [],
                "depends_on": [],
                "image": "data-retrieval",
                "monitors": []
            },
            {
                "name": "session",
                "buses": [],
                "dbs": [],
                "servers": [],
                "image_full": "session-management:1.0",
                "gates": [],
                "discos": [],
                "depends_on": [
                    "zookeeper"
                ],
                "image": "session-management",
                "monitors": []
            },
            {
                "name": "datapost",
                "buses": [],
                "dbs": [],
                "servers": [],
                "image_full": "data-post-process:1.0",
                "gates": [],
                "discos": [],
                "depends_on": [],
                "image": "data-post-process",
                "monitors": []
            }
        ],
        "num_services": 10,
        "detected_dbs": {
            "num": 1,
            "shared_dbs": true,
            "names": [
                "zookeeper"
            ],
            "services": [
                "zookeeper"
            ]
        },
        "path": "/docker-compose.yml"
    },
    "num_dockers": 7,
    "num_files": 11,
    "name": "bivasmaiti26/Weather-App-Microservices",
    "dockers": [
        {
            "dbs": [],
            "servers": [
                "spring"
            ],
            "keywords": [
                "mvn",
                "install",
                "clean"
            ],
            "from_full": "maven",
            "cmd_keywords": [
                "run",
                "mvn",
                "spring",
                "boot"
            ],
            "cmd": "mvn spring-boot:run",
            "langs": [],
            "buses": [],
            "monitors": [],
            "gates": [],
            "discos": [],
            "from": "maven",
            "path": "/sessionmanagement/Dockerfile"
        },
        {
            "dbs": [],
            "servers": [
                "node"
            ],
            "keywords": [
                "install",
                "npm"
            ],
            "from_full": "node:13",
            "cmd_keywords": [
                "start",
                "npm"
            ],
            "cmd": "npm start",
            "langs": [],
            "buses": [],
            "monitors": [],
            "gates": [],
            "discos": [],
            "from": "node",
            "path": "/UI/Dockerfile"
        },
        {
            "dbs": [],
            "servers": [],
            "keywords": [
                "install",
                "requirement",
                "pip",
                "txt"
            ],
            "from_full": "python:3.7",
            "cmd_keywords": [
                "data",
                "retrieval",
                "python"
            ],
            "cmd": "python data_retrieval.py",
            "langs": [
                "python"
            ],
            "buses": [],
            "monitors": [],
            "gates": [],
            "discos": [],
            "from": "python",
            "path": "/weather_service/data_retrieval/Dockerfile"
        },
        {
            "dbs": [],
            "servers": [],
            "keywords": [
                "install",
                "requirement",
                "pip",
                "txt"
            ],
            "from_full": "python:3.7",
            "cmd_keywords": [
                "executor",
                "model",
                "python"
            ],
            "cmd": "python model_executor.py",
            "langs": [
                "python"
            ],
            "buses": [],
            "monitors": [],
            "gates": [],
            "discos": [],
            "from": "python",
            "path": "/weather_service/model_executor/Dockerfile"
        },
        {
            "dbs": [],
            "servers": [],
            "keywords": [
                "install",
                "requirement",
                "pip",
                "txt"
            ],
            "from_full": "python:3.7",
            "cmd_keywords": [
                "data",
                "postprocess",
                "python"
            ],
            "cmd": "python data_postprocess.py",
            "langs": [
                "python"
            ],
            "buses": [],
            "monitors": [],
            "gates": [],
            "discos": [],
            "from": "python",
            "path": "/weather_service/data_post_analysis/Dockerfile"
        },
        {
            "dbs": [],
            "servers": [],
            "keywords": [
                "install",
                "requirement",
                "pip",
                "txt"
            ],
            "from_full": "python:3.7",
            "cmd_keywords": [
                "src",
                "init",
                "python"
            ],
            "cmd": "python -m src.__init__",
            "langs": [
                "python"
            ],
            "buses": [],
            "monitors": [],
            "gates": [],
            "discos": [],
            "from": "python",
            "path": "/user_management/Dockerfile"
        },
        {
            "dbs": [],
            "servers": [
                "node"
            ],
            "keywords": [
                "install",
                "npm"
            ],
            "from_full": "node:13",
            "cmd_keywords": [
                "run",
                "start",
                "npm"
            ],
            "cmd": "npm run start",
            "langs": [],
            "buses": [],
            "monitors": [],
            "gates": [],
            "discos": [],
            "from": "node",
            "path": "/APIGateway/Dockerfile"
        }
    ],
    "buses": [
        "kafka"
    ],
    "monitors": [],
    "gates": [
        "gateway"
    ],
    "size": 21070,
    "languages": [
        "javascript",
        "python",
        "java"
    ],
    "num_dbs": 1
}