{
    "num_gates": 0,
    "discos": [],
    "num_dbs": 1,
    "num_monitors": 0,
    "dockers": [
        {
            "langs": [],
            "cmd_keywords": [],
            "from_full": "openjdk:8-jdk-alpine",
            "path": "/Chapter10/Chapter10/prodos-backend/Dockerfile",
            "monitors": [],
            "discos": [],
            "cmd": "",
            "buses": [],
            "gates": [],
            "dbs": [],
            "from": "openjdk",
            "keywords": [],
            "servers": []
        }
    ],
    "dbs": [
        "db"
    ],
    "num_langs": 1,
    "num_servers": 2,
    "avg_size_service": 4094.0,
    "structure": {
        "detected_dbs": {
            "num": 0,
            "shared_dbs": false,
            "names": [],
            "services": []
        },
        "num_services": 0,
        "path": [],
        "services": []
    },
    "images": [
        "openjdk"
    ],
    "size": 4094,
    "servers": [
        "spring",
        "node"
    ],
    "languages": [
        "javascript"
    ],
    "langs": [
        "javascript"
    ],
    "commiters": 1,
    "shared_dbs": false,
    "num_buses": 0,
    "num_services": 0,
    "monitors": [],
    "num_dockers": 1,
    "url": "git://github.com/bpbpublications/Designing-Applications-with-Spring-Boot-2.2-and-React-JS.git",
    "name": "bpbpublications/Designing-Applications-with-Spring-Boot-2.2-and-React-JS",
    "buses": [],
    "gates": [],
    "files": [
        {
            "discos": [],
            "buses": [],
            "gates": [],
            "monitors": [],
            "path": "/Chapter01/Chapter01/CH01_prodos/pom.xml",
            "servers": [
                "spring"
            ],
            "dbs": []
        },
        {
            "discos": [],
            "buses": [],
            "gates": [],
            "monitors": [],
            "path": "/Chapter10/Chapter10/prodos-backend/pom.xml",
            "servers": [
                "spring"
            ],
            "dbs": []
        },
        {
            "discos": [],
            "buses": [],
            "gates": [],
            "monitors": [],
            "path": "/Chapter05/Chapter05/CH05_prodos_with_spring_securing_rest_api_jwt/pom.xml",
            "servers": [
                "spring"
            ],
            "dbs": []
        },
        {
            "discos": [],
            "buses": [],
            "gates": [],
            "monitors": [],
            "path": "/Chapter05/Chapter05/CH05_prodos_with_spring_security_oauth2_server_app/pom.xml",
            "servers": [
                "spring"
            ],
            "dbs": []
        },
        {
            "discos": [],
            "buses": [],
            "gates": [],
            "monitors": [],
            "path": "/Chapter05/Chapter05/CH05_prodos_with_spring_security_oauth2_resource_server_app/pom.xml",
            "servers": [
                "spring"
            ],
            "dbs": []
        },
        {
            "discos": [],
            "buses": [],
            "gates": [],
            "monitors": [],
            "path": "/Chapter05/Chapter05/CH05_prodos_with_spring_security_oauth2_client_app/pom.xml",
            "servers": [
                "spring"
            ],
            "dbs": []
        },
        {
            "discos": [],
            "buses": [],
            "gates": [],
            "monitors": [],
            "path": "/Chapter05/Chapter05/CH05_prodos_with_spring_securing_rest_api/pom.xml",
            "servers": [
                "spring"
            ],
            "dbs": []
        },
        {
            "discos": [],
            "buses": [],
            "gates": [],
            "monitors": [],
            "path": "/Chapter02/Chapter02/CH02_prodos/pom.xml",
            "servers": [
                "spring"
            ],
            "dbs": []
        },
        {
            "discos": [],
            "buses": [],
            "gates": [],
            "monitors": [],
            "path": "/Chapter03/Chapter03/CH03_prodos_with_spring_data_jpa_mariadb/pom.xml",
            "servers": [
                "spring"
            ],
            "dbs": [
                "mariadb"
            ]
        },
        {
            "discos": [],
            "buses": [],
            "gates": [],
            "monitors": [],
            "path": "/Chapter03/Chapter03/CH03_prodos_with_spring_data_jpa_h2/pom.xml",
            "servers": [
                "spring"
            ],
            "dbs": []
        },
        {
            "discos": [],
            "buses": [],
            "gates": [],
            "monitors": [],
            "path": "/Chapter03/Chapter03/CH03_prodos_with_jdbc/pom.xml",
            "servers": [
                "spring"
            ],
            "dbs": []
        },
        {
            "discos": [],
            "buses": [],
            "gates": [],
            "monitors": [],
            "path": "/Chapter06/Chapter06/CH06_prodos_with_spring_rest_api_with_junit_tests/pom.xml",
            "servers": [
                "spring"
            ],
            "dbs": []
        },
        {
            "discos": [],
            "buses": [],
            "gates": [],
            "monitors": [],
            "path": "/Chapter04/Chapter04/CH04_prodos_client_app_traverseon/pom.xml",
            "servers": [
                "spring"
            ],
            "dbs": []
        },
        {
            "discos": [],
            "buses": [],
            "gates": [],
            "monitors": [],
            "path": "/Chapter04/Chapter04/CH04_prodos_client_app_resttemplate/pom.xml",
            "servers": [
                "spring"
            ],
            "dbs": []
        },
        {
            "discos": [],
            "buses": [],
            "gates": [],
            "monitors": [],
            "path": "/Chapter04/Chapter04/CH04_prodos_with_spring_data_rest/pom.xml",
            "servers": [
                "spring"
            ],
            "dbs": []
        },
        {
            "discos": [],
            "buses": [],
            "gates": [],
            "monitors": [],
            "path": "/Chapter10/Chapter10/prodos-frontend/package.json",
            "servers": [
                "spring",
                "node"
            ],
            "dbs": []
        },
        {
            "discos": [],
            "buses": [],
            "gates": [],
            "monitors": [],
            "path": "/Chapter08/Chapter08/prodos_front_app_with_api/package.json",
            "servers": [
                "spring",
                "node"
            ],
            "dbs": []
        },
        {
            "discos": [],
            "buses": [],
            "gates": [],
            "monitors": [],
            "path": "/Chapter07/Chapter07/CH07_prodos_front_app/package.json",
            "servers": [
                "spring",
                "node"
            ],
            "dbs": []
        },
        {
            "discos": [],
            "buses": [],
            "gates": [],
            "monitors": [],
            "path": "/Chapter09/Chapter09/prodos_front_app_with_api_third_party_components_styles/package.json",
            "servers": [
                "spring",
                "node"
            ],
            "dbs": []
        }
    ],
    "num_discos": 0,
    "num_files": 21
}