{
    "num_dbs": 1,
    "langs": [
        "java",
        "robotframework",
        "shell"
    ],
    "gates": [
        "gateway"
    ],
    "num_servers": 1,
    "num_dockers": 9,
    "num_buses": 0,
    "num_files": 13,
    "num_discos": 0,
    "num_services": 0,
    "dbs": [
        "berkeley"
    ],
    "servers": [
        "express"
    ],
    "num_langs": 3,
    "structure": {
        "detected_dbs": {
            "num": 0,
            "shared_dbs": false,
            "services": [],
            "names": []
        },
        "services": [],
        "num_services": 0,
        "path": []
    },
    "commiters": 1,
    "languages": [
        "shell",
        "robotframework",
        "java"
    ],
    "files": [
        {
            "path": "/autorelease/build/pom.xml",
            "dbs": [],
            "servers": [
                "express"
            ],
            "buses": [],
            "monitors": [
                "monitoring"
            ],
            "discos": [],
            "gates": [
                "gateway"
            ]
        },
        {
            "path": "/test/sdno-testframework/pom.xml",
            "dbs": [],
            "servers": [
                "express"
            ],
            "buses": [],
            "monitors": [],
            "discos": [],
            "gates": []
        },
        {
            "path": "/test/robottest/pom.xml",
            "dbs": [],
            "servers": [
                "express"
            ],
            "buses": [],
            "monitors": [],
            "discos": [],
            "gates": []
        }
    ],
    "shared_dbs": false,
    "monitors": [
        "monitoring"
    ],
    "discos": [],
    "dockers": [
        {
            "cmd_keywords": [],
            "from_full": "centos:7",
            "gates": [],
            "monitors": [],
            "discos": [],
            "langs": [
                "java"
            ],
            "from": "centos",
            "path": "/test/csit/docker-custom/common-tosca-aria-pip/Dockerfile",
            "dbs": [
                "berkeley"
            ],
            "servers": [],
            "buses": [],
            "cmd": "",
            "keywords": [
                "yum",
                "aria",
                "tosca",
                "install",
                "common"
            ]
        },
        {
            "cmd_keywords": [],
            "from_full": "centos:7",
            "gates": [],
            "monitors": [],
            "discos": [],
            "langs": [
                "java"
            ],
            "from": "centos",
            "path": "/test/csit/docker-custom/simulate-sdnhub-driver-huawei-openstack/Dockerfile",
            "dbs": [
                "berkeley"
            ],
            "servers": [],
            "buses": [],
            "cmd": "",
            "keywords": [
                "yum",
                "centos",
                "wget",
                "ttl",
                "baseurl"
            ]
        },
        {
            "cmd_keywords": [],
            "from_full": "centos:7",
            "gates": [],
            "monitors": [],
            "discos": [],
            "langs": [
                "java"
            ],
            "from": "centos",
            "path": "/test/csit/docker-custom/simulate-sdnhub-driver-zte-sptn/Dockerfile",
            "dbs": [
                "berkeley"
            ],
            "servers": [],
            "buses": [],
            "cmd": "",
            "keywords": [
                "yum",
                "centos",
                "wget",
                "ttl",
                "baseurl"
            ]
        },
        {
            "cmd_keywords": [],
            "from_full": "centos:7",
            "gates": [],
            "monitors": [],
            "discos": [],
            "langs": [
                "java"
            ],
            "from": "centos",
            "path": "/test/csit/docker-custom/simulate-sdnhub-driver-huawei-servicechain/Dockerfile",
            "dbs": [
                "berkeley"
            ],
            "servers": [],
            "buses": [],
            "cmd": "",
            "keywords": [
                "yum",
                "centos",
                "wget",
                "ttl",
                "baseurl"
            ]
        },
        {
            "cmd_keywords": [],
            "from_full": "centos:7",
            "gates": [],
            "monitors": [],
            "discos": [],
            "langs": [
                "java"
            ],
            "from": "centos",
            "path": "/test/csit/docker-custom/simulate-sdnhub-driver-huawei-l3vpn/Dockerfile",
            "dbs": [
                "berkeley"
            ],
            "servers": [],
            "buses": [],
            "cmd": "",
            "keywords": [
                "yum",
                "centos",
                "wget",
                "ttl",
                "baseurl"
            ]
        },
        {
            "cmd_keywords": [],
            "from_full": "centos:7",
            "gates": [],
            "monitors": [],
            "discos": [],
            "langs": [
                "java"
            ],
            "from": "centos",
            "path": "/test/csit/docker-custom/sdno-driver-simul-sfc/Dockerfile",
            "dbs": [
                "berkeley"
            ],
            "servers": [],
            "buses": [],
            "cmd": "",
            "keywords": [
                "yum",
                "centos",
                "wget",
                "ttl",
                "baseurl"
            ]
        },
        {
            "cmd_keywords": [],
            "from_full": "centos:7",
            "gates": [],
            "monitors": [],
            "discos": [],
            "langs": [
                "java"
            ],
            "from": "centos",
            "path": "/test/csit/docker-custom/simulate-sdno-services/Dockerfile",
            "dbs": [
                "berkeley"
            ],
            "servers": [],
            "buses": [],
            "cmd": "",
            "keywords": [
                "yum",
                "bin",
                "mkdir",
                "install",
                "centos"
            ]
        },
        {
            "cmd_keywords": [],
            "from_full": "centos:7",
            "gates": [],
            "monitors": [],
            "discos": [],
            "langs": [
                "java"
            ],
            "from": "centos",
            "path": "/test/csit/docker-custom/simulate-test-docker/Dockerfile",
            "dbs": [
                "berkeley"
            ],
            "servers": [],
            "buses": [],
            "cmd": "",
            "keywords": [
                "yum",
                "pip",
                "lib",
                "moco",
                "centos"
            ]
        },
        {
            "cmd_keywords": [],
            "from_full": "centos:7",
            "gates": [],
            "monitors": [],
            "discos": [],
            "langs": [
                "java"
            ],
            "from": "centos",
            "path": "/test/csit/docker-custom/simulate-sdnhub-driver-huawei-overlay/Dockerfile",
            "dbs": [
                "berkeley"
            ],
            "servers": [],
            "buses": [],
            "cmd": "",
            "keywords": [
                "yum",
                "centos",
                "wget",
                "ttl",
                "baseurl"
            ]
        }
    ],
    "num_monitors": 1,
    "images": [
        "centos"
    ],
    "avg_size_service": 488.22222222222223,
    "num_gates": 1,
    "size": 4394,
    "buses": [],
    "url": "git://github.com/bran-wang/integration.git",
    "name": "bran-wang/integration"
}