{
    "avg_size_service": 303.6666666666667,
    "languages": [
        "go"
    ],
    "num_monitors": 0,
    "commiters": 8,
    "dbs": [
        "zookeeper"
    ],
    "servers": [],
    "url": "git://github.com/brave-intl/bat-go.git",
    "num_servers": 0,
    "num_discos": 1,
    "monitors": [],
    "discos": [
        "zookeeper"
    ],
    "num_files": 4,
    "name": "brave-intl/bat-go",
    "images": [
        "bat_go-microservice",
        "alpine"
    ],
    "gates": [],
    "shared_dbs": false,
    "num_buses": 1,
    "num_langs": 1,
    "buses": [
        "kafka"
    ],
    "dockers": [
        {
            "servers": [],
            "cmd": "/bin/grant-server",
            "buses": [],
            "keywords": [
                "main",
                "grant",
                "certificates",
                "server",
                "version"
            ],
            "dbs": [],
            "from": "alpine",
            "cmd_keywords": [
                "bin",
                "grant",
                "server"
            ],
            "langs": [],
            "from_full": "alpine:3.6",
            "monitors": [],
            "discos": [],
            "path": "/Dockerfile",
            "gates": []
        },
        {
            "servers": [],
            "cmd": "bat-go serve rewards rest",
            "buses": [],
            "keywords": [],
            "dbs": [],
            "from": "bat_go-microservice",
            "cmd_keywords": [
                "serve",
                "rewards",
                "bat",
                "rest"
            ],
            "langs": [],
            "from_full": "bat_go-microservice:latest",
            "monitors": [],
            "discos": [],
            "path": "/rewards/Dockerfile",
            "gates": []
        },
        {
            "servers": [],
            "cmd": "",
            "buses": [],
            "keywords": [],
            "dbs": [],
            "from": "bat_go-microservice",
            "cmd_keywords": [],
            "langs": [],
            "from_full": "bat_go-microservice:latest",
            "monitors": [],
            "discos": [],
            "path": "/wallet/Dockerfile",
            "gates": []
        }
    ],
    "size": 911,
    "structure": {
        "detected_dbs": {
            "num": 1,
            "services": [
                "zookeeper"
            ],
            "shared_dbs": false,
            "names": [
                "zookeeper"
            ]
        },
        "services": [
            {
                "servers": [],
                "depends_on": [],
                "dbs": [
                    "zookeeper"
                ],
                "monitors": [],
                "buses": [],
                "discos": [
                    "zookeeper"
                ],
                "name": "zookeeper",
                "image": "confluentinc/cp-zookeeper",
                "image_full": "confluentinc/cp-zookeeper:5.2.2",
                "gates": []
            },
            {
                "servers": [],
                "depends_on": [],
                "dbs": [],
                "monitors": [],
                "buses": [],
                "discos": [],
                "name": "postgres",
                "image": "postgres",
                "image_full": "postgres:10.4",
                "gates": []
            },
            {
                "servers": [],
                "depends_on": [
                    "zookeeper"
                ],
                "dbs": [],
                "monitors": [],
                "buses": [
                    "kafka"
                ],
                "discos": [],
                "name": "kafka",
                "image": "confluentinc/cp-kafka",
                "image_full": "confluentinc/cp-kafka:5.2.2",
                "gates": []
            },
            {
                "servers": [],
                "depends_on": [
                    "kafka",
                    "postgres",
                    "challenge-bypass"
                ],
                "dbs": [],
                "monitors": [],
                "buses": [],
                "discos": [],
                "name": "dev",
                "image": "{'BUILD_TIME': '${BUILD_TIME}', 'COMMIT': '${COMMIT}', 'VERSION': '${VERSION}'}",
                "image_full": "{'BUILD_TIME': '${BUILD_TIME}', 'COMMIT': '${COMMIT}', 'VERSION': '${VERSION}'}",
                "gates": []
            },
            {
                "servers": [],
                "depends_on": [
                    "kafka",
                    "postgres",
                    "challenge-bypass"
                ],
                "dbs": [],
                "monitors": [],
                "buses": [],
                "discos": [],
                "name": "web",
                "image": "{'BUILD_TIME': '${BUILD_TIME}', 'COMMIT': '${COMMIT}', 'VERSION': '${VERSION}'}",
                "image_full": "{'BUILD_TIME': '${BUILD_TIME}', 'COMMIT': '${COMMIT}', 'VERSION': '${VERSION}'}",
                "gates": []
            },
            {
                "servers": [],
                "depends_on": [],
                "dbs": [],
                "monitors": [],
                "buses": [],
                "discos": [],
                "name": "challenge-bypass-postgres",
                "image": "postgres",
                "image_full": "postgres:10.4",
                "gates": []
            },
            {
                "servers": [],
                "depends_on": [
                    "challenge-bypass-postgres"
                ],
                "dbs": [],
                "monitors": [],
                "buses": [],
                "discos": [],
                "name": "challenge-bypass",
                "image": "brave/challenge-bypass",
                "image_full": "brave/challenge-bypass",
                "gates": []
            }
        ],
        "path": "/docker-compose.yml",
        "num_services": 7
    },
    "num_gates": 0,
    "files": [],
    "num_services": 7,
    "num_dockers": 3,
    "num_dbs": 1,
    "langs": [
        "go"
    ]
}