{
    "num_servers": 1,
    "num_monitors": 1,
    "commiters": 9,
    "num_discos": 0,
    "files": [
        {
            "buses": [],
            "dbs": [],
            "servers": [],
            "monitors": [],
            "gates": [],
            "discos": [],
            "path": "/lambda_function/sqs-sns_example/requirements.txt"
        },
        {
            "buses": [],
            "dbs": [],
            "servers": [],
            "monitors": [],
            "gates": [],
            "discos": [],
            "path": "/cdk/python/VPC_example/requirements.txt"
        },
        {
            "buses": [],
            "dbs": [],
            "servers": [],
            "monitors": [],
            "gates": [],
            "discos": [],
            "path": "/cdk/python/PostgreSQL_example/requirements.txt"
        },
        {
            "buses": [],
            "dbs": [],
            "servers": [
                "node"
            ],
            "monitors": [
                "monitoring"
            ],
            "gates": [],
            "discos": [],
            "path": "/lambda_function/monitoring_example/package.json"
        },
        {
            "buses": [],
            "dbs": [],
            "servers": [
                "node"
            ],
            "monitors": [],
            "gates": [],
            "discos": [],
            "path": "/cdk/ts/MSK_example/package.json"
        }
    ],
    "url": "git://github.com/bt3gl/Curated_Cloud_and_Orchestration.git",
    "discos": [],
    "num_langs": 1,
    "langs": [
        "html"
    ],
    "num_services": 0,
    "shared_dbs": false,
    "images": [
        "node"
    ],
    "avg_size_service": 93774.0,
    "num_gates": 0,
    "num_buses": 0,
    "dbs": [],
    "servers": [
        "node"
    ],
    "structure": {
        "services": [],
        "num_services": 0,
        "detected_dbs": {
            "num": 0,
            "shared_dbs": false,
            "names": [],
            "services": []
        },
        "path": []
    },
    "num_dockers": 1,
    "num_files": 7,
    "name": "bt3gl/Curated_Cloud_and_Orchestration",
    "dockers": [
        {
            "dbs": [],
            "servers": [
                "node"
            ],
            "keywords": [],
            "from_full": "node:4.4",
            "cmd_keywords": [
                "node",
                "server"
            ],
            "cmd": "node server.js",
            "langs": [],
            "buses": [],
            "monitors": [],
            "gates": [],
            "discos": [],
            "from": "node",
            "path": "/node-server-example/Dockerfile"
        }
    ],
    "buses": [],
    "monitors": [
        "monitoring"
    ],
    "gates": [],
    "size": 93774,
    "languages": [
        "html"
    ],
    "num_dbs": 0
}