{
    "num_dockers": 1,
    "commiters": 3,
    "num_services": 2,
    "servers": [
        "spring"
    ],
    "languages": [
        "java"
    ],
    "gates": [],
    "num_langs": 1,
    "langs": [
        "java"
    ],
    "num_servers": 1,
    "size": 98,
    "num_buses": 0,
    "url": "git://github.com/CaH4aZzz/user-microservice.git",
    "dbs": [],
    "name": "CaH4aZzz/user-microservice",
    "shared_dbs": false,
    "num_gates": 0,
    "files": [
        {
            "buses": [],
            "dbs": [],
            "path": "/pom.xml",
            "gates": [],
            "servers": [
                "spring"
            ],
            "discos": [],
            "monitors": []
        }
    ],
    "monitors": [],
    "num_discos": 0,
    "structure": {
        "detected_dbs": {
            "num": 0,
            "names": [],
            "services": [],
            "shared_dbs": false
        },
        "services": [
            {
                "buses": [],
                "gates": [],
                "name": "app-client",
                "depends_on": [],
                "monitors": [],
                "dbs": [],
                "servers": [],
                "image": "users-client",
                "image_full": "users-client",
                "discos": []
            },
            {
                "buses": [],
                "gates": [],
                "name": "app-server",
                "depends_on": [],
                "monitors": [],
                "dbs": [],
                "servers": [],
                "image": "users-server",
                "image_full": "users-server",
                "discos": []
            }
        ],
        "num_services": 2,
        "path": "/docker-compose.yml"
    },
    "buses": [],
    "avg_size_service": 98.0,
    "images": [
        "openjdk"
    ],
    "num_files": 3,
    "num_monitors": 0,
    "num_dbs": 0,
    "discos": [],
    "dockers": [
        {
            "cmd": "",
            "dbs": [],
            "path": "/Dockerfile",
            "buses": [],
            "monitors": [],
            "servers": [],
            "from": "openjdk",
            "cmd_keywords": [],
            "keywords": [],
            "gates": [],
            "from_full": "openjdk:8-jdk-alpine",
            "langs": [],
            "discos": []
        }
    ]
}