{
    "num_files": 5,
    "dbs": [
        "mongo"
    ],
    "structure": {
        "services": [
            {
                "depends_on": [
                    "mongo"
                ],
                "servers": [],
                "dbs": [],
                "buses": [],
                "monitors": [],
                "name": "microservice",
                "gates": [],
                "image_full": "gettingstarteddocker_microservice:latest",
                "discos": [],
                "image": "gettingstarteddocker_microservice"
            },
            {
                "depends_on": [],
                "servers": [],
                "dbs": [],
                "buses": [],
                "monitors": [],
                "name": "web",
                "gates": [],
                "image_full": "gettingstarteddocker_web:latest",
                "discos": [],
                "image": "gettingstarteddocker_web"
            },
            {
                "depends_on": [],
                "servers": [],
                "dbs": [
                    "mongo"
                ],
                "buses": [],
                "monitors": [],
                "name": "mongo",
                "gates": [],
                "image_full": "mongo:latest",
                "discos": [],
                "image": "mongo"
            },
            {
                "depends_on": [
                    "web",
                    "microservice"
                ],
                "servers": [],
                "dbs": [],
                "buses": [],
                "monitors": [],
                "name": "gateway",
                "gates": [
                    "nginx"
                ],
                "image_full": "./nginx",
                "discos": [],
                "image": "./nginx"
            }
        ],
        "path": "/docker-compose.yml",
        "detected_dbs": {
            "names": [
                "mongo"
            ],
            "num": 1,
            "shared_dbs": false,
            "services": [
                "mongo"
            ]
        },
        "num_services": 4
    },
    "commiters": 1,
    "num_services": 4,
    "num_buses": 0,
    "images": [
        "nginx",
        "node"
    ],
    "url": "git://github.com/ccoloradoc/getting-started-with-docker.git",
    "num_langs": 2,
    "num_monitors": 0,
    "num_dockers": 3,
    "name": "ccoloradoc/getting-started-with-docker",
    "size": 293,
    "num_dbs": 1,
    "avg_size_service": 97.66666666666667,
    "num_gates": 1,
    "num_discos": 0,
    "dockers": [
        {
            "dbs": [],
            "path": "/nginx/Dockerfile",
            "from": "nginx",
            "discos": [],
            "from_full": "nginx",
            "servers": [],
            "cmd_keywords": [],
            "buses": [],
            "cmd": "",
            "langs": [],
            "gates": [
                "nginx"
            ],
            "monitors": [],
            "keywords": [
                "nginx",
                "conf",
                "etc"
            ]
        },
        {
            "dbs": [],
            "path": "/microservice/Dockerfile",
            "from": "node",
            "discos": [],
            "from_full": "node:alpine",
            "servers": [
                "node"
            ],
            "cmd_keywords": [
                "start",
                "npm"
            ],
            "buses": [],
            "cmd": "npm start",
            "langs": [],
            "gates": [],
            "monitors": [],
            "keywords": [
                "microservice",
                "mkdir"
            ]
        },
        {
            "dbs": [],
            "path": "/web/Dockerfile",
            "from": "nginx",
            "discos": [],
            "from_full": "nginx",
            "servers": [],
            "cmd_keywords": [
                "nginx",
                "off",
                "daemon"
            ],
            "buses": [],
            "cmd": "nginx -g \"daemon off;\"",
            "langs": [],
            "gates": [
                "nginx"
            ],
            "monitors": [],
            "keywords": [
                "var",
                "portal",
                "mkdir",
                "www"
            ]
        }
    ],
    "languages": [
        "javascript",
        "html"
    ],
    "gates": [
        "nginx"
    ],
    "discos": [],
    "servers": [
        "mongoose",
        "express",
        "node"
    ],
    "buses": [],
    "monitors": [],
    "langs": [
        "javascript",
        "html"
    ],
    "shared_dbs": false,
    "num_servers": 3,
    "files": [
        {
            "servers": [
                "mongoose",
                "express",
                "node"
            ],
            "dbs": [],
            "buses": [],
            "monitors": [],
            "gates": [],
            "path": "/microservice/package.json",
            "discos": []
        }
    ]
}