{
    "languages": [
        "c#"
    ],
    "num_services": 1,
    "files": [],
    "avg_size_service": 101.0,
    "name": "chaitanyasingu/microservices-api-gateway-netcore",
    "size": 101,
    "num_servers": 0,
    "discos": [],
    "shared_dbs": false,
    "images": [
        "base"
    ],
    "buses": [],
    "dbs": [],
    "num_files": 2,
    "url": "git://github.com/chaitanyasingu/microservices-api-gateway-netcore.git",
    "structure": {
        "services": [
            {
                "gates": [],
                "servers": [],
                "buses": [],
                "discos": [],
                "monitors": [],
                "image": "${DOCKER_REGISTRY-}productmicroservice",
                "name": "product.microservice",
                "image_full": "${DOCKER_REGISTRY-}productmicroservice",
                "depends_on": [],
                "dbs": []
            }
        ],
        "path": "/docker-compose.yml",
        "detected_dbs": {
            "num": 0,
            "services": [],
            "shared_dbs": false,
            "names": []
        },
        "num_services": 1
    },
    "num_buses": 0,
    "num_monitors": 0,
    "num_dockers": 1,
    "langs": [
        "c#"
    ],
    "commiters": 1,
    "num_gates": 0,
    "num_discos": 0,
    "gates": [],
    "servers": [],
    "dockers": [
        {
            "langs": [],
            "from_full": "base",
            "cmd_keywords": [],
            "from": "base",
            "dbs": [],
            "path": "/Product.Microservice/Dockerfile",
            "gates": [],
            "servers": [],
            "discos": [],
            "keywords": [
                "microservice",
                "product",
                "dotnet",
                "csproj",
                "app"
            ],
            "buses": [],
            "cmd": "",
            "monitors": []
        }
    ],
    "num_dbs": 0,
    "num_langs": 1,
    "monitors": []
}