{
    "num_discos": 0,
    "structure": {
        "detected_dbs": {
            "num": 0,
            "shared_dbs": false,
            "names": [],
            "services": []
        },
        "num_services": 0,
        "path": [],
        "services": []
    },
    "buses": [],
    "servers": [],
    "name": "chaoranwang/Chaoranproject",
    "num_gates": 0,
    "gates": [],
    "num_dbs": 0,
    "discos": [],
    "num_servers": 0,
    "num_dockers": 0,
    "dockers": [],
    "dbs": [],
    "images": [],
    "commiters": 0,
    "monitors": [],
    "files": [],
    "langs": [],
    "url": "git://github.com/chaoranwang/Chaoranproject.git",
    "num_monitors": 0,
    "shared_dbs": false,
    "size": 0,
    "languages": [],
    "num_langs": 0,
    "num_buses": 0,
    "avg_size_service": 0.0,
    "num_files": 1,
    "num_services": 0
}