{
    "num_discos": 0,
    "structure": {
        "detected_dbs": {
            "num": 0,
            "shared_dbs": false,
            "names": [],
            "services": []
        },
        "num_services": 0,
        "path": [],
        "services": []
    },
    "buses": [],
    "servers": [
        "spring",
        "flask"
    ],
    "name": "chaostoolkit/chaostoolkit-samples",
    "num_gates": 0,
    "gates": [],
    "num_dbs": 0,
    "discos": [],
    "num_servers": 2,
    "num_dockers": 9,
    "dockers": [
        {
            "cmd": "./app.py",
            "dbs": [],
            "cmd_keywords": [
                "app"
            ],
            "buses": [],
            "monitors": [],
            "from": "python",
            "langs": [
                "python"
            ],
            "keywords": [
                "cache",
                "build",
                "dependencies",
                "apk",
                "headers"
            ],
            "gates": [],
            "from_full": "python:3.6-alpine",
            "discos": [],
            "path": "/pod-should-be-restarted-when-service-is-unhealthy/webapp/Dockerfile",
            "servers": []
        },
        {
            "cmd": "",
            "dbs": [],
            "cmd_keywords": [],
            "buses": [],
            "monitors": [],
            "from": "java",
            "langs": [
                "java"
            ],
            "keywords": [
                "jar",
                "touch",
                "service",
                "bash"
            ],
            "gates": [],
            "from_full": "java:8",
            "discos": [],
            "path": "/service-down-not-visible-to-users/03-after/simple-spring-boot-provider/src/main/docker/Dockerfile",
            "servers": []
        },
        {
            "cmd": "",
            "dbs": [],
            "cmd_keywords": [],
            "buses": [],
            "monitors": [],
            "from": "java",
            "langs": [
                "java"
            ],
            "keywords": [
                "jar",
                "touch",
                "service",
                "bash"
            ],
            "gates": [],
            "from_full": "java:8",
            "discos": [],
            "path": "/service-down-not-visible-to-users/03-after/simple-spring-boot-feign-direct-consumer/src/main/docker/Dockerfile",
            "servers": []
        },
        {
            "cmd": "",
            "dbs": [],
            "cmd_keywords": [],
            "buses": [],
            "monitors": [],
            "from": "java",
            "langs": [
                "java"
            ],
            "keywords": [
                "jar",
                "touch",
                "service",
                "bash"
            ],
            "gates": [],
            "from_full": "java:8",
            "discos": [],
            "path": "/service-down-not-visible-to-users/01-before/simple-spring-boot-provider/src/main/docker/Dockerfile",
            "servers": []
        },
        {
            "cmd": "",
            "dbs": [],
            "cmd_keywords": [],
            "buses": [],
            "monitors": [],
            "from": "java",
            "langs": [
                "java"
            ],
            "keywords": [
                "jar",
                "touch",
                "service",
                "bash"
            ],
            "gates": [],
            "from_full": "java:8",
            "discos": [],
            "path": "/service-down-not-visible-to-users/01-before/simple-spring-boot-feign-direct-consumer/src/main/docker/Dockerfile",
            "servers": []
        },
        {
            "cmd": "./app.py",
            "dbs": [],
            "cmd_keywords": [
                "app"
            ],
            "buses": [],
            "monitors": [],
            "from": "python",
            "langs": [
                "python"
            ],
            "keywords": [
                "cache",
                "build",
                "dependencies",
                "apk",
                "headers"
            ],
            "gates": [],
            "from_full": "python:3.6-alpine",
            "discos": [],
            "path": "/service-killed-not-visible-to-users/03-after/simple-provider/Dockerfile",
            "servers": []
        },
        {
            "cmd": "./app.py",
            "dbs": [],
            "cmd_keywords": [
                "app"
            ],
            "buses": [],
            "monitors": [],
            "from": "python",
            "langs": [
                "python"
            ],
            "keywords": [
                "cache",
                "build",
                "dependencies",
                "apk",
                "headers"
            ],
            "gates": [],
            "from_full": "python:3.6-alpine",
            "discos": [],
            "path": "/service-killed-not-visible-to-users/03-after/simple-consumer/Dockerfile",
            "servers": []
        },
        {
            "cmd": "./app.py",
            "dbs": [],
            "cmd_keywords": [
                "app"
            ],
            "buses": [],
            "monitors": [],
            "from": "python",
            "langs": [
                "python"
            ],
            "keywords": [
                "cache",
                "build",
                "dependencies",
                "apk",
                "headers"
            ],
            "gates": [],
            "from_full": "python:3.6-alpine",
            "discos": [],
            "path": "/service-killed-not-visible-to-users/01-before/simple-provider/Dockerfile",
            "servers": []
        },
        {
            "cmd": "./app.py",
            "dbs": [],
            "cmd_keywords": [
                "app"
            ],
            "buses": [],
            "monitors": [],
            "from": "python",
            "langs": [
                "python"
            ],
            "keywords": [
                "cache",
                "build",
                "dependencies",
                "apk",
                "headers"
            ],
            "gates": [],
            "from_full": "python:3.6-alpine",
            "discos": [],
            "path": "/service-killed-not-visible-to-users/01-before/simple-consumer/Dockerfile",
            "servers": []
        }
    ],
    "dbs": [],
    "images": [
        "python",
        "java"
    ],
    "commiters": 3,
    "monitors": [
        "prometheus"
    ],
    "files": [
        {
            "dbs": [],
            "buses": [],
            "servers": [
                "flask"
            ],
            "discos": [],
            "monitors": [
                "prometheus"
            ],
            "gates": [],
            "path": "/pod-should-be-restarted-when-service-is-unhealthy/webapp/requirements.txt"
        },
        {
            "dbs": [],
            "buses": [],
            "servers": [],
            "discos": [],
            "monitors": [
                "prometheus"
            ],
            "gates": [],
            "path": "/service-killed-not-visible-to-users/03-after/simple-provider/requirements.txt"
        },
        {
            "dbs": [],
            "buses": [],
            "servers": [],
            "discos": [],
            "monitors": [
                "prometheus"
            ],
            "gates": [],
            "path": "/service-killed-not-visible-to-users/03-after/simple-consumer/requirements.txt"
        },
        {
            "dbs": [],
            "buses": [],
            "servers": [],
            "discos": [],
            "monitors": [
                "prometheus"
            ],
            "gates": [],
            "path": "/service-killed-not-visible-to-users/01-before/simple-provider/requirements.txt"
        },
        {
            "dbs": [],
            "buses": [],
            "servers": [],
            "discos": [],
            "monitors": [
                "prometheus"
            ],
            "gates": [],
            "path": "/service-killed-not-visible-to-users/01-before/simple-consumer/requirements.txt"
        },
        {
            "dbs": [],
            "buses": [],
            "servers": [
                "spring"
            ],
            "discos": [],
            "monitors": [],
            "gates": [],
            "path": "/service-down-not-visible-to-users/03-after/simple-spring-boot-provider/pom.xml"
        },
        {
            "dbs": [],
            "buses": [],
            "servers": [
                "spring"
            ],
            "discos": [],
            "monitors": [],
            "gates": [],
            "path": "/service-down-not-visible-to-users/03-after/simple-spring-boot-feign-direct-consumer/pom.xml"
        },
        {
            "dbs": [],
            "buses": [],
            "servers": [
                "spring"
            ],
            "discos": [],
            "monitors": [],
            "gates": [],
            "path": "/service-down-not-visible-to-users/01-before/simple-spring-boot-provider/pom.xml"
        },
        {
            "dbs": [],
            "buses": [],
            "servers": [
                "spring"
            ],
            "discos": [],
            "monitors": [],
            "gates": [],
            "path": "/service-down-not-visible-to-users/01-before/simple-spring-boot-feign-direct-consumer/pom.xml"
        }
    ],
    "langs": [
        "python",
        "java",
        "html"
    ],
    "url": "git://github.com/chaostoolkit/chaostoolkit-samples.git",
    "num_monitors": 1,
    "shared_dbs": false,
    "size": 879,
    "languages": [
        "html"
    ],
    "num_langs": 3,
    "num_buses": 0,
    "avg_size_service": 97.66666666666667,
    "num_files": 19,
    "num_services": 0
}