{
    "gates": [],
    "num_dockers": 1,
    "languages": [
        "html",
        "c#"
    ],
    "num_gates": 0,
    "structure": {
        "services": [],
        "detected_dbs": {
            "shared_dbs": false,
            "names": [],
            "services": [],
            "num": 0
        },
        "num_services": 0,
        "path": []
    },
    "num_langs": 2,
    "dockers": [
        {
            "keywords": [
                "microservice",
                "learning",
                "csproj",
                "dotnet",
                "release"
            ],
            "gates": [],
            "dbs": [],
            "cmd_keywords": [],
            "path": "/Learning_Microservice/Dockerfile",
            "discos": [],
            "cmd": "",
            "from": "base",
            "monitors": [],
            "from_full": "base",
            "servers": [],
            "buses": [],
            "langs": []
        }
    ],
    "images": [
        "base"
    ],
    "num_servers": 0,
    "num_monitors": 0,
    "langs": [
        "c#",
        "html"
    ],
    "buses": [],
    "num_services": 0,
    "commiters": 4,
    "avg_size_service": 2460.0,
    "dbs": [],
    "files": [],
    "num_buses": 0,
    "discos": [],
    "size": 2460,
    "monitors": [],
    "shared_dbs": false,
    "url": "git://github.com/Charlesac49189/Learning_Microservice.git",
    "num_dbs": 0,
    "name": "Charlesac49189/Learning_Microservice",
    "num_files": 2,
    "num_discos": 0,
    "servers": []
}