{
    "files": [
        {
            "path": "/microservice-mallmanagement/pom.xml"
        },
        {
            "path": "/microservice-mallmanagement/microservice-gateway-zuul/pom.xml"
        },
        {
            "path": "/microservice-mallmanagement/microservice-gateway-zuul/target/classes/META-INF/maven/com.itheima/microservice-gateway-zuul/pom.xml"
        },
        {
            "path": "/microservice-mallmanagement/microservice-eureka-server/pom.xml"
        },
        {
            "path": "/microservice-mallmanagement/microservice-eureka-server/target/classes/META-INF/maven/com.itheima/microservice-eureka-server/pom.xml"
        },
        {
            "path": "/microservice-mallmanagement/microservice-orderservice/pom.xml"
        },
        {
            "path": "/microservice-mallmanagement/microservice-orderservice/target/classes/META-INF/maven/com.itheima/microservice-orderservice/pom.xml"
        },
        {
            "path": "/microservice-mallmanagement/microservice-userservice/pom.xml"
        },
        {
            "path": "/microservice-mallmanagement/microservice-userservice/target/classes/META-INF/maven/com.itheima/microservice-userservice/pom.xml"
        }
    ],
    "langs": [
        "javascript",
        "java"
    ],
    "num_servers": 0,
    "num_files": 14,
    "dockers": [
        {
            "keywords": [],
            "cmd": "java -Xmx200m -jar /app/microservice-gateway-zuul.jar",
            "from_full": "java:8-jre",
            "langs": [
                "java"
            ],
            "discos": [],
            "from": "java",
            "gates": [
                "gateway"
            ],
            "dbs": [],
            "servers": [],
            "cmd_keywords": [
                "jar",
                "gateway",
                "java",
                "app",
                "xmx"
            ],
            "path": "/microservice-mallmanagement/microservice-gateway-zuul/Dockerfile",
            "monitors": [],
            "buses": []
        },
        {
            "keywords": [],
            "cmd": "java -Xmx200m -jar /app/microservice-eureka-service.jar",
            "from_full": "java:8-jre",
            "langs": [
                "java"
            ],
            "discos": [
                "eureka"
            ],
            "from": "java",
            "gates": [],
            "dbs": [],
            "servers": [],
            "cmd_keywords": [
                "jar",
                "java",
                "service",
                "app",
                "xmx"
            ],
            "path": "/microservice-mallmanagement/microservice-eureka-server/Dockerfile",
            "monitors": [],
            "buses": []
        },
        {
            "keywords": [],
            "cmd": "java -Xmx200m -jar /app/microservice-orderservice.jar",
            "from_full": "java:8-jre",
            "langs": [
                "java"
            ],
            "discos": [],
            "from": "java",
            "gates": [],
            "dbs": [],
            "servers": [],
            "cmd_keywords": [
                "jar",
                "orderservice",
                "java",
                "app",
                "xmx"
            ],
            "path": "/microservice-mallmanagement/microservice-orderservice/Dockerfile",
            "monitors": [],
            "buses": []
        },
        {
            "keywords": [],
            "cmd": "java -Xmx200m -jar /app/microservice-userservice.jar",
            "from_full": "java:8-jre",
            "langs": [
                "java"
            ],
            "discos": [],
            "from": "java",
            "gates": [],
            "dbs": [],
            "servers": [],
            "cmd_keywords": [
                "jar",
                "java",
                "app",
                "xmx",
                "userservice"
            ],
            "path": "/microservice-mallmanagement/microservice-userservice/Dockerfile",
            "monitors": [],
            "buses": []
        }
    ],
    "commiters": 2,
    "num_services": 6,
    "avg_size_service": 23421.0,
    "num_buses": 0,
    "num_langs": 2,
    "images": [
        "java"
    ],
    "size": 93684,
    "num_discos": 1,
    "languages": [
        "javascript"
    ],
    "num_monitors": 0,
    "name": "chenhuiyonyou/code2",
    "monitors": [],
    "dbs": [
        "mysql"
    ],
    "discos": [
        "eureka"
    ],
    "num_gates": 1,
    "url": "git://github.com/chenhuiyonyou/code2.git",
    "servers": [],
    "shared_dbs": true,
    "structure": {
        "path": "/microservice-mallmanagement/docker-compose.yml",
        "services": [
            {
                "name": "order-service",
                "depends_on": [
                    "mysql",
                    "eureka-server"
                ],
                "gates": [],
                "discos": [],
                "image_full": "192.168.179.100:5000/microservice-orderservice:0.0.1-SNAPSHOT",
                "buses": [],
                "monitors": [],
                "image": "192.168.179.100",
                "dbs": [],
                "servers": []
            },
            {
                "name": "user-service",
                "depends_on": [
                    "mysql",
                    "eureka-server"
                ],
                "gates": [],
                "discos": [],
                "image_full": "192.168.179.100:5000/microservice-userservice:0.0.1-SNAPSHOT",
                "buses": [],
                "monitors": [],
                "image": "192.168.179.100",
                "dbs": [],
                "servers": []
            },
            {
                "name": "eureka-server",
                "depends_on": [],
                "gates": [],
                "discos": [],
                "image_full": "192.168.179.100:5000/microservice-eureka-server:0.0.1-SNAPSHOT",
                "buses": [],
                "monitors": [],
                "image": "192.168.179.100",
                "dbs": [],
                "servers": []
            },
            {
                "name": "visualizer",
                "depends_on": [],
                "gates": [],
                "discos": [],
                "image_full": "dockersamples/visualizer:stable",
                "buses": [],
                "monitors": [],
                "image": "dockersamples/visualizer",
                "dbs": [],
                "servers": []
            },
            {
                "name": "gateway-zuul",
                "depends_on": [
                    "eureka-server"
                ],
                "gates": [],
                "discos": [],
                "image_full": "192.168.179.100:5000/microservice-gateway-zuul:0.0.1-SNAPSHOT",
                "buses": [],
                "monitors": [],
                "image": "192.168.179.100",
                "dbs": [],
                "servers": []
            },
            {
                "name": "mysql",
                "depends_on": [],
                "gates": [],
                "discos": [],
                "image_full": "mysql:5.6",
                "buses": [],
                "monitors": [],
                "image": "mysql",
                "dbs": [
                    "mysql"
                ],
                "servers": []
            }
        ],
        "detected_dbs": {
            "num": 1,
            "services": [
                "mysql"
            ],
            "shared_dbs": true,
            "names": [
                "mysql"
            ]
        },
        "num_services": 6
    },
    "num_dockers": 4,
    "gates": [
        "gateway"
    ],
    "num_dbs": 1,
    "buses": []
}