{
    "files": [
        {
            "path": "/package.json",
            "monitors": [],
            "gates": [],
            "servers": [
                "node"
            ],
            "buses": [],
            "dbs": [
                "mongodb"
            ],
            "discos": []
        },
        {
            "path": "/src/package.json",
            "monitors": [],
            "gates": [],
            "servers": [
                "node"
            ],
            "buses": [],
            "dbs": [
                "mongodb"
            ],
            "discos": []
        }
    ],
    "servers": [
        "node"
    ],
    "discos": [],
    "num_buses": 0,
    "buses": [],
    "langs": [
        "html",
        "javascript"
    ],
    "num_files": 4,
    "dbs": [
        "db"
    ],
    "languages": [
        "javascript",
        "html"
    ],
    "num_servers": 1,
    "num_langs": 2,
    "avg_size_service": 52.0,
    "shared_dbs": false,
    "num_gates": 0,
    "gates": [],
    "size": 52,
    "url": "git://github.com/chimpwizard-stacks-simple/microservice.git",
    "name": "chimpwizard-stacks-simple/microservice",
    "num_services": 1,
    "structure": {
        "services": [
            {
                "depends_on": [],
                "name": "microservice",
                "monitors": [],
                "discos": [],
                "servers": [],
                "buses": [],
                "image_full": "${BUILD_IMAGE}",
                "image": "${BUILD_IMAGE}",
                "dbs": [],
                "gates": []
            }
        ],
        "path": "/docker-compose.yml",
        "detected_dbs": {
            "shared_dbs": false,
            "names": [],
            "num": 0,
            "services": []
        },
        "num_services": 1
    },
    "commiters": 1,
    "num_dbs": 1,
    "images": [
        "nodered/node-red-docker"
    ],
    "num_monitors": 0,
    "dockers": [
        {
            "from": "nodered/node-red-docker",
            "path": "/Dockerfile",
            "gates": [],
            "keywords": [
                "npm",
                "install",
                "save",
                "config",
                "lodash"
            ],
            "buses": [],
            "cmd_keywords": [],
            "servers": [
                "node"
            ],
            "langs": [],
            "dbs": [],
            "from_full": "nodered/node-red-docker",
            "cmd": "",
            "monitors": [],
            "discos": []
        }
    ],
    "monitors": [],
    "num_discos": 0,
    "num_dockers": 1
}