{
    "num_discos": 0,
    "structure": {
        "detected_dbs": {
            "num": 0,
            "shared_dbs": false,
            "names": [],
            "services": []
        },
        "num_services": 0,
        "path": [],
        "services": []
    },
    "buses": [],
    "servers": [
        "spring"
    ],
    "name": "ChinaJavaProgrammer/springcloud-all",
    "num_gates": 0,
    "gates": [],
    "num_dbs": 0,
    "discos": [],
    "num_servers": 1,
    "num_dockers": 3,
    "dockers": [
        {
            "cmd": "",
            "dbs": [],
            "cmd_keywords": [],
            "buses": [],
            "monitors": [],
            "from": "java",
            "langs": [
                "java"
            ],
            "keywords": [
                "jar",
                "touch",
                "app",
                "bash"
            ],
            "gates": [],
            "from_full": "java:8",
            "discos": [],
            "path": "/microservice-simple-config/src/main/docker/Dockerfile",
            "servers": []
        },
        {
            "cmd": "",
            "dbs": [],
            "cmd_keywords": [],
            "buses": [],
            "monitors": [],
            "from": "java",
            "langs": [
                "java"
            ],
            "keywords": [
                "jar",
                "touch",
                "app",
                "bash"
            ],
            "gates": [],
            "from_full": "java:8",
            "discos": [],
            "path": "/microservice-simple-provider-goods/src/main/docker/Dockerfile",
            "servers": []
        },
        {
            "cmd": "",
            "dbs": [],
            "cmd_keywords": [],
            "buses": [],
            "monitors": [],
            "from": "java",
            "langs": [
                "java"
            ],
            "keywords": [
                "jar",
                "touch",
                "app",
                "bash"
            ],
            "gates": [],
            "from_full": "java:8",
            "discos": [],
            "path": "/microservice-simple-provider-user/src/main/docker/Dockerfile",
            "servers": []
        }
    ],
    "dbs": [],
    "images": [
        "java"
    ],
    "commiters": 1,
    "monitors": [],
    "files": [
        {
            "path": "/microservice-simple-config/pom.xml"
        },
        {
            "path": "/microservice-simple-base/pom.xml"
        },
        {
            "dbs": [],
            "buses": [],
            "servers": [
                "spring"
            ],
            "discos": [],
            "monitors": [],
            "gates": [],
            "path": "/microservice-simple-provider-goods/pom.xml"
        },
        {
            "dbs": [],
            "buses": [],
            "servers": [
                "spring"
            ],
            "discos": [],
            "monitors": [],
            "gates": [],
            "path": "/microservice-simple-provider-user/pom.xml"
        }
    ],
    "langs": [
        "dockerfile",
        "java"
    ],
    "url": "git://github.com/ChinaJavaProgrammer/springcloud-all.git",
    "num_monitors": 0,
    "shared_dbs": false,
    "size": 26,
    "languages": [
        "java",
        "dockerfile"
    ],
    "num_langs": 2,
    "num_buses": 0,
    "avg_size_service": 8.666666666666666,
    "num_files": 8,
    "num_services": 0
}