{
    "num_gates": 1,
    "discos": [],
    "num_dbs": 1,
    "num_monitors": 0,
    "dockers": [
        {
            "langs": [],
            "cmd_keywords": [
                "npm",
                "start"
            ],
            "from_full": "node:6.10-alpine",
            "path": "/Dockerfile",
            "monitors": [],
            "discos": [],
            "cmd": "npm start",
            "buses": [],
            "gates": [],
            "dbs": [],
            "from": "node",
            "keywords": [
                "dumb",
                "init",
                "usr",
                "local",
                "npm"
            ],
            "servers": [
                "node"
            ]
        }
    ],
    "dbs": [
        "redis"
    ],
    "num_langs": 2,
    "num_servers": 1,
    "avg_size_service": 10.0,
    "structure": {
        "detected_dbs": {
            "num": 1,
            "shared_dbs": false,
            "names": [
                "redis"
            ],
            "services": [
                "redis"
            ]
        },
        "num_services": 3,
        "path": "/docker-compose.yml",
        "services": [
            {
                "discos": [],
                "image_full": "nginx:alpine",
                "name": "nginx",
                "image": "nginx",
                "buses": [],
                "gates": [
                    "nginx"
                ],
                "depends_on": [
                    "api"
                ],
                "monitors": [],
                "servers": [],
                "dbs": []
            },
            {
                "discos": [],
                "image_full": ".",
                "name": "api",
                "image": ".",
                "buses": [],
                "gates": [],
                "depends_on": [
                    "redis"
                ],
                "monitors": [],
                "servers": [],
                "dbs": []
            },
            {
                "discos": [],
                "image_full": "redis:3-alpine",
                "name": "redis",
                "image": "redis",
                "buses": [],
                "gates": [],
                "depends_on": [],
                "monitors": [],
                "servers": [],
                "dbs": [
                    "redis"
                ]
            }
        ]
    },
    "images": [
        "node"
    ],
    "size": 10,
    "servers": [
        "node"
    ],
    "languages": [
        "javascript",
        "dockerfile"
    ],
    "langs": [
        "dockerfile",
        "javascript"
    ],
    "commiters": 1,
    "shared_dbs": false,
    "num_buses": 0,
    "num_services": 3,
    "monitors": [],
    "num_dockers": 1,
    "url": "git://github.com/cilindrox/docker-node-sample.git",
    "name": "cilindrox/docker-node-sample",
    "buses": [],
    "gates": [
        "nginx"
    ],
    "files": [
        {
            "discos": [],
            "buses": [],
            "gates": [],
            "monitors": [],
            "path": "/package.json",
            "servers": [
                "node"
            ],
            "dbs": []
        }
    ],
    "num_discos": 0,
    "num_files": 3
}