{
    "num_dockers": 3,
    "commiters": 3,
    "num_services": 4,
    "servers": [
        "node"
    ],
    "languages": [
        "typescript",
        "python",
        "html"
    ],
    "gates": [],
    "num_langs": 3,
    "langs": [
        "python",
        "html",
        "typescript"
    ],
    "num_servers": 1,
    "size": 84785,
    "num_buses": 0,
    "url": "git://github.com/cjgalvisc96/playvox_cantillo.git",
    "dbs": [
        "mongo"
    ],
    "name": "cjgalvisc96/playvox_cantillo",
    "shared_dbs": true,
    "num_gates": 0,
    "files": [
        {
            "buses": [],
            "dbs": [],
            "path": "/backend/requirements.txt",
            "gates": [],
            "servers": [],
            "discos": [],
            "monitors": []
        },
        {
            "buses": [],
            "dbs": [],
            "path": "/backend/microserver_two/requirements.txt",
            "gates": [],
            "servers": [],
            "discos": [],
            "monitors": []
        },
        {
            "buses": [],
            "dbs": [],
            "path": "/backend/microserver_one/requirements.txt",
            "gates": [],
            "servers": [],
            "discos": [],
            "monitors": []
        },
        {
            "buses": [],
            "dbs": [],
            "path": "/frontend/package.json",
            "gates": [],
            "servers": [
                "node"
            ],
            "discos": [],
            "monitors": []
        }
    ],
    "monitors": [],
    "num_discos": 0,
    "structure": {
        "detected_dbs": {
            "num": 1,
            "names": [
                "mongo"
            ],
            "services": [
                "mongo-db"
            ],
            "shared_dbs": true
        },
        "services": [
            {
                "buses": [],
                "gates": [],
                "name": "microserver1",
                "depends_on": [
                    "mongo-db"
                ],
                "monitors": [],
                "dbs": [],
                "servers": [],
                "image": "./backend/microserver_one",
                "image_full": "./backend/microserver_one",
                "discos": []
            },
            {
                "buses": [],
                "gates": [],
                "name": "mongo-db",
                "depends_on": [],
                "monitors": [],
                "dbs": [
                    "mongo"
                ],
                "servers": [],
                "image": "mongo",
                "image_full": "mongo:latest",
                "discos": []
            },
            {
                "buses": [],
                "gates": [],
                "name": "microserver2",
                "depends_on": [
                    "mongo-db",
                    "microserver1"
                ],
                "monitors": [],
                "dbs": [],
                "servers": [],
                "image": "./backend/microserver_two",
                "image_full": "./backend/microserver_two",
                "discos": []
            },
            {
                "buses": [],
                "gates": [],
                "name": "frontend",
                "depends_on": [
                    "microserver1",
                    "microserver2"
                ],
                "monitors": [],
                "dbs": [],
                "servers": [],
                "image": "./frontend",
                "image_full": "./frontend",
                "discos": []
            }
        ],
        "num_services": 4,
        "path": "/docker-compose.yml"
    },
    "buses": [],
    "avg_size_service": 28261.666666666668,
    "images": [
        "python",
        "node"
    ],
    "num_files": 8,
    "num_monitors": 0,
    "num_dbs": 1,
    "discos": [],
    "dockers": [
        {
            "cmd": "",
            "dbs": [],
            "path": "/backend/microserver_two/Dockerfile",
            "buses": [],
            "monitors": [],
            "servers": [],
            "from": "python",
            "cmd_keywords": [],
            "keywords": [
                "install",
                "txt",
                "requirements",
                "pip"
            ],
            "gates": [],
            "from_full": "python:3.7",
            "langs": [
                "python"
            ],
            "discos": []
        },
        {
            "cmd": "",
            "dbs": [],
            "path": "/backend/microserver_one/Dockerfile",
            "buses": [],
            "monitors": [],
            "servers": [],
            "from": "python",
            "cmd_keywords": [],
            "keywords": [
                "install",
                "txt",
                "requirements",
                "pip"
            ],
            "gates": [],
            "from_full": "python:3.7",
            "langs": [
                "python"
            ],
            "discos": []
        },
        {
            "cmd": "",
            "dbs": [],
            "path": "/frontend/Dockerfile",
            "buses": [],
            "monitors": [],
            "servers": [
                "node"
            ],
            "from": "node",
            "cmd_keywords": [],
            "keywords": [
                "install",
                "npm",
                "angular",
                "cli"
            ],
            "gates": [],
            "from_full": "node:latest",
            "langs": [],
            "discos": []
        }
    ]
}