{
    "monitors": [],
    "name": "cjus/starling",
    "size": 276,
    "num_monitors": 0,
    "images": [
        "node"
    ],
    "dbs": [
        "max"
    ],
    "commiters": 1,
    "langs": [
        "shell",
        "javascript"
    ],
    "url": "git://github.com/cjus/starling.git",
    "num_buses": 0,
    "shared_dbs": false,
    "buses": [],
    "gates": [],
    "languages": [
        "shell",
        "javascript"
    ],
    "num_files": 3,
    "files": [
        {
            "monitors": [],
            "discos": [],
            "servers": [
                "express",
                "node"
            ],
            "buses": [],
            "path": "/package.json",
            "dbs": [],
            "gates": []
        }
    ],
    "num_gates": 0,
    "num_discos": 0,
    "num_services": 0,
    "num_langs": 2,
    "structure": {
        "detected_dbs": {
            "num": 0,
            "shared_dbs": false,
            "names": [],
            "services": []
        },
        "num_services": 0,
        "path": [],
        "services": []
    },
    "num_dbs": 1,
    "num_dockers": 1,
    "dockers": [
        {
            "monitors": [],
            "keywords": [
                "conf",
                "sysctl",
                "echo",
                "etc",
                "net"
            ],
            "path": "/Dockerfile",
            "dbs": [
                "max"
            ],
            "cmd": "",
            "from_full": "node:8.0.0-alpine",
            "servers": [
                "node"
            ],
            "langs": [],
            "from": "node",
            "discos": [],
            "buses": [],
            "cmd_keywords": [],
            "gates": []
        }
    ],
    "servers": [
        "node",
        "express"
    ],
    "discos": [],
    "avg_size_service": 276.0,
    "num_servers": 2
}