{
    "num_servers": 2,
    "num_monitors": 0,
    "commiters": 2,
    "num_discos": 0,
    "files": [],
    "url": "git://github.com/claclacla/Recipe-for-a-CQRS-ES-baked-with-Ruby-on-rails-Socket.io-and-Docker.git",
    "discos": [],
    "num_langs": 3,
    "langs": [
        "ruby",
        "javascript",
        "python"
    ],
    "num_services": 0,
    "shared_dbs": false,
    "images": [
        "node",
        "rabbitmq",
        "nginx",
        "ruby"
    ],
    "avg_size_service": 13.666666666666666,
    "num_gates": 1,
    "num_buses": 1,
    "dbs": [
        "infinity",
        "mongo"
    ],
    "servers": [
        "node",
        "rails"
    ],
    "structure": {
        "services": [],
        "num_services": 0,
        "detected_dbs": {
            "num": 0,
            "shared_dbs": false,
            "names": [],
            "services": []
        },
        "path": []
    },
    "num_dockers": 6,
    "num_files": 7,
    "name": "claclacla/Recipe-for-a-CQRS-ES-baked-with-Ruby-on-rails-Socket.io-and-Docker",
    "dockers": [
        {
            "dbs": [],
            "servers": [
                "node"
            ],
            "keywords": [
                "get",
                "apt",
                "sudo",
                "npm",
                "install"
            ],
            "from_full": "node:10.15.1-slim",
            "cmd_keywords": [
                "path",
                "watch",
                "microservice",
                "app",
                "nodemon"
            ],
            "cmd": "nodemon $MICROSERVICE_PATH/app.js --watch $MICROSERVICE_PATH --watch js",
            "langs": [
                "python"
            ],
            "buses": [],
            "monitors": [],
            "gates": [],
            "discos": [],
            "from": "node",
            "path": "/docker/dev/js-microservice/Dockerfile"
        },
        {
            "dbs": [
                "infinity"
            ],
            "servers": [
                "node"
            ],
            "keywords": [
                "assert",
                "mocha",
                "npm",
                "socket",
                "supertest"
            ],
            "from_full": "node:10.15.1-slim",
            "cmd_keywords": [
                "infinity",
                "sleep"
            ],
            "cmd": "sleep infinity",
            "langs": [],
            "buses": [],
            "monitors": [],
            "gates": [],
            "discos": [],
            "from": "node",
            "path": "/docker/dev/dev-machine/Dockerfile"
        },
        {
            "dbs": [],
            "servers": [],
            "keywords": [],
            "from_full": "nginx:1.14.0-alpine",
            "cmd_keywords": [
                "daemon",
                "nginx",
                "off"
            ],
            "cmd": "nginx -g 'daemon off;'",
            "langs": [],
            "buses": [],
            "monitors": [],
            "gates": [
                "nginx"
            ],
            "discos": [],
            "from": "nginx",
            "path": "/docker/dev/api-gateway/Dockerfile"
        },
        {
            "dbs": [
                "mongo"
            ],
            "servers": [],
            "keywords": [
                "install",
                "gem",
                "interface",
                "mongo",
                "postcard"
            ],
            "from_full": "ruby:2.5.3",
            "cmd_keywords": [
                "ruby",
                "path",
                "microservice"
            ],
            "cmd": "ruby $MICROSERVICE_PATH",
            "langs": [
                "ruby"
            ],
            "buses": [],
            "monitors": [],
            "gates": [],
            "discos": [],
            "from": "ruby",
            "path": "/docker/dev/ruby-microservice/Dockerfile"
        },
        {
            "dbs": [],
            "servers": [],
            "keywords": [
                "get",
                "apt",
                "rabbitmq",
                "bin",
                "install"
            ],
            "from_full": "rabbitmq:3.7.8",
            "cmd_keywords": [],
            "cmd": "",
            "langs": [
                "python"
            ],
            "buses": [
                "rabbitmq"
            ],
            "monitors": [],
            "gates": [],
            "discos": [],
            "from": "rabbitmq",
            "path": "/docker/dev/rabbitmq/Dockerfile"
        },
        {
            "dbs": [],
            "servers": [
                "rails"
            ],
            "keywords": [
                "bundle",
                "install"
            ],
            "from_full": "ruby:2.5.3",
            "cmd_keywords": [
                "server",
                "rails",
                "pids",
                "tmp",
                "pid"
            ],
            "cmd": "rm -f tmp/pids/server.pid   && rake db:seed   && rails s",
            "langs": [
                "ruby"
            ],
            "buses": [],
            "monitors": [],
            "gates": [],
            "discos": [],
            "from": "ruby",
            "path": "/docker/dev/api-server/Dockerfile"
        }
    ],
    "buses": [
        "rabbitmq"
    ],
    "monitors": [],
    "gates": [
        "nginx"
    ],
    "size": 82,
    "languages": [
        "javascript",
        "ruby"
    ],
    "num_dbs": 2
}