{
    "files": [
        {
            "gates": [
                "zuul"
            ],
            "discos": [],
            "servers": [
                "spring"
            ],
            "monitors": [],
            "buses": [],
            "dbs": [],
            "path": "/ecommerce-microservices/product-microservice/build.gradle"
        },
        {
            "gates": [
                "zuul"
            ],
            "discos": [],
            "servers": [
                "spring"
            ],
            "monitors": [],
            "buses": [],
            "dbs": [],
            "path": "/ecommerce-microservices/order-microservice/build.gradle"
        },
        {
            "gates": [
                "zuul"
            ],
            "discos": [],
            "servers": [
                "spring"
            ],
            "monitors": [],
            "buses": [],
            "dbs": [],
            "path": "/ecommerce-microservices/shipping-microservice/build.gradle"
        },
        {
            "gates": [
                "zuul"
            ],
            "discos": [],
            "servers": [
                "spring"
            ],
            "monitors": [],
            "buses": [],
            "dbs": [],
            "path": "/ecommerce-microservices/user-microservice/build.gradle"
        },
        {
            "gates": [],
            "discos": [
                "eureka"
            ],
            "servers": [
                "spring"
            ],
            "monitors": [],
            "buses": [],
            "dbs": [],
            "path": "/discovery-microservice/pom.xml"
        },
        {
            "gates": [
                "zuul"
            ],
            "discos": [
                "eureka"
            ],
            "servers": [
                "spring"
            ],
            "monitors": [],
            "buses": [],
            "dbs": [],
            "path": "/ecommerce-microservices/pom.xml"
        },
        {
            "gates": [],
            "discos": [],
            "servers": [
                "spring"
            ],
            "monitors": [],
            "buses": [],
            "dbs": [],
            "path": "/ecommerce-microservices/product-microservice/pom.xml"
        },
        {
            "gates": [],
            "discos": [],
            "servers": [
                "spring"
            ],
            "monitors": [],
            "buses": [],
            "dbs": [],
            "path": "/ecommerce-microservices/order-microservice/pom.xml"
        },
        {
            "gates": [],
            "discos": [],
            "servers": [
                "spring"
            ],
            "monitors": [],
            "buses": [],
            "dbs": [],
            "path": "/ecommerce-microservices/shipping-microservice/pom.xml"
        },
        {
            "gates": [],
            "discos": [],
            "servers": [
                "spring"
            ],
            "monitors": [],
            "buses": [],
            "dbs": [],
            "path": "/ecommerce-microservices/user-microservice/pom.xml"
        },
        {
            "gates": [],
            "discos": [],
            "servers": [],
            "monitors": [],
            "buses": [],
            "dbs": [],
            "path": "/tests/user-microservice-gatling-tests/pom.xml"
        }
    ],
    "num_services": 0,
    "languages": [
        "java",
        "scala"
    ],
    "shared_dbs": false,
    "num_discos": 1,
    "num_dbs": 0,
    "gates": [
        "zuul"
    ],
    "num_files": 17,
    "num_langs": 2,
    "avg_size_service": 37.0,
    "num_monitors": 0,
    "dockers": [
        {
            "cmd": "",
            "from": "java",
            "from_full": "java:8",
            "servers": [],
            "buses": [],
            "dbs": [],
            "path": "/discovery-microservice/src/main/docker/Dockerfile",
            "gates": [],
            "discos": [],
            "keywords": [
                "bash",
                "app",
                "touch",
                "jar"
            ],
            "cmd_keywords": [],
            "langs": [
                "java"
            ],
            "monitors": []
        },
        {
            "cmd": "",
            "from": "java",
            "from_full": "java:8",
            "servers": [],
            "buses": [],
            "dbs": [],
            "path": "/ecommerce-microservices/product-microservice/src/main/docker/Dockerfile",
            "gates": [],
            "discos": [],
            "keywords": [
                "bash",
                "app",
                "touch",
                "jar"
            ],
            "cmd_keywords": [],
            "langs": [
                "java"
            ],
            "monitors": []
        },
        {
            "cmd": "",
            "from": "java",
            "from_full": "java:8",
            "servers": [],
            "buses": [],
            "dbs": [],
            "path": "/ecommerce-microservices/order-microservice/src/main/docker/Dockerfile",
            "gates": [],
            "discos": [],
            "keywords": [
                "bash",
                "app",
                "touch",
                "jar"
            ],
            "cmd_keywords": [],
            "langs": [
                "java"
            ],
            "monitors": []
        },
        {
            "cmd": "",
            "from": "java",
            "from_full": "java:8",
            "servers": [],
            "buses": [],
            "dbs": [],
            "path": "/ecommerce-microservices/shipping-microservice/src/main/docker/Dockerfile",
            "gates": [],
            "discos": [],
            "keywords": [
                "bash",
                "app",
                "touch",
                "jar"
            ],
            "cmd_keywords": [],
            "langs": [
                "java"
            ],
            "monitors": []
        },
        {
            "cmd": "",
            "from": "java",
            "from_full": "java:8",
            "servers": [],
            "buses": [],
            "dbs": [],
            "path": "/ecommerce-microservices/user-microservice/src/main/docker/Dockerfile",
            "gates": [],
            "discos": [],
            "keywords": [
                "bash",
                "app",
                "touch",
                "jar"
            ],
            "cmd_keywords": [],
            "langs": [
                "java"
            ],
            "monitors": []
        }
    ],
    "size": 185,
    "langs": [
        "scala",
        "java"
    ],
    "num_buses": 0,
    "images": [
        "java"
    ],
    "servers": [
        "spring"
    ],
    "commiters": 1,
    "buses": [],
    "dbs": [],
    "name": "cleitonferreira/gatling-micro-services",
    "discos": [
        "eureka"
    ],
    "url": "git://github.com/cleitonferreira/gatling-micro-services.git",
    "num_servers": 1,
    "monitors": [],
    "num_gates": 1,
    "structure": {
        "detected_dbs": {
            "names": [],
            "services": [],
            "num": 0,
            "shared_dbs": false
        },
        "services": [],
        "num_services": 0,
        "path": []
    },
    "num_dockers": 5
}