{
    "buses": [],
    "size": 3,
    "url": "git://github.com/cloudspace/Go_URL_Lengthener.git",
    "num_discos": 0,
    "gates": [],
    "num_langs": 1,
    "name": "cloudspace/Go_URL_Lengthener",
    "images": [
        "centurylink/ca-certs"
    ],
    "monitors": [],
    "files": [],
    "discos": [],
    "num_dbs": 0,
    "dockers": [
        {
            "buses": [],
            "from": "centurylink/ca-certs",
            "cmd": "",
            "keywords": [],
            "dbs": [],
            "gates": [],
            "path": "/Go_URL_Lengthener/Dockerfile",
            "langs": [],
            "servers": [],
            "from_full": "centurylink/ca-certs",
            "monitors": [],
            "discos": [],
            "cmd_keywords": []
        }
    ],
    "commiters": 2,
    "num_services": 0,
    "num_buses": 0,
    "avg_size_service": 3.0,
    "dbs": [],
    "shared_dbs": false,
    "languages": [
        "go"
    ],
    "langs": [
        "go"
    ],
    "servers": [],
    "structure": {
        "detected_dbs": {
            "num": 0,
            "names": [],
            "services": [],
            "shared_dbs": false
        },
        "path": [],
        "num_services": 0,
        "services": []
    },
    "num_gates": 0,
    "num_files": 2,
    "num_dockers": 1,
    "num_monitors": 0,
    "num_servers": 0
}