{
    "files": [
        {
            "gates": [],
            "discos": [],
            "servers": [
                "jboss",
                "express"
            ],
            "monitors": [],
            "buses": [],
            "dbs": [],
            "path": "/pom.xml"
        }
    ],
    "num_services": 0,
    "languages": [
        "java"
    ],
    "shared_dbs": false,
    "num_discos": 0,
    "num_dbs": 0,
    "gates": [],
    "num_files": 3,
    "num_langs": 1,
    "avg_size_service": 193.0,
    "num_monitors": 0,
    "dockers": [
        {
            "cmd": "",
            "from": "websphere-liberty",
            "from_full": "websphere-liberty:microProfile",
            "servers": [],
            "buses": [],
            "dbs": [],
            "path": "/Dockerfile",
            "gates": [],
            "discos": [],
            "keywords": [
                "installutility",
                "install",
                "acceptlicense",
                "defaultserver",
                "logstashcollector"
            ],
            "cmd_keywords": [],
            "langs": [],
            "monitors": []
        }
    ],
    "size": 193,
    "langs": [
        "java"
    ],
    "num_buses": 0,
    "images": [
        "websphere-liberty"
    ],
    "servers": [
        "jboss",
        "express"
    ],
    "commiters": 1,
    "buses": [],
    "dbs": [],
    "name": "cncToGlobal/sample.microservicebuilder.speaker",
    "discos": [],
    "url": "git://github.com/cncToGlobal/sample.microservicebuilder.speaker.git",
    "num_servers": 2,
    "monitors": [],
    "num_gates": 0,
    "structure": {
        "detected_dbs": {
            "names": [],
            "services": [],
            "num": 0,
            "shared_dbs": false
        },
        "services": [],
        "num_services": 0,
        "path": []
    },
    "num_dockers": 1
}