{
    "num_gates": 0,
    "discos": [],
    "num_dbs": 1,
    "num_monitors": 0,
    "dockers": [],
    "dbs": [
        "mongo"
    ],
    "num_langs": 2,
    "num_servers": 0,
    "avg_size_service": 847.0,
    "structure": {
        "detected_dbs": {
            "num": 1,
            "shared_dbs": false,
            "names": [
                "mongo"
            ],
            "services": [
                "mongo"
            ]
        },
        "num_services": 3,
        "path": "/docker-compose.yml",
        "services": [
            {
                "discos": [],
                "image_full": "golang:${GOLANG_TAG}",
                "name": "app",
                "image": "golang",
                "buses": [],
                "gates": [],
                "depends_on": [
                    "tika",
                    "mongo"
                ],
                "monitors": [],
                "servers": [],
                "dbs": []
            },
            {
                "discos": [],
                "image_full": "mongo:${MONGO_TAG}",
                "name": "mongo",
                "image": "mongo",
                "buses": [],
                "gates": [],
                "depends_on": [],
                "monitors": [],
                "servers": [],
                "dbs": [
                    "mongo"
                ]
            },
            {
                "discos": [],
                "image_full": "logicalspark/docker-tikaserver:$TIKASERVER_TAG",
                "name": "tika",
                "image": "logicalspark/docker-tikaserver",
                "buses": [],
                "gates": [],
                "depends_on": [],
                "monitors": [],
                "servers": [],
                "dbs": []
            }
        ]
    },
    "images": [],
    "size": 847,
    "servers": [],
    "languages": [
        "makefile",
        "go"
    ],
    "langs": [
        "go",
        "makefile"
    ],
    "commiters": 1,
    "shared_dbs": false,
    "num_buses": 0,
    "num_services": 3,
    "monitors": [],
    "num_dockers": 0,
    "url": "git://github.com/ConvivioTeam/Convivio-TikaService.git",
    "name": "ConvivioTeam/Convivio-TikaService",
    "buses": [],
    "gates": [],
    "files": [],
    "num_discos": 0,
    "num_files": 1
}