{
    "num_dbs": 0,
    "langs": [
        "javascript",
        "html"
    ],
    "gates": [],
    "num_servers": 2,
    "num_dockers": 3,
    "num_buses": 0,
    "num_files": 6,
    "num_discos": 0,
    "num_services": 3,
    "dbs": [],
    "servers": [
        "node",
        "express"
    ],
    "num_langs": 2,
    "structure": {
        "detected_dbs": {
            "num": 0,
            "shared_dbs": false,
            "services": [],
            "names": []
        },
        "services": [
            {
                "depends_on": [
                    "db"
                ],
                "image": "./server",
                "gates": [],
                "dbs": [],
                "servers": [],
                "buses": [],
                "monitors": [],
                "name": "server",
                "discos": [],
                "image_full": "./server"
            },
            {
                "depends_on": [
                    "server"
                ],
                "image": "./client",
                "gates": [],
                "dbs": [],
                "servers": [],
                "buses": [],
                "monitors": [],
                "name": "client",
                "discos": [],
                "image_full": "./client"
            },
            {
                "depends_on": [],
                "image": "./db",
                "gates": [],
                "dbs": [],
                "servers": [],
                "buses": [],
                "monitors": [],
                "name": "db",
                "discos": [],
                "image_full": "./db"
            }
        ],
        "num_services": 3,
        "path": "/docker-compose.yml"
    },
    "commiters": 1,
    "languages": [
        "javascript",
        "html"
    ],
    "files": [
        {
            "path": "/server/package.json",
            "dbs": [],
            "servers": [
                "express"
            ],
            "buses": [],
            "monitors": [],
            "discos": [],
            "gates": []
        },
        {
            "path": "/client/package.json",
            "dbs": [],
            "servers": [],
            "buses": [],
            "monitors": [],
            "discos": [],
            "gates": []
        }
    ],
    "shared_dbs": false,
    "monitors": [],
    "discos": [],
    "dockers": [
        {
            "cmd_keywords": [
                "yarn",
                "run",
                "start"
            ],
            "from_full": "node:carbon",
            "gates": [],
            "monitors": [],
            "discos": [],
            "langs": [],
            "from": "node",
            "path": "/server/Dockerfile",
            "dbs": [],
            "servers": [
                "node"
            ],
            "buses": [],
            "cmd": "yarn run start",
            "keywords": [
                "yarn",
                "install"
            ]
        },
        {
            "cmd_keywords": [],
            "from_full": "postgres:10.3-alpine",
            "gates": [],
            "monitors": [],
            "discos": [],
            "langs": [],
            "from": "postgres",
            "path": "/db/Dockerfile",
            "dbs": [],
            "servers": [],
            "buses": [],
            "cmd": "",
            "keywords": [
                "entrypoint",
                "chmod",
                "docker",
                "initdb"
            ]
        },
        {
            "cmd_keywords": [
                "yarn",
                "run",
                "start"
            ],
            "from_full": "node:carbon",
            "gates": [],
            "monitors": [],
            "discos": [],
            "langs": [],
            "from": "node",
            "path": "/client/Dockerfile",
            "dbs": [],
            "servers": [
                "node"
            ],
            "buses": [],
            "cmd": "yarn run start",
            "keywords": [
                "yarn",
                "install"
            ]
        }
    ],
    "num_monitors": 0,
    "images": [
        "postgres",
        "node"
    ],
    "avg_size_service": 114.0,
    "num_gates": 0,
    "size": 342,
    "buses": [],
    "url": "git://github.com/cpackingham/microservice-boilerplate.git",
    "name": "cpackingham/microservice-boilerplate"
}