{
    "num_gates": 1,
    "discos": [],
    "num_dbs": 0,
    "num_monitors": 0,
    "dockers": [
        {
            "langs": [
                "python"
            ],
            "cmd_keywords": [],
            "from_full": "python:3.7.3-alpine3.8",
            "path": "/docker/front/Dockerfile",
            "monitors": [],
            "discos": [],
            "cmd": "",
            "buses": [],
            "gates": [],
            "dbs": [],
            "from": "python",
            "keywords": [
                "install",
                "pip",
                "requests",
                "txt",
                "requirements"
            ],
            "servers": []
        },
        {
            "langs": [
                "python"
            ],
            "cmd_keywords": [],
            "from_full": "python:3.7.3-alpine3.8",
            "path": "/docker/gateway/Dockerfile",
            "monitors": [],
            "discos": [],
            "cmd": "",
            "buses": [],
            "gates": [],
            "dbs": [],
            "from": "python",
            "keywords": [
                "pip",
                "install",
                "flask",
                "txt",
                "requests"
            ],
            "servers": [
                "flask"
            ]
        },
        {
            "langs": [
                "python"
            ],
            "cmd_keywords": [],
            "from_full": "python:3.7.3-alpine3.8",
            "path": "/docker/serv_suma/Dockerfile",
            "monitors": [],
            "discos": [],
            "cmd": "",
            "buses": [],
            "gates": [],
            "dbs": [],
            "from": "python",
            "keywords": [
                "pip",
                "install",
                "flask",
                "txt",
                "restful"
            ],
            "servers": [
                "flask"
            ]
        },
        {
            "langs": [
                "python"
            ],
            "cmd_keywords": [],
            "from_full": "python:3.7.3-alpine3.8",
            "path": "/docker/serv_div/Dockerfile",
            "monitors": [],
            "discos": [],
            "cmd": "",
            "buses": [],
            "gates": [],
            "dbs": [],
            "from": "python",
            "keywords": [
                "pip",
                "install",
                "flask",
                "txt",
                "restful"
            ],
            "servers": [
                "flask"
            ]
        },
        {
            "langs": [
                "python"
            ],
            "cmd_keywords": [],
            "from_full": "python:3.7.3-alpine3.8",
            "path": "/docker/serv_mult/Dockerfile",
            "monitors": [],
            "discos": [],
            "cmd": "",
            "buses": [],
            "gates": [],
            "dbs": [],
            "from": "python",
            "keywords": [
                "pip",
                "install",
                "flask",
                "txt",
                "restful"
            ],
            "servers": [
                "flask"
            ]
        },
        {
            "langs": [
                "python"
            ],
            "cmd_keywords": [],
            "from_full": "python:3.7.3-alpine3.8",
            "path": "/docker/serv_resta/Dockerfile",
            "monitors": [],
            "discos": [],
            "cmd": "",
            "buses": [],
            "gates": [],
            "dbs": [],
            "from": "python",
            "keywords": [
                "pip",
                "install",
                "flask",
                "txt",
                "restful"
            ],
            "servers": [
                "flask"
            ]
        }
    ],
    "dbs": [],
    "num_langs": 3,
    "num_servers": 1,
    "avg_size_service": 1.3333333333333333,
    "structure": {
        "detected_dbs": {
            "num": 0,
            "shared_dbs": false,
            "names": [],
            "services": []
        },
        "num_services": 6,
        "path": "/docker/docker-compose.yml",
        "services": [
            {
                "discos": [],
                "image_full": "serv_resta",
                "name": "serv_resta",
                "image": "serv_resta",
                "buses": [],
                "gates": [],
                "depends_on": [],
                "monitors": [],
                "servers": [],
                "dbs": []
            },
            {
                "discos": [],
                "image_full": "front",
                "name": "front",
                "image": "front",
                "buses": [],
                "gates": [],
                "depends_on": [
                    "gateway"
                ],
                "monitors": [],
                "servers": [],
                "dbs": []
            },
            {
                "discos": [],
                "image_full": "serv_div",
                "name": "serv_div",
                "image": "serv_div",
                "buses": [],
                "gates": [],
                "depends_on": [],
                "monitors": [],
                "servers": [],
                "dbs": []
            },
            {
                "discos": [],
                "image_full": "serv_suma",
                "name": "serv_suma",
                "image": "serv_suma",
                "buses": [],
                "gates": [],
                "depends_on": [],
                "monitors": [],
                "servers": [],
                "dbs": []
            },
            {
                "discos": [],
                "image_full": "serv_mult",
                "name": "serv_mult",
                "image": "serv_mult",
                "buses": [],
                "gates": [],
                "depends_on": [],
                "monitors": [],
                "servers": [],
                "dbs": []
            },
            {
                "discos": [],
                "image_full": "gateway",
                "name": "gateway",
                "image": "gateway",
                "buses": [],
                "gates": [
                    "gateway"
                ],
                "depends_on": [
                    "serv_mult",
                    "serv_div",
                    "serv_suma",
                    "serv_resta"
                ],
                "monitors": [],
                "servers": [],
                "dbs": []
            }
        ]
    },
    "images": [
        "python"
    ],
    "size": 8,
    "servers": [
        "flask"
    ],
    "languages": [
        "python",
        "dockerfile",
        "html"
    ],
    "langs": [
        "dockerfile",
        "python",
        "html"
    ],
    "commiters": 4,
    "shared_dbs": false,
    "num_buses": 0,
    "num_services": 6,
    "monitors": [],
    "num_dockers": 6,
    "url": "git://github.com/CristianThrash/Docker_Microservices_Example.git",
    "name": "CristianThrash/Docker_Microservices_Example",
    "buses": [],
    "gates": [
        "gateway"
    ],
    "files": [
        {
            "discos": [],
            "buses": [],
            "gates": [],
            "monitors": [],
            "path": "/docker/front/requirements.txt",
            "servers": [
                "flask"
            ],
            "dbs": []
        },
        {
            "discos": [],
            "buses": [],
            "gates": [],
            "monitors": [],
            "path": "/docker/gateway/requirements.txt",
            "servers": [
                "flask"
            ],
            "dbs": []
        },
        {
            "discos": [],
            "buses": [],
            "gates": [],
            "monitors": [],
            "path": "/docker/serv_suma/requirements.txt",
            "servers": [
                "flask"
            ],
            "dbs": []
        },
        {
            "discos": [],
            "buses": [],
            "gates": [],
            "monitors": [],
            "path": "/docker/serv_div/requirements.txt",
            "servers": [
                "flask"
            ],
            "dbs": []
        },
        {
            "discos": [],
            "buses": [],
            "gates": [],
            "monitors": [],
            "path": "/docker/serv_mult/requirements.txt",
            "servers": [
                "flask"
            ],
            "dbs": []
        },
        {
            "discos": [],
            "buses": [],
            "gates": [],
            "monitors": [],
            "path": "/docker/serv_resta/requirements.txt",
            "servers": [
                "flask"
            ],
            "dbs": []
        }
    ],
    "num_discos": 0,
    "num_files": 13
}