{
    "num_gates": 0,
    "discos": [],
    "num_dbs": 0,
    "num_monitors": 0,
    "dockers": [],
    "dbs": [],
    "num_langs": 1,
    "num_servers": 2,
    "avg_size_service": 1.0,
    "structure": {
        "detected_dbs": {
            "num": 0,
            "shared_dbs": false,
            "names": [],
            "services": []
        },
        "num_services": 0,
        "path": [],
        "services": []
    },
    "images": [],
    "size": 1,
    "servers": [
        "node",
        "express"
    ],
    "languages": [
        "javascript"
    ],
    "langs": [
        "javascript"
    ],
    "commiters": 1,
    "shared_dbs": false,
    "num_buses": 0,
    "num_services": 0,
    "monitors": [],
    "num_dockers": 0,
    "url": "git://github.com/cristsr/docker-microservice.git",
    "name": "cristsr/docker-microservice",
    "buses": [],
    "gates": [],
    "files": [
        {
            "discos": [],
            "buses": [],
            "gates": [],
            "monitors": [],
            "path": "/package.json",
            "servers": [
                "node",
                "express"
            ],
            "dbs": []
        }
    ],
    "num_discos": 0,
    "num_files": 2
}