{
    "monitors": [],
    "servers": [],
    "num_discos": 0,
    "discos": [],
    "shared_dbs": false,
    "name": "cseblog/sg-blog-api-service",
    "gates": [],
    "buses": [],
    "images": [
        "golang"
    ],
    "avg_size_service": 3290.0,
    "langs": [
        "golang",
        "go"
    ],
    "dockers": [
        {
            "keywords": [],
            "cmd_keywords": [
                "main",
                "run"
            ],
            "monitors": [],
            "langs": [
                "golang"
            ],
            "servers": [],
            "dbs": [],
            "from_full": "golang:alpine",
            "from": "golang",
            "cmd": "go run main.go",
            "discos": [],
            "buses": [],
            "gates": [],
            "path": "/Dockerfile"
        }
    ],
    "structure": {
        "detected_dbs": {
            "num": 0,
            "services": [],
            "names": [],
            "shared_dbs": false
        },
        "services": [],
        "path": [],
        "num_services": 0
    },
    "commiters": 1,
    "num_monitors": 0,
    "num_servers": 0,
    "num_dbs": 0,
    "num_buses": 0,
    "num_langs": 2,
    "dbs": [],
    "num_gates": 0,
    "num_files": 2,
    "num_services": 0,
    "size": 3290,
    "languages": [
        "go"
    ],
    "url": "git://github.com/cseblog/sg-blog-api-service.git",
    "num_dockers": 1,
    "files": []
}