{
    "num_servers": 2,
    "num_monitors": 0,
    "commiters": 2,
    "num_discos": 0,
    "files": [
        {
            "buses": [],
            "dbs": [],
            "servers": [
                "node",
                "express"
            ],
            "monitors": [],
            "gates": [],
            "discos": [],
            "path": "/package.json"
        }
    ],
    "url": "git://github.com/damiancipolat/node-cognito-passwordless.git",
    "discos": [],
    "num_langs": 1,
    "langs": [
        "javascript"
    ],
    "num_services": 0,
    "shared_dbs": false,
    "images": [
        "node"
    ],
    "avg_size_service": 142.0,
    "num_gates": 0,
    "num_buses": 0,
    "dbs": [],
    "servers": [
        "node",
        "express"
    ],
    "structure": {
        "services": [],
        "num_services": 0,
        "detected_dbs": {
            "num": 0,
            "shared_dbs": false,
            "names": [],
            "services": []
        },
        "path": []
    },
    "num_dockers": 1,
    "num_files": 3,
    "name": "damiancipolat/node-cognito-passwordless",
    "dockers": [
        {
            "dbs": [],
            "servers": [
                "node"
            ],
            "keywords": [
                "npm",
                "production",
                "install",
                "prune",
                "run"
            ],
            "from_full": "node:10.16.0-alpine",
            "cmd_keywords": [
                "start",
                "npm"
            ],
            "cmd": "npm start",
            "langs": [],
            "buses": [],
            "monitors": [],
            "gates": [],
            "discos": [],
            "from": "node",
            "path": "/Dockerfile"
        }
    ],
    "buses": [],
    "monitors": [],
    "gates": [],
    "size": 142,
    "languages": [
        "javascript"
    ],
    "num_dbs": 0
}