{
    "num_services": 2,
    "buses": [],
    "structure": {
        "services": [
            {
                "gates": [],
                "depends_on": [
                    "transactiondb"
                ],
                "discos": [],
                "buses": [],
                "dbs": [],
                "servers": [],
                "image": ".",
                "name": "transactionweb",
                "monitors": [],
                "image_full": "."
            },
            {
                "gates": [],
                "depends_on": [],
                "discos": [],
                "buses": [],
                "dbs": [
                    "mysql"
                ],
                "servers": [],
                "image": "./mysql",
                "name": "transactiondb",
                "monitors": [],
                "image_full": "./mysql"
            }
        ],
        "num_services": 2,
        "path": "/src/docker/docker-compose.yml",
        "detected_dbs": {
            "services": [
                "transactiondb"
            ],
            "shared_dbs": false,
            "names": [
                "mysql"
            ],
            "num": 1
        }
    },
    "num_buses": 0,
    "num_langs": 1,
    "num_files": 4,
    "num_discos": 0,
    "servers": [
        "spring"
    ],
    "avg_size_service": 17.5,
    "url": "git://github.com/danidaryaweesh/xHire-transaction-micro-service.git",
    "num_gates": 0,
    "name": "danidaryaweesh/xHire-transaction-micro-service",
    "langs": [
        "java"
    ],
    "num_dockers": 2,
    "num_dbs": 1,
    "dbs": [
        "mysql"
    ],
    "dockers": [
        {
            "gates": [],
            "from_full": "java:8",
            "cmd": "",
            "dbs": [],
            "discos": [],
            "monitors": [],
            "from": "java",
            "cmd_keywords": [],
            "keywords": [
                "touch",
                "transaction",
                "jar",
                "microservice"
            ],
            "servers": [],
            "buses": [],
            "path": "/src/docker/Dockerfile",
            "langs": [
                "java"
            ]
        },
        {
            "gates": [],
            "from_full": "mysql",
            "cmd": "",
            "dbs": [
                "mysql"
            ],
            "discos": [],
            "monitors": [],
            "from": "mysql",
            "cmd_keywords": [],
            "keywords": [],
            "servers": [],
            "buses": [],
            "path": "/src/docker/mysql/Dockerfile",
            "langs": []
        }
    ],
    "discos": [],
    "num_servers": 1,
    "monitors": [],
    "commiters": 2,
    "shared_dbs": false,
    "size": 35,
    "gates": [],
    "languages": [
        "java"
    ],
    "files": [
        {
            "buses": [],
            "dbs": [
                "mysql"
            ],
            "gates": [],
            "path": "/pom.xml",
            "discos": [],
            "monitors": [],
            "servers": [
                "spring"
            ]
        }
    ],
    "images": [
        "java",
        "mysql"
    ],
    "num_monitors": 0
}