{
    "num_gates": 0,
    "discos": [],
    "num_dbs": 1,
    "num_monitors": 0,
    "dockers": [
        {
            "langs": [],
            "cmd_keywords": [
                "node",
                "src",
                "index"
            ],
            "from_full": "node:10.14-alpine",
            "path": "/Dockerfile",
            "monitors": [],
            "discos": [],
            "cmd": "node src/index.js",
            "buses": [],
            "gates": [],
            "dbs": [],
            "from": "node",
            "keywords": [
                "install",
                "npm"
            ],
            "servers": [
                "node"
            ]
        }
    ],
    "dbs": [
        "redis"
    ],
    "num_langs": 2,
    "num_servers": 2,
    "avg_size_service": 262.0,
    "structure": {
        "detected_dbs": {
            "num": 1,
            "shared_dbs": false,
            "names": [
                "redis"
            ],
            "services": [
                "redis"
            ]
        },
        "num_services": 2,
        "path": "/docker-compose.yml",
        "services": [
            {
                "discos": [],
                "image_full": "redis",
                "name": "redis",
                "image": "redis",
                "buses": [],
                "gates": [],
                "depends_on": [],
                "monitors": [],
                "servers": [],
                "dbs": [
                    "redis"
                ]
            },
            {
                "discos": [],
                "image_full": "Dockerfile.dev",
                "name": "simple-express",
                "image": "Dockerfile.dev",
                "buses": [],
                "gates": [],
                "depends_on": [
                    "redis"
                ],
                "monitors": [],
                "servers": [],
                "dbs": []
            }
        ]
    },
    "images": [
        "node"
    ],
    "size": 262,
    "servers": [
        "node",
        "express"
    ],
    "languages": [
        "javascript",
        "smarty"
    ],
    "langs": [
        "javascript",
        "smarty"
    ],
    "commiters": 1,
    "shared_dbs": false,
    "num_buses": 0,
    "num_services": 2,
    "monitors": [],
    "num_dockers": 1,
    "url": "git://github.com/danielfsousa/kubernetes-node-microservices.git",
    "name": "danielfsousa/kubernetes-node-microservices",
    "buses": [],
    "gates": [],
    "files": [
        {
            "discos": [],
            "buses": [],
            "gates": [],
            "monitors": [],
            "path": "/package.json",
            "servers": [
                "node",
                "express"
            ],
            "dbs": [
                "redis"
            ]
        }
    ],
    "num_discos": 0,
    "num_files": 3
}