{
    "monitors": [],
    "servers": [
        "flask"
    ],
    "num_discos": 0,
    "discos": [],
    "shared_dbs": false,
    "name": "daniyum21/Microservices-with-Docker-Flask-and-React",
    "gates": [],
    "buses": [],
    "images": [
        "python",
        "postgres"
    ],
    "avg_size_service": 3.0,
    "langs": [
        "dockerfile",
        "python"
    ],
    "dockers": [
        {
            "keywords": [
                "apk",
                "add",
                "dev",
                "entrypoint",
                "build"
            ],
            "cmd_keywords": [
                "usr",
                "entrypoint",
                "src",
                "app"
            ],
            "monitors": [],
            "langs": [
                "python"
            ],
            "servers": [],
            "dbs": [
                "postgresql"
            ],
            "from_full": "python:3.7.2-alpine",
            "from": "python",
            "cmd": "/usr/src/app/entrypoint.sh",
            "discos": [],
            "buses": [],
            "gates": [],
            "path": "/Dockerfile"
        },
        {
            "keywords": [],
            "cmd_keywords": [],
            "monitors": [],
            "langs": [],
            "servers": [],
            "dbs": [],
            "from_full": "postgres:11.2-alpine",
            "from": "postgres",
            "cmd": "",
            "discos": [],
            "buses": [],
            "gates": [],
            "path": "/project/db/Dockerfile"
        }
    ],
    "structure": {
        "detected_dbs": {
            "num": 0,
            "services": [],
            "names": [],
            "shared_dbs": false
        },
        "services": [],
        "path": [],
        "num_services": 0
    },
    "commiters": 1,
    "num_monitors": 0,
    "num_servers": 1,
    "num_dbs": 1,
    "num_buses": 0,
    "num_langs": 2,
    "dbs": [
        "postgresql"
    ],
    "num_gates": 0,
    "num_files": 4,
    "num_services": 0,
    "size": 6,
    "languages": [
        "python",
        "dockerfile"
    ],
    "url": "git://github.com/daniyum21/Microservices-with-Docker-Flask-and-React.git",
    "num_dockers": 2,
    "files": [
        {
            "monitors": [],
            "discos": [],
            "servers": [
                "flask"
            ],
            "path": "/requirements.txt",
            "gates": [],
            "buses": [],
            "dbs": []
        }
    ]
}