{
    "num_servers": 0,
    "files": [],
    "avg_size_service": 11004.0,
    "langs": [
        "kotlin"
    ],
    "dbs": [],
    "gates": [],
    "url": "git://github.com/danny-manastireanu/SD-HW.git",
    "structure": {
        "num_services": 0,
        "detected_dbs": {
            "names": [],
            "shared_dbs": false,
            "services": [],
            "num": 0
        },
        "path": [],
        "services": []
    },
    "num_services": 0,
    "commiters": 1,
    "discos": [],
    "num_buses": 0,
    "languages": [
        "kotlin"
    ],
    "num_monitors": 0,
    "monitors": [],
    "shared_dbs": false,
    "num_langs": 1,
    "images": [
        "openjdk"
    ],
    "num_gates": 0,
    "buses": [],
    "num_files": 2,
    "num_dockers": 1,
    "name": "danny-manastireanu/SD-HW",
    "num_dbs": 0,
    "servers": [],
    "num_discos": 0,
    "size": 11004,
    "dockers": [
        {
            "monitors": [],
            "path": "/L8/problema 2/TeacherMicroservice/Dockerfile",
            "langs": [],
            "gates": [],
            "cmd": "",
            "cmd_keywords": [],
            "discos": [],
            "servers": [],
            "keywords": [],
            "buses": [],
            "from_full": "openjdk:8-jdk-alpine",
            "dbs": [],
            "from": "openjdk"
        }
    ]
}