{
    "num_dbs": 1,
    "langs": [
        "c#",
        "javascript",
        "typescript"
    ],
    "gates": [
        "nginx"
    ],
    "num_servers": 3,
    "num_dockers": 0,
    "num_buses": 0,
    "num_files": 3,
    "num_discos": 0,
    "num_services": 6,
    "dbs": [
        "mongo"
    ],
    "servers": [
        "mongoose",
        "express",
        "node"
    ],
    "num_langs": 3,
    "structure": {
        "detected_dbs": {
            "num": 1,
            "shared_dbs": false,
            "services": [
                "mongodb"
            ],
            "names": [
                "mongo"
            ]
        },
        "services": [
            {
                "depends_on": [],
                "image": "google/cadvisor",
                "gates": [],
                "dbs": [],
                "servers": [],
                "buses": [],
                "monitors": [],
                "name": "cadvisor",
                "discos": [],
                "image_full": "google/cadvisor"
            },
            {
                "depends_on": [],
                "image": "nginx",
                "gates": [
                    "nginx"
                ],
                "dbs": [],
                "servers": [],
                "buses": [],
                "monitors": [],
                "name": "nginx",
                "discos": [],
                "image_full": "nginx"
            },
            {
                "depends_on": [
                    "mongodb"
                ],
                "image": "nodeapp",
                "gates": [],
                "dbs": [],
                "servers": [],
                "buses": [],
                "monitors": [],
                "name": "node",
                "discos": [],
                "image_full": "nodeapp"
            },
            {
                "depends_on": [],
                "image": "postgres",
                "gates": [],
                "dbs": [],
                "servers": [],
                "buses": [],
                "monitors": [],
                "name": "postgres",
                "discos": [],
                "image_full": "postgres"
            },
            {
                "depends_on": [],
                "image": "mongo",
                "gates": [],
                "dbs": [
                    "mongo"
                ],
                "servers": [],
                "buses": [],
                "monitors": [],
                "name": "mongodb",
                "discos": [],
                "image_full": "mongo"
            },
            {
                "depends_on": [
                    "postgres"
                ],
                "image": "aspnetcoreapp",
                "gates": [],
                "dbs": [],
                "servers": [],
                "buses": [],
                "monitors": [],
                "name": "aspnet",
                "discos": [],
                "image_full": "aspnetcoreapp"
            }
        ],
        "num_services": 6,
        "path": "/docker-compose.yml"
    },
    "commiters": 1,
    "languages": [
        "c#",
        "javascript",
        "typescript"
    ],
    "files": [
        {
            "path": "/package.json",
            "dbs": [],
            "servers": [
                "node"
            ],
            "buses": [],
            "monitors": [],
            "discos": [],
            "gates": []
        },
        {
            "path": "/microservices/node/package.json",
            "dbs": [
                "mongodb"
            ],
            "servers": [
                "mongoose",
                "express"
            ],
            "buses": [],
            "monitors": [],
            "discos": [],
            "gates": []
        }
    ],
    "shared_dbs": false,
    "monitors": [],
    "discos": [],
    "dockers": [],
    "num_monitors": 0,
    "images": [],
    "avg_size_service": 722.0,
    "num_gates": 1,
    "size": 722,
    "buses": [],
    "url": "git://github.com/DanWahlin/Angular-Docker-Microservices.git",
    "name": "DanWahlin/Angular-Docker-Microservices"
}