{
    "monitors": [],
    "servers": [
        "node",
        "flask"
    ],
    "num_discos": 3,
    "discos": [
        "datawire",
        "grpc",
        "envoy"
    ],
    "shared_dbs": false,
    "name": "datawire/ambassador",
    "gates": [
        "gateway"
    ],
    "buses": [],
    "images": [
        "alpine",
        "ubuntu",
        "golang",
        "${base}",
        "node",
        "envoyproxy/envoy"
    ],
    "avg_size_service": 4189.0,
    "langs": [
        "golang",
        "python",
        "go"
    ],
    "dockers": [
        {
            "keywords": [
                "apt",
                "pip",
                "get",
                "install",
                "dnsutils"
            ],
            "cmd_keywords": [],
            "monitors": [],
            "langs": [
                "python"
            ],
            "servers": [],
            "dbs": [],
            "from_full": "ubuntu:18.04",
            "from": "ubuntu",
            "cmd": "",
            "discos": [],
            "buses": [],
            "gates": [],
            "path": "/docker/test-shadow/Dockerfile"
        },
        {
            "keywords": [
                "apt",
                "pip",
                "get",
                "install",
                "dnsutils"
            ],
            "cmd_keywords": [],
            "monitors": [],
            "langs": [
                "python"
            ],
            "servers": [],
            "dbs": [],
            "from_full": "ubuntu:18.04",
            "from": "ubuntu",
            "cmd": "",
            "discos": [],
            "buses": [],
            "gates": [],
            "path": "/docker/test-auth/Dockerfile"
        },
        {
            "keywords": [
                "npm",
                "install"
            ],
            "cmd_keywords": [
                "npm",
                "start"
            ],
            "monitors": [],
            "langs": [],
            "servers": [
                "node"
            ],
            "dbs": [],
            "from_full": "node:10-alpine",
            "from": "node",
            "cmd": "npm start",
            "discos": [],
            "buses": [],
            "gates": [],
            "path": "/docker/test-ratelimit/Dockerfile"
        },
        {
            "keywords": [
                "pip",
                "usr",
                "python",
                "bin",
                "install"
            ],
            "cmd_keywords": [],
            "monitors": [],
            "langs": [
                "python"
            ],
            "servers": [],
            "dbs": [],
            "from_full": "alpine:3.11",
            "from": "alpine",
            "cmd": "",
            "discos": [],
            "buses": [],
            "gates": [],
            "path": "/docker/test-stats/Dockerfile"
        },
        {
            "keywords": [],
            "cmd_keywords": [],
            "monitors": [],
            "langs": [],
            "servers": [],
            "dbs": [],
            "from_full": "${base}",
            "from": "${base}",
            "cmd": "",
            "discos": [],
            "buses": [],
            "gates": [],
            "path": "/docker/base-envoy/Dockerfile"
        },
        {
            "keywords": [],
            "cmd_keywords": [],
            "monitors": [],
            "langs": [],
            "servers": [],
            "dbs": [],
            "from_full": "${base}",
            "from": "${base}",
            "cmd": "",
            "discos": [],
            "buses": [],
            "gates": [],
            "path": "/k8s/Dockerfile"
        },
        {
            "keywords": [
                "ambassador",
                "bin",
                "python",
                "buildroot",
                "usr"
            ],
            "cmd_keywords": [
                "kat",
                "server"
            ],
            "monitors": [],
            "langs": [
                "python"
            ],
            "servers": [],
            "dbs": [],
            "from_full": "${base}",
            "from": "${base}",
            "cmd": "kat-server",
            "discos": [
                "datawire"
            ],
            "buses": [],
            "gates": [],
            "path": "/builder/Dockerfile"
        },
        {
            "keywords": [
                "add",
                "sudo",
                "make",
                "apk",
                "cache"
            ],
            "cmd_keywords": [],
            "monitors": [],
            "langs": [
                "golang"
            ],
            "servers": [],
            "dbs": [],
            "from_full": "golang:1.11-alpine",
            "from": "golang",
            "cmd": "",
            "discos": [],
            "buses": [],
            "gates": [],
            "path": "/teleproxy-old/docker/teleproxy-check/Dockerfile"
        },
        {
            "keywords": [],
            "cmd_keywords": [],
            "monitors": [],
            "langs": [],
            "servers": [],
            "dbs": [],
            "from_full": "envoyproxy/envoy:28d5f4118d60f828b1453cd8ad25033f2c8e38ab",
            "from": "envoyproxy/envoy",
            "cmd": "",
            "discos": [
                "envoy"
            ],
            "buses": [],
            "gates": [],
            "path": "/cmd/ambex/bootstrap_image/Dockerfile"
        }
    ],
    "structure": {
        "detected_dbs": {
            "num": 0,
            "services": [],
            "names": [],
            "shared_dbs": false
        },
        "services": [],
        "path": [],
        "num_services": 0
    },
    "commiters": 187,
    "num_monitors": 0,
    "num_servers": 2,
    "num_dbs": 0,
    "num_buses": 0,
    "num_langs": 3,
    "dbs": [],
    "num_gates": 1,
    "num_files": 17,
    "num_services": 0,
    "size": 37701,
    "languages": [
        "python",
        "go"
    ],
    "url": "git://github.com/datawire/ambassador.git",
    "num_dockers": 9,
    "files": [
        {
            "monitors": [],
            "discos": [],
            "servers": [
                "flask"
            ],
            "path": "/docker/test-shadow/requirements.txt",
            "gates": [],
            "buses": [],
            "dbs": []
        },
        {
            "monitors": [],
            "discos": [],
            "servers": [
                "flask"
            ],
            "path": "/docker/test-auth/requirements.txt",
            "gates": [],
            "buses": [],
            "dbs": []
        },
        {
            "monitors": [],
            "discos": [],
            "servers": [
                "flask"
            ],
            "path": "/docker/test-stats/requirements.txt",
            "gates": [],
            "buses": [],
            "dbs": []
        },
        {
            "monitors": [],
            "discos": [],
            "servers": [
                "flask"
            ],
            "path": "/builder/requirements.txt",
            "gates": [],
            "buses": [],
            "dbs": []
        },
        {
            "monitors": [],
            "discos": [],
            "servers": [],
            "path": "/python/requirements.txt",
            "gates": [],
            "buses": [],
            "dbs": []
        },
        {
            "monitors": [],
            "discos": [
                "grpc"
            ],
            "servers": [
                "node"
            ],
            "path": "/docker/test-ratelimit/package.json",
            "gates": [
                "gateway"
            ],
            "buses": [],
            "dbs": []
        },
        {
            "monitors": [],
            "discos": [
                "grpc"
            ],
            "servers": [],
            "path": "/tools/sandbox/grpc_web/package.json",
            "gates": [],
            "buses": [],
            "dbs": []
        }
    ]
}