{
    "num_gates": 0,
    "discos": [],
    "num_dbs": 1,
    "num_monitors": 0,
    "dockers": [
        {
            "langs": [],
            "cmd_keywords": [],
            "from_full": "mongo:4.0",
            "path": "/deploy/database/Dockerfile",
            "monitors": [],
            "discos": [],
            "cmd": "",
            "buses": [],
            "gates": [],
            "dbs": [
                "mongo"
            ],
            "from": "mongo",
            "keywords": [],
            "servers": []
        }
    ],
    "dbs": [
        "mongo"
    ],
    "num_langs": 1,
    "num_servers": 3,
    "avg_size_service": 199.0,
    "structure": {
        "detected_dbs": {
            "num": 1,
            "shared_dbs": false,
            "names": [
                "mongodb"
            ],
            "services": [
                "db"
            ]
        },
        "num_services": 1,
        "path": "/deploy/docker-compose.yml",
        "services": [
            {
                "discos": [],
                "image_full": "mongodb:1.0",
                "name": "db",
                "image": "mongodb",
                "buses": [],
                "gates": [],
                "depends_on": [],
                "monitors": [],
                "servers": [],
                "dbs": [
                    "mongodb"
                ]
            }
        ]
    },
    "images": [
        "mongo"
    ],
    "size": 199,
    "servers": [
        "node",
        "mongoose",
        "express"
    ],
    "languages": [
        "typescript"
    ],
    "langs": [
        "typescript"
    ],
    "commiters": 3,
    "shared_dbs": false,
    "num_buses": 0,
    "num_services": 1,
    "monitors": [],
    "num_dockers": 1,
    "url": "git://github.com/Davestring/node-auth-api.git",
    "name": "Davestring/node-auth-api",
    "buses": [],
    "gates": [],
    "files": [
        {
            "discos": [],
            "buses": [],
            "gates": [],
            "monitors": [],
            "path": "/package.json",
            "servers": [
                "node",
                "mongoose",
                "express"
            ],
            "dbs": []
        }
    ],
    "num_discos": 0,
    "num_files": 3
}