{
    "files": [
        {
            "gates": [],
            "discos": [],
            "servers": [
                "spring"
            ],
            "monitors": [],
            "buses": [],
            "dbs": [],
            "path": "/checkout-service/pom.xml"
        },
        {
            "gates": [],
            "discos": [],
            "servers": [
                "spring"
            ],
            "monitors": [],
            "buses": [],
            "dbs": [],
            "path": "/logistic-service/pom.xml"
        },
        {
            "gates": [],
            "discos": [],
            "servers": [
                "spring"
            ],
            "monitors": [],
            "buses": [],
            "dbs": [],
            "path": "/billing-service/pom.xml"
        }
    ],
    "num_services": 0,
    "languages": [
        "java"
    ],
    "shared_dbs": false,
    "num_discos": 0,
    "num_dbs": 0,
    "gates": [],
    "num_files": 4,
    "num_langs": 1,
    "avg_size_service": 964.0,
    "num_monitors": 0,
    "dockers": [],
    "size": 964,
    "langs": [
        "java"
    ],
    "num_buses": 0,
    "images": [],
    "servers": [
        "spring"
    ],
    "commiters": 2,
    "buses": [],
    "dbs": [],
    "name": "davidgalvis95/orders-checkout-microservice",
    "discos": [],
    "url": "git://github.com/davidgalvis95/orders-checkout-microservice.git",
    "num_servers": 1,
    "monitors": [],
    "num_gates": 0,
    "structure": {
        "detected_dbs": {
            "names": [],
            "services": [],
            "num": 0,
            "shared_dbs": false
        },
        "services": [],
        "num_services": 0,
        "path": []
    },
    "num_dockers": 0
}