{
    "num_dbs": 0,
    "langs": [
        "dockerfile",
        "python",
        "makefile"
    ],
    "gates": [],
    "num_servers": 0,
    "num_dockers": 3,
    "num_buses": 0,
    "num_files": 4,
    "num_discos": 0,
    "num_services": 0,
    "dbs": [],
    "servers": [],
    "num_langs": 3,
    "structure": {
        "detected_dbs": {
            "num": 0,
            "shared_dbs": false,
            "services": [],
            "names": []
        },
        "services": [],
        "num_services": 0,
        "path": []
    },
    "commiters": 3,
    "languages": [
        "makefile",
        "dockerfile"
    ],
    "files": [],
    "shared_dbs": false,
    "monitors": [],
    "discos": [],
    "dockers": [
        {
            "cmd_keywords": [],
            "from_full": "dddecaf/wsgi-base:${BASE_TAG}",
            "gates": [],
            "monitors": [],
            "discos": [],
            "langs": [],
            "from": "dddecaf/wsgi-base",
            "path": "/alpine-compiler/Dockerfile",
            "dbs": [],
            "servers": [],
            "buses": [],
            "cmd": "",
            "keywords": [
                "base",
                "requirements",
                "opt",
                "dev",
                "set"
            ]
        },
        {
            "cmd_keywords": [],
            "from_full": "python:3.6-alpine3.10",
            "gates": [],
            "monitors": [],
            "discos": [],
            "langs": [
                "python"
            ],
            "from": "python",
            "path": "/alpine/Dockerfile",
            "dbs": [],
            "servers": [],
            "buses": [],
            "cmd": "",
            "keywords": [
                "pip",
                "base",
                "app",
                "requirements",
                "user"
            ]
        },
        {
            "cmd_keywords": [],
            "from_full": "python:3.6-slim",
            "gates": [],
            "monitors": [],
            "discos": [],
            "langs": [
                "python"
            ],
            "from": "python",
            "path": "/debian/Dockerfile",
            "dbs": [],
            "servers": [],
            "buses": [],
            "cmd": "",
            "keywords": [
                "pip",
                "apt",
                "app",
                "set",
                "requirements"
            ]
        }
    ],
    "num_monitors": 0,
    "images": [
        "python",
        "dddecaf/wsgi-base"
    ],
    "avg_size_service": 8.666666666666666,
    "num_gates": 0,
    "size": 26,
    "buses": [],
    "url": "git://github.com/DD-DeCaF/wsgi-base.git",
    "name": "DD-DeCaF/wsgi-base"
}