{
    "url": "git://github.com/ddewaele/springboot.mqtt.persister.git",
    "num_monitors": 0,
    "num_dbs": 1,
    "num_langs": 1,
    "num_files": 3,
    "num_buses": 2,
    "num_servers": 1,
    "images": [
        "frolvlad/alpine-oraclejdk8"
    ],
    "langs": [
        "java"
    ],
    "size": 52,
    "structure": {
        "path": "/docker-compose.yml",
        "detected_dbs": {
            "num": 0,
            "shared_dbs": false,
            "services": [],
            "names": []
        },
        "services": [
            {
                "dbs": [],
                "buses": [],
                "name": "postgres",
                "monitors": [],
                "image_full": "healthcheck/postgres",
                "depends_on": [],
                "gates": [],
                "servers": [],
                "image": "healthcheck/postgres",
                "discos": []
            },
            {
                "dbs": [],
                "buses": [
                    "mqtt"
                ],
                "name": "springboot-mqtt-persister",
                "monitors": [],
                "image_full": "ddewaele/springboot.mqtt.persister",
                "depends_on": [
                    "postgres",
                    "mosquitto"
                ],
                "gates": [],
                "servers": [],
                "image": "ddewaele/springboot.mqtt.persister",
                "discos": []
            },
            {
                "dbs": [],
                "buses": [],
                "name": "gatewaybridge",
                "monitors": [],
                "image_full": "loraserver/lora-gateway-bridge",
                "depends_on": [
                    "mosquitto"
                ],
                "gates": [
                    "gateway"
                ],
                "servers": [],
                "image": "loraserver/lora-gateway-bridge",
                "discos": []
            },
            {
                "dbs": [],
                "buses": [
                    "mosquitto"
                ],
                "name": "mosquitto",
                "monitors": [],
                "image_full": "eclipse-mosquitto",
                "depends_on": [],
                "gates": [],
                "servers": [],
                "image": "eclipse-mosquitto",
                "discos": []
            }
        ],
        "num_services": 4
    },
    "buses": [
        "mqtt",
        "mosquitto"
    ],
    "discos": [],
    "monitors": [],
    "gates": [
        "gateway"
    ],
    "dbs": [
        "postgresql"
    ],
    "avg_size_service": 52.0,
    "num_gates": 1,
    "languages": [
        "java"
    ],
    "dockers": [
        {
            "buses": [],
            "path": "/src/main/docker/Dockerfile",
            "keywords": [
                "touch",
                "docker",
                "chmod",
                "app",
                "entrypoint"
            ],
            "from": "frolvlad/alpine-oraclejdk8",
            "servers": [],
            "langs": [],
            "discos": [],
            "dbs": [],
            "monitors": [],
            "cmd_keywords": [],
            "cmd": "",
            "gates": [],
            "from_full": "frolvlad/alpine-oraclejdk8:slim"
        }
    ],
    "num_services": 4,
    "servers": [
        "spring"
    ],
    "num_dockers": 1,
    "name": "ddewaele/springboot.mqtt.persister",
    "commiters": 1,
    "shared_dbs": false,
    "num_discos": 0,
    "files": [
        {
            "dbs": [
                "postgresql"
            ],
            "path": "/pom.xml",
            "monitors": [],
            "servers": [
                "spring"
            ],
            "gates": [],
            "buses": [
                "mqtt"
            ],
            "discos": []
        }
    ]
}