{
    "structure": {
        "detected_dbs": {
            "num": 0,
            "services": [],
            "shared_dbs": false,
            "names": []
        },
        "path": "/docker-compose.yml",
        "services": [
            {
                "depends_on": [],
                "dbs": [],
                "buses": [],
                "gates": [],
                "name": "rest",
                "image_full": "bragi-rest",
                "discos": [],
                "monitors": [],
                "image": "bragi-rest",
                "servers": []
            }
        ],
        "num_services": 1
    },
    "url": "git://github.com/debuglevel/bragi.git",
    "monitors": [
        "monitoring"
    ],
    "num_gates": 0,
    "shared_dbs": false,
    "num_buses": 0,
    "num_dbs": 3,
    "dbs": [
        "sql",
        "derby",
        "enterprise"
    ],
    "commiters": 1,
    "languages": [
        "kotlin",
        "vue"
    ],
    "num_services": 1,
    "num_discos": 0,
    "num_dockers": 1,
    "gates": [],
    "langs": [
        "kotlin",
        "vue",
        "java"
    ],
    "dockers": [
        {
            "langs": [
                "java"
            ],
            "keywords": [
                "gradlew",
                "build",
                "version"
            ],
            "buses": [],
            "cmd": "java -XX:+UnlockExperimentalVMOptions -XX:+UseCGroupMemoryLimitForHeap -noverify -XX:TieredStopAtLevel=1 -Dcom.sun.management.jmxremote -jar /app/microservice.jar",
            "monitors": [],
            "path": "/Dockerfile",
            "dbs": [],
            "from_full": "openjdk:8-jre-alpine",
            "gates": [],
            "discos": [],
            "cmd_keywords": [
                "jar",
                "tieredstopatlevel",
                "noverify",
                "app",
                "usecgroupmemorylimitforheap"
            ],
            "from": "openjdk",
            "servers": []
        }
    ],
    "buses": [],
    "name": "debuglevel/bragi",
    "images": [
        "openjdk"
    ],
    "num_langs": 3,
    "num_servers": 1,
    "num_files": 5,
    "discos": [],
    "num_monitors": 1,
    "avg_size_service": 1927.0,
    "size": 1927,
    "files": [
        {
            "dbs": [
                "hsqldb",
                "derby",
                "sql"
            ],
            "buses": [],
            "gates": [],
            "discos": [],
            "monitors": [
                "monitoring"
            ],
            "path": "/build.gradle",
            "servers": []
        },
        {
            "dbs": [
                "enterprise"
            ],
            "buses": [],
            "gates": [],
            "discos": [],
            "monitors": [],
            "path": "/settings.gradle",
            "servers": []
        },
        {
            "dbs": [],
            "buses": [],
            "gates": [],
            "discos": [],
            "monitors": [],
            "path": "/vue/package.json",
            "servers": [
                "node"
            ]
        }
    ],
    "servers": [
        "node"
    ]
}