{
    "num_files": 4,
    "dbs": [
        "derby",
        "enterprise"
    ],
    "structure": {
        "services": [
            {
                "depends_on": [],
                "servers": [],
                "dbs": [],
                "buses": [],
                "monitors": [],
                "name": "rest",
                "gates": [],
                "image_full": "greeter-microservice",
                "discos": [],
                "image": "greeter-microservice"
            }
        ],
        "path": "/docker-compose.yml",
        "detected_dbs": {
            "names": [],
            "num": 0,
            "shared_dbs": false,
            "services": []
        },
        "num_services": 1
    },
    "commiters": 1,
    "num_services": 1,
    "num_buses": 0,
    "images": [
        "openjdk"
    ],
    "url": "git://github.com/debuglevel/bbb-recording-downloader-microservice.git",
    "num_langs": 2,
    "num_monitors": 1,
    "num_dockers": 1,
    "name": "debuglevel/bbb-recording-downloader-microservice",
    "size": 134,
    "num_dbs": 2,
    "avg_size_service": 134.0,
    "num_gates": 0,
    "num_discos": 0,
    "dockers": [
        {
            "dbs": [],
            "path": "/Dockerfile",
            "from": "openjdk",
            "discos": [],
            "from_full": "openjdk:8-jre-alpine",
            "servers": [],
            "cmd_keywords": [
                "jar",
                "usecgroupmemorylimitforheap",
                "app",
                "management",
                "java"
            ],
            "buses": [],
            "cmd": "java -XX:+UnlockExperimentalVMOptions -XX:+UseCGroupMemoryLimitForHeap -noverify -XX:TieredStopAtLevel=1 -Dcom.sun.management.jmxremote -jar /app/microservice.jar",
            "langs": [
                "java"
            ],
            "gates": [],
            "monitors": [],
            "keywords": [
                "gradlew",
                "version",
                "build"
            ]
        }
    ],
    "languages": [
        "kotlin"
    ],
    "gates": [],
    "discos": [],
    "servers": [
        "tomcat"
    ],
    "buses": [],
    "monitors": [
        "monitoring"
    ],
    "langs": [
        "kotlin",
        "java"
    ],
    "shared_dbs": false,
    "num_servers": 1,
    "files": [
        {
            "servers": [
                "tomcat"
            ],
            "dbs": [
                "hsqldb",
                "derby"
            ],
            "buses": [],
            "monitors": [
                "monitoring"
            ],
            "gates": [],
            "path": "/build.gradle",
            "discos": []
        },
        {
            "servers": [],
            "dbs": [
                "enterprise"
            ],
            "buses": [],
            "monitors": [],
            "gates": [],
            "path": "/settings.gradle",
            "discos": []
        }
    ]
}