{
    "num_discos": 0,
    "structure": {
        "detected_dbs": {
            "num": 1,
            "shared_dbs": false,
            "names": [
                "mysql"
            ],
            "services": [
                "micro_mysql"
            ]
        },
        "num_services": 3,
        "path": "/docker-compose.yml",
        "services": [
            {
                "dbs": [],
                "buses": [],
                "servers": [
                    "laravel"
                ],
                "discos": [],
                "monitors": [],
                "image_full": "denzdacs/react-laravel5.5-env:latest",
                "depends_on": [
                    "micro_mysql"
                ],
                "name": "micro_api",
                "gates": [],
                "image": "denzdacs/react-laravel5.5-env"
            },
            {
                "dbs": [
                    "mysql"
                ],
                "buses": [],
                "servers": [],
                "discos": [],
                "monitors": [],
                "image_full": "mysql:5.7",
                "depends_on": [],
                "name": "micro_mysql",
                "gates": [],
                "image": "mysql"
            },
            {
                "dbs": [],
                "buses": [],
                "servers": [
                    "node"
                ],
                "discos": [],
                "monitors": [],
                "image_full": "node:latest",
                "depends_on": [
                    "micro_api"
                ],
                "name": "micro_vue",
                "gates": [],
                "image": "node"
            }
        ]
    },
    "buses": [],
    "servers": [
        "laravel",
        "node"
    ],
    "name": "denz-io/services-example",
    "num_gates": 0,
    "gates": [],
    "num_dbs": 1,
    "discos": [],
    "num_servers": 2,
    "num_dockers": 0,
    "dockers": [],
    "dbs": [
        "mysql"
    ],
    "images": [],
    "commiters": 1,
    "monitors": [],
    "files": [
        {
            "dbs": [],
            "buses": [],
            "servers": [
                "node"
            ],
            "discos": [],
            "monitors": [],
            "gates": [],
            "path": "/view/package.json"
        }
    ],
    "langs": [
        "vue",
        "php"
    ],
    "url": "git://github.com/denz-io/services-example.git",
    "num_monitors": 0,
    "shared_dbs": false,
    "size": 595,
    "languages": [
        "php",
        "vue"
    ],
    "num_langs": 2,
    "num_buses": 0,
    "avg_size_service": 595.0,
    "num_files": 2,
    "num_services": 3
}