{
    "num_gates": 0,
    "discos": [],
    "num_dbs": 0,
    "num_monitors": 0,
    "dockers": [],
    "dbs": [],
    "num_langs": 2,
    "num_servers": 0,
    "avg_size_service": 7.0,
    "structure": {
        "detected_dbs": {
            "num": 0,
            "shared_dbs": false,
            "names": [],
            "services": []
        },
        "num_services": 0,
        "path": [],
        "services": []
    },
    "images": [],
    "size": 7,
    "servers": [],
    "languages": [
        "makefile",
        "shell"
    ],
    "langs": [
        "makefile",
        "shell"
    ],
    "commiters": 1,
    "shared_dbs": false,
    "num_buses": 0,
    "num_services": 0,
    "monitors": [],
    "num_dockers": 0,
    "url": "git://github.com/denzuko/docker-microservices.git",
    "name": "denzuko/docker-microservices",
    "buses": [],
    "gates": [],
    "files": [],
    "num_discos": 0,
    "num_files": 1
}