{
    "num_discos": 0,
    "structure": {
        "detected_dbs": {
            "num": 0,
            "shared_dbs": false,
            "names": [],
            "services": []
        },
        "num_services": 0,
        "path": [],
        "services": []
    },
    "buses": [],
    "servers": [
        "spring"
    ],
    "name": "Dibyanand/docker_microservices",
    "num_gates": 0,
    "gates": [],
    "num_dbs": 0,
    "discos": [],
    "num_servers": 1,
    "num_dockers": 0,
    "dockers": [],
    "dbs": [],
    "images": [],
    "commiters": 2,
    "monitors": [],
    "files": [
        {
            "dbs": [],
            "buses": [],
            "servers": [
                "spring"
            ],
            "discos": [],
            "monitors": [],
            "gates": [],
            "path": "/demo/build.gradle"
        }
    ],
    "langs": [],
    "url": "git://github.com/Dibyanand/docker_microservices.git",
    "num_monitors": 0,
    "shared_dbs": false,
    "size": 69,
    "languages": [],
    "num_langs": 0,
    "num_buses": 0,
    "avg_size_service": 69.0,
    "num_files": 2,
    "num_services": 0
}