{
    "num_dbs": 0,
    "langs": [],
    "gates": [],
    "num_servers": 0,
    "num_dockers": 0,
    "num_buses": 0,
    "num_files": 1,
    "num_discos": 0,
    "num_services": 0,
    "dbs": [],
    "servers": [],
    "num_langs": 0,
    "structure": {
        "detected_dbs": {
            "num": 0,
            "shared_dbs": false,
            "services": [],
            "names": []
        },
        "services": [],
        "num_services": 0,
        "path": []
    },
    "commiters": 1,
    "languages": [],
    "files": [],
    "shared_dbs": false,
    "monitors": [],
    "discos": [],
    "dockers": [],
    "num_monitors": 0,
    "images": [],
    "avg_size_service": 1.0,
    "num_gates": 0,
    "size": 1,
    "buses": [],
    "url": "git://github.com/DickChesterwood/docker-netflix-fleetman-global-config.git",
    "name": "DickChesterwood/docker-netflix-fleetman-global-config"
}