{
    "num_gates": 0,
    "discos": [],
    "num_dbs": 0,
    "num_monitors": 0,
    "dockers": [
        {
            "langs": [],
            "cmd_keywords": [
                "vertx",
                "verticle",
                "run",
                "home",
                "name"
            ],
            "from_full": "vertx/vertx3-alpine",
            "path": "/worker/Dockerfile",
            "monitors": [],
            "discos": [],
            "cmd": "exec vertx run $VERTICLE_NAME -cp $VERTICLE_HOME/* -conf config.json $VERTX_ARGS",
            "buses": [],
            "gates": [],
            "dbs": [],
            "from": "vertx/vertx3-alpine",
            "keywords": [
                "home",
                "vertx",
                "resolve"
            ],
            "servers": []
        },
        {
            "langs": [],
            "cmd_keywords": [],
            "from_full": "camunda/camunda-bpm-platform:tomcat-7.8.0",
            "path": "/camunda/Dockerfile",
            "monitors": [],
            "discos": [],
            "cmd": "",
            "buses": [],
            "gates": [],
            "dbs": [],
            "from": "camunda/camunda-bpm-platform",
            "keywords": [],
            "servers": []
        }
    ],
    "dbs": [],
    "num_langs": 2,
    "num_servers": 0,
    "avg_size_service": 400.5,
    "structure": {
        "detected_dbs": {
            "num": 0,
            "shared_dbs": false,
            "names": [],
            "services": []
        },
        "num_services": 2,
        "path": "/docker-compose.yml",
        "services": [
            {
                "discos": [],
                "image_full": "camunda/.",
                "name": "camunda",
                "image": "camunda/.",
                "buses": [],
                "gates": [],
                "depends_on": [],
                "monitors": [],
                "servers": [],
                "dbs": []
            },
            {
                "discos": [],
                "image_full": "worker/.",
                "name": "cam-worker_01",
                "image": "worker/.",
                "buses": [],
                "gates": [],
                "depends_on": [],
                "monitors": [],
                "servers": [],
                "dbs": []
            }
        ]
    },
    "images": [
        "vertx/vertx3-alpine",
        "camunda/camunda-bpm-platform"
    ],
    "size": 801,
    "servers": [],
    "languages": [
        "javascript",
        "dockerfile"
    ],
    "langs": [
        "dockerfile",
        "javascript"
    ],
    "commiters": 2,
    "shared_dbs": false,
    "num_buses": 0,
    "num_services": 2,
    "monitors": [],
    "num_dockers": 2,
    "url": "git://github.com/DigitalState/camunda-worker-vertx.git",
    "name": "DigitalState/camunda-worker-vertx",
    "buses": [],
    "gates": [],
    "files": [
        {
            "discos": [],
            "buses": [],
            "gates": [],
            "monitors": [],
            "path": "/worker/verticles/fetch-tasks/node_modules/cam-helpers/package.json",
            "servers": [],
            "dbs": []
        }
    ],
    "num_discos": 0,
    "num_files": 4
}