{
    "num_discos": 2,
    "structure": {
        "detected_dbs": {
            "num": 0,
            "shared_dbs": false,
            "names": [],
            "services": []
        },
        "num_services": 0,
        "path": "/spring-cloud-microservice-example/docker/docker-compose.yml",
        "services": []
    },
    "buses": [],
    "servers": [
        "spring",
        "tomcat"
    ],
    "name": "DineshKumarJava/Microservicesproject",
    "num_gates": 1,
    "gates": [
        "zuul"
    ],
    "num_dbs": 1,
    "discos": [
        "consul",
        "eureka"
    ],
    "num_servers": 2,
    "num_dockers": 9,
    "dockers": [
        {
            "cmd": "",
            "dbs": [],
            "cmd_keywords": [],
            "buses": [],
            "monitors": [],
            "from": "java",
            "langs": [
                "java"
            ],
            "keywords": [
                "jar",
                "touch",
                "app",
                "bash"
            ],
            "gates": [],
            "from_full": "java:8",
            "discos": [],
            "path": "/spring-cloud-microservice-example/users-microservice/src/main/docker/Dockerfile",
            "servers": []
        },
        {
            "cmd": "",
            "dbs": [],
            "cmd_keywords": [],
            "buses": [],
            "monitors": [],
            "from": "java",
            "langs": [
                "java"
            ],
            "keywords": [
                "jar",
                "touch",
                "app",
                "bash"
            ],
            "gates": [],
            "from_full": "java:8",
            "discos": [],
            "path": "/spring-cloud-microservice-example/movie-microservice/src/main/docker/Dockerfile",
            "servers": []
        },
        {
            "cmd": "",
            "dbs": [],
            "cmd_keywords": [],
            "buses": [],
            "monitors": [],
            "from": "java",
            "langs": [
                "java"
            ],
            "keywords": [
                "jar",
                "touch",
                "app",
                "bash"
            ],
            "gates": [],
            "from_full": "java:8",
            "discos": [],
            "path": "/spring-cloud-microservice-example/api-gateway-microservice/src/main/docker/Dockerfile",
            "servers": []
        },
        {
            "cmd": "",
            "dbs": [],
            "cmd_keywords": [],
            "buses": [],
            "monitors": [],
            "from": "java",
            "langs": [
                "java"
            ],
            "keywords": [
                "jar",
                "touch",
                "app",
                "bash"
            ],
            "gates": [],
            "from_full": "java:8",
            "discos": [],
            "path": "/spring-cloud-microservice-example/hystrix-dashboard/src/main/docker/Dockerfile",
            "servers": []
        },
        {
            "cmd": "",
            "dbs": [],
            "cmd_keywords": [],
            "buses": [],
            "monitors": [],
            "from": "java",
            "langs": [
                "java"
            ],
            "keywords": [
                "jar",
                "touch",
                "app",
                "bash"
            ],
            "gates": [],
            "from_full": "java:8",
            "discos": [],
            "path": "/spring-cloud-microservice-example/recommendation-microservice/src/main/docker/Dockerfile",
            "servers": []
        },
        {
            "cmd": "",
            "dbs": [],
            "cmd_keywords": [],
            "buses": [],
            "monitors": [],
            "from": "java",
            "langs": [
                "java"
            ],
            "keywords": [
                "jar",
                "touch",
                "app",
                "bash"
            ],
            "gates": [],
            "from_full": "java:8",
            "discos": [],
            "path": "/spring-cloud-microservice-example/movies-ui/src/main/docker/Dockerfile",
            "servers": []
        },
        {
            "cmd": "",
            "dbs": [],
            "cmd_keywords": [],
            "buses": [],
            "monitors": [],
            "from": "java",
            "langs": [
                "java"
            ],
            "keywords": [
                "jar",
                "touch",
                "app",
                "bash"
            ],
            "gates": [],
            "from_full": "java:8",
            "discos": [],
            "path": "/spring-cloud-microservice-example/config-microservice/src/main/docker/Dockerfile",
            "servers": []
        },
        {
            "cmd": "",
            "dbs": [],
            "cmd_keywords": [],
            "buses": [],
            "monitors": [],
            "from": "java",
            "langs": [
                "java"
            ],
            "keywords": [
                "jar",
                "touch",
                "app",
                "bash"
            ],
            "gates": [],
            "from_full": "java:8",
            "discos": [],
            "path": "/spring-cloud-microservice-example/discovery-microservice/src/main/docker/Dockerfile",
            "servers": []
        },
        {
            "cmd": "",
            "dbs": [],
            "cmd_keywords": [],
            "buses": [],
            "monitors": [],
            "from": "java",
            "langs": [
                "java"
            ],
            "keywords": [
                "jar",
                "touch",
                "app",
                "bash"
            ],
            "gates": [],
            "from_full": "java:8",
            "discos": [],
            "path": "/spring-cloud-microservice-example/consul-microservice/src/main/docker/Dockerfile",
            "servers": []
        }
    ],
    "dbs": [
        "mysql"
    ],
    "images": [
        "java"
    ],
    "commiters": 2,
    "monitors": [],
    "files": [
        {
            "dbs": [
                "mysql"
            ],
            "buses": [],
            "servers": [
                "spring",
                "tomcat"
            ],
            "discos": [
                "eureka"
            ],
            "monitors": [],
            "gates": [],
            "path": "/inv-ecom-products/pom.xml"
        },
        {
            "dbs": [
                "mysql"
            ],
            "buses": [],
            "servers": [
                "spring",
                "tomcat"
            ],
            "discos": [
                "eureka"
            ],
            "monitors": [],
            "gates": [],
            "path": "/inv-ecom-products/target/m2e-wtp/web-resources/META-INF/maven/org.din.ecommerce/inv-ecom-products/pom.xml"
        },
        {
            "dbs": [
                "mysql"
            ],
            "buses": [],
            "servers": [
                "spring",
                "tomcat"
            ],
            "discos": [
                "eureka"
            ],
            "monitors": [],
            "gates": [],
            "path": "/inv-ecom-usermanagement/pom.xml"
        },
        {
            "dbs": [
                "mysql"
            ],
            "buses": [],
            "servers": [
                "spring",
                "tomcat"
            ],
            "discos": [
                "eureka"
            ],
            "monitors": [],
            "gates": [],
            "path": "/inv-ecom-usermanagement/target/classes/META-INF/maven/org.din.ecommerce/inv-ecom-usermanagement/pom.xml"
        },
        {
            "dbs": [],
            "buses": [],
            "servers": [
                "spring",
                "tomcat"
            ],
            "discos": [
                "eureka"
            ],
            "monitors": [],
            "gates": [],
            "path": "/inv-ecom-ecomserver/pom.xml"
        },
        {
            "dbs": [],
            "buses": [],
            "servers": [
                "spring"
            ],
            "discos": [
                "eureka"
            ],
            "monitors": [],
            "gates": [],
            "path": "/inv-ecom-ecomserver/target/m2e-wtp/web-resources/META-INF/maven/org.din.ecommerce/inv-ecom-ecomserver/pom.xml"
        },
        {
            "dbs": [],
            "buses": [],
            "servers": [
                "spring",
                "tomcat"
            ],
            "discos": [
                "eureka"
            ],
            "monitors": [],
            "gates": [],
            "path": "/inv-ecom-ecomserver/target/classes/META-INF/maven/org.din.ecommerce/inv-ecom-ecomserver/pom.xml"
        },
        {
            "dbs": [],
            "buses": [],
            "servers": [
                "spring",
                "tomcat"
            ],
            "discos": [
                "eureka"
            ],
            "monitors": [],
            "gates": [
                "zuul"
            ],
            "path": "/inv-ecom-apigateway/pom.xml"
        },
        {
            "dbs": [],
            "buses": [],
            "servers": [],
            "discos": [],
            "monitors": [],
            "gates": [],
            "path": "/inv-ecom-apigateway/target/m2e-wtp/web-resources/META-INF/maven/org.din.ecommerce/inv-ecom-apigateway/pom.xml"
        },
        {
            "dbs": [],
            "buses": [],
            "servers": [
                "spring",
                "tomcat"
            ],
            "discos": [
                "eureka"
            ],
            "monitors": [],
            "gates": [
                "zuul"
            ],
            "path": "/inv-ecom-apigateway/target/classes/META-INF/maven/org.din.ecommerce/inv-ecom-apigateway/pom.xml"
        },
        {
            "dbs": [],
            "buses": [],
            "servers": [
                "spring"
            ],
            "discos": [
                "eureka"
            ],
            "monitors": [],
            "gates": [],
            "path": "/inv-ecom-configserver/pom.xml"
        },
        {
            "dbs": [],
            "buses": [],
            "servers": [],
            "discos": [],
            "monitors": [],
            "gates": [],
            "path": "/inv-ecom-configserver/target/m2e-wtp/web-resources/META-INF/maven/org.din.ecommerce/inv-ecom-configserver/pom.xml"
        },
        {
            "dbs": [],
            "buses": [],
            "servers": [
                "spring"
            ],
            "discos": [
                "eureka"
            ],
            "monitors": [],
            "gates": [],
            "path": "/inv-ecom-configserver/target/classes/META-INF/maven/org.din.ecommerce/inv-ecom-configserver/pom.xml"
        },
        {
            "dbs": [],
            "buses": [],
            "servers": [
                "spring"
            ],
            "discos": [
                "consul"
            ],
            "monitors": [],
            "gates": [
                "gateway"
            ],
            "path": "/spring-cloud-microservice-example/pom.xml"
        },
        {
            "dbs": [],
            "buses": [],
            "servers": [
                "spring"
            ],
            "discos": [
                "eureka"
            ],
            "monitors": [],
            "gates": [
                "zuul"
            ],
            "path": "/spring-cloud-microservice-example/users-microservice/pom.xml"
        },
        {
            "dbs": [],
            "buses": [],
            "servers": [
                "spring"
            ],
            "discos": [
                "eureka"
            ],
            "monitors": [],
            "gates": [
                "zuul"
            ],
            "path": "/spring-cloud-microservice-example/movie-microservice/pom.xml"
        },
        {
            "dbs": [],
            "buses": [],
            "servers": [
                "spring"
            ],
            "discos": [],
            "monitors": [],
            "gates": [
                "gateway",
                "zuul"
            ],
            "path": "/spring-cloud-microservice-example/api-gateway-microservice/pom.xml"
        },
        {
            "dbs": [],
            "buses": [],
            "servers": [
                "spring"
            ],
            "discos": [],
            "monitors": [],
            "gates": [],
            "path": "/spring-cloud-microservice-example/hystrix-dashboard/pom.xml"
        },
        {
            "dbs": [],
            "buses": [],
            "servers": [
                "spring"
            ],
            "discos": [
                "eureka"
            ],
            "monitors": [],
            "gates": [
                "zuul"
            ],
            "path": "/spring-cloud-microservice-example/recommendation-microservice/pom.xml"
        },
        {
            "dbs": [],
            "buses": [],
            "servers": [
                "spring"
            ],
            "discos": [
                "eureka"
            ],
            "monitors": [],
            "gates": [
                "zuul"
            ],
            "path": "/spring-cloud-microservice-example/movies-ui/pom.xml"
        },
        {
            "dbs": [],
            "buses": [],
            "servers": [
                "spring"
            ],
            "discos": [
                "eureka"
            ],
            "monitors": [],
            "gates": [],
            "path": "/spring-cloud-microservice-example/config-microservice/pom.xml"
        },
        {
            "dbs": [],
            "buses": [],
            "servers": [
                "spring"
            ],
            "discos": [
                "eureka"
            ],
            "monitors": [],
            "gates": [],
            "path": "/spring-cloud-microservice-example/discovery-microservice/pom.xml"
        },
        {
            "dbs": [],
            "buses": [],
            "servers": [
                "spring"
            ],
            "discos": [
                "consul"
            ],
            "monitors": [],
            "gates": [],
            "path": "/spring-cloud-microservice-example/consul-microservice/pom.xml"
        }
    ],
    "langs": [
        "java"
    ],
    "url": "git://github.com/DineshKumarJava/Microservicesproject.git",
    "num_monitors": 0,
    "shared_dbs": false,
    "size": 625,
    "languages": [
        "java"
    ],
    "num_langs": 1,
    "num_buses": 0,
    "avg_size_service": 69.44444444444444,
    "num_files": 33,
    "num_services": 0
}