{
    "num_dockers": 10,
    "commiters": 7,
    "num_services": 13,
    "servers": [
        "spring"
    ],
    "languages": [
        "javascript"
    ],
    "gates": [
        "zuul"
    ],
    "num_langs": 2,
    "langs": [
        "javascript",
        "java"
    ],
    "num_servers": 1,
    "size": 5713,
    "num_buses": 2,
    "url": "git://github.com/Distributed-labs-team/Microservices.git",
    "dbs": [
        "mongo",
        "hazelcast",
        "cassandra"
    ],
    "name": "Distributed-labs-team/Microservices",
    "shared_dbs": true,
    "num_gates": 1,
    "files": [
        {
            "buses": [],
            "dbs": [
                "hazelcast"
            ],
            "path": "/pom.xml",
            "gates": [
                "gateway"
            ],
            "servers": [
                "spring"
            ],
            "discos": [],
            "monitors": []
        },
        {
            "buses": [],
            "dbs": [
                "hazelcast"
            ],
            "path": "/api-gateway/pom.xml",
            "gates": [
                "gateway",
                "zuul"
            ],
            "servers": [
                "spring"
            ],
            "discos": [
                "eureka"
            ],
            "monitors": []
        },
        {
            "buses": [],
            "dbs": [],
            "path": "/config/pom.xml",
            "gates": [],
            "servers": [
                "spring"
            ],
            "discos": [],
            "monitors": []
        },
        {
            "buses": [
                "amqp"
            ],
            "dbs": [
                "hazelcast",
                "mongodb"
            ],
            "path": "/user-service/pom.xml",
            "gates": [],
            "servers": [
                "spring"
            ],
            "discos": [
                "eureka"
            ],
            "monitors": []
        },
        {
            "buses": [
                "amqp"
            ],
            "dbs": [
                "cassandra",
                "hazelcast"
            ],
            "path": "/statistic-service/pom.xml",
            "gates": [],
            "servers": [
                "spring"
            ],
            "discos": [
                "eureka"
            ],
            "monitors": []
        },
        {
            "buses": [],
            "dbs": [],
            "path": "/registry/pom.xml",
            "gates": [],
            "servers": [
                "spring"
            ],
            "discos": [
                "eureka"
            ],
            "monitors": []
        },
        {
            "buses": [],
            "dbs": [
                "hazelcast"
            ],
            "path": "/hazelcast-cache/pom.xml",
            "gates": [],
            "servers": [],
            "discos": [],
            "monitors": []
        },
        {
            "buses": [],
            "dbs": [
                "mongodb"
            ],
            "path": "/domain/pom.xml",
            "gates": [],
            "servers": [
                "spring"
            ],
            "discos": [],
            "monitors": []
        },
        {
            "buses": [
                "amqp"
            ],
            "dbs": [
                "mongo",
                "hazelcast",
                "mongodb"
            ],
            "path": "/product-service/pom.xml",
            "gates": [],
            "servers": [
                "spring"
            ],
            "discos": [
                "eureka"
            ],
            "monitors": []
        },
        {
            "buses": [],
            "dbs": [
                "hazelcast"
            ],
            "path": "/hazelcast-cache-client/pom.xml",
            "gates": [],
            "servers": [
                "spring"
            ],
            "discos": [],
            "monitors": []
        }
    ],
    "monitors": [],
    "num_discos": 1,
    "structure": {
        "detected_dbs": {
            "num": 5,
            "names": [
                "mongo",
                "hazelcast",
                "cassandra"
            ],
            "services": [
                "hazelcast-cache",
                "mongo-primary",
                "mongo-secondary2",
                "mongo-secondary1",
                "statistic-cassandra"
            ],
            "shared_dbs": true
        },
        "services": [
            {
                "buses": [],
                "gates": [],
                "name": "product-service",
                "depends_on": [
                    "config",
                    "registry",
                    "hazelcast-cache",
                    "api-gateway"
                ],
                "monitors": [],
                "dbs": [],
                "servers": [],
                "image": "product-service",
                "image_full": "product-service",
                "discos": []
            },
            {
                "buses": [],
                "gates": [
                    "gateway"
                ],
                "name": "api-gateway",
                "depends_on": [
                    "config",
                    "registry",
                    "hazelcast-cache"
                ],
                "monitors": [],
                "dbs": [],
                "servers": [],
                "image": "api-gateway",
                "image_full": "api-gateway",
                "discos": []
            },
            {
                "buses": [],
                "gates": [],
                "name": "hazelcast-cache",
                "depends_on": [
                    "config",
                    "registry"
                ],
                "monitors": [],
                "dbs": [
                    "hazelcast"
                ],
                "servers": [],
                "image": "hazelcast/hazelcast",
                "image_full": "hazelcast/hazelcast",
                "discos": []
            },
            {
                "buses": [],
                "gates": [],
                "name": "config",
                "depends_on": [],
                "monitors": [],
                "dbs": [],
                "servers": [],
                "image": "config",
                "image_full": "config",
                "discos": []
            },
            {
                "buses": [],
                "gates": [],
                "name": "replica-set-configurer",
                "depends_on": [],
                "monitors": [],
                "dbs": [],
                "servers": [],
                "image": "replica-set-configurer",
                "image_full": "replica-set-configurer",
                "discos": []
            },
            {
                "buses": [],
                "gates": [],
                "name": "mongo-primary",
                "depends_on": [],
                "monitors": [],
                "dbs": [
                    "mongo"
                ],
                "servers": [],
                "image": "mongo",
                "image_full": "mongo:3.4",
                "discos": []
            },
            {
                "buses": [
                    "rabbitmq"
                ],
                "gates": [],
                "name": "rabbitmq",
                "depends_on": [],
                "monitors": [],
                "dbs": [],
                "servers": [],
                "image": "bitnami/rabbitmq",
                "image_full": "bitnami/rabbitmq:latest",
                "discos": []
            },
            {
                "buses": [],
                "gates": [],
                "name": "mongo-secondary2",
                "depends_on": [],
                "monitors": [],
                "dbs": [
                    "mongo"
                ],
                "servers": [],
                "image": "mongo",
                "image_full": "mongo:3.4",
                "discos": []
            },
            {
                "buses": [],
                "gates": [],
                "name": "mongo-secondary1",
                "depends_on": [],
                "monitors": [],
                "dbs": [
                    "mongo"
                ],
                "servers": [],
                "image": "mongo",
                "image_full": "mongo:3.4",
                "discos": []
            },
            {
                "buses": [],
                "gates": [],
                "name": "user-service",
                "depends_on": [
                    "config",
                    "registry",
                    "hazelcast-cache",
                    "api-gateway",
                    "mongo-primary"
                ],
                "monitors": [],
                "dbs": [],
                "servers": [],
                "image": "user-service",
                "image_full": "user-service",
                "discos": []
            },
            {
                "buses": [],
                "gates": [],
                "name": "registry",
                "depends_on": [
                    "config"
                ],
                "monitors": [],
                "dbs": [],
                "servers": [],
                "image": "registry",
                "image_full": "registry",
                "discos": []
            },
            {
                "buses": [],
                "gates": [],
                "name": "statistic-cassandra",
                "depends_on": [],
                "monitors": [],
                "dbs": [
                    "cassandra"
                ],
                "servers": [],
                "image": "cassandra",
                "image_full": "cassandra:latest",
                "discos": []
            },
            {
                "buses": [],
                "gates": [],
                "name": "statistic-service",
                "depends_on": [
                    "config",
                    "registry",
                    "hazelcast-cache",
                    "api-gateway",
                    "rabbitmq",
                    "statistic-cassandra"
                ],
                "monitors": [],
                "dbs": [],
                "servers": [],
                "image": "statistic-service",
                "image_full": "statistic-service",
                "discos": []
            }
        ],
        "num_services": 13,
        "path": "/docker-compose.yml"
    },
    "buses": [
        "rabbitmq",
        "amqp"
    ],
    "avg_size_service": 571.3,
    "images": [
        "mongo",
        "java"
    ],
    "num_files": 21,
    "num_monitors": 0,
    "num_dbs": 3,
    "discos": [
        "eureka"
    ],
    "dockers": [
        {
            "cmd": "java -Xmx200m -jar /app/api-gateway-0.0.1-SNAPSHOT.jar",
            "dbs": [],
            "path": "/api-gateway/Dockerfile",
            "buses": [],
            "monitors": [],
            "servers": [],
            "from": "java",
            "cmd_keywords": [
                "jar",
                "snapshot",
                "app",
                "xmx",
                "api"
            ],
            "keywords": [],
            "gates": [
                "gateway"
            ],
            "from_full": "java:8-jre",
            "langs": [
                "java"
            ],
            "discos": []
        },
        {
            "cmd": "java -Xmx200m -jar /app/config-0.0.1-SNAPSHOT.jar",
            "dbs": [],
            "path": "/config/Dockerfile",
            "buses": [],
            "monitors": [],
            "servers": [],
            "from": "java",
            "cmd_keywords": [
                "jar",
                "config",
                "snapshot",
                "xmx",
                "app"
            ],
            "keywords": [],
            "gates": [],
            "from_full": "java:8-jre",
            "langs": [
                "java"
            ],
            "discos": []
        },
        {
            "cmd": "java -Xmx200m -jar /app/user-service-0.0.1-SNAPSHOT.jar",
            "dbs": [],
            "path": "/user-service/Dockerfile",
            "buses": [],
            "monitors": [],
            "servers": [],
            "from": "java",
            "cmd_keywords": [
                "jar",
                "user",
                "snapshot",
                "xmx",
                "app"
            ],
            "keywords": [],
            "gates": [],
            "from_full": "java:8-jre",
            "langs": [
                "java"
            ],
            "discos": []
        },
        {
            "cmd": "java -Xmx200m -jar /app/statistic-service-0.0.1-SNAPSHOT.jar",
            "dbs": [],
            "path": "/statistic-service/Dockerfile",
            "buses": [],
            "monitors": [],
            "servers": [],
            "from": "java",
            "cmd_keywords": [
                "jar",
                "statistic",
                "snapshot",
                "xmx",
                "app"
            ],
            "keywords": [],
            "gates": [],
            "from_full": "java:8-jre",
            "langs": [
                "java"
            ],
            "discos": []
        },
        {
            "cmd": "/tmp/init.sh",
            "dbs": [
                "mongo"
            ],
            "path": "/replica-set-configurer/Dockerfile",
            "buses": [],
            "monitors": [],
            "servers": [],
            "from": "mongo",
            "cmd_keywords": [
                "tmp",
                "init"
            ],
            "keywords": [],
            "gates": [],
            "from_full": "mongo:3.2",
            "langs": [],
            "discos": []
        },
        {
            "cmd": "java -Xmx200m -jar /app/registry-0.0.1-SNAPSHOT.jar",
            "dbs": [],
            "path": "/registry/Dockerfile",
            "buses": [],
            "monitors": [],
            "servers": [],
            "from": "java",
            "cmd_keywords": [
                "jar",
                "snapshot",
                "xmx",
                "app",
                "registry"
            ],
            "keywords": [],
            "gates": [],
            "from_full": "java:8-jre",
            "langs": [
                "java"
            ],
            "discos": []
        },
        {
            "cmd": "java -Xmx200m -jar /app/hazelcast-cache-0.0.1-SNAPSHOT-jar-with-dependencies.jar",
            "dbs": [
                "hazelcast"
            ],
            "path": "/hazelcast-cache/Dockerfile",
            "buses": [],
            "monitors": [],
            "servers": [],
            "from": "java",
            "cmd_keywords": [
                "jar",
                "hazelcast",
                "with",
                "snapshot",
                "xmx"
            ],
            "keywords": [],
            "gates": [],
            "from_full": "java:8-jre",
            "langs": [
                "java"
            ],
            "discos": []
        },
        {
            "cmd": "java -Xmx200m -jar /app/domain-0.0.1-SNAPSHOT.jar",
            "dbs": [],
            "path": "/domain/Dockerfile",
            "buses": [],
            "monitors": [],
            "servers": [],
            "from": "java",
            "cmd_keywords": [
                "jar",
                "snapshot",
                "xmx",
                "app",
                "java"
            ],
            "keywords": [],
            "gates": [],
            "from_full": "java:8-jre",
            "langs": [
                "java"
            ],
            "discos": []
        },
        {
            "cmd": "java -Xmx200m -jar /app/product-service-0.0.1-SNAPSHOT.jar",
            "dbs": [],
            "path": "/product-service/Dockerfile",
            "buses": [],
            "monitors": [],
            "servers": [],
            "from": "java",
            "cmd_keywords": [
                "jar",
                "snapshot",
                "xmx",
                "app",
                "product"
            ],
            "keywords": [],
            "gates": [],
            "from_full": "java:8-jre",
            "langs": [
                "java"
            ],
            "discos": []
        },
        {
            "cmd": "java -Xmx200m -jar /app/hazelcast-cache-client-0.0.1-SNAPSHOT.jar",
            "dbs": [
                "hazelcast"
            ],
            "path": "/hazelcast-cache-client/Dockerfile",
            "buses": [],
            "monitors": [],
            "servers": [],
            "from": "java",
            "cmd_keywords": [
                "jar",
                "hazelcast",
                "client",
                "snapshot",
                "xmx"
            ],
            "keywords": [],
            "gates": [],
            "from_full": "java:8-jre",
            "langs": [
                "java"
            ],
            "discos": []
        }
    ]
}