{
    "num_servers": 2,
    "num_monitors": 0,
    "commiters": 1,
    "num_discos": 0,
    "files": [
        {
            "buses": [],
            "dbs": [],
            "servers": [
                "node",
                "express"
            ],
            "monitors": [],
            "gates": [],
            "discos": [],
            "path": "/data/package.json"
        },
        {
            "buses": [],
            "dbs": [],
            "servers": [
                "node",
                "express"
            ],
            "monitors": [],
            "gates": [],
            "discos": [],
            "path": "/notifications/package.json"
        },
        {
            "buses": [],
            "dbs": [],
            "servers": [
                "node",
                "express"
            ],
            "monitors": [],
            "gates": [],
            "discos": [],
            "path": "/auth/package.json"
        }
    ],
    "url": "git://github.com/DLMousey/Microservices-Tinker.git",
    "discos": [],
    "num_langs": 1,
    "langs": [
        "typescript"
    ],
    "num_services": 4,
    "shared_dbs": false,
    "images": [
        "node"
    ],
    "avg_size_service": 159.0,
    "num_gates": 1,
    "num_buses": 0,
    "dbs": [],
    "servers": [
        "node",
        "express"
    ],
    "structure": {
        "services": [
            {
                "name": "data",
                "buses": [],
                "dbs": [],
                "servers": [
                    "node"
                ],
                "image_full": "node:latest",
                "gates": [],
                "discos": [],
                "depends_on": [],
                "image": "node",
                "monitors": []
            },
            {
                "name": "auth",
                "buses": [],
                "dbs": [],
                "servers": [
                    "node"
                ],
                "image_full": "node:latest",
                "gates": [],
                "discos": [],
                "depends_on": [],
                "image": "node",
                "monitors": []
            },
            {
                "name": "notifications",
                "buses": [],
                "dbs": [],
                "servers": [
                    "node"
                ],
                "image_full": "node:latest",
                "gates": [],
                "discos": [],
                "depends_on": [],
                "image": "node",
                "monitors": []
            },
            {
                "name": "nginx",
                "buses": [],
                "dbs": [],
                "servers": [],
                "image_full": "nginx:latest",
                "gates": [
                    "nginx"
                ],
                "discos": [],
                "depends_on": [
                    "auth",
                    "data"
                ],
                "image": "nginx",
                "monitors": []
            }
        ],
        "num_services": 4,
        "detected_dbs": {
            "num": 0,
            "shared_dbs": false,
            "names": [],
            "services": []
        },
        "path": "/docker-compose.yml"
    },
    "num_dockers": 1,
    "num_files": 5,
    "name": "DLMousey/Microservices-Tinker",
    "dockers": [
        {
            "dbs": [],
            "servers": [
                "node"
            ],
            "keywords": [
                "npm",
                "src",
                "all",
                "app",
                "run"
            ],
            "from_full": "node:12.0",
            "cmd_keywords": [
                "run",
                "server",
                "npm"
            ],
            "cmd": "npm run server",
            "langs": [],
            "buses": [],
            "monitors": [],
            "gates": [],
            "discos": [],
            "from": "node",
            "path": "/data/Dockerfile"
        }
    ],
    "buses": [],
    "monitors": [],
    "gates": [
        "nginx"
    ],
    "size": 159,
    "languages": [
        "typescript"
    ],
    "num_dbs": 0
}