{
    "num_discos": 0,
    "structure": {
        "detected_dbs": {
            "num": 0,
            "shared_dbs": false,
            "names": [],
            "services": []
        },
        "num_services": 0,
        "path": [],
        "services": []
    },
    "buses": [],
    "servers": [],
    "name": "dotcoreltd/Microservice-Template",
    "num_gates": 0,
    "gates": [],
    "num_dbs": 0,
    "discos": [],
    "num_servers": 0,
    "num_dockers": 1,
    "dockers": [
        {
            "cmd": "",
            "dbs": [],
            "cmd_keywords": [],
            "buses": [],
            "monitors": [],
            "from": "mcr.microsoft.com/dotnet/core/aspnet",
            "langs": [],
            "keywords": [
                "file",
                "csproj",
                "microservice",
                "dotnet",
                "template"
            ],
            "gates": [],
            "from_full": "mcr.microsoft.com/dotnet/core/aspnet:3.1",
            "discos": [],
            "path": "/Dockerfile",
            "servers": []
        }
    ],
    "dbs": [],
    "images": [
        "mcr.microsoft.com/dotnet/core/aspnet"
    ],
    "commiters": 2,
    "monitors": [],
    "files": [],
    "langs": [
        "dockerfile",
        "c#"
    ],
    "url": "git://github.com/dotcoreltd/Microservice-Template.git",
    "num_monitors": 0,
    "shared_dbs": false,
    "size": 24,
    "languages": [
        "c#",
        "dockerfile"
    ],
    "num_langs": 2,
    "num_buses": 0,
    "avg_size_service": 24.0,
    "num_files": 2,
    "num_services": 0
}