{
    "num_discos": 0,
    "structure": {
        "detected_dbs": {
            "num": 1,
            "shared_dbs": false,
            "names": [
                "mysql"
            ],
            "services": [
                "app-db"
            ]
        },
        "num_services": 2,
        "path": "/docker-compose.yml",
        "services": [
            {
                "dbs": [
                    "mysql"
                ],
                "buses": [],
                "servers": [],
                "discos": [],
                "monitors": [],
                "image_full": "mysql",
                "depends_on": [],
                "name": "app-db",
                "gates": [],
                "image": "mysql"
            },
            {
                "dbs": [],
                "buses": [],
                "servers": [],
                "discos": [],
                "monitors": [],
                "image_full": "dtran10/audit-microservice",
                "depends_on": [],
                "name": "microservice",
                "gates": [],
                "image": "dtran10/audit-microservice"
            }
        ]
    },
    "buses": [],
    "servers": [
        "spring"
    ],
    "name": "dtran10/audit-spring-boot",
    "num_gates": 0,
    "gates": [],
    "num_dbs": 1,
    "discos": [],
    "num_servers": 1,
    "num_dockers": 1,
    "dockers": [
        {
            "cmd": "",
            "dbs": [],
            "cmd_keywords": [],
            "buses": [],
            "monitors": [],
            "from": "openjdk",
            "langs": [],
            "keywords": [],
            "gates": [],
            "from_full": "openjdk:8",
            "discos": [],
            "path": "/Dockerfile",
            "servers": []
        }
    ],
    "dbs": [
        "mysql"
    ],
    "images": [
        "openjdk"
    ],
    "commiters": 2,
    "monitors": [],
    "files": [
        {
            "dbs": [
                "mysql",
                "hsqldb"
            ],
            "buses": [],
            "servers": [
                "spring"
            ],
            "discos": [],
            "monitors": [],
            "gates": [],
            "path": "/build.gradle"
        },
        {
            "dbs": [],
            "buses": [],
            "servers": [],
            "discos": [],
            "monitors": [],
            "gates": [],
            "path": "/settings.gradle"
        }
    ],
    "langs": [
        "java"
    ],
    "url": "git://github.com/dtran10/audit-spring-boot.git",
    "num_monitors": 0,
    "shared_dbs": false,
    "size": 112,
    "languages": [
        "java"
    ],
    "num_langs": 1,
    "num_buses": 0,
    "avg_size_service": 112.0,
    "num_files": 4,
    "num_services": 2
}