{
    "files": [
        {
            "gates": [],
            "discos": [],
            "servers": [
                "node"
            ],
            "monitors": [],
            "buses": [],
            "dbs": [],
            "path": "/package.json"
        }
    ],
    "num_services": 0,
    "languages": [
        "javascript",
        "html"
    ],
    "shared_dbs": false,
    "num_discos": 0,
    "num_dbs": 0,
    "gates": [],
    "num_files": 3,
    "num_langs": 2,
    "avg_size_service": 12805.0,
    "num_monitors": 0,
    "dockers": [
        {
            "cmd": "sails lift --prod",
            "from": "duraark/microservice-base",
            "from_full": "duraark/microservice-base",
            "servers": [],
            "buses": [],
            "dbs": [],
            "path": "/Dockerfile",
            "gates": [],
            "discos": [],
            "keywords": [
                "npm",
                "install"
            ],
            "cmd_keywords": [
                "lift",
                "sails",
                "prod"
            ],
            "langs": [],
            "monitors": []
        }
    ],
    "size": 12805,
    "langs": [
        "html",
        "javascript"
    ],
    "num_buses": 0,
    "images": [
        "duraark/microservice-base"
    ],
    "servers": [
        "node"
    ],
    "commiters": 3,
    "buses": [],
    "dbs": [],
    "name": "DURAARK/duraark-sda",
    "discos": [],
    "url": "git://github.com/DURAARK/duraark-sda.git",
    "num_servers": 1,
    "monitors": [],
    "num_gates": 0,
    "structure": {
        "detected_dbs": {
            "names": [],
            "services": [],
            "num": 0,
            "shared_dbs": false
        },
        "services": [],
        "num_services": 0,
        "path": "/docker-compose.yml"
    },
    "num_dockers": 1
}