{
    "url": "git://github.com/E-Edu/report.git",
    "num_monitors": 0,
    "num_dbs": 0,
    "num_langs": 1,
    "num_files": 3,
    "num_buses": 0,
    "num_servers": 1,
    "images": [
        "python"
    ],
    "langs": [
        "python"
    ],
    "size": 143,
    "structure": {
        "path": "/docker-compose.yml",
        "detected_dbs": {
            "num": 0,
            "shared_dbs": false,
            "services": [],
            "names": []
        },
        "services": [],
        "num_services": 0
    },
    "buses": [],
    "discos": [],
    "monitors": [],
    "gates": [],
    "dbs": [],
    "avg_size_service": 143.0,
    "num_gates": 0,
    "languages": [
        "python"
    ],
    "dockers": [
        {
            "buses": [],
            "path": "/Dockerfile",
            "keywords": [
                "dev",
                "pip",
                "install",
                "libxslt",
                "gnupg"
            ],
            "from": "python",
            "servers": [],
            "langs": [
                "python"
            ],
            "discos": [],
            "dbs": [],
            "monitors": [],
            "cmd_keywords": [
                "log",
                "debug",
                "wsgi",
                "workers",
                "level"
            ],
            "cmd": "gunicorn --workers 4 wsgi:application --bind 0.0.0.0:80 --log-syslog --log-level DEBUG",
            "gates": [],
            "from_full": "python:3.7-alpine"
        }
    ],
    "num_services": 0,
    "servers": [
        "flask"
    ],
    "num_dockers": 1,
    "name": "E-Edu/report",
    "commiters": 7,
    "shared_dbs": false,
    "num_discos": 0,
    "files": [
        {
            "dbs": [],
            "path": "/requirements.txt",
            "monitors": [],
            "servers": [
                "flask"
            ],
            "gates": [],
            "buses": [],
            "discos": []
        }
    ]
}