{
    "num_discos": 0,
    "structure": {
        "detected_dbs": {
            "num": 0,
            "shared_dbs": false,
            "names": [],
            "services": []
        },
        "num_services": 0,
        "path": [],
        "services": []
    },
    "buses": [],
    "servers": [
        "spring",
        "glassfish"
    ],
    "name": "easyms/easyms-sdk",
    "num_gates": 0,
    "gates": [],
    "num_dbs": 1,
    "discos": [],
    "num_servers": 2,
    "num_dockers": 0,
    "dockers": [],
    "dbs": [
        "sql"
    ],
    "images": [],
    "commiters": 8,
    "monitors": [],
    "files": [
        {
            "dbs": [
                "sql"
            ],
            "buses": [],
            "servers": [
                "spring",
                "glassfish"
            ],
            "discos": [],
            "monitors": [],
            "gates": [],
            "path": "/pom.xml"
        },
        {
            "dbs": [],
            "buses": [],
            "servers": [],
            "discos": [],
            "monitors": [],
            "gates": [],
            "path": "/easyms-samples/pom.xml"
        },
        {
            "dbs": [],
            "buses": [],
            "servers": [
                "spring"
            ],
            "discos": [],
            "monitors": [],
            "gates": [],
            "path": "/easyms-samples/easyms-secured-sample-ms/pom.xml"
        },
        {
            "dbs": [],
            "buses": [],
            "servers": [
                "spring"
            ],
            "discos": [],
            "monitors": [],
            "gates": [],
            "path": "/easyms-samples/easyms-secured-azure-ad-sample-ms/pom.xml"
        },
        {
            "dbs": [],
            "buses": [],
            "servers": [],
            "discos": [],
            "monitors": [],
            "gates": [],
            "path": "/easyms-samples/easyms-sample-ms/pom.xml"
        },
        {
            "dbs": [],
            "buses": [],
            "servers": [
                "spring"
            ],
            "discos": [],
            "monitors": [],
            "gates": [],
            "path": "/easyms-test/pom.xml"
        },
        {
            "dbs": [],
            "buses": [],
            "servers": [
                "spring"
            ],
            "discos": [],
            "monitors": [],
            "gates": [],
            "path": "/easyms-basic-starter/pom.xml"
        },
        {
            "dbs": [],
            "buses": [],
            "servers": [
                "spring"
            ],
            "discos": [],
            "monitors": [],
            "gates": [],
            "path": "/easyms-azure-test/pom.xml"
        },
        {
            "dbs": [],
            "buses": [],
            "servers": [
                "spring"
            ],
            "discos": [],
            "monitors": [],
            "gates": [],
            "path": "/easyms-rest-starter/pom.xml"
        },
        {
            "dbs": [],
            "buses": [],
            "servers": [
                "spring"
            ],
            "discos": [],
            "monitors": [],
            "gates": [],
            "path": "/easyms-logging-starter/pom.xml"
        },
        {
            "dbs": [],
            "buses": [],
            "servers": [
                "spring"
            ],
            "discos": [],
            "monitors": [],
            "gates": [],
            "path": "/easyms-azure-ad-secured-rest-starter/pom.xml"
        },
        {
            "dbs": [],
            "buses": [],
            "servers": [
                "spring"
            ],
            "discos": [],
            "monitors": [],
            "gates": [],
            "path": "/easyms-secured-rest-starter/pom.xml"
        }
    ],
    "langs": [
        "java"
    ],
    "url": "git://github.com/easyms/easyms-sdk.git",
    "num_monitors": 0,
    "shared_dbs": false,
    "size": 262,
    "languages": [
        "java"
    ],
    "num_langs": 1,
    "num_buses": 0,
    "avg_size_service": 262.0,
    "num_files": 13,
    "num_services": 0
}