{
    "files": [
        {
            "gates": [],
            "discos": [],
            "servers": [
                "node",
                "express"
            ],
            "monitors": [],
            "buses": [],
            "dbs": [],
            "path": "/package.json"
        }
    ],
    "num_services": 0,
    "languages": [
        "typescript",
        "html",
        "css"
    ],
    "shared_dbs": false,
    "num_discos": 0,
    "num_dbs": 0,
    "gates": [],
    "num_files": 3,
    "num_langs": 3,
    "avg_size_service": 294.0,
    "num_monitors": 0,
    "dockers": [
        {
            "cmd": "node /dist/server.js",
            "from": "node",
            "from_full": "node",
            "servers": [
                "node"
            ],
            "buses": [],
            "dbs": [],
            "path": "/Dockerfile",
            "gates": [],
            "discos": [],
            "keywords": [],
            "cmd_keywords": [
                "node",
                "server",
                "dist"
            ],
            "langs": [],
            "monitors": []
        }
    ],
    "size": 294,
    "langs": [
        "typescript",
        "css",
        "html"
    ],
    "num_buses": 0,
    "images": [
        "node"
    ],
    "servers": [
        "node",
        "express"
    ],
    "commiters": 2,
    "buses": [],
    "dbs": [],
    "name": "EgorRepnikov/artaeum-frontend",
    "discos": [],
    "url": "git://github.com/EgorRepnikov/artaeum-frontend.git",
    "num_servers": 2,
    "monitors": [],
    "num_gates": 0,
    "structure": {
        "detected_dbs": {
            "names": [],
            "services": [],
            "num": 0,
            "shared_dbs": false
        },
        "services": [],
        "num_services": 0,
        "path": []
    },
    "num_dockers": 1
}