{
    "monitors": [],
    "name": "electrocucaracha/grimoirelab",
    "size": 402,
    "num_monitors": 0,
    "images": [
        "python"
    ],
    "dbs": [
        "redis"
    ],
    "commiters": 1,
    "langs": [
        "shell",
        "python",
        "hcl"
    ],
    "url": "git://github.com/electrocucaracha/grimoirelab.git",
    "num_buses": 0,
    "shared_dbs": true,
    "buses": [],
    "gates": [],
    "languages": [
        "shell",
        "hcl"
    ],
    "num_files": 5,
    "files": [],
    "num_gates": 0,
    "num_discos": 0,
    "num_services": 9,
    "num_langs": 3,
    "structure": {
        "detected_dbs": {
            "num": 2,
            "shared_dbs": true,
            "names": [
                "redis",
                "mariadb"
            ],
            "services": [
                "mariadb",
                "redis"
            ]
        },
        "num_services": 9,
        "path": "/docker-compose.yml",
        "services": [
            {
                "monitors": [],
                "depends_on": [
                    "redis"
                ],
                "servers": [],
                "name": "arthurw",
                "image": "electrocucaracha/grimoirelab-kingarthur",
                "discos": [],
                "image_full": "electrocucaracha/grimoirelab-kingarthur:0.1.18",
                "buses": [],
                "dbs": [],
                "gates": []
            },
            {
                "monitors": [],
                "depends_on": [],
                "servers": [],
                "name": "elasticsearch",
                "image": "bitergia/elasticsearch",
                "discos": [],
                "image_full": "bitergia/elasticsearch:6.1.0",
                "buses": [],
                "dbs": [],
                "gates": []
            },
            {
                "monitors": [],
                "depends_on": [
                    "elasticsearch"
                ],
                "servers": [],
                "name": "kibiter",
                "image": "bitergia/kibiter",
                "discos": [],
                "image_full": "bitergia/kibiter:community-v6.1.4-3",
                "buses": [],
                "dbs": [],
                "gates": []
            },
            {
                "monitors": [],
                "depends_on": [],
                "servers": [],
                "name": "mariadb",
                "image": "mariadb",
                "discos": [],
                "image_full": "mariadb:10.1.38",
                "buses": [],
                "dbs": [
                    "mariadb"
                ],
                "gates": []
            },
            {
                "monitors": [],
                "depends_on": [],
                "servers": [],
                "name": "elasticsearch_node",
                "image": "bitergia/elasticsearch",
                "discos": [],
                "image_full": "bitergia/elasticsearch:6.1.0",
                "buses": [],
                "dbs": [],
                "gates": []
            },
            {
                "monitors": [],
                "depends_on": [
                    "elasticsearch",
                    "arthurd",
                    "redis",
                    "sortinghat"
                ],
                "servers": [],
                "name": "mordred",
                "image": "electrocucaracha/grimoirelab-sirmordred",
                "discos": [],
                "image_full": "electrocucaracha/grimoirelab-sirmordred:0.2.25",
                "buses": [],
                "dbs": [],
                "gates": []
            },
            {
                "monitors": [],
                "depends_on": [],
                "servers": [],
                "name": "redis",
                "image": "redis",
                "discos": [],
                "image_full": "redis:5.0.5",
                "buses": [],
                "dbs": [
                    "redis"
                ],
                "gates": []
            },
            {
                "monitors": [],
                "depends_on": [
                    "mariadb"
                ],
                "servers": [],
                "name": "sortinghat",
                "image": "electrocucaracha/grimoirelab-sortinghat",
                "discos": [],
                "image_full": "electrocucaracha/grimoirelab-sortinghat:0.7.7",
                "buses": [],
                "dbs": [],
                "gates": []
            },
            {
                "monitors": [],
                "depends_on": [
                    "redis",
                    "elasticsearch"
                ],
                "servers": [],
                "name": "arthurd",
                "image": "electrocucaracha/grimoirelab-kingarthur",
                "discos": [],
                "image_full": "electrocucaracha/grimoirelab-kingarthur:0.1.18",
                "buses": [],
                "dbs": [],
                "gates": []
            }
        ]
    },
    "num_dbs": 1,
    "num_dockers": 4,
    "dockers": [
        {
            "monitors": [],
            "keywords": [
                "sirmordred",
                "cache",
                "install",
                "conf",
                "pip"
            ],
            "path": "/sirmordred/Dockerfile",
            "dbs": [],
            "cmd": "sirmordred -c setup.cfg",
            "from_full": "python:3.6",
            "servers": [],
            "langs": [
                "python"
            ],
            "from": "python",
            "discos": [],
            "buses": [],
            "cmd_keywords": [
                "sirmordred",
                "cfg",
                "setup"
            ],
            "gates": []
        },
        {
            "monitors": [],
            "keywords": [
                "install",
                "cache",
                "pip",
                "kingarthur",
                "dir"
            ],
            "path": "/kingarthur/Dockerfile",
            "dbs": [],
            "cmd": "",
            "from_full": "python:3.6",
            "servers": [],
            "langs": [
                "python"
            ],
            "from": "python",
            "discos": [],
            "buses": [],
            "cmd_keywords": [],
            "gates": []
        },
        {
            "monitors": [],
            "keywords": [
                "install",
                "pip",
                "manage",
                "python",
                "requirements"
            ],
            "path": "/bestiary/Dockerfile",
            "dbs": [],
            "cmd": "gunicorn django_bestiary.wsgi --bind 0.0.0.0:8000",
            "from_full": "python:3.6",
            "servers": [
                "django"
            ],
            "langs": [
                "python"
            ],
            "from": "python",
            "discos": [],
            "buses": [],
            "cmd_keywords": [
                "bind",
                "wsgi",
                "django",
                "bestiary",
                "gunicorn"
            ],
            "gates": []
        },
        {
            "monitors": [],
            "keywords": [
                "sortinghat",
                "install",
                "cache",
                "pip",
                "dir"
            ],
            "path": "/sortinghat/Dockerfile",
            "dbs": [],
            "cmd": "",
            "from_full": "python:3.6",
            "servers": [],
            "langs": [
                "python"
            ],
            "from": "python",
            "discos": [],
            "buses": [],
            "cmd_keywords": [],
            "gates": []
        }
    ],
    "servers": [
        "django"
    ],
    "discos": [],
    "avg_size_service": 100.5,
    "num_servers": 1
}