{
    "num_servers": 2,
    "num_monitors": 0,
    "commiters": 1,
    "num_discos": 0,
    "files": [
        {
            "buses": [],
            "dbs": [],
            "servers": [
                "flask"
            ],
            "monitors": [],
            "gates": [],
            "discos": [],
            "path": "/package.json"
        }
    ],
    "url": "git://github.com/empalms/flask-microservices-client.git",
    "discos": [],
    "num_langs": 2,
    "langs": [
        "html",
        "javascript"
    ],
    "num_services": 0,
    "shared_dbs": false,
    "images": [
        "node"
    ],
    "avg_size_service": 715.0,
    "num_gates": 0,
    "num_buses": 0,
    "dbs": [],
    "servers": [
        "flask",
        "node"
    ],
    "structure": {
        "services": [],
        "num_services": 0,
        "detected_dbs": {
            "num": 0,
            "shared_dbs": false,
            "names": [],
            "services": []
        },
        "path": []
    },
    "num_dockers": 1,
    "num_files": 3,
    "name": "empalms/flask-microservices-client",
    "dockers": [
        {
            "dbs": [],
            "servers": [
                "node"
            ],
            "keywords": [
                "npm",
                "silent",
                "install",
                "server",
                "src"
            ],
            "from_full": "node:latest",
            "cmd_keywords": [
                "server",
                "build",
                "pushstate"
            ],
            "cmd": "pushstate-server build",
            "langs": [],
            "buses": [],
            "monitors": [],
            "gates": [],
            "discos": [],
            "from": "node",
            "path": "/Dockerfile"
        }
    ],
    "buses": [],
    "monitors": [],
    "gates": [],
    "size": 715,
    "languages": [
        "javascript",
        "html"
    ],
    "num_dbs": 0
}