{
    "files": [],
    "num_services": 0,
    "languages": [
        "c#"
    ],
    "shared_dbs": false,
    "num_discos": 0,
    "num_dbs": 0,
    "gates": [],
    "num_files": 2,
    "num_langs": 1,
    "avg_size_service": 4069.0,
    "num_monitors": 0,
    "dockers": [
        {
            "cmd": "",
            "from": "base",
            "from_full": "base",
            "servers": [],
            "buses": [],
            "dbs": [],
            "path": "/EmployeeMicroservice/EmployeeMicroservice/Dockerfile",
            "gates": [],
            "discos": [],
            "keywords": [
                "employeemicroservice",
                "csproj",
                "dotnet",
                "app",
                "release"
            ],
            "cmd_keywords": [],
            "langs": [],
            "monitors": []
        }
    ],
    "size": 4069,
    "langs": [
        "c#"
    ],
    "num_buses": 0,
    "images": [
        "base"
    ],
    "servers": [],
    "commiters": 1,
    "buses": [],
    "dbs": [],
    "name": "ermias111/CrudApi-Using-Sql-Server",
    "discos": [],
    "url": "git://github.com/ermias111/CrudApi-Using-Sql-Server.git",
    "num_servers": 0,
    "monitors": [],
    "num_gates": 0,
    "structure": {
        "detected_dbs": {
            "names": [],
            "services": [],
            "num": 0,
            "shared_dbs": false
        },
        "services": [],
        "num_services": 0,
        "path": []
    },
    "num_dockers": 1
}