{
    "files": [
        {
            "path": "/package.json",
            "monitors": [],
            "gates": [],
            "servers": [
                "express",
                "node"
            ],
            "buses": [],
            "dbs": [],
            "discos": []
        }
    ],
    "servers": [
        "express",
        "node"
    ],
    "discos": [],
    "num_buses": 0,
    "buses": [],
    "langs": [
        "typescript"
    ],
    "num_files": 3,
    "dbs": [],
    "languages": [
        "typescript"
    ],
    "num_servers": 2,
    "num_langs": 1,
    "avg_size_service": 1749.0,
    "shared_dbs": false,
    "num_gates": 0,
    "gates": [],
    "size": 1749,
    "url": "git://github.com/ERS-HCL/nxplorerjs-microservice-starter.git",
    "name": "ERS-HCL/nxplorerjs-microservice-starter",
    "num_services": 2,
    "structure": {
        "services": [
            {
                "depends_on": [],
                "name": "nxplorerjs-microservice",
                "monitors": [],
                "discos": [],
                "servers": [],
                "buses": [],
                "image_full": ".",
                "image": ".",
                "dbs": [],
                "gates": []
            },
            {
                "depends_on": [],
                "name": "hystrix",
                "monitors": [],
                "discos": [],
                "servers": [],
                "buses": [],
                "image_full": "tsukhu/hystrix-dash",
                "image": "tsukhu/hystrix-dash",
                "dbs": [],
                "gates": []
            }
        ],
        "path": "/docker-compose.yml",
        "detected_dbs": {
            "shared_dbs": false,
            "names": [],
            "num": 0,
            "services": []
        },
        "num_services": 2
    },
    "commiters": 7,
    "num_dbs": 0,
    "images": [
        "node"
    ],
    "num_monitors": 0,
    "dockers": [
        {
            "from": "node",
            "path": "/Dockerfile",
            "gates": [],
            "keywords": [
                "www",
                "var",
                "mkdir",
                "npm",
                "logs"
            ],
            "buses": [],
            "cmd_keywords": [
                "main",
                "node"
            ],
            "servers": [
                "node"
            ],
            "langs": [],
            "dbs": [],
            "from_full": "node:dubnium",
            "cmd": "node main",
            "monitors": [],
            "discos": []
        }
    ],
    "monitors": [],
    "num_discos": 0,
    "num_dockers": 1
}