{
    "buses": [],
    "size": 295604,
    "url": "git://github.com/ewanlee/sms.git",
    "num_discos": 1,
    "gates": [
        "zuul"
    ],
    "num_langs": 3,
    "name": "ewanlee/sms",
    "images": [
        "alpine",
        "ewolff/docker-java"
    ],
    "monitors": [
        "turbine"
    ],
    "files": [
        {
            "servers": [
                "spring"
            ],
            "buses": [],
            "dbs": [],
            "monitors": [
                "turbine"
            ],
            "discos": [
                "eureka"
            ],
            "path": "/microservice-demo/pom.xml",
            "gates": [
                "zuul"
            ]
        },
        {
            "servers": [
                "spring"
            ],
            "buses": [],
            "dbs": [],
            "monitors": [],
            "discos": [
                "eureka"
            ],
            "path": "/microservice-demo/microservice-demo-eureka-server/pom.xml",
            "gates": []
        },
        {
            "servers": [
                "spring"
            ],
            "buses": [],
            "dbs": [
                "hsqldb"
            ],
            "monitors": [],
            "discos": [
                "eureka"
            ],
            "path": "/microservice-demo/microservice-demo-customer/pom.xml",
            "gates": []
        },
        {
            "servers": [
                "spring"
            ],
            "buses": [],
            "dbs": [],
            "monitors": [],
            "discos": [
                "eureka"
            ],
            "path": "/microservice-demo/microservice-demo-zuul-server/pom.xml",
            "gates": [
                "zuul"
            ]
        },
        {
            "servers": [
                "spring"
            ],
            "buses": [],
            "dbs": [],
            "monitors": [
                "turbine"
            ],
            "discos": [],
            "path": "/microservice-demo/microservice-demo-turbine-server/pom.xml",
            "gates": []
        },
        {
            "servers": [
                "spring"
            ],
            "buses": [],
            "dbs": [
                "hsqldb"
            ],
            "monitors": [],
            "discos": [
                "eureka"
            ],
            "path": "/microservice-demo/microservice-demo-catalog/pom.xml",
            "gates": []
        },
        {
            "servers": [
                "spring"
            ],
            "buses": [],
            "dbs": [
                "hsqldb"
            ],
            "monitors": [],
            "discos": [
                "eureka"
            ],
            "path": "/microservice-demo/microservice-demo-order/pom.xml",
            "gates": []
        }
    ],
    "discos": [
        "eureka"
    ],
    "num_dbs": 1,
    "dockers": [
        {
            "buses": [],
            "from": "alpine",
            "cmd": "",
            "keywords": [
                "java",
                "home",
                "jre",
                "lib",
                "bin"
            ],
            "dbs": [
                "oracle"
            ],
            "gates": [],
            "path": "/docker/java/Dockerfile",
            "langs": [
                "java"
            ],
            "servers": [],
            "from_full": "alpine:3.2",
            "monitors": [],
            "discos": [],
            "cmd_keywords": []
        },
        {
            "buses": [],
            "from": "ewolff/docker-java",
            "cmd": "/usr/bin/java -Xmx400m -Xms400m -jar microservice-demo-eureka-server-0.0.1-SNAPSHOT.jar",
            "keywords": [],
            "dbs": [],
            "gates": [],
            "path": "/microservice-demo/microservice-demo-eureka-server/Dockerfile",
            "langs": [
                "java"
            ],
            "servers": [],
            "from_full": "ewolff/docker-java",
            "monitors": [],
            "discos": [
                "eureka"
            ],
            "cmd_keywords": [
                "jar",
                "usr",
                "java",
                "snapshot",
                "bin"
            ]
        },
        {
            "buses": [],
            "from": "ewolff/docker-java",
            "cmd": "/usr/bin/java -Xmx400m -Xms400m -jar microservice-demo-customer-0.0.1-SNAPSHOT.jar",
            "keywords": [],
            "dbs": [],
            "gates": [],
            "path": "/microservice-demo/microservice-demo-customer/Dockerfile",
            "langs": [
                "java"
            ],
            "servers": [],
            "from_full": "ewolff/docker-java",
            "monitors": [],
            "discos": [],
            "cmd_keywords": [
                "jar",
                "usr",
                "java",
                "customer",
                "bin"
            ]
        },
        {
            "buses": [],
            "from": "ewolff/docker-java",
            "cmd": "/usr/bin/java -Xmx600m -Xms600m -jar microservice-demo-zuul-server-0.0.1-SNAPSHOT.jar",
            "keywords": [],
            "dbs": [],
            "gates": [
                "zuul"
            ],
            "path": "/microservice-demo/microservice-demo-zuul-server/Dockerfile",
            "langs": [
                "java"
            ],
            "servers": [],
            "from_full": "ewolff/docker-java",
            "monitors": [],
            "discos": [],
            "cmd_keywords": [
                "jar",
                "usr",
                "java",
                "zuul",
                "bin"
            ]
        },
        {
            "buses": [],
            "from": "ewolff/docker-java",
            "cmd": "/usr/bin/java -Xmx400m -Xms400m -jar microservice-demo-turbine-server-0.0.1-SNAPSHOT.jar",
            "keywords": [],
            "dbs": [],
            "gates": [],
            "path": "/microservice-demo/microservice-demo-turbine-server/Dockerfile",
            "langs": [
                "java"
            ],
            "servers": [],
            "from_full": "ewolff/docker-java",
            "monitors": [
                "turbine"
            ],
            "discos": [],
            "cmd_keywords": [
                "jar",
                "usr",
                "java",
                "snapshot",
                "bin"
            ]
        },
        {
            "buses": [],
            "from": "ewolff/docker-java",
            "cmd": "/usr/bin/java -Xmx400m -Xms400m -jar microservice-demo-catalog-0.0.1-SNAPSHOT.jar",
            "keywords": [],
            "dbs": [],
            "gates": [],
            "path": "/microservice-demo/microservice-demo-catalog/Dockerfile",
            "langs": [
                "java"
            ],
            "servers": [],
            "from_full": "ewolff/docker-java",
            "monitors": [],
            "discos": [],
            "cmd_keywords": [
                "jar",
                "usr",
                "java",
                "snapshot",
                "bin"
            ]
        },
        {
            "buses": [],
            "from": "ewolff/docker-java",
            "cmd": "/usr/bin/java -Xmx400m -Xms400m -jar microservice-demo-order-0.0.1-SNAPSHOT.jar",
            "keywords": [],
            "dbs": [],
            "gates": [],
            "path": "/microservice-demo/microservice-demo-order/Dockerfile",
            "langs": [
                "java"
            ],
            "servers": [],
            "from_full": "ewolff/docker-java",
            "monitors": [],
            "discos": [],
            "cmd_keywords": [
                "jar",
                "usr",
                "java",
                "snapshot",
                "bin"
            ]
        }
    ],
    "commiters": 2,
    "num_services": 6,
    "num_buses": 0,
    "avg_size_service": 42229.142857142855,
    "dbs": [
        "oracle"
    ],
    "shared_dbs": false,
    "languages": [
        "java",
        "html",
        "javascript"
    ],
    "langs": [
        "javascript",
        "java",
        "html"
    ],
    "servers": [
        "spring"
    ],
    "structure": {
        "detected_dbs": {
            "num": 0,
            "names": [],
            "services": [],
            "shared_dbs": false
        },
        "path": "/docker/docker-compose.yml",
        "num_services": 6,
        "services": [
            {
                "servers": [],
                "buses": [],
                "image": "../microservice-demo/microservice-demo-catalog",
                "name": "catalog",
                "monitors": [],
                "image_full": "../microservice-demo/microservice-demo-catalog",
                "discos": [],
                "dbs": [],
                "depends_on": [
                    "eureka"
                ],
                "gates": []
            },
            {
                "servers": [],
                "buses": [],
                "image": "../microservice-demo/microservice-demo-zuul-server",
                "name": "zuul",
                "monitors": [],
                "image_full": "../microservice-demo/microservice-demo-zuul-server",
                "discos": [],
                "dbs": [],
                "depends_on": [
                    "eureka"
                ],
                "gates": [
                    "zuul"
                ]
            },
            {
                "servers": [],
                "buses": [],
                "image": "../microservice-demo/microservice-demo-customer",
                "name": "customer",
                "monitors": [],
                "image_full": "../microservice-demo/microservice-demo-customer",
                "discos": [],
                "dbs": [],
                "depends_on": [
                    "eureka"
                ],
                "gates": []
            },
            {
                "servers": [],
                "buses": [],
                "image": "../microservice-demo/microservice-demo-turbine-server",
                "name": "turbine",
                "monitors": [
                    "turbine"
                ],
                "image_full": "../microservice-demo/microservice-demo-turbine-server",
                "discos": [],
                "dbs": [],
                "depends_on": [
                    "eureka"
                ],
                "gates": []
            },
            {
                "servers": [],
                "buses": [],
                "image": "../microservice-demo/microservice-demo-order",
                "name": "order",
                "monitors": [],
                "image_full": "../microservice-demo/microservice-demo-order",
                "discos": [],
                "dbs": [],
                "depends_on": [
                    "eureka"
                ],
                "gates": []
            },
            {
                "servers": [],
                "buses": [],
                "image": "../microservice-demo/microservice-demo-eureka-server",
                "name": "eureka",
                "monitors": [],
                "image_full": "../microservice-demo/microservice-demo-eureka-server",
                "discos": [
                    "eureka"
                ],
                "dbs": [],
                "depends_on": [],
                "gates": []
            }
        ]
    },
    "num_gates": 1,
    "num_files": 15,
    "num_dockers": 7,
    "num_monitors": 1,
    "num_servers": 1
}