{
    "files": [
        {
            "gates": [],
            "discos": [],
            "path": "/microservice-kafka/pom.xml",
            "monitors": [],
            "servers": [
                "spring"
            ],
            "dbs": [],
            "buses": [
                "kafka"
            ]
        },
        {
            "gates": [],
            "discos": [],
            "path": "/microservice-kafka/microservice-kafka-shipping/pom.xml",
            "monitors": [],
            "servers": [
                "spring"
            ],
            "dbs": [
                "hsqldb",
                "postgresql"
            ],
            "buses": [
                "kafka"
            ]
        },
        {
            "gates": [],
            "discos": [],
            "path": "/microservice-kafka/microservice-kafka-invoicing/pom.xml",
            "monitors": [],
            "servers": [
                "spring"
            ],
            "dbs": [
                "hsqldb",
                "postgresql"
            ],
            "buses": [
                "kafka"
            ]
        },
        {
            "gates": [],
            "discos": [],
            "path": "/microservice-kafka/microservice-kafka-order/pom.xml",
            "monitors": [],
            "servers": [
                "spring"
            ],
            "dbs": [
                "hsqldb",
                "postgresql"
            ],
            "buses": [
                "kafka"
            ]
        }
    ],
    "langs": [
        "java",
        "html"
    ],
    "num_servers": 1,
    "num_files": 10,
    "dockers": [
        {
            "keywords": [
                "proxy",
                "apt",
                "get",
                "apache",
                "etc"
            ],
            "cmd": "apache2ctl -D FOREGROUND",
            "from_full": "ubuntu:20.04",
            "langs": [],
            "discos": [],
            "from": "ubuntu",
            "gates": [],
            "dbs": [],
            "servers": [],
            "cmd_keywords": [
                "apache",
                "foreground",
                "ctl"
            ],
            "path": "/docker/apache/Dockerfile",
            "monitors": [],
            "buses": []
        },
        {
            "keywords": [],
            "cmd": "",
            "from_full": "postgres:12.2",
            "langs": [],
            "discos": [],
            "from": "postgres",
            "gates": [],
            "dbs": [],
            "servers": [],
            "cmd_keywords": [],
            "path": "/docker/postgres/Dockerfile",
            "monitors": [],
            "buses": []
        },
        {
            "keywords": [],
            "cmd": "/usr/bin/java -Xmx400m -Xms400m  -XX:TieredStopAtLevel=1 -noverify -jar microservice-kafka-shipping-0.0.1-SNAPSHOT.jar",
            "from_full": "openjdk:11.0.2-jre-slim",
            "langs": [
                "java"
            ],
            "discos": [],
            "from": "openjdk",
            "gates": [],
            "dbs": [],
            "servers": [],
            "cmd_keywords": [
                "jar",
                "snapshot",
                "java",
                "xmx",
                "bin"
            ],
            "path": "/microservice-kafka/microservice-kafka-shipping/Dockerfile",
            "monitors": [],
            "buses": [
                "kafka"
            ]
        },
        {
            "keywords": [],
            "cmd": "/usr/bin/java -Xmx400m -Xms400m  -XX:TieredStopAtLevel=1 -noverify -jar microservice-kafka-invoicing-0.0.1-SNAPSHOT.jar",
            "from_full": "openjdk:11.0.2-jre-slim",
            "langs": [
                "java"
            ],
            "discos": [],
            "from": "openjdk",
            "gates": [],
            "dbs": [],
            "servers": [],
            "cmd_keywords": [
                "jar",
                "snapshot",
                "java",
                "invoicing",
                "xmx"
            ],
            "path": "/microservice-kafka/microservice-kafka-invoicing/Dockerfile",
            "monitors": [],
            "buses": [
                "kafka"
            ]
        },
        {
            "keywords": [],
            "cmd": "/usr/bin/java -Xmx400m -Xms400m  -XX:TieredStopAtLevel=1 -noverify -jar microservice-kafka-order-0.0.1-SNAPSHOT.jar",
            "from_full": "openjdk:11.0.2-jre-slim",
            "langs": [
                "java"
            ],
            "discos": [],
            "from": "openjdk",
            "gates": [],
            "dbs": [],
            "servers": [],
            "cmd_keywords": [
                "jar",
                "snapshot",
                "java",
                "order",
                "xmx"
            ],
            "path": "/microservice-kafka/microservice-kafka-order/Dockerfile",
            "monitors": [],
            "buses": [
                "kafka"
            ]
        }
    ],
    "commiters": 4,
    "num_services": 7,
    "avg_size_service": 40.8,
    "num_buses": 1,
    "num_langs": 2,
    "images": [
        "ubuntu",
        "openjdk",
        "postgres"
    ],
    "size": 204,
    "num_discos": 1,
    "languages": [
        "java",
        "html"
    ],
    "num_monitors": 0,
    "name": "ewolff/microservice-kafka",
    "monitors": [],
    "dbs": [
        "postgresql",
        "zookeeper"
    ],
    "discos": [
        "zookeeper"
    ],
    "num_gates": 0,
    "url": "git://github.com/ewolff/microservice-kafka.git",
    "servers": [
        "spring"
    ],
    "shared_dbs": false,
    "structure": {
        "path": "/docker/docker-compose.yml",
        "services": [
            {
                "name": "kafka",
                "depends_on": [
                    "zookeeper"
                ],
                "gates": [],
                "discos": [],
                "image_full": "wurstmeister/kafka:2.12-2.5.0",
                "buses": [
                    "kafka"
                ],
                "monitors": [],
                "image": "wurstmeister/kafka",
                "dbs": [],
                "servers": []
            },
            {
                "name": "order",
                "depends_on": [
                    "kafka",
                    "postgres"
                ],
                "gates": [],
                "discos": [],
                "image_full": "../microservice-kafka/microservice-kafka-order",
                "buses": [
                    "kafka"
                ],
                "monitors": [],
                "image": "../microservice-kafka/microservice-kafka-order",
                "dbs": [],
                "servers": []
            },
            {
                "name": "postgres",
                "depends_on": [],
                "gates": [],
                "discos": [],
                "image_full": "postgres",
                "buses": [],
                "monitors": [],
                "image": "postgres",
                "dbs": [],
                "servers": []
            },
            {
                "name": "apache",
                "depends_on": [
                    "order",
                    "shipping",
                    "invoicing"
                ],
                "gates": [],
                "discos": [],
                "image_full": "apache",
                "buses": [],
                "monitors": [],
                "image": "apache",
                "dbs": [],
                "servers": []
            },
            {
                "name": "shipping",
                "depends_on": [
                    "kafka",
                    "postgres"
                ],
                "gates": [],
                "discos": [],
                "image_full": "../microservice-kafka/microservice-kafka-shipping",
                "buses": [
                    "kafka"
                ],
                "monitors": [],
                "image": "../microservice-kafka/microservice-kafka-shipping",
                "dbs": [],
                "servers": []
            },
            {
                "name": "zookeeper",
                "depends_on": [],
                "gates": [],
                "discos": [
                    "zookeeper"
                ],
                "image_full": "wurstmeister/zookeeper:3.4.6",
                "buses": [],
                "monitors": [],
                "image": "wurstmeister/zookeeper",
                "dbs": [
                    "zookeeper"
                ],
                "servers": []
            },
            {
                "name": "invoicing",
                "depends_on": [
                    "kafka",
                    "postgres"
                ],
                "gates": [],
                "discos": [],
                "image_full": "../microservice-kafka/microservice-kafka-invoicing",
                "buses": [
                    "kafka"
                ],
                "monitors": [],
                "image": "../microservice-kafka/microservice-kafka-invoicing",
                "dbs": [],
                "servers": []
            }
        ],
        "detected_dbs": {
            "num": 1,
            "services": [
                "zookeeper"
            ],
            "shared_dbs": false,
            "names": [
                "zookeeper"
            ]
        },
        "num_services": 7
    },
    "num_dockers": 5,
    "gates": [],
    "num_dbs": 2,
    "buses": [
        "kafka"
    ]
}