{
    "gates": [],
    "num_dockers": 1,
    "languages": [
        "shell",
        "go"
    ],
    "num_gates": 0,
    "structure": {
        "services": [],
        "detected_dbs": {
            "shared_dbs": false,
            "names": [],
            "services": [],
            "num": 0
        },
        "num_services": 0,
        "path": []
    },
    "num_langs": 2,
    "dockers": [
        {
            "keywords": [
                "demo",
                "names",
                "apk",
                "build",
                "add"
            ],
            "gates": [],
            "dbs": [],
            "cmd_keywords": [
                "names",
                "demo"
            ],
            "path": "/chapter-3/section-3.1/source/names/Dockerfile",
            "discos": [],
            "cmd": "names-demo",
            "from": "alpine",
            "monitors": [],
            "from_full": "alpine",
            "servers": [],
            "buses": [],
            "langs": []
        }
    ],
    "images": [
        "alpine"
    ],
    "num_servers": 0,
    "num_monitors": 0,
    "langs": [
        "go",
        "shell"
    ],
    "buses": [],
    "num_services": 0,
    "commiters": 1,
    "avg_size_service": 515.0,
    "dbs": [],
    "files": [],
    "num_buses": 0,
    "discos": [],
    "size": 515,
    "monitors": [],
    "shared_dbs": false,
    "url": "git://github.com/excelsiorsoft/docker-swarm-course.git",
    "num_dbs": 0,
    "name": "excelsiorsoft/docker-swarm-course",
    "num_files": 2,
    "num_discos": 0,
    "servers": []
}