{
    "dockers": [
        {
            "langs": [],
            "monitors": [],
            "path": "/api-gateway/Dockerfile",
            "buses": [],
            "keywords": [
                "npm"
            ],
            "cmd": "npm start",
            "from": "node",
            "from_full": "node:11.15",
            "cmd_keywords": [
                "start",
                "npm"
            ],
            "gates": [],
            "discos": [],
            "servers": [
                "node"
            ],
            "dbs": []
        },
        {
            "langs": [],
            "monitors": [],
            "path": "/ui/Dockerfile",
            "buses": [],
            "keywords": [
                "npm"
            ],
            "cmd": "npm start",
            "from": "node",
            "from_full": "node:11.15",
            "cmd_keywords": [
                "start",
                "npm"
            ],
            "gates": [],
            "discos": [],
            "servers": [
                "node"
            ],
            "dbs": []
        },
        {
            "langs": [],
            "monitors": [],
            "path": "/accounts/Dockerfile",
            "buses": [],
            "keywords": [
                "npm"
            ],
            "cmd": "npm start",
            "from": "node",
            "from_full": "node:11.15",
            "cmd_keywords": [
                "start",
                "npm"
            ],
            "gates": [],
            "discos": [],
            "servers": [
                "node"
            ],
            "dbs": []
        },
        {
            "langs": [],
            "monitors": [],
            "path": "/offchain/Dockerfile",
            "buses": [],
            "keywords": [
                "npm"
            ],
            "cmd": "npm start",
            "from": "node",
            "from_full": "node:11.15",
            "cmd_keywords": [
                "start",
                "npm"
            ],
            "gates": [],
            "discos": [],
            "servers": [
                "node"
            ],
            "dbs": []
        },
        {
            "langs": [],
            "monitors": [],
            "path": "/database/Dockerfile",
            "buses": [],
            "keywords": [
                "apt",
                "mongodb",
                "org",
                "get",
                "list"
            ],
            "cmd": "npm start",
            "from": "node",
            "from_full": "node:11.15",
            "cmd_keywords": [
                "start",
                "npm"
            ],
            "gates": [],
            "discos": [],
            "servers": [
                "node"
            ],
            "dbs": [
                "mongodb"
            ]
        },
        {
            "langs": [],
            "monitors": [],
            "path": "/zkp/Dockerfile",
            "buses": [],
            "keywords": [
                "npm"
            ],
            "cmd": "npm start",
            "from": "node",
            "from_full": "node:11.15",
            "cmd_keywords": [
                "start",
                "npm"
            ],
            "gates": [],
            "discos": [],
            "servers": [
                "node"
            ],
            "dbs": []
        }
    ],
    "monitors": [],
    "url": "git://github.com/EYBlockchain/nightfall.git",
    "num_discos": 0,
    "buses": [
        "stomp",
        "rabbitmq"
    ],
    "num_buses": 2,
    "shared_dbs": false,
    "num_monitors": 0,
    "num_servers": 3,
    "num_dbs": 1,
    "commiters": 45,
    "name": "EYBlockchain/nightfall",
    "images": [
        "node"
    ],
    "size": 12423,
    "num_services": 14,
    "servers": [
        "node",
        "express",
        "mongoose"
    ],
    "gates": [
        "gateway"
    ],
    "langs": [
        "javascript",
        "typescript",
        "html"
    ],
    "files": [
        {
            "monitors": [],
            "path": "/package.json",
            "buses": [],
            "discos": [],
            "gates": [],
            "servers": [
                "node"
            ],
            "dbs": []
        },
        {
            "monitors": [],
            "path": "/api-gateway/package.json",
            "buses": [],
            "discos": [],
            "gates": [
                "gateway"
            ],
            "servers": [
                "node",
                "express"
            ],
            "dbs": []
        },
        {
            "monitors": [],
            "path": "/zkp-utils/package.json",
            "buses": [],
            "discos": [],
            "gates": [],
            "servers": [],
            "dbs": []
        },
        {
            "monitors": [],
            "path": "/ui/package.json",
            "buses": [
                "stomp"
            ],
            "discos": [],
            "gates": [],
            "servers": [
                "node"
            ],
            "dbs": []
        },
        {
            "monitors": [],
            "path": "/accounts/package.json",
            "buses": [],
            "discos": [],
            "gates": [],
            "servers": [
                "node",
                "express"
            ],
            "dbs": []
        },
        {
            "monitors": [],
            "path": "/offchain/package.json",
            "buses": [],
            "discos": [],
            "gates": [],
            "servers": [
                "node",
                "express"
            ],
            "dbs": []
        },
        {
            "monitors": [],
            "path": "/database/package.json",
            "buses": [],
            "discos": [],
            "gates": [],
            "servers": [
                "node",
                "express",
                "mongoose"
            ],
            "dbs": [
                "mongo"
            ]
        },
        {
            "monitors": [],
            "path": "/zkp/package.json",
            "buses": [],
            "discos": [],
            "gates": [],
            "servers": [
                "node",
                "express"
            ],
            "dbs": []
        }
    ],
    "num_langs": 3,
    "languages": [
        "javascript",
        "typescript",
        "html"
    ],
    "structure": {
        "detected_dbs": {
            "names": [
                "mongo"
            ],
            "services": [
                "mongo-merkle-tree",
                "mongo-nightfall"
            ],
            "shared_dbs": false,
            "num": 2
        },
        "services": [
            {
                "image": "ajmay/truffle",
                "monitors": [],
                "dbs": [],
                "buses": [],
                "name": "truffle-offchain",
                "image_full": "ajmay/truffle:5.0.9",
                "discos": [],
                "depends_on": [
                    "ganache"
                ],
                "servers": [],
                "gates": []
            },
            {
                "image": "trufflesuite/ganache-cli",
                "monitors": [],
                "dbs": [],
                "buses": [],
                "name": "ganache",
                "image_full": "trufflesuite/ganache-cli:latest",
                "discos": [],
                "depends_on": [],
                "servers": [],
                "gates": []
            },
            {
                "image": "mongo",
                "monitors": [],
                "dbs": [
                    "mongo"
                ],
                "buses": [],
                "name": "mongo-merkle-tree",
                "image_full": "mongo",
                "discos": [],
                "depends_on": [],
                "servers": [],
                "gates": []
            },
            {
                "image": "Dockerfile",
                "monitors": [],
                "dbs": [],
                "buses": [],
                "name": "database",
                "image_full": "Dockerfile",
                "discos": [],
                "depends_on": [
                    "mongo-nightfall"
                ],
                "servers": [],
                "gates": []
            },
            {
                "image": "eyblockchain/timber",
                "monitors": [],
                "dbs": [],
                "buses": [],
                "name": "merkle-tree",
                "image_full": "eyblockchain/timber:v2.1.0",
                "discos": [],
                "depends_on": [
                    "mongo-merkle-tree",
                    "ganache"
                ],
                "servers": [],
                "gates": []
            },
            {
                "image": "Dockerfile",
                "monitors": [],
                "dbs": [],
                "buses": [],
                "name": "accounts",
                "image_full": "Dockerfile",
                "discos": [],
                "depends_on": [
                    "ganache"
                ],
                "servers": [],
                "gates": []
            },
            {
                "image": "Dockerfile",
                "monitors": [],
                "dbs": [],
                "buses": [],
                "name": "api-gateway",
                "image_full": "Dockerfile",
                "discos": [],
                "depends_on": [
                    "accounts",
                    "offchain",
                    "zkp",
                    "database"
                ],
                "servers": [],
                "gates": []
            },
            {
                "image": "mongo",
                "monitors": [],
                "dbs": [
                    "mongo"
                ],
                "buses": [],
                "name": "mongo-nightfall",
                "image_full": "mongo",
                "discos": [],
                "depends_on": [],
                "servers": [],
                "gates": []
            },
            {
                "image": "ajmay/truffle",
                "monitors": [],
                "dbs": [],
                "buses": [],
                "name": "truffle-nightlite",
                "image_full": "ajmay/truffle:5.0.9",
                "discos": [],
                "depends_on": [
                    "ganache"
                ],
                "servers": [],
                "gates": []
            },
            {
                "image": "ajmay/truffle",
                "monitors": [],
                "dbs": [],
                "buses": [],
                "name": "truffle-zkp",
                "image_full": "ajmay/truffle:5.0.9",
                "discos": [],
                "depends_on": [
                    "ganache"
                ],
                "servers": [],
                "gates": []
            },
            {
                "image": "rabbitmq",
                "monitors": [],
                "dbs": [],
                "buses": [
                    "rabbitmq"
                ],
                "name": "rabbitmq",
                "image_full": "rabbitmq",
                "discos": [],
                "depends_on": [],
                "servers": [],
                "gates": []
            },
            {
                "image": "Dockerfile",
                "monitors": [],
                "dbs": [],
                "buses": [],
                "name": "offchain",
                "image_full": "Dockerfile",
                "discos": [],
                "depends_on": [
                    "ganache"
                ],
                "servers": [],
                "gates": []
            },
            {
                "image": "Dockerfile",
                "monitors": [],
                "dbs": [],
                "buses": [],
                "name": "zkp",
                "image_full": "Dockerfile",
                "discos": [],
                "depends_on": [
                    "ganache",
                    "merkle-tree"
                ],
                "servers": [],
                "gates": []
            },
            {
                "image": "Dockerfile",
                "monitors": [],
                "dbs": [],
                "buses": [],
                "name": "ui",
                "image_full": "Dockerfile",
                "discos": [],
                "depends_on": [
                    "rabbitmq"
                ],
                "servers": [],
                "gates": []
            }
        ],
        "path": "/docker-compose.yml",
        "num_services": 14
    },
    "avg_size_service": 2070.5,
    "dbs": [
        "mongo"
    ],
    "num_dockers": 6,
    "num_files": 15,
    "discos": [],
    "num_gates": 1
}