{
    "structure": {
        "detected_dbs": {
            "num": 0,
            "services": [],
            "shared_dbs": false,
            "names": []
        },
        "path": [],
        "services": [],
        "num_services": 0
    },
    "url": "git://github.com/Fabinout/FlaskMicroService.git",
    "monitors": [],
    "num_gates": 0,
    "shared_dbs": false,
    "num_buses": 0,
    "num_dbs": 0,
    "dbs": [],
    "commiters": 1,
    "languages": [
        "python",
        "dockerfile"
    ],
    "num_services": 0,
    "num_discos": 0,
    "num_dockers": 1,
    "gates": [],
    "langs": [
        "python",
        "dockerfile"
    ],
    "dockers": [
        {
            "langs": [
                "python"
            ],
            "keywords": [
                "python",
                "pip",
                "get",
                "apt",
                "install"
            ],
            "buses": [],
            "cmd": "microservice.py",
            "monitors": [],
            "path": "/Dockerfile",
            "dbs": [],
            "from_full": "ubuntu:latest",
            "gates": [],
            "discos": [],
            "cmd_keywords": [
                "microservice"
            ],
            "from": "ubuntu",
            "servers": []
        }
    ],
    "buses": [],
    "name": "Fabinout/FlaskMicroService",
    "images": [
        "ubuntu"
    ],
    "num_langs": 2,
    "num_servers": 1,
    "num_files": 3,
    "discos": [],
    "num_monitors": 0,
    "avg_size_service": 0.0,
    "size": 0,
    "files": [
        {
            "dbs": [],
            "buses": [],
            "gates": [],
            "discos": [],
            "monitors": [],
            "path": "/requirements.txt",
            "servers": [
                "flask"
            ]
        }
    ],
    "servers": [
        "flask"
    ]
}