{
    "monitors": [],
    "name": "FabrizioCafolla/lumen-microservice",
    "size": 275,
    "num_monitors": 0,
    "images": [
        "fabriziocaf/lumen",
        "nginx"
    ],
    "dbs": [],
    "commiters": 3,
    "langs": [
        "html",
        "php"
    ],
    "url": "git://github.com/FabrizioCafolla/lumen-microservice.git",
    "num_buses": 0,
    "shared_dbs": false,
    "buses": [],
    "gates": [
        "nginx"
    ],
    "languages": [
        "php",
        "html"
    ],
    "num_files": 3,
    "files": [],
    "num_gates": 1,
    "num_discos": 0,
    "num_services": 2,
    "num_langs": 2,
    "structure": {
        "detected_dbs": {
            "num": 0,
            "shared_dbs": false,
            "names": [],
            "services": []
        },
        "num_services": 2,
        "path": "/docker-compose.yml",
        "services": [
            {
                "monitors": [],
                "depends_on": [],
                "servers": [],
                "name": "app",
                "image": ".",
                "discos": [],
                "image_full": ".",
                "buses": [],
                "dbs": [],
                "gates": []
            },
            {
                "monitors": [],
                "depends_on": [
                    "app"
                ],
                "servers": [],
                "name": "nginx_app",
                "image": ".",
                "discos": [],
                "image_full": ".",
                "buses": [],
                "dbs": [],
                "gates": []
            }
        ]
    },
    "num_dbs": 0,
    "num_dockers": 2,
    "dockers": [
        {
            "monitors": [],
            "keywords": [],
            "path": "/docker/nginx/Dockerfile",
            "dbs": [],
            "cmd": "",
            "from_full": "nginx:$TAG",
            "servers": [],
            "langs": [],
            "from": "nginx",
            "discos": [],
            "buses": [],
            "cmd_keywords": [],
            "gates": [
                "nginx"
            ]
        },
        {
            "monitors": [],
            "keywords": [
                "composer",
                "optimize",
                "dev",
                "env",
                "dump"
            ],
            "path": "/docker/php/Dockerfile",
            "dbs": [],
            "cmd": "",
            "from_full": "fabriziocaf/lumen:$TAG",
            "servers": [],
            "langs": [],
            "from": "fabriziocaf/lumen",
            "discos": [],
            "buses": [],
            "cmd_keywords": [],
            "gates": []
        }
    ],
    "servers": [],
    "discos": [],
    "avg_size_service": 137.5,
    "num_servers": 0
}