{
    "url": "git://github.com/fangstao/microservice-docker.git",
    "num_monitors": 0,
    "num_dbs": 0,
    "num_langs": 2,
    "num_files": 7,
    "num_buses": 0,
    "num_servers": 1,
    "images": [
        "openjdk"
    ],
    "langs": [
        "java",
        "dockerfile"
    ],
    "size": 11,
    "structure": {
        "path": "/microservice-euraka/src/main/docker/docker-compose.yml",
        "detected_dbs": {
            "num": 0,
            "shared_dbs": false,
            "services": [],
            "names": []
        },
        "services": [
            {
                "dbs": [],
                "buses": [],
                "name": "peer1",
                "monitors": [],
                "image_full": "fangstao/microservice-eureka",
                "depends_on": [],
                "gates": [],
                "servers": [],
                "image": "fangstao/microservice-eureka",
                "discos": [
                    "eureka"
                ]
            },
            {
                "dbs": [],
                "buses": [],
                "name": "peer3",
                "monitors": [],
                "image_full": "fangstao/microservice-eureka",
                "depends_on": [],
                "gates": [],
                "servers": [],
                "image": "fangstao/microservice-eureka",
                "discos": [
                    "eureka"
                ]
            },
            {
                "dbs": [],
                "buses": [],
                "name": "peer2",
                "monitors": [],
                "image_full": "fangstao/microservice-eureka",
                "depends_on": [],
                "gates": [],
                "servers": [],
                "image": "fangstao/microservice-eureka",
                "discos": [
                    "eureka"
                ]
            }
        ],
        "num_services": 3
    },
    "buses": [],
    "discos": [
        "eureka"
    ],
    "monitors": [],
    "gates": [],
    "dbs": [],
    "avg_size_service": 5.5,
    "num_gates": 0,
    "languages": [
        "java",
        "dockerfile"
    ],
    "dockers": [
        {
            "buses": [],
            "path": "/microservice-user/src/main/docker/Dockerfile",
            "keywords": [],
            "from": "openjdk",
            "servers": [],
            "langs": [],
            "discos": [],
            "dbs": [],
            "monitors": [],
            "cmd_keywords": [],
            "cmd": "",
            "gates": [],
            "from_full": "openjdk:8u102-jdk"
        },
        {
            "buses": [],
            "path": "/microservice-euraka/src/main/docker/Dockerfile",
            "keywords": [],
            "from": "openjdk",
            "servers": [],
            "langs": [],
            "discos": [],
            "dbs": [],
            "monitors": [],
            "cmd_keywords": [],
            "cmd": "",
            "gates": [],
            "from_full": "openjdk:8u102-jdk"
        }
    ],
    "num_services": 3,
    "servers": [
        "spring"
    ],
    "num_dockers": 2,
    "name": "fangstao/microservice-docker",
    "commiters": 1,
    "shared_dbs": false,
    "num_discos": 1,
    "files": [
        {
            "dbs": [],
            "path": "/pom.xml",
            "monitors": [],
            "servers": [
                "spring"
            ],
            "gates": [],
            "buses": [],
            "discos": [
                "eureka"
            ]
        },
        {
            "dbs": [],
            "path": "/microservice-web/pom.xml",
            "monitors": [],
            "servers": [],
            "gates": [],
            "buses": [],
            "discos": []
        },
        {
            "dbs": [],
            "path": "/microservice-user/pom.xml",
            "monitors": [],
            "servers": [],
            "gates": [],
            "buses": [],
            "discos": []
        },
        {
            "dbs": [],
            "path": "/microservice-euraka/pom.xml",
            "monitors": [],
            "servers": [
                "spring"
            ],
            "gates": [],
            "buses": [],
            "discos": [
                "eureka"
            ]
        }
    ]
}