{
    "num_discos": 0,
    "structure": {
        "detected_dbs": {
            "num": 0,
            "shared_dbs": false,
            "names": [],
            "services": []
        },
        "num_services": 2,
        "path": "/examples/echo-service/docker-compose.yml",
        "services": [
            {
                "dbs": [],
                "buses": [],
                "servers": [],
                "discos": [],
                "monitors": [],
                "image_full": "./sender/",
                "depends_on": [],
                "name": "sender",
                "gates": [],
                "image": "./sender/"
            },
            {
                "dbs": [],
                "buses": [],
                "servers": [],
                "discos": [],
                "monitors": [],
                "image_full": "./server/",
                "depends_on": [],
                "name": "mock-server",
                "gates": [],
                "image": "./server/"
            }
        ]
    },
    "buses": [],
    "servers": [],
    "name": "fawind/looper",
    "num_gates": 0,
    "gates": [],
    "num_dbs": 0,
    "discos": [],
    "num_servers": 0,
    "num_dockers": 5,
    "dockers": [
        {
            "cmd": "",
            "dbs": [],
            "cmd_keywords": [],
            "buses": [],
            "monitors": [],
            "from": "kennethreitz/pipenv",
            "langs": [],
            "keywords": [],
            "gates": [],
            "from_full": "kennethreitz/pipenv",
            "discos": [],
            "path": "/examples/echo-service/server/Dockerfile",
            "servers": []
        },
        {
            "cmd": "",
            "dbs": [],
            "cmd_keywords": [],
            "buses": [],
            "monitors": [],
            "from": "alpine",
            "langs": [],
            "keywords": [
                "add",
                "curl",
                "apk",
                "cache"
            ],
            "gates": [],
            "from_full": "alpine",
            "discos": [],
            "path": "/examples/echo-service/sender/Dockerfile",
            "servers": []
        },
        {
            "cmd": "",
            "dbs": [],
            "cmd_keywords": [],
            "buses": [],
            "monitors": [],
            "from": "golang",
            "langs": [
                "golang"
            ],
            "keywords": [
                "notes",
                "service",
                "dir",
                "src",
                "app"
            ],
            "gates": [],
            "from_full": "golang",
            "discos": [],
            "path": "/examples/notes-service/notes-id-service/Dockerfile",
            "servers": []
        },
        {
            "cmd": "",
            "dbs": [],
            "cmd_keywords": [],
            "buses": [],
            "monitors": [],
            "from": "golang",
            "langs": [
                "golang"
            ],
            "keywords": [
                "notes",
                "service",
                "store",
                "dir",
                "src"
            ],
            "gates": [],
            "from_full": "golang",
            "discos": [],
            "path": "/examples/notes-service/notes-store-service/Dockerfile",
            "servers": []
        },
        {
            "cmd": "",
            "dbs": [],
            "cmd_keywords": [],
            "buses": [],
            "monitors": [],
            "from": "golang",
            "langs": [
                "golang"
            ],
            "keywords": [
                "notes",
                "service",
                "dir",
                "src",
                "app"
            ],
            "gates": [],
            "from_full": "golang",
            "discos": [],
            "path": "/examples/notes-service/notes-service/Dockerfile",
            "servers": []
        }
    ],
    "dbs": [],
    "images": [
        "kennethreitz/pipenv",
        "alpine",
        "golang"
    ],
    "commiters": 4,
    "monitors": [],
    "files": [
        {
            "dbs": [],
            "buses": [],
            "servers": [],
            "discos": [],
            "monitors": [],
            "gates": [],
            "path": "/examples/notes-service/tests/package.json"
        }
    ],
    "langs": [
        "go",
        "golang"
    ],
    "url": "git://github.com/fawind/looper.git",
    "num_monitors": 0,
    "shared_dbs": false,
    "size": 90,
    "languages": [
        "go"
    ],
    "num_langs": 2,
    "num_buses": 0,
    "avg_size_service": 18.0,
    "num_files": 7,
    "num_services": 2
}