{
    "url": "git://github.com/FelipeAragao/ReclameAquiTest.git",
    "num_monitors": 0,
    "num_dbs": 1,
    "num_langs": 1,
    "num_files": 5,
    "num_buses": 0,
    "num_servers": 1,
    "images": [],
    "langs": [
        "java"
    ],
    "size": 223,
    "structure": {
        "path": "/docker-compose.yml",
        "detected_dbs": {
            "num": 1,
            "shared_dbs": false,
            "services": [
                "mongo"
            ],
            "names": [
                "mongodb"
            ]
        },
        "services": [
            {
                "dbs": [
                    "mongodb"
                ],
                "buses": [],
                "name": "mongo",
                "monitors": [],
                "image_full": "bitnami/mongodb:latest",
                "depends_on": [],
                "gates": [],
                "servers": [],
                "image": "bitnami/mongodb",
                "discos": []
            },
            {
                "dbs": [],
                "buses": [],
                "name": "reclame-aqui-server",
                "monitors": [],
                "image_full": "reclame-aqui-server",
                "depends_on": [],
                "gates": [],
                "servers": [],
                "image": "reclame-aqui-server",
                "discos": []
            },
            {
                "dbs": [],
                "buses": [],
                "name": "reclame-aqui-api",
                "monitors": [],
                "image_full": "reclame-aqui-api",
                "depends_on": [
                    "reclame-aqui-server",
                    "mongo"
                ],
                "gates": [],
                "servers": [],
                "image": "reclame-aqui-api",
                "discos": []
            },
            {
                "dbs": [],
                "buses": [],
                "name": "reclame-aqui-zuul",
                "monitors": [],
                "image_full": "reclame-aqui-zuul",
                "depends_on": [
                    "reclame-aqui-server"
                ],
                "gates": [
                    "zuul"
                ],
                "servers": [],
                "image": "reclame-aqui-zuul",
                "discos": []
            }
        ],
        "num_services": 4
    },
    "buses": [],
    "discos": [
        "eureka"
    ],
    "monitors": [],
    "gates": [
        "zuul"
    ],
    "dbs": [
        "db"
    ],
    "avg_size_service": 223.0,
    "num_gates": 1,
    "languages": [
        "java"
    ],
    "dockers": [],
    "num_services": 4,
    "servers": [
        "spring"
    ],
    "num_dockers": 0,
    "name": "FelipeAragao/ReclameAquiTest",
    "commiters": 1,
    "shared_dbs": false,
    "num_discos": 1,
    "files": [
        {
            "dbs": [],
            "path": "/pom.xml",
            "monitors": [],
            "servers": [
                "spring"
            ],
            "gates": [
                "zuul"
            ],
            "buses": [],
            "discos": []
        },
        {
            "dbs": [],
            "path": "/ReclameAquiAPI-Server/pom.xml",
            "monitors": [],
            "servers": [
                "spring"
            ],
            "gates": [],
            "buses": [],
            "discos": [
                "eureka"
            ]
        },
        {
            "dbs": [
                "mongodb"
            ],
            "path": "/ReclameAquiAPI/pom.xml",
            "monitors": [],
            "servers": [
                "spring"
            ],
            "gates": [],
            "buses": [],
            "discos": [
                "eureka"
            ]
        },
        {
            "dbs": [],
            "path": "/ReclameAquiAPI-zuul/pom.xml",
            "monitors": [],
            "servers": [
                "spring"
            ],
            "gates": [
                "zuul"
            ],
            "buses": [],
            "discos": [
                "eureka"
            ]
        }
    ]
}