{
    "num_servers": 1,
    "num_monitors": 0,
    "commiters": 1,
    "num_discos": 0,
    "files": [
        {
            "buses": [],
            "dbs": [],
            "servers": [],
            "monitors": [],
            "gates": [],
            "discos": [],
            "path": "/package.json"
        },
        {
            "buses": [],
            "dbs": [],
            "servers": [
                "node"
            ],
            "monitors": [],
            "gates": [],
            "discos": [],
            "path": "/shorty-with-lv/package.json"
        }
    ],
    "url": "git://github.com/ffissore/shorty.git",
    "discos": [],
    "num_langs": 2,
    "langs": [
        "rust",
        "javascript"
    ],
    "num_services": 0,
    "shared_dbs": false,
    "images": [
        "alpine",
        "ffissore/docker-node-emberjs"
    ],
    "avg_size_service": 109.0,
    "num_gates": 0,
    "num_buses": 0,
    "dbs": [],
    "servers": [
        "node"
    ],
    "structure": {
        "services": [],
        "num_services": 0,
        "detected_dbs": {
            "num": 0,
            "shared_dbs": false,
            "names": [],
            "services": []
        },
        "path": []
    },
    "num_dockers": 2,
    "num_files": 5,
    "name": "ffissore/shorty",
    "dockers": [
        {
            "dbs": [],
            "servers": [],
            "keywords": [
                "apk",
                "cargo",
                "add",
                "update",
                "upgrade"
            ],
            "from_full": "alpine",
            "cmd_keywords": [
                "app",
                "http",
                "shorty"
            ],
            "cmd": "/app/shorty-http",
            "langs": [
                "rust"
            ],
            "buses": [],
            "monitors": [],
            "gates": [],
            "discos": [],
            "from": "alpine",
            "path": "/Dockerfile"
        },
        {
            "dbs": [],
            "servers": [
                "node"
            ],
            "keywords": [
                "adduser",
                "userid",
                "uid",
                "username",
                "disabled"
            ],
            "from_full": "ffissore/docker-node-emberjs:latest",
            "cmd_keywords": [],
            "cmd": "",
            "langs": [],
            "buses": [],
            "monitors": [],
            "gates": [],
            "discos": [],
            "from": "ffissore/docker-node-emberjs",
            "path": "/shorty-with-lv/.docker/Dockerfile"
        }
    ],
    "buses": [],
    "monitors": [],
    "gates": [],
    "size": 218,
    "languages": [
        "rust",
        "javascript"
    ],
    "num_dbs": 0
}