{
    "num_servers": 6,
    "num_monitors": 0,
    "commiters": 4,
    "num_discos": 0,
    "files": [
        {
            "buses": [],
            "dbs": [],
            "servers": [
                "django"
            ],
            "monitors": [],
            "gates": [],
            "discos": [],
            "path": "/django/requirements.txt"
        },
        {
            "buses": [],
            "dbs": [],
            "servers": [
                "flask"
            ],
            "monitors": [],
            "gates": [],
            "discos": [],
            "path": "/flask/requirements.txt"
        },
        {
            "buses": [],
            "dbs": [],
            "servers": [
                "spring"
            ],
            "monitors": [],
            "gates": [],
            "discos": [],
            "path": "/springboot/pom.xml"
        },
        {
            "buses": [],
            "dbs": [],
            "servers": [
                "node"
            ],
            "monitors": [],
            "gates": [],
            "discos": [],
            "path": "/nginx/ng-planetary/package.json"
        },
        {
            "buses": [],
            "dbs": [],
            "servers": [
                "node",
                "express"
            ],
            "monitors": [],
            "gates": [],
            "discos": [],
            "path": "/express/package.json"
        }
    ],
    "url": "git://github.com/fmunirdev/planetary.git",
    "discos": [],
    "num_langs": 3,
    "langs": [
        "php",
        "html",
        "python"
    ],
    "num_services": 7,
    "shared_dbs": false,
    "images": [
        "maven",
        "php",
        "node",
        "nginx",
        "python"
    ],
    "avg_size_service": 282.0,
    "num_gates": 1,
    "num_buses": 0,
    "dbs": [],
    "servers": [
        "flask",
        "express",
        "node",
        "laravel",
        "spring",
        "django"
    ],
    "structure": {
        "services": [
            {
                "name": "flask",
                "buses": [],
                "dbs": [],
                "servers": [
                    "flask"
                ],
                "image_full": "./flask",
                "gates": [],
                "discos": [],
                "depends_on": [
                    "mssql-server"
                ],
                "image": "./flask",
                "monitors": []
            },
            {
                "name": "laravel",
                "buses": [],
                "dbs": [],
                "servers": [
                    "laravel"
                ],
                "image_full": "./laravel",
                "gates": [],
                "discos": [],
                "depends_on": [
                    "mssql-server"
                ],
                "image": "./laravel",
                "monitors": []
            },
            {
                "name": "mssql-server",
                "buses": [],
                "dbs": [],
                "servers": [],
                "image_full": "mcr.microsoft.com/mssql/server:2017-latest-ubuntu",
                "gates": [],
                "discos": [],
                "depends_on": [],
                "image": "mcr.microsoft.com/mssql/server",
                "monitors": []
            },
            {
                "name": "nginx",
                "buses": [],
                "dbs": [],
                "servers": [],
                "image_full": "./nginx",
                "gates": [
                    "nginx"
                ],
                "discos": [],
                "depends_on": [
                    "flask",
                    "django",
                    "springboot",
                    "laravel",
                    "express"
                ],
                "image": "./nginx",
                "monitors": []
            },
            {
                "name": "springboot",
                "buses": [],
                "dbs": [],
                "servers": [],
                "image_full": "./springboot",
                "gates": [],
                "discos": [],
                "depends_on": [
                    "mssql-server"
                ],
                "image": "./springboot",
                "monitors": []
            },
            {
                "name": "express",
                "buses": [],
                "dbs": [],
                "servers": [
                    "express"
                ],
                "image_full": "./express",
                "gates": [],
                "discos": [],
                "depends_on": [
                    "mssql-server"
                ],
                "image": "./express",
                "monitors": []
            },
            {
                "name": "django",
                "buses": [],
                "dbs": [],
                "servers": [
                    "django"
                ],
                "image_full": "./django",
                "gates": [],
                "discos": [],
                "depends_on": [
                    "mssql-server"
                ],
                "image": "./django",
                "monitors": []
            }
        ],
        "num_services": 7,
        "detected_dbs": {
            "num": 0,
            "shared_dbs": false,
            "names": [],
            "services": []
        },
        "path": "/docker-compose.yml"
    },
    "num_dockers": 6,
    "num_files": 12,
    "name": "fmunirdev/planetary",
    "dockers": [
        {
            "dbs": [],
            "servers": [],
            "keywords": [
                "apt",
                "install",
                "get",
                "sqlsrv",
                "ini"
            ],
            "from_full": "php:7.3-fpm-stretch",
            "cmd_keywords": [],
            "cmd": "",
            "langs": [
                "php"
            ],
            "buses": [],
            "monitors": [],
            "gates": [],
            "discos": [],
            "from": "php",
            "path": "/laravel/Dockerfile"
        },
        {
            "dbs": [],
            "servers": [],
            "keywords": [
                "npm",
                "configuration",
                "install",
                "cache",
                "output"
            ],
            "from_full": "nginx",
            "cmd_keywords": [],
            "cmd": "",
            "langs": [],
            "buses": [],
            "monitors": [],
            "gates": [
                "nginx"
            ],
            "discos": [],
            "from": "nginx",
            "path": "/nginx/Dockerfile"
        },
        {
            "dbs": [],
            "servers": [],
            "keywords": [
                "apt",
                "get",
                "install",
                "dev",
                "update"
            ],
            "from_full": "python:3.7.4-stretch",
            "cmd_keywords": [],
            "cmd": "",
            "langs": [
                "python"
            ],
            "buses": [],
            "monitors": [],
            "gates": [],
            "discos": [],
            "from": "python",
            "path": "/django/Dockerfile"
        },
        {
            "dbs": [],
            "servers": [],
            "keywords": [
                "mvn",
                "install",
                "clean"
            ],
            "from_full": "maven",
            "cmd_keywords": [],
            "cmd": "",
            "langs": [],
            "buses": [],
            "monitors": [],
            "gates": [],
            "discos": [],
            "from": "maven",
            "path": "/springboot/Dockerfile"
        },
        {
            "dbs": [],
            "servers": [],
            "keywords": [
                "apt",
                "get",
                "install",
                "dev",
                "update"
            ],
            "from_full": "python:3.7.4-stretch",
            "cmd_keywords": [
                "app",
                "uwsgi",
                "ini"
            ],
            "cmd": "uwsgi app.ini",
            "langs": [
                "python"
            ],
            "buses": [],
            "monitors": [],
            "gates": [],
            "discos": [],
            "from": "python",
            "path": "/flask/Dockerfile"
        },
        {
            "dbs": [],
            "servers": [
                "node"
            ],
            "keywords": [
                "install",
                "npm"
            ],
            "from_full": "node:12.13-stretch",
            "cmd_keywords": [],
            "cmd": "",
            "langs": [],
            "buses": [],
            "monitors": [],
            "gates": [],
            "discos": [],
            "from": "node",
            "path": "/express/Dockerfile"
        }
    ],
    "buses": [],
    "monitors": [],
    "gates": [
        "nginx"
    ],
    "size": 1692,
    "languages": [
        "php",
        "html",
        "python"
    ],
    "num_dbs": 0
}