{
    "monitors": [],
    "name": "fzi-forschungszentrum-informatik/PRIVACY-AVARE",
    "size": 81064,
    "num_monitors": 0,
    "images": [
        "java"
    ],
    "dbs": [
        "couchbase"
    ],
    "commiters": 8,
    "langs": [
        "html",
        "c++",
        "java",
        "c"
    ],
    "url": "git://github.com/fzi-forschungszentrum-informatik/PRIVACY-AVARE.git",
    "num_buses": 0,
    "shared_dbs": false,
    "buses": [],
    "gates": [],
    "languages": [
        "java",
        "c++",
        "c",
        "html"
    ],
    "num_files": 55,
    "files": [
        {
            "monitors": [],
            "discos": [],
            "servers": [
                "node"
            ],
            "buses": [],
            "path": "/AVARE-App/android/build.gradle",
            "dbs": [],
            "gates": []
        },
        {
            "monitors": [],
            "discos": [],
            "servers": [
                "node"
            ],
            "buses": [],
            "path": "/AVARE-App/android/settings.gradle",
            "dbs": [],
            "gates": []
        },
        {
            "monitors": [],
            "discos": [],
            "servers": [],
            "buses": [],
            "path": "/AVARE-App/android/YAHFA/build.gradle",
            "dbs": [],
            "gates": []
        },
        {
            "monitors": [],
            "discos": [],
            "servers": [],
            "buses": [],
            "path": "/AVARE-App/android/lib/build.gradle",
            "dbs": [],
            "gates": []
        },
        {
            "monitors": [],
            "discos": [],
            "servers": [],
            "buses": [],
            "path": "/AVARE-App/android/app/build.gradle",
            "dbs": [],
            "gates": []
        },
        {
            "monitors": [],
            "discos": [],
            "servers": [],
            "buses": [],
            "path": "/AVARE-Box-Plug-ins/configparser/build.gradle",
            "dbs": [],
            "gates": []
        },
        {
            "monitors": [],
            "discos": [],
            "servers": [],
            "buses": [],
            "path": "/AVARE-Box-Plug-ins/configparser/settings.gradle",
            "dbs": [],
            "gates": []
        },
        {
            "monitors": [],
            "discos": [],
            "servers": [],
            "buses": [],
            "path": "/AVARE-Box-Plug-ins/configparser/ConfigParser/build.gradle",
            "dbs": [],
            "gates": []
        },
        {
            "monitors": [],
            "discos": [],
            "servers": [],
            "buses": [],
            "path": "/AVARE-Box-Plug-ins/apiLogPlugin/build.gradle",
            "dbs": [],
            "gates": []
        },
        {
            "monitors": [],
            "discos": [],
            "servers": [],
            "buses": [],
            "path": "/AVARE-Box-Plug-ins/apiLogPlugin/settings.gradle",
            "dbs": [],
            "gates": []
        },
        {
            "monitors": [],
            "discos": [],
            "servers": [],
            "buses": [],
            "path": "/AVARE-Box-Plug-ins/calendarFilterPlugin/build.gradle",
            "dbs": [],
            "gates": []
        },
        {
            "monitors": [],
            "discos": [],
            "servers": [],
            "buses": [],
            "path": "/AVARE-Box-Plug-ins/calendarFilterPlugin/settings.gradle",
            "dbs": [],
            "gates": []
        },
        {
            "monitors": [],
            "discos": [],
            "servers": [],
            "buses": [],
            "path": "/AVARE-Box-Plug-ins/calendarFilterPlugin/ConfigParser/build.gradle",
            "dbs": [],
            "gates": []
        },
        {
            "monitors": [],
            "discos": [],
            "servers": [],
            "buses": [],
            "path": "/AVARE-Box-Plug-ins/calendarFilterPlugin/src/build.gradle",
            "dbs": [],
            "gates": []
        },
        {
            "monitors": [],
            "discos": [],
            "servers": [],
            "buses": [],
            "path": "/AVARE-Box-Plug-ins/locationFilterPlugin/build.gradle",
            "dbs": [],
            "gates": []
        },
        {
            "monitors": [],
            "discos": [],
            "servers": [],
            "buses": [],
            "path": "/AVARE-Box-Plug-ins/locationFilterPlugin/settings.gradle",
            "dbs": [],
            "gates": []
        },
        {
            "monitors": [],
            "discos": [],
            "servers": [],
            "buses": [],
            "path": "/AVARE-Box-Plug-ins/locationFilterPlugin/ConfigParser/build.gradle",
            "dbs": [],
            "gates": []
        },
        {
            "monitors": [],
            "discos": [],
            "servers": [],
            "buses": [],
            "path": "/AVARE-Box-Plug-ins/locationFilterPlugin/src/build.gradle",
            "dbs": [],
            "gates": []
        },
        {
            "monitors": [],
            "discos": [],
            "servers": [],
            "buses": [],
            "path": "/AVARE-Box-Plug-ins/micFilterPlugin/build.gradle",
            "dbs": [],
            "gates": []
        },
        {
            "monitors": [],
            "discos": [],
            "servers": [],
            "buses": [],
            "path": "/AVARE-Box-Plug-ins/micFilterPlugin/settings.gradle",
            "dbs": [],
            "gates": []
        },
        {
            "monitors": [],
            "discos": [],
            "servers": [],
            "buses": [],
            "path": "/AVARE-Box-Plug-ins/micFilterPlugin/ConfigParserAndWriter/build.gradle",
            "dbs": [],
            "gates": []
        },
        {
            "monitors": [],
            "discos": [],
            "servers": [],
            "buses": [],
            "path": "/AVARE-Box-Plug-ins/micFilterPlugin/StateMachine/build.gradle",
            "dbs": [],
            "gates": []
        },
        {
            "monitors": [],
            "discos": [],
            "servers": [],
            "buses": [],
            "path": "/AVARE-Box-Plug-ins/cameraFilterPlugin/build.gradle",
            "dbs": [],
            "gates": []
        },
        {
            "monitors": [],
            "discos": [],
            "servers": [],
            "buses": [],
            "path": "/AVARE-Box-Plug-ins/cameraFilterPlugin/settings.gradle",
            "dbs": [],
            "gates": []
        },
        {
            "monitors": [],
            "discos": [],
            "servers": [],
            "buses": [],
            "path": "/AVARE-Box-Plug-ins/cameraFilterPlugin/ConfigParserAndWriter/build.gradle",
            "dbs": [],
            "gates": []
        },
        {
            "monitors": [],
            "discos": [],
            "servers": [],
            "buses": [],
            "path": "/AVARE-Box-Plug-ins/cameraFilterPlugin/StateMachine/build.gradle",
            "dbs": [],
            "gates": []
        },
        {
            "monitors": [],
            "discos": [],
            "servers": [],
            "buses": [],
            "path": "/AVARE-Box-Plug-ins/contactsFilterPlugin/build.gradle",
            "dbs": [],
            "gates": []
        },
        {
            "monitors": [],
            "discos": [],
            "servers": [],
            "buses": [],
            "path": "/AVARE-Box-Plug-ins/contactsFilterPlugin/settings.gradle",
            "dbs": [],
            "gates": []
        },
        {
            "monitors": [],
            "discos": [],
            "servers": [],
            "buses": [],
            "path": "/AVARE-Box-Plug-ins/contactsFilterPlugin/ConfigParser/build.gradle",
            "dbs": [],
            "gates": []
        },
        {
            "monitors": [],
            "discos": [],
            "servers": [],
            "buses": [],
            "path": "/AVARE-Box-Plug-ins/contactsFilterPlugin/src/build.gradle",
            "dbs": [],
            "gates": []
        },
        {
            "monitors": [],
            "discos": [],
            "servers": [],
            "buses": [],
            "path": "/AVARE-Box-Plug-ins/StateMachine/build.gradle",
            "dbs": [],
            "gates": []
        },
        {
            "monitors": [],
            "discos": [],
            "servers": [],
            "buses": [],
            "path": "/AVARE-Box-Plug-ins/StateMachine/settings.gradle",
            "dbs": [],
            "gates": []
        },
        {
            "monitors": [],
            "discos": [],
            "servers": [],
            "buses": [],
            "path": "/AVARE-Box-Plug-ins/StateMachine/statemachinelib/build.gradle",
            "dbs": [],
            "gates": []
        },
        {
            "monitors": [],
            "discos": [],
            "servers": [],
            "buses": [],
            "path": "/AVARE-Box-Plug-ins/StateMachine/ConfigParserAndWriter/build.gradle",
            "dbs": [],
            "gates": []
        },
        {
            "monitors": [],
            "discos": [],
            "servers": [
                "node"
            ],
            "buses": [],
            "path": "/AVARE-Manager/android/build.gradle",
            "dbs": [],
            "gates": []
        },
        {
            "monitors": [],
            "discos": [],
            "servers": [
                "node"
            ],
            "buses": [],
            "path": "/AVARE-Manager/android/settings.gradle",
            "dbs": [],
            "gates": []
        },
        {
            "monitors": [],
            "discos": [],
            "servers": [
                "node"
            ],
            "buses": [],
            "path": "/AVARE-Manager/android/app/build.gradle",
            "dbs": [],
            "gates": []
        },
        {
            "monitors": [],
            "discos": [],
            "servers": [],
            "buses": [],
            "path": "/AVARE-Box-Project/AvareBox/build.gradle",
            "dbs": [],
            "gates": []
        },
        {
            "monitors": [],
            "discos": [],
            "servers": [],
            "buses": [],
            "path": "/AVARE-Box-Project/AvareBox/settings.gradle",
            "dbs": [],
            "gates": []
        },
        {
            "monitors": [],
            "discos": [],
            "servers": [],
            "buses": [],
            "path": "/AVARE-Box-Project/AvareBox/caocPlugin/build.gradle",
            "dbs": [],
            "gates": []
        },
        {
            "monitors": [],
            "discos": [],
            "servers": [],
            "buses": [],
            "path": "/AVARE-Box-Project/AvareBox/microphoneHookPlugin/build.gradle",
            "dbs": [],
            "gates": []
        },
        {
            "monitors": [],
            "discos": [],
            "servers": [],
            "buses": [],
            "path": "/AVARE-Box-Project/AvareBox/ConfigParser-debug/build.gradle",
            "dbs": [],
            "gates": []
        },
        {
            "monitors": [],
            "discos": [],
            "servers": [],
            "buses": [],
            "path": "/AVARE-Box-Project/AvareBox/demoHookPlugin/build.gradle",
            "dbs": [],
            "gates": []
        },
        {
            "monitors": [],
            "discos": [],
            "servers": [],
            "buses": [],
            "path": "/AVARE-Box-Project/AvareBox/caocLibrary/build.gradle",
            "dbs": [],
            "gates": []
        },
        {
            "monitors": [],
            "discos": [],
            "servers": [],
            "buses": [],
            "path": "/AVARE-Box-Project/AvareBox/YAHFA/build.gradle",
            "dbs": [],
            "gates": []
        },
        {
            "monitors": [],
            "discos": [],
            "servers": [],
            "buses": [],
            "path": "/AVARE-Box-Project/AvareBox/statemachine/build.gradle",
            "dbs": [],
            "gates": []
        },
        {
            "monitors": [],
            "discos": [],
            "servers": [],
            "buses": [],
            "path": "/AVARE-Box-Project/AvareBox/lib/build.gradle",
            "dbs": [],
            "gates": []
        },
        {
            "monitors": [],
            "discos": [],
            "servers": [],
            "buses": [],
            "path": "/AVARE-Box-Project/AvareBox/contactsFilterPlugin/build.gradle",
            "dbs": [],
            "gates": []
        },
        {
            "monitors": [],
            "discos": [],
            "servers": [],
            "buses": [],
            "path": "/AVARE-Box-Project/AvareBox/contactsFilterPlugin/src/build.gradle",
            "dbs": [],
            "gates": []
        },
        {
            "monitors": [],
            "discos": [],
            "servers": [],
            "buses": [],
            "path": "/AVARE-Box-Project/AvareBox/app/build.gradle",
            "dbs": [],
            "gates": []
        },
        {
            "monitors": [],
            "discos": [],
            "servers": [
                "spring"
            ],
            "buses": [],
            "path": "/AVARE-Server/pom.xml",
            "dbs": [
                "couchbase"
            ],
            "gates": []
        },
        {
            "monitors": [],
            "discos": [],
            "servers": [
                "node"
            ],
            "buses": [],
            "path": "/AVARE-App/package.json",
            "dbs": [],
            "gates": []
        },
        {
            "monitors": [],
            "discos": [],
            "servers": [
                "node"
            ],
            "buses": [],
            "path": "/AVARE-Manager/package.json",
            "dbs": [],
            "gates": []
        }
    ],
    "num_gates": 0,
    "num_discos": 0,
    "num_services": 2,
    "num_langs": 4,
    "structure": {
        "detected_dbs": {
            "num": 1,
            "shared_dbs": false,
            "names": [
                "couchdb"
            ],
            "services": [
                "couchdb"
            ]
        },
        "num_services": 2,
        "path": "/AVARE-Server/docker-compose.yml",
        "services": [
            {
                "monitors": [],
                "depends_on": [],
                "servers": [],
                "name": "couchdb",
                "image": "couchdb",
                "discos": [],
                "image_full": "couchdb:latest",
                "buses": [],
                "dbs": [
                    "couchdb"
                ],
                "gates": []
            },
            {
                "monitors": [],
                "depends_on": [
                    "couchdb"
                ],
                "servers": [],
                "name": "syncserver",
                "image": "lukasstruppek/syncserver",
                "discos": [],
                "image_full": "lukasstruppek/syncserver:latest",
                "buses": [],
                "dbs": [],
                "gates": []
            }
        ]
    },
    "num_dbs": 1,
    "num_dockers": 1,
    "dockers": [
        {
            "monitors": [],
            "keywords": [],
            "path": "/AVARE-Server/Dockerfile",
            "dbs": [],
            "cmd": "",
            "from_full": "java:8",
            "servers": [],
            "langs": [
                "java"
            ],
            "from": "java",
            "discos": [],
            "buses": [],
            "cmd_keywords": [],
            "gates": []
        }
    ],
    "servers": [
        "spring",
        "node"
    ],
    "discos": [],
    "avg_size_service": 81064.0,
    "num_servers": 2
}