{
    "monitors": [],
    "servers": [],
    "num_discos": 1,
    "discos": [
        "consul"
    ],
    "shared_dbs": false,
    "name": "gabrieldalborgo/aspnetcore-microservices-ocelot-consul-docker",
    "gates": [
        "gateway"
    ],
    "buses": [],
    "images": [
        "base"
    ],
    "avg_size_service": 9.0,
    "langs": [
        "c#",
        "dockerfile"
    ],
    "dockers": [
        {
            "keywords": [
                "gateway",
                "api",
                "dotnet",
                "csproj",
                "release"
            ],
            "cmd_keywords": [],
            "monitors": [],
            "langs": [],
            "servers": [],
            "dbs": [],
            "from_full": "base",
            "from": "base",
            "cmd": "",
            "discos": [],
            "buses": [],
            "gates": [
                "gateway"
            ],
            "path": "/src/gateways/API.Gateway/Dockerfile"
        },
        {
            "keywords": [
                "clients",
                "dotnet",
                "csproj",
                "release",
                "app"
            ],
            "cmd_keywords": [],
            "monitors": [],
            "langs": [],
            "servers": [],
            "dbs": [],
            "from_full": "base",
            "from": "base",
            "cmd": "",
            "discos": [],
            "buses": [],
            "gates": [],
            "path": "/src/services/Clients/Dockerfile"
        },
        {
            "keywords": [
                "policies",
                "dotnet",
                "csproj",
                "release",
                "app"
            ],
            "cmd_keywords": [],
            "monitors": [],
            "langs": [],
            "servers": [],
            "dbs": [],
            "from_full": "base",
            "from": "base",
            "cmd": "",
            "discos": [],
            "buses": [],
            "gates": [],
            "path": "/src/services/Policies/Dockerfile"
        }
    ],
    "structure": {
        "detected_dbs": {
            "num": 0,
            "services": [],
            "names": [],
            "shared_dbs": false
        },
        "services": [
            {
                "gates": [],
                "image_full": "consul:latest",
                "monitors": [],
                "name": "consul",
                "discos": [
                    "consul"
                ],
                "servers": [],
                "buses": [],
                "dbs": [],
                "depends_on": [],
                "image": "consul"
            },
            {
                "gates": [],
                "image_full": "clients:latest",
                "monitors": [],
                "name": "clients",
                "discos": [],
                "servers": [],
                "buses": [],
                "dbs": [],
                "depends_on": [
                    "consul"
                ],
                "image": "clients"
            },
            {
                "gates": [],
                "image_full": "apigateway:latest",
                "monitors": [],
                "name": "api.gateway",
                "discos": [],
                "servers": [],
                "buses": [],
                "dbs": [],
                "depends_on": [],
                "image": "apigateway"
            },
            {
                "gates": [],
                "image_full": "policies:latest",
                "monitors": [],
                "name": "policies",
                "discos": [],
                "servers": [],
                "buses": [],
                "dbs": [],
                "depends_on": [
                    "consul"
                ],
                "image": "policies"
            }
        ],
        "path": "/docker-compose.yml",
        "num_services": 4
    },
    "commiters": 2,
    "num_monitors": 0,
    "num_servers": 0,
    "num_dbs": 0,
    "num_buses": 0,
    "num_langs": 2,
    "dbs": [],
    "num_gates": 1,
    "num_files": 4,
    "num_services": 4,
    "size": 27,
    "languages": [
        "c#",
        "dockerfile"
    ],
    "url": "git://github.com/gabrieldalborgo/aspnetcore-microservices-ocelot-consul-docker.git",
    "num_dockers": 3,
    "files": []
}