{
    "monitors": [],
    "servers": [
        "spring"
    ],
    "num_discos": 1,
    "discos": [
        "eureka"
    ],
    "shared_dbs": false,
    "name": "gangadharyelwande/spring-microservice-with-docker",
    "gates": [
        "zuul"
    ],
    "buses": [
        "amqp"
    ],
    "images": [],
    "avg_size_service": 577.0,
    "langs": [
        "java"
    ],
    "dockers": [],
    "structure": {
        "detected_dbs": {
            "num": 0,
            "services": [],
            "names": [],
            "shared_dbs": false
        },
        "services": [],
        "path": [],
        "num_services": 0
    },
    "commiters": 1,
    "num_monitors": 0,
    "num_servers": 1,
    "num_dbs": 0,
    "num_buses": 1,
    "num_langs": 1,
    "dbs": [],
    "num_gates": 1,
    "num_files": 7,
    "num_services": 0,
    "size": 577,
    "languages": [
        "java"
    ],
    "url": "git://github.com/gangadharyelwande/spring-microservice-with-docker.git",
    "num_dockers": 0,
    "files": [
        {
            "monitors": [],
            "discos": [
                "eureka"
            ],
            "servers": [
                "spring"
            ],
            "path": "/currency-conversion-service/pom.xml",
            "gates": [],
            "buses": [
                "amqp"
            ],
            "dbs": []
        },
        {
            "monitors": [],
            "discos": [],
            "servers": [
                "spring"
            ],
            "path": "/spring-cloud-config-server/pom.xml",
            "gates": [],
            "buses": [],
            "dbs": []
        },
        {
            "monitors": [],
            "discos": [
                "eureka"
            ],
            "servers": [
                "spring"
            ],
            "path": "/currency-exchange-service/pom.xml",
            "gates": [],
            "buses": [
                "amqp"
            ],
            "dbs": []
        },
        {
            "monitors": [],
            "discos": [
                "eureka"
            ],
            "servers": [
                "spring"
            ],
            "path": "/netflix-eureka-naming-server/pom.xml",
            "gates": [],
            "buses": [],
            "dbs": []
        },
        {
            "monitors": [],
            "discos": [
                "eureka"
            ],
            "servers": [
                "spring"
            ],
            "path": "/netflix-zuul-api-gateway-server/pom.xml",
            "gates": [
                "zuul",
                "gateway"
            ],
            "buses": [
                "amqp"
            ],
            "dbs": []
        },
        {
            "monitors": [],
            "discos": [],
            "servers": [
                "spring"
            ],
            "path": "/limits-service/pom.xml",
            "gates": [],
            "buses": [],
            "dbs": []
        }
    ]
}