{
    "monitors": [],
    "servers": [
        "spring"
    ],
    "num_discos": 0,
    "discos": [],
    "shared_dbs": false,
    "name": "ganrad/k8s-springboot-data-rest",
    "gates": [],
    "buses": [],
    "images": [
        "jenkins/jenkins",
        "centos"
    ],
    "avg_size_service": 7763.0,
    "langs": [
        "shell",
        "smarty",
        "dockerfile",
        "groovy",
        "java"
    ],
    "dockers": [
        {
            "keywords": [
                "apt",
                "get",
                "echo",
                "docker",
                "list"
            ],
            "cmd_keywords": [],
            "monitors": [],
            "langs": [],
            "servers": [],
            "dbs": [],
            "from_full": "jenkins/jenkins:lts",
            "from": "jenkins/jenkins",
            "cmd": "",
            "discos": [],
            "buses": [],
            "gates": [],
            "path": "/extensions/jenkins-ci-cd/Dockerfile"
        },
        {
            "keywords": [
                "yum",
                "install",
                "all",
                "openjdk",
                "clean"
            ],
            "cmd_keywords": [
                "jar",
                "rest",
                "service",
                "java"
            ],
            "monitors": [],
            "langs": [
                "java"
            ],
            "servers": [],
            "dbs": [],
            "from_full": "centos:latest",
            "from": "centos",
            "cmd": "java -jar ./po-rest-service-1.0.jar",
            "discos": [],
            "buses": [],
            "gates": [],
            "path": "/src/Dockerfile"
        }
    ],
    "structure": {
        "detected_dbs": {
            "num": 0,
            "services": [],
            "names": [],
            "shared_dbs": false
        },
        "services": [
            {
                "gates": [],
                "image_full": "po-service",
                "monitors": [],
                "name": "api",
                "discos": [],
                "servers": [],
                "buses": [],
                "dbs": [],
                "depends_on": [],
                "image": "po-service"
            }
        ],
        "path": "/docker-compose.yml",
        "num_services": 1
    },
    "commiters": 2,
    "num_monitors": 0,
    "num_servers": 1,
    "num_dbs": 1,
    "num_buses": 0,
    "num_langs": 5,
    "dbs": [
        "mysql"
    ],
    "num_gates": 0,
    "num_files": 4,
    "num_services": 1,
    "size": 15526,
    "languages": [
        "shell",
        "java",
        "smarty",
        "dockerfile",
        "groovy"
    ],
    "url": "git://github.com/ganrad/k8s-springboot-data-rest.git",
    "num_dockers": 2,
    "files": [
        {
            "monitors": [],
            "discos": [],
            "servers": [
                "spring"
            ],
            "path": "/pom.xml",
            "gates": [],
            "buses": [],
            "dbs": [
                "mysql"
            ]
        }
    ]
}