{
    "structure": {
        "detected_dbs": {
            "num": 0,
            "services": [],
            "shared_dbs": false,
            "names": []
        },
        "path": [],
        "services": [],
        "num_services": 0
    },
    "url": "git://github.com/geetasaluja/wallet_code.git",
    "monitors": [],
    "num_gates": 0,
    "shared_dbs": false,
    "num_buses": 0,
    "num_dbs": 0,
    "dbs": [],
    "commiters": 2,
    "languages": [
        "java"
    ],
    "num_services": 0,
    "num_discos": 0,
    "num_dockers": 1,
    "gates": [],
    "langs": [
        "java"
    ],
    "dockers": [
        {
            "langs": [
                "java"
            ],
            "keywords": [
                "git",
                "walletapi",
                "https",
                "app",
                "install"
            ],
            "buses": [],
            "cmd": "java -jar /app/wallet-microservice.jar",
            "monitors": [],
            "path": "/walletapi/Dockerfile",
            "dbs": [],
            "from_full": "openjdk:8-jre-alpine",
            "gates": [],
            "discos": [],
            "cmd_keywords": [
                "jar",
                "microservice",
                "wallet",
                "app",
                "java"
            ],
            "from": "openjdk",
            "servers": []
        }
    ],
    "buses": [],
    "name": "geetasaluja/wallet_code",
    "images": [
        "openjdk"
    ],
    "num_langs": 1,
    "num_servers": 1,
    "num_files": 3,
    "discos": [],
    "num_monitors": 0,
    "avg_size_service": 171.0,
    "size": 171,
    "files": [
        {
            "dbs": [],
            "buses": [],
            "gates": [],
            "discos": [],
            "monitors": [],
            "path": "/walletapi/pom.xml",
            "servers": [
                "spring"
            ]
        }
    ],
    "servers": [
        "spring"
    ]
}