{
    "monitors": [],
    "name": "gghcode/go-gin-starterkit",
    "size": 177,
    "num_monitors": 0,
    "images": [
        "scratch"
    ],
    "dbs": [],
    "commiters": 1,
    "langs": [
        "go",
        "scratch"
    ],
    "url": "git://github.com/gghcode/go-gin-starterkit.git",
    "num_buses": 0,
    "shared_dbs": false,
    "buses": [],
    "gates": [],
    "languages": [
        "go"
    ],
    "num_files": 2,
    "files": [],
    "num_gates": 0,
    "num_discos": 0,
    "num_services": 2,
    "num_langs": 2,
    "structure": {
        "detected_dbs": {
            "num": 0,
            "shared_dbs": false,
            "names": [],
            "services": []
        },
        "num_services": 2,
        "path": "/docker-compose.yml",
        "services": [
            {
                "monitors": [],
                "depends_on": [],
                "servers": [],
                "name": "postgres",
                "image": "postgres",
                "discos": [],
                "image_full": "postgres:11.3-alpine",
                "buses": [],
                "dbs": [],
                "gates": []
            },
            {
                "monitors": [],
                "depends_on": [
                    "postgres"
                ],
                "servers": [],
                "name": "app",
                "image": ".",
                "discos": [],
                "image_full": ".",
                "buses": [],
                "dbs": [],
                "gates": []
            }
        ]
    },
    "num_dbs": 0,
    "num_dockers": 1,
    "dockers": [
        {
            "monitors": [],
            "keywords": [
                "cgo",
                "linux",
                "build",
                "amd",
                "goarch"
            ],
            "path": "/Dockerfile",
            "dbs": [],
            "cmd": "",
            "from_full": "scratch",
            "servers": [],
            "langs": [
                "scratch"
            ],
            "from": "scratch",
            "discos": [],
            "buses": [],
            "cmd_keywords": [],
            "gates": []
        }
    ],
    "servers": [],
    "discos": [],
    "avg_size_service": 177.0,
    "num_servers": 0
}