{
    "files": [
        {
            "gates": [],
            "discos": [],
            "servers": [
                "node",
                "express"
            ],
            "monitors": [],
            "buses": [],
            "dbs": [],
            "path": "/deliveryService/package.json"
        },
        {
            "gates": [],
            "discos": [],
            "servers": [
                "node",
                "express"
            ],
            "monitors": [],
            "buses": [],
            "dbs": [],
            "path": "/userAddressService/package.json"
        },
        {
            "gates": [],
            "discos": [],
            "servers": [
                "node",
                "express"
            ],
            "monitors": [],
            "buses": [],
            "dbs": [],
            "path": "/cardService/package.json"
        },
        {
            "gates": [],
            "discos": [],
            "servers": [],
            "monitors": [],
            "buses": [],
            "dbs": [],
            "path": "/common/package.json"
        },
        {
            "gates": [],
            "discos": [],
            "servers": [
                "node",
                "express"
            ],
            "monitors": [],
            "buses": [],
            "dbs": [],
            "path": "/authService/package.json"
        }
    ],
    "num_services": 6,
    "languages": [
        "javascript",
        "c#"
    ],
    "shared_dbs": false,
    "num_discos": 0,
    "num_dbs": 0,
    "gates": [],
    "num_files": 6,
    "num_langs": 2,
    "avg_size_service": 2682.0,
    "num_monitors": 0,
    "dockers": [],
    "size": 2682,
    "langs": [
        "javascript",
        "c#"
    ],
    "num_buses": 0,
    "images": [],
    "servers": [
        "node",
        "express"
    ],
    "commiters": 2,
    "buses": [],
    "dbs": [],
    "name": "Ghokai/cardDeliverySystemMicroservices",
    "discos": [],
    "url": "git://github.com/Ghokai/cardDeliverySystemMicroservices.git",
    "num_servers": 2,
    "monitors": [],
    "num_gates": 0,
    "structure": {
        "detected_dbs": {
            "names": [],
            "services": [],
            "num": 0,
            "shared_dbs": false
        },
        "services": [
            {
                "gates": [],
                "buses": [],
                "discos": [],
                "image": ".",
                "monitors": [],
                "servers": [],
                "image_full": ".",
                "dbs": [],
                "name": "card-service",
                "depends_on": [
                    "db",
                    "auth-service"
                ]
            },
            {
                "gates": [],
                "buses": [],
                "discos": [],
                "image": "postgres",
                "monitors": [],
                "servers": [],
                "image_full": "postgres:latest",
                "dbs": [],
                "name": "db",
                "depends_on": []
            },
            {
                "gates": [],
                "buses": [],
                "discos": [],
                "image": ".",
                "monitors": [],
                "servers": [],
                "image_full": ".",
                "dbs": [],
                "name": "auth-service",
                "depends_on": [
                    "db"
                ]
            },
            {
                "gates": [],
                "buses": [],
                "discos": [],
                "image": ".",
                "monitors": [],
                "servers": [],
                "image_full": ".",
                "dbs": [],
                "name": "order-service",
                "depends_on": [
                    "db",
                    "auth-service"
                ]
            },
            {
                "gates": [],
                "buses": [],
                "discos": [],
                "image": ".",
                "monitors": [],
                "servers": [],
                "image_full": ".",
                "dbs": [],
                "name": "user-address-service",
                "depends_on": [
                    "db",
                    "auth-service"
                ]
            },
            {
                "gates": [],
                "buses": [],
                "discos": [],
                "image": ".",
                "monitors": [],
                "servers": [],
                "image_full": ".",
                "dbs": [],
                "name": "delivery-service",
                "depends_on": [
                    "db",
                    "auth-service"
                ]
            }
        ],
        "num_services": 6,
        "path": "/docker-compose.yml"
    },
    "num_dockers": 0
}