{
    "num_discos": 0,
    "structure": {
        "detected_dbs": {
            "num": 0,
            "shared_dbs": false,
            "names": [],
            "services": []
        },
        "num_services": 0,
        "path": [],
        "services": []
    },
    "buses": [],
    "servers": [
        "express",
        "node"
    ],
    "name": "giedrius-timinskis/study--js-microservices-in-docker",
    "num_gates": 1,
    "gates": [
        "nginx"
    ],
    "num_dbs": 1,
    "discos": [],
    "num_servers": 2,
    "num_dockers": 3,
    "dockers": [
        {
            "cmd": "npm run start",
            "dbs": [],
            "cmd_keywords": [
                "start",
                "npm",
                "run"
            ],
            "buses": [],
            "monitors": [],
            "from": "node",
            "langs": [],
            "keywords": [
                "install",
                "npm"
            ],
            "gates": [],
            "from_full": "node:alpine",
            "discos": [],
            "path": "/server/Dockerfile",
            "servers": [
                "node"
            ]
        },
        {
            "cmd": "npm run start",
            "dbs": [],
            "cmd_keywords": [
                "start",
                "npm",
                "run"
            ],
            "buses": [],
            "monitors": [],
            "from": "node",
            "langs": [],
            "keywords": [
                "install",
                "npm"
            ],
            "gates": [],
            "from_full": "node:alpine",
            "discos": [],
            "path": "/worker/Dockerfile",
            "servers": [
                "node"
            ]
        },
        {
            "cmd": "",
            "dbs": [],
            "cmd_keywords": [],
            "buses": [],
            "monitors": [],
            "from": "nginx",
            "langs": [],
            "keywords": [
                "npm",
                "install",
                "build",
                "run"
            ],
            "gates": [
                "nginx"
            ],
            "from_full": "nginx",
            "discos": [],
            "path": "/client/Dockerfile",
            "servers": []
        }
    ],
    "dbs": [
        "redis"
    ],
    "images": [
        "nginx",
        "node"
    ],
    "commiters": 1,
    "monitors": [],
    "files": [
        {
            "dbs": [
                "redis"
            ],
            "buses": [],
            "servers": [
                "express",
                "node"
            ],
            "discos": [],
            "monitors": [],
            "gates": [],
            "path": "/server/package.json"
        },
        {
            "dbs": [
                "redis"
            ],
            "buses": [],
            "servers": [
                "node"
            ],
            "discos": [],
            "monitors": [],
            "gates": [],
            "path": "/worker/package.json"
        },
        {
            "dbs": [],
            "buses": [],
            "servers": [],
            "discos": [],
            "monitors": [],
            "gates": [],
            "path": "/client/package.json"
        }
    ],
    "langs": [
        "javascript",
        "html"
    ],
    "url": "git://github.com/giedrius-timinskis/study--js-microservices-in-docker.git",
    "num_monitors": 0,
    "shared_dbs": false,
    "size": 2465,
    "languages": [
        "javascript",
        "html"
    ],
    "num_langs": 2,
    "num_buses": 0,
    "avg_size_service": 821.6666666666666,
    "num_files": 7,
    "num_services": 0
}