{
    "discos": [],
    "files": [],
    "dbs": [],
    "num_monitors": 0,
    "url": "git://github.com/gieysonstelmak/barigui.git",
    "languages": [
        "c#"
    ],
    "images": [
        "base"
    ],
    "servers": [],
    "num_files": 2,
    "commiters": 1,
    "num_buses": 1,
    "dockers": [
        {
            "discos": [],
            "from": "base",
            "dbs": [],
            "path": "/src/Barigui.MicroService/Dockerfile",
            "langs": [],
            "servers": [],
            "cmd_keywords": [],
            "cmd": "",
            "gates": [],
            "from_full": "base",
            "buses": [],
            "monitors": [],
            "keywords": [
                "barigui",
                "microservice",
                "csproj",
                "dotnet",
                "release"
            ]
        }
    ],
    "buses": [
        "rabbitmq"
    ],
    "num_dbs": 0,
    "num_dockers": 1,
    "langs": [
        "c#"
    ],
    "shared_dbs": false,
    "num_services": 3,
    "structure": {
        "num_services": 3,
        "detected_dbs": {
            "num": 0,
            "names": [],
            "shared_dbs": false,
            "services": []
        },
        "path": "/docker-compose.yml",
        "services": [
            {
                "discos": [],
                "image": "rabbitmq",
                "dbs": [],
                "name": "rabbitmq-server",
                "depends_on": [],
                "gates": [],
                "image_full": "rabbitmq:3-management",
                "buses": [
                    "rabbitmq"
                ],
                "servers": [],
                "monitors": []
            },
            {
                "discos": [],
                "image": "${DOCKER_REGISTRY-}bariguimicroservice",
                "dbs": [],
                "name": "barigui.microservice.2",
                "depends_on": [
                    "rabbitmq-server"
                ],
                "gates": [],
                "image_full": "${DOCKER_REGISTRY-}bariguimicroservice",
                "buses": [],
                "servers": [],
                "monitors": []
            },
            {
                "discos": [],
                "image": "${DOCKER_REGISTRY-}bariguimicroservice",
                "dbs": [],
                "name": "barigui.microservice.1",
                "depends_on": [
                    "rabbitmq-server"
                ],
                "gates": [],
                "image_full": "${DOCKER_REGISTRY-}bariguimicroservice",
                "buses": [],
                "servers": [],
                "monitors": []
            }
        ]
    },
    "num_discos": 0,
    "num_langs": 1,
    "avg_size_service": 41.0,
    "name": "gieysonstelmak/barigui",
    "num_gates": 0,
    "gates": [],
    "num_servers": 0,
    "monitors": [],
    "size": 41
}