{
    "files": [
        {
            "path": "/cinema-microservice/movies-service/package.json"
        }
    ],
    "num_services": 0,
    "languages": [
        "javascript"
    ],
    "shared_dbs": false,
    "num_discos": 0,
    "num_dbs": 0,
    "gates": [],
    "num_files": 2,
    "num_langs": 1,
    "avg_size_service": 197.0,
    "num_monitors": 0,
    "dockers": [],
    "size": 197,
    "langs": [
        "javascript"
    ],
    "num_buses": 0,
    "images": [],
    "servers": [],
    "commiters": 1,
    "buses": [],
    "dbs": [],
    "name": "glaucia86/microservice-node-mongo",
    "discos": [],
    "url": "git://github.com/glaucia86/microservice-node-mongo.git",
    "num_servers": 0,
    "monitors": [],
    "num_gates": 0,
    "structure": {
        "detected_dbs": {
            "names": [],
            "services": [],
            "num": 0,
            "shared_dbs": false
        },
        "services": [],
        "num_services": 0,
        "path": []
    },
    "num_dockers": 0
}