{
    "num_langs": 2,
    "num_servers": 0,
    "num_dockers": 0,
    "languages": [
        "jupyternotebook",
        "python"
    ],
    "files": [
        {
            "servers": [],
            "dbs": [],
            "discos": [],
            "path": "/tools/causal_impact_analysis/requirements.txt",
            "gates": [],
            "buses": [],
            "monitors": []
        },
        {
            "servers": [],
            "dbs": [],
            "discos": [],
            "path": "/tools/base_image_generator/integration_test/pom.xml",
            "gates": [],
            "buses": [],
            "monitors": []
        }
    ],
    "num_gates": 0,
    "num_buses": 0,
    "commiters": 1,
    "avg_size_service": 109135.0,
    "discos": [],
    "num_services": 0,
    "num_discos": 0,
    "num_dbs": 0,
    "monitors": [],
    "servers": [],
    "dockers": [],
    "num_monitors": 0,
    "name": "gluckzhang/pobs",
    "images": [],
    "langs": [
        "jupyternotebook",
        "python"
    ],
    "buses": [],
    "shared_dbs": false,
    "url": "git://github.com/gluckzhang/pobs.git",
    "structure": {
        "path": [],
        "num_services": 0,
        "detected_dbs": {
            "num": 0,
            "shared_dbs": false,
            "names": [],
            "services": []
        },
        "services": []
    },
    "size": 109135,
    "dbs": [],
    "num_files": 3,
    "gates": []
}