{
    "monitors": [],
    "name": "guisesterheim/goMicroserviceWithETCD",
    "size": 7,
    "num_monitors": 0,
    "images": [
        "golang"
    ],
    "dbs": [],
    "commiters": 2,
    "langs": [
        "shell",
        "go",
        "golang"
    ],
    "url": "git://github.com/guisesterheim/goMicroserviceWithETCD.git",
    "num_buses": 0,
    "shared_dbs": false,
    "buses": [],
    "gates": [],
    "languages": [
        "go",
        "shell"
    ],
    "num_files": 2,
    "files": [],
    "num_gates": 0,
    "num_discos": 1,
    "num_services": 2,
    "num_langs": 3,
    "structure": {
        "detected_dbs": {
            "num": 0,
            "shared_dbs": false,
            "names": [],
            "services": []
        },
        "num_services": 2,
        "path": "/docker-compose.yml",
        "services": [
            {
                "monitors": [],
                "depends_on": [],
                "servers": [],
                "name": "myapp",
                "image": ".",
                "discos": [],
                "image_full": ".",
                "buses": [],
                "dbs": [],
                "gates": []
            },
            {
                "monitors": [],
                "depends_on": [],
                "servers": [],
                "name": "etcd",
                "image": "bitnami/etcd",
                "discos": [
                    "etcd"
                ],
                "image_full": "bitnami/etcd:latest",
                "buses": [],
                "dbs": [],
                "gates": []
            }
        ]
    },
    "num_dbs": 0,
    "num_dockers": 1,
    "dockers": [
        {
            "monitors": [],
            "keywords": [
                "etcd",
                "get",
                "mux",
                "build",
                "app"
            ],
            "path": "/Dockerfile",
            "dbs": [],
            "cmd": "/app/go-homework.go",
            "from_full": "golang:latest",
            "servers": [],
            "langs": [
                "golang"
            ],
            "from": "golang",
            "discos": [
                "etcd"
            ],
            "buses": [],
            "cmd_keywords": [
                "homework",
                "app"
            ],
            "gates": []
        }
    ],
    "servers": [],
    "discos": [
        "etcd"
    ],
    "avg_size_service": 7.0,
    "num_servers": 0
}