{
    "num_gates": 1,
    "discos": [
        "grpc"
    ],
    "num_dbs": 0,
    "num_monitors": 0,
    "dockers": [],
    "dbs": [],
    "num_langs": 1,
    "num_servers": 0,
    "avg_size_service": 3.0,
    "structure": {
        "detected_dbs": {
            "num": 0,
            "shared_dbs": false,
            "names": [],
            "services": []
        },
        "num_services": 4,
        "path": "/docker-compose.yml",
        "services": [
            {
                "discos": [],
                "image_full": "./weather/Dockerfile",
                "name": "weather",
                "image": "./weather/Dockerfile",
                "buses": [],
                "gates": [],
                "depends_on": [],
                "monitors": [],
                "servers": [],
                "dbs": []
            },
            {
                "discos": [
                    "grpc"
                ],
                "image_full": "./grpc-gateway/Dockerfile",
                "name": "grpc-gateway",
                "image": "./grpc-gateway/Dockerfile",
                "buses": [],
                "gates": [
                    "gateway"
                ],
                "depends_on": [
                    "apigateway"
                ],
                "monitors": [],
                "servers": [],
                "dbs": []
            },
            {
                "discos": [],
                "image_full": "./apigateway/Dockerfile",
                "name": "apigateway",
                "image": "./apigateway/Dockerfile",
                "buses": [],
                "gates": [],
                "depends_on": [
                    "geolocation",
                    "weather"
                ],
                "monitors": [],
                "servers": [],
                "dbs": []
            },
            {
                "discos": [],
                "image_full": "./geolocation/Dockerfile",
                "name": "geolocation",
                "image": "./geolocation/Dockerfile",
                "buses": [],
                "gates": [],
                "depends_on": [],
                "monitors": [],
                "servers": [],
                "dbs": []
            }
        ]
    },
    "images": [],
    "size": 3,
    "servers": [],
    "languages": [
        "makefile"
    ],
    "langs": [
        "makefile"
    ],
    "commiters": 1,
    "shared_dbs": false,
    "num_buses": 0,
    "num_services": 4,
    "monitors": [],
    "num_dockers": 0,
    "url": "git://github.com/gypsydiver/theweatherservice.git",
    "name": "gypsydiver/theweatherservice",
    "buses": [],
    "gates": [
        "gateway"
    ],
    "files": [],
    "num_discos": 1,
    "num_files": 1
}