{
    "files": [
        {
            "gates": [],
            "discos": [],
            "servers": [],
            "monitors": [],
            "buses": [],
            "dbs": [],
            "path": "/security/tools/jwt/requirements.txt"
        },
        {
            "gates": [],
            "discos": [],
            "servers": [],
            "monitors": [],
            "buses": [],
            "dbs": [],
            "path": "/security/tools/jwt/samples/requirements.txt"
        },
        {
            "gates": [],
            "discos": [],
            "servers": [
                "flask"
            ],
            "monitors": [
                "jaeger"
            ],
            "buses": [],
            "dbs": [],
            "path": "/samples/bookinfo/src/productpage/requirements.txt"
        },
        {
            "gates": [],
            "discos": [],
            "servers": [
                "flask"
            ],
            "monitors": [],
            "buses": [],
            "dbs": [],
            "path": "/samples/helloworld/src/requirements.txt"
        },
        {
            "gates": [],
            "discos": [],
            "servers": [],
            "monitors": [],
            "buses": [],
            "dbs": [],
            "path": "/samples/bookinfo/src/reviews/build.gradle"
        },
        {
            "gates": [],
            "discos": [],
            "servers": [],
            "monitors": [],
            "buses": [],
            "dbs": [],
            "path": "/samples/bookinfo/src/reviews/settings.gradle"
        },
        {
            "gates": [],
            "discos": [],
            "servers": [],
            "monitors": [],
            "buses": [],
            "dbs": [
                "enterprise"
            ],
            "path": "/samples/bookinfo/src/reviews/reviews-application/build.gradle"
        },
        {
            "gates": [],
            "discos": [],
            "servers": [],
            "monitors": [],
            "buses": [],
            "dbs": [],
            "path": "/samples/bookinfo/src/reviews/reviews-wlpcfg/build.gradle"
        },
        {
            "gates": [],
            "discos": [],
            "servers": [
                "node"
            ],
            "monitors": [],
            "buses": [],
            "dbs": [
                "mysql",
                "mongodb"
            ],
            "path": "/samples/bookinfo/src/ratings/package.json"
        }
    ],
    "num_services": 0,
    "languages": [
        "go"
    ],
    "shared_dbs": false,
    "num_discos": 1,
    "num_dbs": 3,
    "gates": [],
    "num_files": 24,
    "num_langs": 5,
    "avg_size_service": 6254.357142857143,
    "num_monitors": 1,
    "dockers": [
        {
            "cmd": "",
            "from": "scratch",
            "from_full": "scratch",
            "servers": [],
            "buses": [],
            "dbs": [],
            "path": "/mixer/test/listbackend/cmd/Dockerfile",
            "gates": [],
            "discos": [],
            "keywords": [],
            "cmd_keywords": [],
            "langs": [
                "scratch"
            ],
            "monitors": []
        },
        {
            "cmd": "",
            "from": "scratch",
            "from_full": "scratch",
            "servers": [],
            "buses": [],
            "dbs": [],
            "path": "/mixer/test/prometheus/cmd/Dockerfile",
            "gates": [],
            "discos": [],
            "keywords": [],
            "cmd_keywords": [],
            "langs": [
                "scratch"
            ],
            "monitors": []
        },
        {
            "cmd": "",
            "from": "sdurrheimer/alpine-golang-make-onbuild",
            "from_full": "sdurrheimer/alpine-golang-make-onbuild",
            "servers": [],
            "buses": [],
            "dbs": [],
            "path": "/vendor/github.com/prometheus/prom2json/Dockerfile",
            "gates": [],
            "discos": [],
            "keywords": [],
            "cmd_keywords": [],
            "langs": [
                "golang"
            ],
            "monitors": []
        },
        {
            "cmd": "-h",
            "from": "ubuntu",
            "from_full": "ubuntu:trusty",
            "servers": [],
            "buses": [],
            "dbs": [],
            "path": "/vendor/golang.org/x/net/http2/Dockerfile",
            "gates": [],
            "discos": [],
            "keywords": [
                "dev",
                "install",
                "get",
                "make",
                "apt"
            ],
            "cmd_keywords": [],
            "langs": [
                "python"
            ],
            "monitors": []
        },
        {
            "cmd": "",
            "from": "circleci/golang",
            "from_full": "circleci/golang:1.12",
            "servers": [],
            "buses": [],
            "dbs": [],
            "path": "/.circleci/Dockerfile",
            "gates": [],
            "discos": [
                "etcd"
            ],
            "keywords": [
                "tmp",
                "etcd",
                "sudo",
                "amd",
                "linux"
            ],
            "cmd_keywords": [],
            "langs": [
                "golang"
            ],
            "monitors": []
        },
        {
            "cmd": "",
            "from": "istionightly/base_debug",
            "from_full": "istionightly/base_debug",
            "servers": [],
            "buses": [],
            "dbs": [],
            "path": "/tools/packaging/deb/Dockerfile",
            "gates": [],
            "discos": [],
            "keywords": [
                "istio",
                "tmp",
                "deb",
                "sidecar",
                "dpkg"
            ],
            "cmd_keywords": [],
            "langs": [],
            "monitors": []
        },
        {
            "cmd": "ruby details.rb 9080",
            "from": "ruby",
            "from_full": "ruby:2.6.3-slim",
            "servers": [],
            "buses": [],
            "dbs": [],
            "path": "/samples/bookinfo/src/details/Dockerfile",
            "gates": [],
            "discos": [],
            "keywords": [],
            "cmd_keywords": [
                "details",
                "ruby"
            ],
            "langs": [
                "ruby"
            ],
            "monitors": []
        },
        {
            "cmd": "node /opt/microservices/ratings.js 9080",
            "from": "node",
            "from_full": "node:12-slim",
            "servers": [
                "node"
            ],
            "buses": [],
            "dbs": [],
            "path": "/samples/bookinfo/src/ratings/Dockerfile",
            "gates": [],
            "discos": [],
            "keywords": [
                "npm",
                "opt",
                "install",
                "microservices"
            ],
            "cmd_keywords": [
                "ratings",
                "node",
                "opt",
                "microservices"
            ],
            "langs": [],
            "monitors": []
        },
        {
            "cmd": "",
            "from": "mysql",
            "from_full": "mysql:8.0.16",
            "servers": [],
            "buses": [],
            "dbs": [
                "mysql"
            ],
            "path": "/samples/bookinfo/src/mysql/Dockerfile",
            "gates": [],
            "discos": [],
            "keywords": [],
            "cmd_keywords": [],
            "langs": [],
            "monitors": []
        },
        {
            "cmd": "",
            "from": "mongo",
            "from_full": "mongo",
            "servers": [],
            "buses": [],
            "dbs": [
                "mongo"
            ],
            "path": "/samples/bookinfo/src/mongodb/Dockerfile",
            "gates": [],
            "discos": [],
            "keywords": [
                "docker",
                "data",
                "app",
                "script",
                "entrypoint"
            ],
            "cmd_keywords": [],
            "langs": [],
            "monitors": []
        },
        {
            "cmd": "/opt/ibm/wlp/bin/server run defaultServer",
            "from": "websphere-liberty",
            "from_full": "websphere-liberty:latest",
            "servers": [],
            "buses": [],
            "dbs": [],
            "path": "/samples/bookinfo/src/reviews/reviews-wlpcfg/Dockerfile",
            "gates": [],
            "discos": [],
            "keywords": [
                "wlp",
                "ibm",
                "opt",
                "servers",
                "usr"
            ],
            "cmd_keywords": [
                "bin",
                "defaultserver",
                "wlp",
                "opt",
                "ibm"
            ],
            "langs": [],
            "monitors": []
        },
        {
            "cmd": "touch /opt/microservices/microservice.log &&     tail -f /opt/microservices/microservice.log &     python productpage.py 9080",
            "from": "python",
            "from_full": "python:2.7-slim",
            "servers": [],
            "buses": [],
            "dbs": [],
            "path": "/samples/bookinfo/src/productpage/Dockerfile",
            "gates": [],
            "discos": [],
            "keywords": [
                "cache",
                "install",
                "pip",
                "dir",
                "txt"
            ],
            "cmd_keywords": [
                "log",
                "microservice",
                "opt",
                "microservices",
                "tail"
            ],
            "langs": [
                "python"
            ],
            "monitors": []
        },
        {
            "cmd": "9000 hello",
            "from": "scratch",
            "from_full": "scratch",
            "servers": [],
            "buses": [],
            "dbs": [],
            "path": "/samples/tcp-echo/src/Dockerfile",
            "gates": [],
            "discos": [],
            "keywords": [
                "cgo",
                "build",
                "goos",
                "linux",
                "echo"
            ],
            "cmd_keywords": [
                "hello"
            ],
            "langs": [
                "scratch"
            ],
            "monitors": []
        },
        {
            "cmd": "python app.py",
            "from": "python",
            "from_full": "python:2-onbuild",
            "servers": [],
            "buses": [],
            "dbs": [],
            "path": "/samples/helloworld/src/Dockerfile",
            "gates": [],
            "discos": [],
            "keywords": [
                "mkdir",
                "opt",
                "microservices"
            ],
            "cmd_keywords": [
                "python",
                "app"
            ],
            "langs": [
                "python"
            ],
            "monitors": []
        }
    ],
    "size": 87561,
    "langs": [
        "ruby",
        "python",
        "go",
        "golang",
        "scratch"
    ],
    "num_buses": 0,
    "images": [
        "websphere-liberty",
        "python",
        "mongo",
        "istionightly/base_debug",
        "ruby",
        "scratch",
        "circleci/golang",
        "sdurrheimer/alpine-golang-make-onbuild",
        "ubuntu",
        "node",
        "mysql"
    ],
    "servers": [
        "node",
        "flask"
    ],
    "commiters": 407,
    "buses": [],
    "dbs": [
        "mongo",
        "enterprise",
        "mysql"
    ],
    "name": "hakkiogretmen/istiowithazureilb",
    "discos": [
        "etcd"
    ],
    "url": "git://github.com/hakkiogretmen/istiowithazureilb.git",
    "num_servers": 2,
    "monitors": [
        "jaeger"
    ],
    "num_gates": 0,
    "structure": {
        "detected_dbs": {
            "names": [],
            "services": [],
            "num": 0,
            "shared_dbs": false
        },
        "services": [],
        "num_services": 0,
        "path": []
    },
    "num_dockers": 14
}