{
    "num_discos": 0,
    "structure": {
        "detected_dbs": {
            "num": 0,
            "shared_dbs": false,
            "names": [],
            "services": []
        },
        "num_services": 0,
        "path": [],
        "services": []
    },
    "buses": [],
    "servers": [
        "spring"
    ],
    "name": "happysathya/spring-boot-microservice-template",
    "num_gates": 0,
    "gates": [],
    "num_dbs": 0,
    "discos": [],
    "num_servers": 1,
    "num_dockers": 1,
    "dockers": [
        {
            "cmd": "java -jar -Xms256m -Xmx768m spring-boot-microservice-1.0.jar",
            "dbs": [],
            "cmd_keywords": [
                "jar",
                "boot",
                "spring",
                "xms",
                "java"
            ],
            "buses": [],
            "monitors": [],
            "from": "frolvlad/alpine-oraclejdk8",
            "langs": [
                "java"
            ],
            "keywords": [],
            "gates": [],
            "from_full": "frolvlad/alpine-oraclejdk8",
            "discos": [],
            "path": "/Dockerfile",
            "servers": [
                "spring"
            ]
        }
    ],
    "dbs": [],
    "images": [
        "frolvlad/alpine-oraclejdk8"
    ],
    "commiters": 1,
    "monitors": [],
    "files": [
        {
            "dbs": [],
            "buses": [],
            "servers": [
                "spring"
            ],
            "discos": [],
            "monitors": [],
            "gates": [],
            "path": "/build.gradle"
        },
        {
            "dbs": [],
            "buses": [],
            "servers": [
                "spring"
            ],
            "discos": [],
            "monitors": [],
            "gates": [],
            "path": "/settings.gradle"
        }
    ],
    "langs": [
        "java"
    ],
    "url": "git://github.com/happysathya/spring-boot-microservice-template.git",
    "num_monitors": 0,
    "shared_dbs": false,
    "size": 70,
    "languages": [
        "java"
    ],
    "num_langs": 1,
    "num_buses": 0,
    "avg_size_service": 70.0,
    "num_files": 4,
    "num_services": 0
}