{
    "monitors": [],
    "name": "hiteshjoshi1/istio-spring-boot-minikube",
    "size": 19,
    "num_monitors": 0,
    "images": [
        "openjdk"
    ],
    "dbs": [
        "db"
    ],
    "commiters": 1,
    "langs": [
        "java"
    ],
    "url": "git://github.com/hiteshjoshi1/istio-spring-boot-minikube.git",
    "num_buses": 0,
    "shared_dbs": false,
    "buses": [],
    "gates": [],
    "languages": [
        "java"
    ],
    "num_files": 4,
    "files": [
        {
            "monitors": [],
            "discos": [],
            "servers": [
                "spring"
            ],
            "buses": [],
            "path": "/build.gradle",
            "dbs": [
                "mongodb"
            ],
            "gates": []
        },
        {
            "monitors": [],
            "discos": [],
            "servers": [],
            "buses": [],
            "path": "/settings.gradle",
            "dbs": [],
            "gates": []
        }
    ],
    "num_gates": 0,
    "num_discos": 0,
    "num_services": 0,
    "num_langs": 1,
    "structure": {
        "detected_dbs": {
            "num": 0,
            "shared_dbs": false,
            "names": [],
            "services": []
        },
        "num_services": 0,
        "path": [],
        "services": []
    },
    "num_dbs": 1,
    "num_dockers": 1,
    "dockers": [
        {
            "monitors": [],
            "keywords": [],
            "path": "/Dockerfile",
            "dbs": [],
            "cmd": "exec java -jar $APP_FILE",
            "from_full": "openjdk:8-jdk-alpine",
            "servers": [],
            "langs": [
                "java"
            ],
            "from": "openjdk",
            "discos": [],
            "buses": [],
            "cmd_keywords": [
                "jar",
                "file",
                "app",
                "java",
                "exec"
            ],
            "gates": []
        }
    ],
    "servers": [
        "spring"
    ],
    "discos": [],
    "avg_size_service": 19.0,
    "num_servers": 1
}