{
    "num_services": 0,
    "name": "hmcts/ccpay-payment-app",
    "size": 7645,
    "avg_size_service": 7645.0,
    "monitors": [],
    "images": [],
    "languages": [
        "java"
    ],
    "servers": [],
    "dockers": [],
    "num_servers": 0,
    "num_gates": 0,
    "discos": [],
    "num_monitors": 0,
    "files": [],
    "dbs": [],
    "buses": [],
    "langs": [
        "java"
    ],
    "num_dbs": 0,
    "url": "git://github.com/hmcts/ccpay-payment-app.git",
    "shared_dbs": false,
    "gates": [],
    "num_langs": 1,
    "num_dockers": 0,
    "num_buses": 0,
    "num_files": 1,
    "num_discos": 0,
    "commiters": 64,
    "structure": {
        "num_services": 0,
        "services": [],
        "path": [],
        "detected_dbs": {
            "services": [],
            "shared_dbs": false,
            "num": 0,
            "names": []
        }
    }
}