{
    "discos": [],
    "files": [],
    "dbs": [],
    "num_monitors": 0,
    "url": "git://github.com/hmcts/ia-case-api.git",
    "languages": [
        "java"
    ],
    "images": [],
    "servers": [],
    "num_files": 1,
    "commiters": 25,
    "num_buses": 0,
    "dockers": [],
    "buses": [],
    "num_dbs": 0,
    "num_dockers": 0,
    "langs": [
        "java"
    ],
    "shared_dbs": false,
    "num_services": 0,
    "structure": {
        "num_services": 0,
        "detected_dbs": {
            "num": 0,
            "names": [],
            "shared_dbs": false,
            "services": []
        },
        "path": [],
        "services": []
    },
    "num_discos": 0,
    "num_langs": 1,
    "avg_size_service": 21510.0,
    "name": "hmcts/ia-case-api",
    "num_gates": 0,
    "gates": [],
    "num_servers": 0,
    "monitors": [],
    "size": 21510
}