{
    "dbs": [],
    "name": "hmcts/finrem-evidence-management-client-api",
    "size": 1672,
    "buses": [],
    "monitors": [],
    "num_monitors": 0,
    "num_langs": 1,
    "num_discos": 0,
    "dockers": [
        {
            "servers": [],
            "from": "hmctspublic.azurecr.io/base/java",
            "dbs": [],
            "from_full": "hmctspublic.azurecr.io/base/java:openjdk-11-distroless-1.4",
            "discos": [],
            "buses": [],
            "monitors": [],
            "keywords": [],
            "cmd": "finrem-evidence-management-client-api.jar",
            "path": "/Dockerfile",
            "cmd_keywords": [
                "client",
                "evidence",
                "finrem",
                "api",
                "management"
            ],
            "langs": [
                "java"
            ],
            "gates": []
        }
    ],
    "shared_dbs": false,
    "num_dbs": 0,
    "avg_size_service": 1672.0,
    "servers": [
        "tomcat",
        "spring"
    ],
    "url": "git://github.com/hmcts/finrem-evidence-management-client-api.git",
    "files": [
        {
            "servers": [
                "tomcat",
                "spring"
            ],
            "path": "/build.gradle",
            "dbs": [],
            "discos": [],
            "buses": [],
            "monitors": [],
            "gates": []
        },
        {
            "servers": [],
            "path": "/settings.gradle",
            "dbs": [],
            "discos": [],
            "buses": [],
            "monitors": [],
            "gates": []
        }
    ],
    "num_gates": 1,
    "discos": [],
    "num_dockers": 1,
    "structure": {
        "detected_dbs": {
            "names": [],
            "services": [],
            "shared_dbs": false,
            "num": 0
        },
        "num_services": 8,
        "path": "/docker-compose.yml",
        "services": [
            {
                "servers": [],
                "image": "Dockerfile",
                "dbs": [],
                "image_full": "Dockerfile",
                "discos": [],
                "buses": [],
                "name": "evidence-management-client-api",
                "monitors": [],
                "depends_on": [
                    "em-api-gateway-web",
                    "idam-api",
                    "service-auth-provider-api",
                    "document-management-store"
                ],
                "gates": []
            },
            {
                "servers": [],
                "image": "docker.artifactory.reform.hmcts.net/evidence/document-management-store-api-gateway-web",
                "dbs": [],
                "image_full": "docker.artifactory.reform.hmcts.net/evidence/document-management-store-api-gateway-web:latest",
                "discos": [],
                "buses": [],
                "name": "em-api-gateway-web",
                "monitors": [],
                "depends_on": [
                    "document-management-store",
                    "idam-api",
                    "service-auth-provider-api"
                ],
                "gates": [
                    "gateway"
                ]
            },
            {
                "servers": [],
                "image": "mailhog/mailhog",
                "dbs": [],
                "image_full": "mailhog/mailhog",
                "discos": [],
                "buses": [],
                "name": "smtp-server",
                "monitors": [],
                "depends_on": [],
                "gates": []
            },
            {
                "servers": [],
                "image": "docker.artifactory.reform.hmcts.net/auth/idam-database",
                "dbs": [],
                "image_full": "docker.artifactory.reform.hmcts.net/auth/idam-database:latest",
                "discos": [],
                "buses": [],
                "name": "idam-database",
                "monitors": [],
                "depends_on": [],
                "gates": []
            },
            {
                "servers": [],
                "image": "hmcts/service-auth-provider-app",
                "dbs": [],
                "image_full": "hmcts/service-auth-provider-app",
                "discos": [],
                "buses": [],
                "name": "service-auth-provider-api",
                "monitors": [],
                "depends_on": [],
                "gates": []
            },
            {
                "servers": [],
                "image": "docker.artifactory.reform.hmcts.net/evidence/document-management-store",
                "dbs": [],
                "image_full": "docker.artifactory.reform.hmcts.net/evidence/document-management-store:latest",
                "discos": [],
                "buses": [],
                "name": "document-management-store",
                "monitors": [],
                "depends_on": [
                    "document-management-store-database",
                    "idam-api",
                    "service-auth-provider-api"
                ],
                "gates": []
            },
            {
                "servers": [],
                "image": "docker.artifactory.reform.hmcts.net/evidence/document-management-store-database",
                "dbs": [],
                "image_full": "docker.artifactory.reform.hmcts.net/evidence/document-management-store-database:latest",
                "discos": [],
                "buses": [],
                "name": "document-management-store-database",
                "monitors": [],
                "depends_on": [],
                "gates": []
            },
            {
                "servers": [],
                "image": "docker.artifactory.reform.hmcts.net/auth/idam-api",
                "dbs": [],
                "image_full": "docker.artifactory.reform.hmcts.net/auth/idam-api:latest",
                "discos": [],
                "buses": [],
                "name": "idam-api",
                "monitors": [],
                "depends_on": [
                    "idam-database",
                    "smtp-server"
                ],
                "gates": []
            }
        ]
    },
    "num_services": 8,
    "num_files": 4,
    "languages": [
        "java"
    ],
    "num_buses": 0,
    "commiters": 22,
    "images": [
        "hmctspublic.azurecr.io/base/java"
    ],
    "num_servers": 2,
    "langs": [
        "java"
    ],
    "gates": [
        "gateway"
    ]
}