{
    "num_dockers": 1,
    "commiters": 39,
    "num_services": 1,
    "servers": [
        "node",
        "express"
    ],
    "languages": [
        "css",
        "javascript",
        "html"
    ],
    "gates": [],
    "num_langs": 3,
    "langs": [
        "css",
        "javascript",
        "html"
    ],
    "num_servers": 2,
    "size": 1539,
    "num_buses": 0,
    "url": "git://github.com/hngi/Team-Incredible-BE.git",
    "dbs": [],
    "name": "hngi/Team-Incredible-BE",
    "shared_dbs": false,
    "num_gates": 0,
    "files": [
        {
            "buses": [],
            "dbs": [],
            "path": "/package.json",
            "gates": [],
            "servers": [
                "express",
                "node"
            ],
            "discos": [],
            "monitors": []
        }
    ],
    "monitors": [],
    "num_discos": 0,
    "structure": {
        "detected_dbs": {
            "num": 0,
            "names": [],
            "services": [],
            "shared_dbs": false
        },
        "services": [
            {
                "buses": [],
                "gates": [],
                "name": "microservice",
                "depends_on": [],
                "monitors": [],
                "dbs": [],
                "servers": [
                    "node"
                ],
                "image": "node",
                "image_full": "node:latest",
                "discos": []
            }
        ],
        "num_services": 1,
        "path": "/docker-compose.yml"
    },
    "buses": [],
    "avg_size_service": 1539.0,
    "images": [
        "node"
    ],
    "num_files": 3,
    "num_monitors": 0,
    "num_dbs": 0,
    "discos": [],
    "dockers": [
        {
            "cmd": "npm run dev",
            "dbs": [],
            "path": "/Dockerfile",
            "buses": [],
            "monitors": [],
            "servers": [
                "node"
            ],
            "from": "node",
            "cmd_keywords": [
                "run",
                "dev",
                "npm"
            ],
            "keywords": [
                "yarn",
                "install"
            ],
            "gates": [],
            "from_full": "node:latest",
            "langs": [],
            "discos": []
        }
    ]
}