{
    "gates": [],
    "num_dockers": 5,
    "languages": [
        "go",
        "dockerfile"
    ],
    "num_gates": 0,
    "structure": {
        "services": [
            {
                "gates": [],
                "monitors": [],
                "dbs": [],
                "buses": [],
                "depends_on": [],
                "servers": [],
                "discos": [],
                "image": "postgres",
                "name": "postgres",
                "image_full": "postgres"
            },
            {
                "gates": [],
                "monitors": [],
                "dbs": [],
                "buses": [],
                "depends_on": [],
                "servers": [],
                "discos": [],
                "image": "./consignment-cli",
                "name": "consignment-cli",
                "image_full": "./consignment-cli"
            },
            {
                "gates": [],
                "monitors": [],
                "dbs": [],
                "buses": [],
                "depends_on": [],
                "servers": [],
                "discos": [],
                "image": "./user-service",
                "name": "user-service",
                "image_full": "./user-service"
            },
            {
                "gates": [],
                "monitors": [],
                "dbs": [
                    "mongo"
                ],
                "buses": [],
                "depends_on": [],
                "servers": [],
                "discos": [],
                "image": "mongo",
                "name": "datastore",
                "image_full": "mongo"
            },
            {
                "gates": [],
                "monitors": [],
                "dbs": [],
                "buses": [],
                "depends_on": [],
                "servers": [],
                "discos": [],
                "image": "./vessel-service",
                "name": "vessel-service",
                "image_full": "./vessel-service"
            },
            {
                "gates": [],
                "monitors": [],
                "dbs": [],
                "buses": [],
                "depends_on": [],
                "servers": [],
                "discos": [],
                "image": "./consignment-service",
                "name": "consignment-service",
                "image_full": "./consignment-service"
            }
        ],
        "detected_dbs": {
            "shared_dbs": false,
            "names": [
                "mongo"
            ],
            "services": [
                "datastore"
            ],
            "num": 1
        },
        "num_services": 6,
        "path": "/docker-compose.yml"
    },
    "num_langs": 2,
    "dockers": [
        {
            "keywords": [
                "cgo",
                "cli",
                "certificates",
                "build",
                "add"
            ],
            "gates": [],
            "dbs": [],
            "cmd_keywords": [
                "user",
                "cli"
            ],
            "path": "/user-cli/Dockerfile",
            "discos": [],
            "cmd": "./user-cli",
            "from": "alpine",
            "monitors": [],
            "from_full": "alpine:latest",
            "servers": [],
            "buses": [],
            "langs": []
        },
        {
            "keywords": [
                "cgo",
                "certificates",
                "add",
                "build",
                "consignment"
            ],
            "gates": [],
            "dbs": [],
            "cmd_keywords": [
                "consignment",
                "service"
            ],
            "path": "/consignment-service/Dockerfile",
            "discos": [],
            "cmd": "./consignment-service",
            "from": "alpine",
            "monitors": [],
            "from_full": "alpine:latest",
            "servers": [],
            "buses": [],
            "langs": []
        },
        {
            "keywords": [
                "cgo",
                "certificates",
                "database",
                "build",
                "add"
            ],
            "gates": [],
            "dbs": [],
            "cmd_keywords": [
                "user",
                "service"
            ],
            "path": "/user-service/Dockerfile",
            "discos": [],
            "cmd": "./user-service",
            "from": "alpine",
            "monitors": [],
            "from_full": "alpine:latest",
            "servers": [],
            "buses": [],
            "langs": []
        },
        {
            "keywords": [
                "cgo",
                "certificates",
                "build",
                "add",
                "goos"
            ],
            "gates": [],
            "dbs": [],
            "cmd_keywords": [
                "vessel",
                "service"
            ],
            "path": "/vessel-service/Dockerfile",
            "discos": [],
            "cmd": "./vessel-service",
            "from": "alpine",
            "monitors": [],
            "from_full": "alpine:latest",
            "servers": [],
            "buses": [],
            "langs": []
        },
        {
            "keywords": [
                "cgo",
                "cli",
                "certificates",
                "add",
                "build"
            ],
            "gates": [],
            "dbs": [],
            "cmd_keywords": [
                "consignment",
                "cli"
            ],
            "path": "/consignment-cli/Dockerfile",
            "discos": [],
            "cmd": "./consignment-cli",
            "from": "alpine",
            "monitors": [],
            "from_full": "alpine:latest",
            "servers": [],
            "buses": [],
            "langs": []
        }
    ],
    "images": [
        "alpine"
    ],
    "num_servers": 0,
    "num_monitors": 0,
    "langs": [
        "dockerfile",
        "go"
    ],
    "buses": [],
    "num_services": 6,
    "commiters": 2,
    "avg_size_service": 5078.8,
    "dbs": [
        "mongo"
    ],
    "files": [],
    "num_buses": 0,
    "discos": [],
    "size": 25394,
    "monitors": [],
    "shared_dbs": false,
    "url": "git://github.com/HotCocoaSoftware/HCSMicroservice.git",
    "num_dbs": 1,
    "name": "HotCocoaSoftware/HCSMicroservice",
    "num_files": 6,
    "num_discos": 0,
    "servers": []
}