{
    "num_servers": 2,
    "num_monitors": 0,
    "commiters": 2,
    "num_discos": 0,
    "files": [
        {
            "buses": [],
            "dbs": [],
            "servers": [
                "express"
            ],
            "monitors": [],
            "gates": [],
            "discos": [],
            "path": "/comments/package.json"
        },
        {
            "buses": [],
            "dbs": [],
            "servers": [
                "express"
            ],
            "monitors": [],
            "gates": [],
            "discos": [],
            "path": "/posts/package.json"
        },
        {
            "buses": [],
            "dbs": [],
            "servers": [
                "express"
            ],
            "monitors": [],
            "gates": [],
            "discos": [],
            "path": "/moderation/package.json"
        },
        {
            "buses": [],
            "dbs": [],
            "servers": [],
            "monitors": [],
            "gates": [],
            "discos": [],
            "path": "/client/package.json"
        },
        {
            "buses": [],
            "dbs": [],
            "servers": [
                "express"
            ],
            "monitors": [],
            "gates": [],
            "discos": [],
            "path": "/event-bus/package.json"
        },
        {
            "buses": [],
            "dbs": [],
            "servers": [
                "express"
            ],
            "monitors": [],
            "gates": [],
            "discos": [],
            "path": "/query/package.json"
        }
    ],
    "url": "git://github.com/IgorKuznetsov93/postsMicroserviceApp.git",
    "discos": [],
    "num_langs": 2,
    "langs": [
        "html",
        "javascript"
    ],
    "num_services": 0,
    "shared_dbs": false,
    "images": [
        "node"
    ],
    "avg_size_service": 146.0,
    "num_gates": 0,
    "num_buses": 0,
    "dbs": [],
    "servers": [
        "express",
        "node"
    ],
    "structure": {
        "services": [],
        "num_services": 0,
        "detected_dbs": {
            "num": 0,
            "shared_dbs": false,
            "names": [],
            "services": []
        },
        "path": []
    },
    "num_dockers": 6,
    "num_files": 13,
    "name": "IgorKuznetsov93/postsMicroserviceApp",
    "dockers": [
        {
            "dbs": [],
            "servers": [
                "node"
            ],
            "keywords": [
                "install",
                "npm"
            ],
            "from_full": "node:alpine",
            "cmd_keywords": [
                "start",
                "npm"
            ],
            "cmd": "npm start",
            "langs": [],
            "buses": [],
            "monitors": [],
            "gates": [],
            "discos": [],
            "from": "node",
            "path": "/comments/Dockerfile"
        },
        {
            "dbs": [],
            "servers": [
                "node"
            ],
            "keywords": [
                "install",
                "npm"
            ],
            "from_full": "node:alpine",
            "cmd_keywords": [
                "start",
                "npm"
            ],
            "cmd": "npm start",
            "langs": [],
            "buses": [],
            "monitors": [],
            "gates": [],
            "discos": [],
            "from": "node",
            "path": "/posts/Dockerfile"
        },
        {
            "dbs": [],
            "servers": [
                "node"
            ],
            "keywords": [
                "install",
                "npm"
            ],
            "from_full": "node:alpine",
            "cmd_keywords": [
                "start",
                "npm"
            ],
            "cmd": "npm start",
            "langs": [],
            "buses": [],
            "monitors": [],
            "gates": [],
            "discos": [],
            "from": "node",
            "path": "/moderation/Dockerfile"
        },
        {
            "dbs": [],
            "servers": [
                "node"
            ],
            "keywords": [
                "install",
                "npm"
            ],
            "from_full": "node:alpine",
            "cmd_keywords": [
                "start",
                "npm"
            ],
            "cmd": "npm start",
            "langs": [],
            "buses": [],
            "monitors": [],
            "gates": [],
            "discos": [],
            "from": "node",
            "path": "/client/Dockerfile"
        },
        {
            "dbs": [],
            "servers": [
                "node"
            ],
            "keywords": [
                "install",
                "npm"
            ],
            "from_full": "node:alpine",
            "cmd_keywords": [
                "start",
                "npm"
            ],
            "cmd": "npm start",
            "langs": [],
            "buses": [],
            "monitors": [],
            "gates": [],
            "discos": [],
            "from": "node",
            "path": "/event-bus/Dockerfile"
        },
        {
            "dbs": [],
            "servers": [
                "node"
            ],
            "keywords": [
                "install",
                "npm"
            ],
            "from_full": "node:alpine",
            "cmd_keywords": [
                "start",
                "npm"
            ],
            "cmd": "npm start",
            "langs": [],
            "buses": [],
            "monitors": [],
            "gates": [],
            "discos": [],
            "from": "node",
            "path": "/query/Dockerfile"
        }
    ],
    "buses": [],
    "monitors": [],
    "gates": [],
    "size": 876,
    "languages": [
        "javascript",
        "html"
    ],
    "num_dbs": 0
}