{
    "files": [],
    "num_services": 6,
    "languages": [
        "javascript",
        "dockerfile",
        "shell"
    ],
    "shared_dbs": true,
    "num_discos": 0,
    "num_dbs": 3,
    "gates": [
        "nginx"
    ],
    "num_files": 7,
    "num_langs": 5,
    "avg_size_service": 7.5,
    "num_monitors": 0,
    "dockers": [
        {
            "cmd": "development.js.example",
            "from": "buildpack-deps",
            "from_full": "buildpack-deps:stretch",
            "servers": [],
            "buses": [],
            "dbs": [],
            "path": "/mapsapi/Dockerfile",
            "gates": [],
            "discos": [],
            "keywords": [
                "cartodb",
                "windshaft",
                "apt",
                "dev",
                "https"
            ],
            "cmd_keywords": [
                "example",
                "development"
            ],
            "langs": [
                "bash"
            ],
            "monitors": []
        },
        {
            "cmd": "",
            "from": "nginx",
            "from_full": "nginx:1.13",
            "servers": [],
            "buses": [],
            "dbs": [],
            "path": "/router/Dockerfile",
            "gates": [
                "nginx"
            ],
            "discos": [],
            "keywords": [],
            "cmd_keywords": [],
            "langs": [],
            "monitors": []
        },
        {
            "cmd": "--app_config app_config.yml.sample --database database.yml.sample",
            "from": "ubuntu",
            "from_full": "ubuntu:12.04",
            "servers": [
                "node"
            ],
            "buses": [],
            "dbs": [
                "postgresql"
            ],
            "path": "/editor/Dockerfile",
            "gates": [],
            "discos": [],
            "keywords": [
                "install",
                "dev",
                "cartodb",
                "apt",
                "ruby"
            ],
            "cmd_keywords": [
                "yml",
                "database",
                "app",
                "sample",
                "config"
            ],
            "langs": [
                "python"
            ],
            "monitors": []
        },
        {
            "cmd": "",
            "from": "redis",
            "from_full": "redis:3.2",
            "servers": [],
            "buses": [],
            "dbs": [
                "redis"
            ],
            "path": "/redis/Dockerfile",
            "gates": [],
            "discos": [],
            "keywords": [],
            "cmd_keywords": [],
            "langs": [],
            "monitors": []
        },
        {
            "cmd": "",
            "from": "postgres",
            "from_full": "postgres:9.5",
            "servers": [],
            "buses": [],
            "dbs": [
                "postgresql"
            ],
            "path": "/postgis/Dockerfile",
            "gates": [],
            "discos": [],
            "keywords": [
                "postgresql",
                "dev",
                "cartodb",
                "git",
                "postgis"
            ],
            "cmd_keywords": [],
            "langs": [
                "python"
            ],
            "monitors": []
        },
        {
            "cmd": "development.js.example",
            "from": "buildpack-deps",
            "from_full": "buildpack-deps:stretch",
            "servers": [],
            "buses": [],
            "dbs": [
                "sql"
            ],
            "path": "/sqlapi/Dockerfile",
            "gates": [],
            "discos": [],
            "keywords": [
                "cartodb",
                "sql",
                "api",
                "com",
                "https"
            ],
            "cmd_keywords": [
                "example",
                "development"
            ],
            "langs": [
                "bash"
            ],
            "monitors": []
        }
    ],
    "size": 45,
    "langs": [
        "bash",
        "python",
        "dockerfile",
        "javascript",
        "shell"
    ],
    "num_buses": 0,
    "images": [
        "nginx",
        "buildpack-deps",
        "ubuntu",
        "redis",
        "postgres"
    ],
    "servers": [
        "node"
    ],
    "commiters": 2,
    "buses": [],
    "dbs": [
        "sql",
        "redis",
        "postgresql"
    ],
    "name": "ihmeuw/cartodb-docker",
    "discos": [],
    "url": "git://github.com/ihmeuw/cartodb-docker.git",
    "num_servers": 1,
    "monitors": [],
    "num_gates": 1,
    "structure": {
        "detected_dbs": {
            "names": [
                "redis"
            ],
            "services": [
                "cartodb-redis"
            ],
            "num": 1,
            "shared_dbs": true
        },
        "services": [
            {
                "gates": [],
                "buses": [],
                "discos": [],
                "image": "router",
                "monitors": [],
                "servers": [],
                "image_full": "router",
                "dbs": [],
                "name": "cartodb-router",
                "depends_on": [
                    "cartodb-mapsapi",
                    "cartodb-sqlapi",
                    "cartodb-editor"
                ]
            },
            {
                "gates": [],
                "buses": [],
                "discos": [],
                "image": "postgis",
                "monitors": [],
                "servers": [],
                "image_full": "postgis",
                "dbs": [],
                "name": "cartodb-postgis",
                "depends_on": []
            },
            {
                "gates": [],
                "buses": [],
                "discos": [],
                "image": "redis",
                "monitors": [],
                "servers": [],
                "image_full": "redis",
                "dbs": [
                    "redis"
                ],
                "name": "cartodb-redis",
                "depends_on": []
            },
            {
                "gates": [],
                "buses": [],
                "discos": [],
                "image": "sqlapi",
                "monitors": [],
                "servers": [],
                "image_full": "sqlapi",
                "dbs": [],
                "name": "cartodb-sqlapi",
                "depends_on": [
                    "cartodb-postgis",
                    "cartodb-redis"
                ]
            },
            {
                "gates": [],
                "buses": [],
                "discos": [],
                "image": "editor",
                "monitors": [],
                "servers": [],
                "image_full": "editor",
                "dbs": [],
                "name": "cartodb-editor",
                "depends_on": [
                    "cartodb-postgis",
                    "cartodb-redis",
                    "cartodb-mapsapi",
                    "cartodb-sqlapi"
                ]
            },
            {
                "gates": [],
                "buses": [],
                "discos": [],
                "image": "mapsapi",
                "monitors": [],
                "servers": [],
                "image_full": "mapsapi",
                "dbs": [],
                "name": "cartodb-mapsapi",
                "depends_on": [
                    "cartodb-postgis",
                    "cartodb-redis"
                ]
            }
        ],
        "num_services": 6,
        "path": "/docker-compose.yml"
    },
    "num_dockers": 6
}