{
    "num_gates": 0,
    "discos": [
        "grpc"
    ],
    "num_dbs": 0,
    "num_monitors": 0,
    "dockers": [
        {
            "langs": [],
            "cmd_keywords": [],
            "from_full": "alpine",
            "path": "/posts/Dockerfile",
            "monitors": [],
            "discos": [],
            "cmd": "",
            "buses": [],
            "gates": [],
            "dbs": [],
            "from": "alpine",
            "keywords": [],
            "servers": []
        },
        {
            "langs": [],
            "cmd_keywords": [],
            "from_full": "alpine",
            "path": "/auth/Dockerfile",
            "monitors": [],
            "discos": [],
            "cmd": "",
            "buses": [],
            "gates": [],
            "dbs": [],
            "from": "alpine",
            "keywords": [],
            "servers": []
        }
    ],
    "dbs": [],
    "num_langs": 2,
    "num_servers": 1,
    "avg_size_service": 11485.0,
    "structure": {
        "detected_dbs": {
            "num": 0,
            "shared_dbs": false,
            "names": [],
            "services": []
        },
        "num_services": 0,
        "path": [],
        "services": []
    },
    "images": [
        "alpine"
    ],
    "size": 22970,
    "servers": [
        "node"
    ],
    "languages": [
        "javascript",
        "go"
    ],
    "langs": [
        "go",
        "javascript"
    ],
    "commiters": 1,
    "shared_dbs": false,
    "num_buses": 0,
    "num_services": 0,
    "monitors": [],
    "num_dockers": 2,
    "url": "git://github.com/ilyeshammadi/gomicrostagram.git",
    "name": "ilyeshammadi/gomicrostagram",
    "buses": [],
    "gates": [],
    "files": [
        {
            "discos": [
                "grpc"
            ],
            "buses": [],
            "gates": [],
            "monitors": [],
            "path": "/frontend/package.json",
            "servers": [
                "node"
            ],
            "dbs": []
        }
    ],
    "num_discos": 1,
    "num_files": 4
}