{
    "files": [
        {
            "gates": [],
            "discos": [
                "eureka"
            ],
            "servers": [
                "spring"
            ],
            "monitors": [],
            "buses": [],
            "dbs": [],
            "path": "/eureka-server/pom.xml"
        },
        {
            "gates": [],
            "discos": [],
            "servers": [
                "spring"
            ],
            "monitors": [],
            "buses": [],
            "dbs": [],
            "path": "/config-server/pom.xml"
        },
        {
            "gates": [],
            "discos": [
                "eureka"
            ],
            "servers": [
                "spring"
            ],
            "monitors": [
                "turbine"
            ],
            "buses": [
                "amqp"
            ],
            "dbs": [],
            "path": "/hystrix-dashboard/pom.xml"
        },
        {
            "gates": [],
            "discos": [
                "eureka"
            ],
            "servers": [
                "spring"
            ],
            "monitors": [],
            "buses": [
                "amqp"
            ],
            "dbs": [],
            "path": "/mail-service/pom.xml"
        },
        {
            "gates": [],
            "discos": [
                "eureka"
            ],
            "servers": [
                "spring"
            ],
            "monitors": [],
            "buses": [
                "amqp"
            ],
            "dbs": [
                "mysql"
            ],
            "path": "/title-service/pom.xml"
        },
        {
            "gates": [
                "gateway",
                "zuul"
            ],
            "discos": [
                "eureka"
            ],
            "servers": [
                "spring"
            ],
            "monitors": [],
            "buses": [
                "amqp"
            ],
            "dbs": [],
            "path": "/zuul-gateway/pom.xml"
        },
        {
            "gates": [],
            "discos": [
                "eureka"
            ],
            "servers": [
                "spring"
            ],
            "monitors": [],
            "buses": [
                "amqp"
            ],
            "dbs": [],
            "path": "/export-service/pom.xml"
        },
        {
            "gates": [],
            "discos": [
                "eureka"
            ],
            "servers": [
                "spring"
            ],
            "monitors": [],
            "buses": [],
            "dbs": [],
            "path": "/zipkin-server/pom.xml"
        },
        {
            "gates": [],
            "discos": [
                "eureka"
            ],
            "servers": [
                "spring"
            ],
            "monitors": [],
            "buses": [
                "amqp"
            ],
            "dbs": [
                "mysql"
            ],
            "path": "/oauth-server/pom.xml"
        },
        {
            "gates": [],
            "discos": [
                "eureka"
            ],
            "servers": [
                "spring"
            ],
            "monitors": [],
            "buses": [
                "amqp"
            ],
            "dbs": [
                "mysql"
            ],
            "path": "/employee-service/pom.xml"
        },
        {
            "gates": [],
            "discos": [
                "eureka"
            ],
            "servers": [
                "spring"
            ],
            "monitors": [],
            "buses": [
                "amqp"
            ],
            "dbs": [
                "mysql"
            ],
            "path": "/address-service/pom.xml"
        },
        {
            "gates": [],
            "discos": [
                "eureka"
            ],
            "servers": [
                "spring"
            ],
            "monitors": [],
            "buses": [
                "amqp"
            ],
            "dbs": [
                "mysql"
            ],
            "path": "/role-service/pom.xml"
        }
    ],
    "num_services": 13,
    "languages": [
        "tsql",
        "java"
    ],
    "shared_dbs": false,
    "num_discos": 1,
    "num_dbs": 1,
    "gates": [
        "zuul"
    ],
    "num_files": 25,
    "num_langs": 2,
    "avg_size_service": 394.5833333333333,
    "num_monitors": 1,
    "dockers": [
        {
            "cmd": "",
            "from": "openjdk",
            "from_full": "openjdk:8",
            "servers": [],
            "buses": [],
            "dbs": [],
            "path": "/eureka-server/Dockerfile",
            "gates": [],
            "discos": [],
            "keywords": [],
            "cmd_keywords": [],
            "langs": [],
            "monitors": []
        },
        {
            "cmd": "",
            "from": "openjdk",
            "from_full": "openjdk:8",
            "servers": [],
            "buses": [],
            "dbs": [],
            "path": "/config-server/Dockerfile",
            "gates": [],
            "discos": [],
            "keywords": [],
            "cmd_keywords": [],
            "langs": [],
            "monitors": []
        },
        {
            "cmd": "",
            "from": "openjdk",
            "from_full": "openjdk:8",
            "servers": [],
            "buses": [],
            "dbs": [],
            "path": "/hystrix-dashboard/Dockerfile",
            "gates": [],
            "discos": [],
            "keywords": [],
            "cmd_keywords": [],
            "langs": [],
            "monitors": []
        },
        {
            "cmd": "",
            "from": "openjdk",
            "from_full": "openjdk:8",
            "servers": [],
            "buses": [],
            "dbs": [],
            "path": "/mail-service/Dockerfile",
            "gates": [],
            "discos": [],
            "keywords": [],
            "cmd_keywords": [],
            "langs": [],
            "monitors": []
        },
        {
            "cmd": "",
            "from": "openjdk",
            "from_full": "openjdk:8",
            "servers": [],
            "buses": [],
            "dbs": [],
            "path": "/title-service/Dockerfile",
            "gates": [],
            "discos": [],
            "keywords": [],
            "cmd_keywords": [],
            "langs": [],
            "monitors": []
        },
        {
            "cmd": "",
            "from": "openjdk",
            "from_full": "openjdk:8",
            "servers": [],
            "buses": [],
            "dbs": [],
            "path": "/zuul-gateway/Dockerfile",
            "gates": [],
            "discos": [],
            "keywords": [],
            "cmd_keywords": [],
            "langs": [],
            "monitors": []
        },
        {
            "cmd": "",
            "from": "openjdk",
            "from_full": "openjdk:8",
            "servers": [],
            "buses": [],
            "dbs": [],
            "path": "/export-service/Dockerfile",
            "gates": [],
            "discos": [],
            "keywords": [],
            "cmd_keywords": [],
            "langs": [],
            "monitors": []
        },
        {
            "cmd": "",
            "from": "openjdk",
            "from_full": "openjdk:8",
            "servers": [],
            "buses": [],
            "dbs": [],
            "path": "/zipkin-server/Dockerfile",
            "gates": [],
            "discos": [],
            "keywords": [],
            "cmd_keywords": [],
            "langs": [],
            "monitors": []
        },
        {
            "cmd": "",
            "from": "openjdk",
            "from_full": "openjdk:8",
            "servers": [],
            "buses": [],
            "dbs": [],
            "path": "/oauth-server/Dockerfile",
            "gates": [],
            "discos": [],
            "keywords": [],
            "cmd_keywords": [],
            "langs": [],
            "monitors": []
        },
        {
            "cmd": "",
            "from": "openjdk",
            "from_full": "openjdk:8",
            "servers": [],
            "buses": [],
            "dbs": [],
            "path": "/employee-service/Dockerfile",
            "gates": [],
            "discos": [],
            "keywords": [],
            "cmd_keywords": [],
            "langs": [],
            "monitors": []
        },
        {
            "cmd": "",
            "from": "openjdk",
            "from_full": "openjdk:8",
            "servers": [],
            "buses": [],
            "dbs": [],
            "path": "/address-service/Dockerfile",
            "gates": [],
            "discos": [],
            "keywords": [],
            "cmd_keywords": [],
            "langs": [],
            "monitors": []
        },
        {
            "cmd": "",
            "from": "openjdk",
            "from_full": "openjdk:8",
            "servers": [],
            "buses": [],
            "dbs": [],
            "path": "/role-service/Dockerfile",
            "gates": [],
            "discos": [],
            "keywords": [],
            "cmd_keywords": [],
            "langs": [],
            "monitors": []
        }
    ],
    "size": 4735,
    "langs": [
        "java",
        "tsql"
    ],
    "num_buses": 2,
    "images": [
        "openjdk"
    ],
    "servers": [
        "spring"
    ],
    "commiters": 1,
    "buses": [
        "amqp",
        "rabbitmq"
    ],
    "dbs": [
        "mysql"
    ],
    "name": "imavishek/Aashayein-Microservices",
    "discos": [
        "eureka"
    ],
    "url": "git://github.com/imavishek/Aashayein-Microservices.git",
    "num_servers": 1,
    "monitors": [
        "turbine"
    ],
    "num_gates": 1,
    "structure": {
        "detected_dbs": {
            "names": [],
            "services": [],
            "num": 0,
            "shared_dbs": false
        },
        "services": [
            {
                "gates": [],
                "buses": [],
                "discos": [],
                "image": "./title-service",
                "monitors": [],
                "servers": [],
                "image_full": "./title-service",
                "dbs": [],
                "name": "title-service",
                "depends_on": [
                    "config-server"
                ]
            },
            {
                "gates": [
                    "zuul"
                ],
                "buses": [],
                "discos": [],
                "image": "./zuul-gateway",
                "monitors": [],
                "servers": [],
                "image_full": "./zuul-gateway",
                "dbs": [],
                "name": "zuul-gateway",
                "depends_on": [
                    "config-server",
                    "eureka-server"
                ]
            },
            {
                "gates": [],
                "buses": [],
                "discos": [],
                "image": "./hystrix-dashboard",
                "monitors": [],
                "servers": [],
                "image_full": "./hystrix-dashboard",
                "dbs": [],
                "name": "hystrix-dashboard",
                "depends_on": [
                    "config-server",
                    "eureka-server"
                ]
            },
            {
                "gates": [],
                "buses": [],
                "discos": [],
                "image": "./export-service",
                "monitors": [],
                "servers": [],
                "image_full": "./export-service",
                "dbs": [],
                "name": "export-service",
                "depends_on": [
                    "config-server"
                ]
            },
            {
                "gates": [],
                "buses": [],
                "discos": [],
                "image": "./employee-service",
                "monitors": [],
                "servers": [],
                "image_full": "./employee-service",
                "dbs": [],
                "name": "employee-service",
                "depends_on": [
                    "config-server"
                ]
            },
            {
                "gates": [],
                "buses": [],
                "discos": [
                    "eureka"
                ],
                "image": "./eureka-server",
                "monitors": [],
                "servers": [],
                "image_full": "./eureka-server",
                "dbs": [],
                "name": "eureka-server",
                "depends_on": [
                    "config-server"
                ]
            },
            {
                "gates": [],
                "buses": [],
                "discos": [],
                "image": "./role-service",
                "monitors": [],
                "servers": [],
                "image_full": "./role-service",
                "dbs": [],
                "name": "role-service",
                "depends_on": [
                    "config-server"
                ]
            },
            {
                "gates": [],
                "buses": [],
                "discos": [],
                "image": "openzipkin/zipkin",
                "monitors": [],
                "servers": [],
                "image_full": "openzipkin/zipkin",
                "dbs": [],
                "name": "zipkin-server",
                "depends_on": []
            },
            {
                "gates": [],
                "buses": [],
                "discos": [],
                "image": "./config-server",
                "monitors": [],
                "servers": [],
                "image_full": "./config-server",
                "dbs": [],
                "name": "config-server",
                "depends_on": [
                    "rabbitmq"
                ]
            },
            {
                "gates": [],
                "buses": [],
                "discos": [],
                "image": "./oauth-server",
                "monitors": [],
                "servers": [],
                "image_full": "./oauth-server",
                "dbs": [],
                "name": "oauth-server",
                "depends_on": [
                    "config-server"
                ]
            },
            {
                "gates": [],
                "buses": [],
                "discos": [],
                "image": "./mail-service",
                "monitors": [],
                "servers": [],
                "image_full": "./mail-service",
                "dbs": [],
                "name": "mail-service",
                "depends_on": [
                    "config-server"
                ]
            },
            {
                "gates": [],
                "buses": [
                    "rabbitmq"
                ],
                "discos": [],
                "image": "rabbitmq",
                "monitors": [],
                "servers": [],
                "image_full": "rabbitmq:3-management",
                "dbs": [],
                "name": "rabbitmq",
                "depends_on": []
            },
            {
                "gates": [],
                "buses": [],
                "discos": [],
                "image": "./address-service",
                "monitors": [],
                "servers": [],
                "image_full": "./address-service",
                "dbs": [],
                "name": "address-service",
                "depends_on": [
                    "config-server"
                ]
            }
        ],
        "num_services": 13,
        "path": "/docker-compose.yml"
    },
    "num_dockers": 12
}