{
    "num_discos": 0,
    "structure": {
        "detected_dbs": {
            "num": 0,
            "shared_dbs": false,
            "names": [],
            "services": []
        },
        "num_services": 0,
        "path": "/docker-compose.yml",
        "services": []
    },
    "buses": [],
    "servers": [],
    "name": "Integralist/Koinonia",
    "num_gates": 0,
    "gates": [],
    "num_dbs": 0,
    "discos": [],
    "num_servers": 0,
    "num_dockers": 2,
    "dockers": [
        {
            "cmd": "app.rb",
            "dbs": [],
            "cmd_keywords": [
                "app"
            ],
            "buses": [],
            "monitors": [],
            "from": "bbcnews/wraith",
            "langs": [],
            "keywords": [
                "end",
                "back",
                "bundle",
                "install",
                "mkdir"
            ],
            "gates": [],
            "from_full": "bbcnews/wraith",
            "discos": [],
            "path": "/back-end/Dockerfile",
            "servers": []
        },
        {
            "cmd": "java -jar app-standalone.jar",
            "dbs": [],
            "cmd_keywords": [
                "jar",
                "java",
                "app",
                "standalone"
            ],
            "buses": [],
            "monitors": [],
            "from": "clojure",
            "langs": [
                "java"
            ],
            "keywords": [
                "standalone",
                "lein",
                "jar",
                "end",
                "uberjar"
            ],
            "gates": [],
            "from_full": "clojure",
            "discos": [],
            "path": "/front-end/Dockerfile",
            "servers": []
        }
    ],
    "dbs": [],
    "images": [
        "clojure",
        "bbcnews/wraith"
    ],
    "commiters": 1,
    "monitors": [],
    "files": [],
    "langs": [
        "dockerfile",
        "java",
        "clojure"
    ],
    "url": "git://github.com/Integralist/Koinonia.git",
    "num_monitors": 0,
    "shared_dbs": false,
    "size": 16,
    "languages": [
        "clojure",
        "dockerfile"
    ],
    "num_langs": 3,
    "num_buses": 0,
    "avg_size_service": 8.0,
    "num_files": 3,
    "num_services": 0
}