{
    "dockers": [
        {
            "langs": [
                "bash"
            ],
            "monitors": [],
            "path": "/Dockerfile",
            "buses": [],
            "keywords": [
                "cli",
                "package",
                "codegen",
                "modules",
                "add"
            ],
            "cmd": "help",
            "from": "maven",
            "from_full": "maven:3-jdk-8-alpine",
            "cmd_keywords": [
                "help"
            ],
            "gates": [],
            "discos": [],
            "servers": [],
            "dbs": []
        },
        {
            "langs": [],
            "monitors": [],
            "path": "/modules/swagger-codegen-cli/Dockerfile",
            "buses": [],
            "keywords": [],
            "cmd": "help",
            "from": "openjdk",
            "from_full": "openjdk:8-jre-alpine",
            "cmd_keywords": [
                "help"
            ],
            "gates": [],
            "discos": [],
            "servers": [],
            "dbs": []
        },
        {
            "langs": [
                "java"
            ],
            "monitors": [],
            "path": "/modules/swagger-generator/Dockerfile",
            "buses": [],
            "keywords": [],
            "cmd": "java -jar /generator/jetty-runner.jar /generator/swagger-generator.war",
            "from": "openjdk",
            "from_full": "openjdk:8-jre-alpine",
            "cmd_keywords": [
                "generator",
                "jar",
                "jetty",
                "java",
                "war"
            ],
            "gates": [],
            "discos": [],
            "servers": [
                "jetty"
            ],
            "dbs": []
        },
        {
            "langs": [
                "python"
            ],
            "monitors": [],
            "path": "/samples/server/petstore/flaskConnexion-python2/Dockerfile",
            "buses": [],
            "keywords": [
                "mkdir",
                "install",
                "txt",
                "usr",
                "pip"
            ],
            "cmd": "-m swagger_server",
            "from": "python",
            "from_full": "python:2-alpine",
            "cmd_keywords": [
                "server",
                "swagger"
            ],
            "gates": [],
            "discos": [],
            "servers": [],
            "dbs": []
        },
        {
            "langs": [],
            "monitors": [],
            "path": "/samples/server/petstore/java-pkmst/Dockerfile",
            "buses": [],
            "keywords": [],
            "cmd": "",
            "from": "frolvlad/alpine-oraclejdk8",
            "from_full": "frolvlad/alpine-oraclejdk8:slim",
            "cmd_keywords": [],
            "gates": [],
            "discos": [],
            "servers": [],
            "dbs": []
        },
        {
            "langs": [],
            "monitors": [],
            "path": "/samples/server/petstore/aspnetcore-interface-controller/src/IO.Swagger/Dockerfile",
            "buses": [],
            "keywords": [
                "dotnet",
                "release",
                "restore",
                "out",
                "publish"
            ],
            "cmd": "",
            "from": "microsoft/aspnetcore",
            "from_full": "microsoft/aspnetcore:2.0",
            "cmd_keywords": [],
            "gates": [],
            "discos": [],
            "servers": [],
            "dbs": []
        },
        {
            "langs": [
                "python"
            ],
            "monitors": [],
            "path": "/samples/server/petstore/flaskConnexion/Dockerfile",
            "buses": [],
            "keywords": [
                "mkdir",
                "install",
                "txt",
                "usr",
                "pip"
            ],
            "cmd": "-m swagger_server",
            "from": "python",
            "from_full": "python:3-alpine",
            "cmd_keywords": [
                "server",
                "swagger"
            ],
            "gates": [],
            "discos": [],
            "servers": [],
            "dbs": []
        },
        {
            "langs": [],
            "monitors": [],
            "path": "/samples/server/petstore/aspnetcore-interface-only/src/IO.Swagger/Dockerfile",
            "buses": [],
            "keywords": [
                "dotnet",
                "release",
                "restore",
                "out",
                "publish"
            ],
            "cmd": "",
            "from": "microsoft/aspnetcore",
            "from_full": "microsoft/aspnetcore:2.0",
            "cmd_keywords": [],
            "gates": [],
            "discos": [],
            "servers": [],
            "dbs": []
        },
        {
            "langs": [
                "java"
            ],
            "monitors": [],
            "path": "/samples/server/petstore/kotlin-server/ktor/Dockerfile",
            "buses": [],
            "keywords": [],
            "cmd": "java -server -Xms4g -Xmx4g -XX:+UseG1GC -XX:MaxGCPauseMillis=100 -XX:+UseStringDeduplication -jar kotlin-server.jar",
            "from": "openjdk",
            "from_full": "openjdk:8-jre-alpine",
            "cmd_keywords": [
                "jar",
                "server",
                "useg",
                "maxgcpausemillis",
                "java"
            ],
            "gates": [],
            "discos": [],
            "servers": [],
            "dbs": []
        },
        {
            "langs": [],
            "monitors": [],
            "path": "/samples/server/petstore/aspnetcore/src/IO.Swagger/Dockerfile",
            "buses": [],
            "keywords": [
                "dotnet",
                "release",
                "restore",
                "out",
                "publish"
            ],
            "cmd": "",
            "from": "mcr.microsoft.com/dotnet/core/aspnet",
            "from_full": "mcr.microsoft.com/dotnet/core/aspnet:3.0",
            "cmd_keywords": [],
            "gates": [],
            "discos": [],
            "servers": [],
            "dbs": []
        },
        {
            "langs": [
                "bash"
            ],
            "monitors": [],
            "path": "/samples/client/petstore/bash/Dockerfile",
            "buses": [],
            "keywords": [
                "tput",
                "petstore",
                "setaf",
                "sgr",
                "the"
            ],
            "cmd": "",
            "from": "ubuntu",
            "from_full": "ubuntu:16.10",
            "cmd_keywords": [],
            "gates": [],
            "discos": [],
            "servers": [],
            "dbs": []
        }
    ],
    "monitors": [],
    "url": "git://github.com/itcabb/swagger-api-swagger-codegen.git",
    "num_discos": 0,
    "buses": [
        "amqp"
    ],
    "num_buses": 1,
    "shared_dbs": false,
    "num_monitors": 0,
    "num_servers": 7,
    "num_dbs": 1,
    "commiters": 1126,
    "name": "itcabb/swagger-api-swagger-codegen",
    "images": [
        "openjdk",
        "ubuntu",
        "microsoft/aspnetcore",
        "mcr.microsoft.com/dotnet/core/aspnet",
        "frolvlad/alpine-oraclejdk8",
        "python",
        "maven"
    ],
    "size": 109261,
    "num_services": 0,
    "servers": [
        "tomcat",
        "jetty",
        "node",
        "glassfish",
        "jboss",
        "spring",
        "express"
    ],
    "gates": [],
    "langs": [
        "html",
        "python",
        "bash",
        "java"
    ],
    "files": [
        {
            "monitors": [],
            "path": "/samples/server/petstore/flaskConnexion-python2/requirements.txt",
            "buses": [],
            "discos": [],
            "gates": [],
            "servers": [],
            "dbs": []
        },
        {
            "monitors": [],
            "path": "/samples/server/petstore/flaskConnexion/requirements.txt",
            "buses": [],
            "discos": [],
            "gates": [],
            "servers": [],
            "dbs": []
        },
        {
            "monitors": [],
            "path": "/samples/client/petstore-security-test/python/requirements.txt",
            "buses": [],
            "discos": [],
            "gates": [],
            "servers": [],
            "dbs": []
        },
        {
            "monitors": [],
            "path": "/samples/client/petstore/python-tornado/requirements.txt",
            "buses": [],
            "discos": [],
            "gates": [],
            "servers": [],
            "dbs": []
        },
        {
            "monitors": [],
            "path": "/samples/client/petstore/python/requirements.txt",
            "buses": [],
            "discos": [],
            "gates": [],
            "servers": [],
            "dbs": []
        },
        {
            "monitors": [],
            "path": "/samples/client/petstore/python-asyncio/requirements.txt",
            "buses": [],
            "discos": [],
            "gates": [],
            "servers": [],
            "dbs": []
        },
        {
            "monitors": [],
            "path": "/modules/swagger-codegen/src/main/resources/scala-gatling/build.gradle",
            "buses": [],
            "discos": [],
            "gates": [],
            "servers": [],
            "dbs": []
        },
        {
            "monitors": [],
            "path": "/samples/server/petstore/jaxrs-resteasy/joda/build.gradle",
            "buses": [],
            "discos": [],
            "gates": [],
            "servers": [
                "jboss"
            ],
            "dbs": []
        },
        {
            "monitors": [],
            "path": "/samples/server/petstore/jaxrs-resteasy/joda/settings.gradle",
            "buses": [],
            "discos": [],
            "gates": [],
            "servers": [],
            "dbs": []
        },
        {
            "monitors": [],
            "path": "/samples/server/petstore/jaxrs-resteasy/eap/build.gradle",
            "buses": [],
            "discos": [],
            "gates": [],
            "servers": [
                "jboss"
            ],
            "dbs": []
        },
        {
            "monitors": [],
            "path": "/samples/server/petstore/jaxrs-resteasy/eap/settings.gradle",
            "buses": [],
            "discos": [],
            "gates": [],
            "servers": [],
            "dbs": []
        },
        {
            "monitors": [],
            "path": "/samples/server/petstore/jaxrs-resteasy/default/build.gradle",
            "buses": [],
            "discos": [],
            "gates": [],
            "servers": [
                "jboss"
            ],
            "dbs": []
        },
        {
            "monitors": [],
            "path": "/samples/server/petstore/jaxrs-resteasy/default/settings.gradle",
            "buses": [],
            "discos": [],
            "gates": [],
            "servers": [],
            "dbs": []
        },
        {
            "monitors": [],
            "path": "/samples/server/petstore/jaxrs-resteasy/java8/build.gradle",
            "buses": [],
            "discos": [],
            "gates": [],
            "servers": [
                "jboss"
            ],
            "dbs": []
        },
        {
            "monitors": [],
            "path": "/samples/server/petstore/jaxrs-resteasy/java8/settings.gradle",
            "buses": [],
            "discos": [],
            "gates": [],
            "servers": [],
            "dbs": []
        },
        {
            "monitors": [],
            "path": "/samples/server/petstore/jaxrs-resteasy/eap-java8/build.gradle",
            "buses": [],
            "discos": [],
            "gates": [],
            "servers": [
                "jboss"
            ],
            "dbs": []
        },
        {
            "monitors": [],
            "path": "/samples/server/petstore/jaxrs-resteasy/eap-java8/settings.gradle",
            "buses": [],
            "discos": [],
            "gates": [],
            "servers": [],
            "dbs": []
        },
        {
            "monitors": [],
            "path": "/samples/server/petstore/jaxrs-resteasy/eap-joda/build.gradle",
            "buses": [],
            "discos": [],
            "gates": [],
            "servers": [
                "jboss"
            ],
            "dbs": []
        },
        {
            "monitors": [],
            "path": "/samples/server/petstore/jaxrs-resteasy/eap-joda/settings.gradle",
            "buses": [],
            "discos": [],
            "gates": [],
            "servers": [],
            "dbs": []
        },
        {
            "monitors": [],
            "path": "/samples/server/petstore/kotlin-server/ktor/build.gradle",
            "buses": [],
            "discos": [],
            "gates": [],
            "servers": [],
            "dbs": []
        },
        {
            "monitors": [],
            "path": "/samples/server/petstore/kotlin-server/ktor/settings.gradle",
            "buses": [],
            "discos": [],
            "gates": [],
            "servers": [],
            "dbs": []
        },
        {
            "monitors": [],
            "path": "/samples/client/petstore-security-test/java/okhttp-gson/build.gradle",
            "buses": [],
            "discos": [],
            "gates": [],
            "servers": [],
            "dbs": []
        },
        {
            "monitors": [],
            "path": "/samples/client/petstore-security-test/java/okhttp-gson/settings.gradle",
            "buses": [],
            "discos": [],
            "gates": [],
            "servers": [],
            "dbs": []
        },
        {
            "monitors": [],
            "path": "/samples/client/petstore-security-test/scala/build.gradle",
            "buses": [],
            "discos": [],
            "gates": [],
            "servers": [],
            "dbs": []
        },
        {
            "monitors": [],
            "path": "/samples/client/petstore-security-test/scala/settings.gradle",
            "buses": [],
            "discos": [],
            "gates": [],
            "servers": [],
            "dbs": []
        },
        {
            "monitors": [],
            "path": "/samples/client/petstore/dart/flutter_petstore/android/build.gradle",
            "buses": [],
            "discos": [],
            "gates": [],
            "servers": [],
            "dbs": []
        },
        {
            "monitors": [],
            "path": "/samples/client/petstore/dart/flutter_petstore/android/settings.gradle",
            "buses": [],
            "discos": [],
            "gates": [],
            "servers": [],
            "dbs": []
        },
        {
            "monitors": [],
            "path": "/samples/client/petstore/dart/flutter_petstore/android/app/build.gradle",
            "buses": [],
            "discos": [],
            "gates": [],
            "servers": [],
            "dbs": []
        },
        {
            "monitors": [],
            "path": "/samples/client/petstore/dart-jaguar/flutter_petstore/android/build.gradle",
            "buses": [],
            "discos": [],
            "gates": [],
            "servers": [],
            "dbs": []
        },
        {
            "monitors": [],
            "path": "/samples/client/petstore/dart-jaguar/flutter_petstore/android/settings.gradle",
            "buses": [],
            "discos": [],
            "gates": [],
            "servers": [],
            "dbs": []
        },
        {
            "monitors": [],
            "path": "/samples/client/petstore/dart-jaguar/flutter_petstore/android/app/build.gradle",
            "buses": [],
            "discos": [],
            "gates": [],
            "servers": [],
            "dbs": []
        },
        {
            "monitors": [],
            "path": "/samples/client/petstore/java/retrofit2-play24/build.gradle",
            "buses": [],
            "discos": [],
            "gates": [],
            "servers": [],
            "dbs": []
        },
        {
            "monitors": [],
            "path": "/samples/client/petstore/java/retrofit2-play24/settings.gradle",
            "buses": [],
            "discos": [],
            "gates": [],
            "servers": [],
            "dbs": []
        },
        {
            "monitors": [],
            "path": "/samples/client/petstore/java/okhttp-gson/build.gradle",
            "buses": [],
            "discos": [],
            "gates": [],
            "servers": [],
            "dbs": []
        },
        {
            "monitors": [],
            "path": "/samples/client/petstore/java/okhttp-gson/settings.gradle",
            "buses": [],
            "discos": [],
            "gates": [],
            "servers": [],
            "dbs": []
        },
        {
            "monitors": [],
            "path": "/samples/client/petstore/java/retrofit2rx2/build.gradle",
            "buses": [],
            "discos": [],
            "gates": [],
            "servers": [],
            "dbs": []
        },
        {
            "monitors": [],
            "path": "/samples/client/petstore/java/retrofit2rx2/settings.gradle",
            "buses": [],
            "discos": [],
            "gates": [],
            "servers": [],
            "dbs": []
        },
        {
            "monitors": [],
            "path": "/samples/client/petstore/java/resttemplate/build.gradle",
            "buses": [],
            "discos": [],
            "gates": [],
            "servers": [
                "spring"
            ],
            "dbs": []
        },
        {
            "monitors": [],
            "path": "/samples/client/petstore/java/resttemplate/settings.gradle",
            "buses": [],
            "discos": [],
            "gates": [],
            "servers": [],
            "dbs": []
        },
        {
            "monitors": [],
            "path": "/samples/client/petstore/java/vertx/build.gradle",
            "buses": [],
            "discos": [],
            "gates": [],
            "servers": [],
            "dbs": []
        },
        {
            "monitors": [],
            "path": "/samples/client/petstore/java/vertx/settings.gradle",
            "buses": [],
            "discos": [],
            "gates": [],
            "servers": [],
            "dbs": []
        },
        {
            "monitors": [],
            "path": "/samples/client/petstore/java/google-api-client/build.gradle",
            "buses": [],
            "discos": [],
            "gates": [],
            "servers": [
                "glassfish"
            ],
            "dbs": []
        },
        {
            "monitors": [],
            "path": "/samples/client/petstore/java/google-api-client/settings.gradle",
            "buses": [],
            "discos": [],
            "gates": [],
            "servers": [],
            "dbs": []
        },
        {
            "monitors": [],
            "path": "/samples/client/petstore/java/resttemplate-withXml/build.gradle",
            "buses": [],
            "discos": [],
            "gates": [],
            "servers": [
                "spring"
            ],
            "dbs": []
        },
        {
            "monitors": [],
            "path": "/samples/client/petstore/java/resttemplate-withXml/settings.gradle",
            "buses": [],
            "discos": [],
            "gates": [],
            "servers": [],
            "dbs": []
        },
        {
            "monitors": [],
            "path": "/samples/client/petstore/java/okhttp-gson-parcelableModel/build.gradle",
            "buses": [],
            "discos": [],
            "gates": [],
            "servers": [],
            "dbs": []
        },
        {
            "monitors": [],
            "path": "/samples/client/petstore/java/okhttp-gson-parcelableModel/settings.gradle",
            "buses": [],
            "discos": [],
            "gates": [],
            "servers": [],
            "dbs": []
        },
        {
            "monitors": [],
            "path": "/samples/client/petstore/java/retrofit2rx/build.gradle",
            "buses": [],
            "discos": [],
            "gates": [],
            "servers": [],
            "dbs": []
        },
        {
            "monitors": [],
            "path": "/samples/client/petstore/java/retrofit2rx/settings.gradle",
            "buses": [],
            "discos": [],
            "gates": [],
            "servers": [],
            "dbs": []
        },
        {
            "monitors": [],
            "path": "/samples/client/petstore/java/jersey1/build.gradle",
            "buses": [],
            "discos": [],
            "gates": [],
            "servers": [],
            "dbs": []
        },
        {
            "monitors": [],
            "path": "/samples/client/petstore/java/jersey1/settings.gradle",
            "buses": [],
            "discos": [],
            "gates": [],
            "servers": [],
            "dbs": []
        },
        {
            "monitors": [],
            "path": "/samples/client/petstore/java/jersey2/build.gradle",
            "buses": [],
            "discos": [],
            "gates": [],
            "servers": [
                "glassfish"
            ],
            "dbs": []
        },
        {
            "monitors": [],
            "path": "/samples/client/petstore/java/jersey2/settings.gradle",
            "buses": [],
            "discos": [],
            "gates": [],
            "servers": [],
            "dbs": []
        },
        {
            "monitors": [],
            "path": "/samples/client/petstore/java/jersey2-java8/build.gradle",
            "buses": [],
            "discos": [],
            "gates": [],
            "servers": [
                "glassfish"
            ],
            "dbs": []
        },
        {
            "monitors": [],
            "path": "/samples/client/petstore/java/jersey2-java8/settings.gradle",
            "buses": [],
            "discos": [],
            "gates": [],
            "servers": [],
            "dbs": []
        },
        {
            "monitors": [],
            "path": "/samples/client/petstore/java/retrofit2-play25/build.gradle",
            "buses": [],
            "discos": [],
            "gates": [],
            "servers": [],
            "dbs": []
        },
        {
            "monitors": [],
            "path": "/samples/client/petstore/java/retrofit2-play25/settings.gradle",
            "buses": [],
            "discos": [],
            "gates": [],
            "servers": [],
            "dbs": []
        },
        {
            "monitors": [],
            "path": "/samples/client/petstore/java/resteasy/build.gradle",
            "buses": [],
            "discos": [],
            "gates": [],
            "servers": [
                "glassfish",
                "jboss"
            ],
            "dbs": []
        },
        {
            "monitors": [],
            "path": "/samples/client/petstore/java/resteasy/settings.gradle",
            "buses": [],
            "discos": [],
            "gates": [],
            "servers": [],
            "dbs": []
        },
        {
            "monitors": [],
            "path": "/samples/client/petstore/java/retrofit2/build.gradle",
            "buses": [],
            "discos": [],
            "gates": [],
            "servers": [],
            "dbs": []
        },
        {
            "monitors": [],
            "path": "/samples/client/petstore/java/retrofit2/settings.gradle",
            "buses": [],
            "discos": [],
            "gates": [],
            "servers": [],
            "dbs": []
        },
        {
            "monitors": [],
            "path": "/samples/client/petstore/java/retrofit/build.gradle",
            "buses": [],
            "discos": [],
            "gates": [],
            "servers": [],
            "dbs": []
        },
        {
            "monitors": [],
            "path": "/samples/client/petstore/java/retrofit/settings.gradle",
            "buses": [],
            "discos": [],
            "gates": [],
            "servers": [],
            "dbs": []
        },
        {
            "monitors": [],
            "path": "/samples/client/petstore/java/jersey2-java6/build.gradle",
            "buses": [],
            "discos": [],
            "gates": [],
            "servers": [
                "glassfish"
            ],
            "dbs": []
        },
        {
            "monitors": [],
            "path": "/samples/client/petstore/java/jersey2-java6/settings.gradle",
            "buses": [],
            "discos": [],
            "gates": [],
            "servers": [],
            "dbs": []
        },
        {
            "monitors": [],
            "path": "/samples/client/petstore/java/feign/build.gradle",
            "buses": [],
            "discos": [],
            "gates": [],
            "servers": [],
            "dbs": []
        },
        {
            "monitors": [],
            "path": "/samples/client/petstore/java/feign/settings.gradle",
            "buses": [],
            "discos": [],
            "gates": [],
            "servers": [],
            "dbs": []
        },
        {
            "monitors": [],
            "path": "/samples/client/petstore/java/rest-assured/build.gradle",
            "buses": [],
            "discos": [],
            "gates": [],
            "servers": [],
            "dbs": []
        },
        {
            "monitors": [],
            "path": "/samples/client/petstore/java/rest-assured/settings.gradle",
            "buses": [],
            "discos": [],
            "gates": [],
            "servers": [],
            "dbs": []
        },
        {
            "monitors": [],
            "path": "/samples/client/petstore/kotlin-threetenbp/build.gradle",
            "buses": [],
            "discos": [],
            "gates": [],
            "servers": [],
            "dbs": []
        },
        {
            "monitors": [],
            "path": "/samples/client/petstore/kotlin-threetenbp/settings.gradle",
            "buses": [],
            "discos": [],
            "gates": [],
            "servers": [],
            "dbs": []
        },
        {
            "monitors": [],
            "path": "/samples/client/petstore/kotlin-string/build.gradle",
            "buses": [],
            "discos": [],
            "gates": [],
            "servers": [],
            "dbs": []
        },
        {
            "monitors": [],
            "path": "/samples/client/petstore/kotlin-string/settings.gradle",
            "buses": [],
            "discos": [],
            "gates": [],
            "servers": [],
            "dbs": []
        },
        {
            "monitors": [],
            "path": "/samples/client/petstore/kotlin/build.gradle",
            "buses": [],
            "discos": [],
            "gates": [],
            "servers": [],
            "dbs": []
        },
        {
            "monitors": [],
            "path": "/samples/client/petstore/kotlin/settings.gradle",
            "buses": [],
            "discos": [],
            "gates": [],
            "servers": [],
            "dbs": []
        },
        {
            "monitors": [],
            "path": "/samples/client/petstore/scala/build.gradle",
            "buses": [],
            "discos": [],
            "gates": [],
            "servers": [],
            "dbs": []
        },
        {
            "monitors": [],
            "path": "/samples/client/petstore/scala/settings.gradle",
            "buses": [],
            "discos": [],
            "gates": [],
            "servers": [],
            "dbs": []
        },
        {
            "monitors": [],
            "path": "/samples/client/petstore/groovy/build.gradle",
            "buses": [],
            "discos": [],
            "gates": [],
            "servers": [],
            "dbs": []
        },
        {
            "monitors": [],
            "path": "/samples/client/petstore/android/httpclient/build.gradle",
            "buses": [],
            "discos": [],
            "gates": [],
            "servers": [],
            "dbs": []
        },
        {
            "monitors": [],
            "path": "/samples/client/petstore/android/httpclient/settings.gradle",
            "buses": [],
            "discos": [],
            "gates": [],
            "servers": [],
            "dbs": []
        },
        {
            "monitors": [],
            "path": "/samples/client/petstore/android/volley/build.gradle",
            "buses": [],
            "discos": [],
            "gates": [],
            "servers": [],
            "dbs": []
        },
        {
            "monitors": [],
            "path": "/samples/client/petstore/scala-gatling/build.gradle",
            "buses": [],
            "discos": [],
            "gates": [],
            "servers": [],
            "dbs": []
        },
        {
            "monitors": [],
            "path": "/pom.xml",
            "buses": [],
            "discos": [],
            "gates": [],
            "servers": [
                "node",
                "spring"
            ],
            "dbs": []
        },
        {
            "monitors": [],
            "path": "/modules/swagger-codegen-cli/pom.xml",
            "buses": [],
            "discos": [],
            "gates": [],
            "servers": [],
            "dbs": []
        },
        {
            "monitors": [],
            "path": "/modules/swagger-codegen/pom.xml",
            "buses": [],
            "discos": [],
            "gates": [],
            "servers": [],
            "dbs": []
        },
        {
            "monitors": [],
            "path": "/modules/swagger-codegen/src/main/resources/swagger-static/pom.xml",
            "buses": [],
            "discos": [],
            "gates": [],
            "servers": [
                "jetty"
            ],
            "dbs": []
        },
        {
            "monitors": [],
            "path": "/modules/swagger-codegen/src/main/resources/php-symfony/testing/pom.xml",
            "buses": [],
            "discos": [],
            "gates": [],
            "servers": [],
            "dbs": []
        },
        {
            "monitors": [],
            "path": "/modules/swagger-codegen-maven-plugin/pom.xml",
            "buses": [],
            "discos": [],
            "gates": [],
            "servers": [],
            "dbs": []
        },
        {
            "monitors": [],
            "path": "/modules/swagger-generator/pom.xml",
            "buses": [],
            "discos": [],
            "gates": [],
            "servers": [
                "glassfish",
                "jetty"
            ],
            "dbs": []
        },
        {
            "monitors": [],
            "path": "/samples/server/petstore/java-play-framework-api-package-override/pom.xml",
            "buses": [],
            "discos": [],
            "gates": [],
            "servers": [],
            "dbs": []
        },
        {
            "monitors": [],
            "path": "/samples/server/petstore/jaxrs/jersey1/pom.xml",
            "buses": [],
            "discos": [],
            "gates": [],
            "servers": [
                "jetty"
            ],
            "dbs": []
        },
        {
            "monitors": [],
            "path": "/samples/server/petstore/jaxrs/jersey2/pom.xml",
            "buses": [],
            "discos": [],
            "gates": [],
            "servers": [
                "glassfish",
                "jetty"
            ],
            "dbs": []
        },
        {
            "monitors": [],
            "path": "/samples/server/petstore/jaxrs/jersey1-useTags/pom.xml",
            "buses": [],
            "discos": [],
            "gates": [],
            "servers": [
                "jetty"
            ],
            "dbs": []
        },
        {
            "monitors": [],
            "path": "/samples/server/petstore/jaxrs/jersey2-useTags/pom.xml",
            "buses": [],
            "discos": [],
            "gates": [],
            "servers": [
                "glassfish",
                "jetty"
            ],
            "dbs": []
        },
        {
            "monitors": [],
            "path": "/samples/server/petstore/jaxrs-spec-interface/pom.xml",
            "buses": [],
            "discos": [],
            "gates": [],
            "servers": [],
            "dbs": []
        },
        {
            "monitors": [],
            "path": "/samples/server/petstore/java-play-framework-no-bean-validation/pom.xml",
            "buses": [],
            "discos": [],
            "gates": [],
            "servers": [],
            "dbs": []
        },
        {
            "monitors": [],
            "path": "/samples/server/petstore/jaxrs-datelib-j8/pom.xml",
            "buses": [],
            "discos": [],
            "gates": [],
            "servers": [
                "glassfish",
                "jetty"
            ],
            "dbs": []
        },
        {
            "monitors": [],
            "path": "/samples/server/petstore/spring-mvc/pom.xml",
            "buses": [],
            "discos": [],
            "gates": [],
            "servers": [
                "spring",
                "jetty"
            ],
            "dbs": []
        },
        {
            "monitors": [],
            "path": "/samples/server/petstore/java-play-framework-controller-only/pom.xml",
            "buses": [],
            "discos": [],
            "gates": [],
            "servers": [],
            "dbs": []
        },
        {
            "monitors": [],
            "path": "/samples/server/petstore/jaxrs-spec/pom.xml",
            "buses": [],
            "discos": [],
            "gates": [],
            "servers": [],
            "dbs": []
        },
        {
            "monitors": [],
            "path": "/samples/server/petstore/java-inflector/pom.xml",
            "buses": [],
            "discos": [],
            "gates": [],
            "servers": [
                "jetty"
            ],
            "dbs": []
        },
        {
            "monitors": [],
            "path": "/samples/server/petstore/jaxrs-cxf-annotated-base-path/pom.xml",
            "buses": [],
            "discos": [],
            "gates": [],
            "servers": [
                "jetty"
            ],
            "dbs": []
        },
        {
            "monitors": [],
            "path": "/samples/server/petstore/spring-mvc-j8-localdatetime/pom.xml",
            "buses": [],
            "discos": [],
            "gates": [],
            "servers": [
                "spring",
                "jetty"
            ],
            "dbs": []
        },
        {
            "monitors": [],
            "path": "/samples/server/petstore/spring-mvc-j8-async/pom.xml",
            "buses": [],
            "discos": [],
            "gates": [],
            "servers": [
                "spring",
                "jetty"
            ],
            "dbs": []
        },
        {
            "monitors": [],
            "path": "/samples/server/petstore/scala-lagom-server/pom.xml",
            "buses": [],
            "discos": [],
            "gates": [],
            "servers": [],
            "dbs": []
        },
        {
            "monitors": [],
            "path": "/samples/server/petstore/undertow/pom.xml",
            "buses": [],
            "discos": [],
            "gates": [],
            "servers": [],
            "dbs": []
        },
        {
            "monitors": [],
            "path": "/samples/server/petstore/java-pkmst/pom.xml",
            "buses": [
                "amqp"
            ],
            "discos": [],
            "gates": [],
            "servers": [
                "spring",
                "jetty"
            ],
            "dbs": []
        },
        {
            "monitors": [],
            "path": "/samples/server/petstore/java-msf4j/pom.xml",
            "buses": [],
            "discos": [],
            "gates": [],
            "servers": [
                "jetty"
            ],
            "dbs": []
        },
        {
            "monitors": [],
            "path": "/samples/server/petstore/jaxrs-cxf-cdi/pom.xml",
            "buses": [],
            "discos": [],
            "gates": [],
            "servers": [],
            "dbs": []
        },
        {
            "monitors": [],
            "path": "/samples/server/petstore/jaxrs-spec-interface-response/pom.xml",
            "buses": [],
            "discos": [],
            "gates": [],
            "servers": [],
            "dbs": []
        },
        {
            "monitors": [],
            "path": "/samples/server/petstore/java-play-framework-no-interface/pom.xml",
            "buses": [],
            "discos": [],
            "gates": [],
            "servers": [],
            "dbs": []
        },
        {
            "monitors": [],
            "path": "/samples/server/petstore/springboot-implicitHeaders/pom.xml",
            "buses": [],
            "discos": [],
            "gates": [],
            "servers": [
                "spring",
                "tomcat"
            ],
            "dbs": []
        },
        {
            "monitors": [],
            "path": "/samples/server/petstore/java-vertx/async/pom.xml",
            "buses": [],
            "discos": [],
            "gates": [],
            "servers": [],
            "dbs": []
        },
        {
            "monitors": [],
            "path": "/samples/server/petstore/java-vertx/rx/pom.xml",
            "buses": [],
            "discos": [],
            "gates": [],
            "servers": [],
            "dbs": []
        },
        {
            "monitors": [],
            "path": "/samples/server/petstore/java-play-framework-no-exception-handling/pom.xml",
            "buses": [],
            "discos": [],
            "gates": [],
            "servers": [],
            "dbs": []
        },
        {
            "monitors": [],
            "path": "/samples/server/petstore/java-play-framework-no-swagger-ui/pom.xml",
            "buses": [],
            "discos": [],
            "gates": [],
            "servers": [],
            "dbs": []
        },
        {
            "monitors": [],
            "path": "/samples/server/petstore/springboot-useoptional/pom.xml",
            "buses": [],
            "discos": [],
            "gates": [],
            "servers": [
                "spring",
                "tomcat"
            ],
            "dbs": []
        },
        {
            "monitors": [],
            "path": "/samples/server/petstore/jaxrs-cxf-non-spring-app/pom.xml",
            "buses": [],
            "discos": [],
            "gates": [],
            "servers": [
                "spring",
                "jetty"
            ],
            "dbs": []
        },
        {
            "monitors": [],
            "path": "/samples/server/petstore/jaxrs-resteasy/joda/pom.xml",
            "buses": [],
            "discos": [],
            "gates": [],
            "servers": [
                "jboss",
                "jetty"
            ],
            "dbs": []
        },
        {
            "monitors": [],
            "path": "/samples/server/petstore/jaxrs-resteasy/eap/pom.xml",
            "buses": [],
            "discos": [],
            "gates": [],
            "servers": [
                "jboss",
                "jetty"
            ],
            "dbs": []
        },
        {
            "monitors": [],
            "path": "/samples/server/petstore/jaxrs-resteasy/default/pom.xml",
            "buses": [],
            "discos": [],
            "gates": [],
            "servers": [
                "jboss",
                "jetty"
            ],
            "dbs": []
        },
        {
            "monitors": [],
            "path": "/samples/server/petstore/jaxrs-resteasy/java8/pom.xml",
            "buses": [],
            "discos": [],
            "gates": [],
            "servers": [
                "jboss",
                "jetty"
            ],
            "dbs": []
        },
        {
            "monitors": [],
            "path": "/samples/server/petstore/jaxrs-resteasy/eap-java8/pom.xml",
            "buses": [],
            "discos": [],
            "gates": [],
            "servers": [
                "jboss",
                "jetty"
            ],
            "dbs": []
        },
        {
            "monitors": [],
            "path": "/samples/server/petstore/jaxrs-resteasy/eap-joda/pom.xml",
            "buses": [],
            "discos": [],
            "gates": [],
            "servers": [
                "jboss",
                "jetty"
            ],
            "dbs": []
        },
        {
            "monitors": [],
            "path": "/samples/server/petstore/springboot/pom.xml",
            "buses": [],
            "discos": [],
            "gates": [],
            "servers": [
                "spring",
                "tomcat"
            ],
            "dbs": []
        },
        {
            "monitors": [],
            "path": "/samples/server/petstore/java-play-framework-no-wrap-calls/pom.xml",
            "buses": [],
            "discos": [],
            "gates": [],
            "servers": [],
            "dbs": []
        },
        {
            "monitors": [],
            "path": "/samples/server/petstore/scalatra/pom.xml",
            "buses": [],
            "discos": [],
            "gates": [],
            "servers": [],
            "dbs": []
        },
        {
            "monitors": [],
            "path": "/samples/server/petstore/jaxrs-cxf/pom.xml",
            "buses": [],
            "discos": [],
            "gates": [],
            "servers": [
                "jetty"
            ],
            "dbs": []
        },
        {
            "monitors": [],
            "path": "/samples/server/petstore/springboot-delegate-j8/pom.xml",
            "buses": [],
            "discos": [],
            "gates": [],
            "servers": [
                "spring",
                "tomcat"
            ],
            "dbs": []
        },
        {
            "monitors": [],
            "path": "/samples/server/petstore/erlang-server/pom.xml",
            "buses": [],
            "discos": [],
            "gates": [],
            "servers": [],
            "dbs": []
        },
        {
            "monitors": [],
            "path": "/samples/server/petstore/springboot-delegate/pom.xml",
            "buses": [],
            "discos": [],
            "gates": [],
            "servers": [
                "spring",
                "tomcat"
            ],
            "dbs": []
        },
        {
            "monitors": [],
            "path": "/samples/server/petstore/php-symfony/SymfonyBundle-php/pom.xml",
            "buses": [],
            "discos": [],
            "gates": [],
            "servers": [],
            "dbs": []
        },
        {
            "monitors": [],
            "path": "/samples/server/petstore/java-play-framework-fake-endpoints/pom.xml",
            "buses": [],
            "discos": [],
            "gates": [],
            "servers": [],
            "dbs": []
        },
        {
            "monitors": [],
            "path": "/samples/server/petstore/springboot-beanvalidation/pom.xml",
            "buses": [],
            "discos": [],
            "gates": [],
            "servers": [
                "spring",
                "tomcat"
            ],
            "dbs": []
        },
        {
            "monitors": [],
            "path": "/samples/server/petstore/java-play-framework/pom.xml",
            "buses": [],
            "discos": [],
            "gates": [],
            "servers": [],
            "dbs": []
        },
        {
            "monitors": [],
            "path": "/samples/client/petstore-security-test/java/okhttp-gson/pom.xml",
            "buses": [],
            "discos": [],
            "gates": [],
            "servers": [],
            "dbs": []
        },
        {
            "monitors": [],
            "path": "/samples/client/petstore-security-test/scala/pom.xml",
            "buses": [],
            "discos": [],
            "gates": [],
            "servers": [],
            "dbs": [
                "mongodb"
            ]
        },
        {
            "monitors": [],
            "path": "/samples/client/petstore-security-test/php/SwaggerClient-php/pom.xml",
            "buses": [],
            "discos": [],
            "gates": [],
            "servers": [],
            "dbs": []
        },
        {
            "monitors": [],
            "path": "/samples/client/petstore/swift3/promisekit/SwaggerClientTests/pom.xml",
            "buses": [],
            "discos": [],
            "gates": [],
            "servers": [],
            "dbs": []
        },
        {
            "monitors": [],
            "path": "/samples/client/petstore/swift3/default/SwaggerClientTests/pom.xml",
            "buses": [],
            "discos": [],
            "gates": [],
            "servers": [],
            "dbs": []
        },
        {
            "monitors": [],
            "path": "/samples/client/petstore/swift3/rxswift/SwaggerClientTests/pom.xml",
            "buses": [],
            "discos": [],
            "gates": [],
            "servers": [],
            "dbs": []
        },
        {
            "monitors": [],
            "path": "/samples/client/petstore/swift5/promisekit/SwaggerClientTests/pom.xml",
            "buses": [],
            "discos": [],
            "gates": [],
            "servers": [],
            "dbs": []
        },
        {
            "monitors": [],
            "path": "/samples/client/petstore/swift5/default/SwaggerClientTests/pom.xml",
            "buses": [],
            "discos": [],
            "gates": [],
            "servers": [],
            "dbs": []
        },
        {
            "monitors": [],
            "path": "/samples/client/petstore/swift5/rxswift/SwaggerClientTests/pom.xml",
            "buses": [],
            "discos": [],
            "gates": [],
            "servers": [],
            "dbs": []
        },
        {
            "monitors": [],
            "path": "/samples/client/petstore/typescript-angular-v5/npm/pom.xml",
            "buses": [],
            "discos": [],
            "gates": [],
            "servers": [],
            "dbs": []
        },
        {
            "monitors": [],
            "path": "/samples/client/petstore/scalaz/pom.xml",
            "buses": [],
            "discos": [],
            "gates": [],
            "servers": [],
            "dbs": []
        },
        {
            "monitors": [],
            "path": "/samples/client/petstore/spring-cloud/pom.xml",
            "buses": [],
            "discos": [],
            "gates": [],
            "servers": [
                "spring"
            ],
            "dbs": []
        },
        {
            "monitors": [],
            "path": "/samples/client/petstore/java/retrofit2-play24/pom.xml",
            "buses": [],
            "discos": [],
            "gates": [],
            "servers": [],
            "dbs": []
        },
        {
            "monitors": [],
            "path": "/samples/client/petstore/java/okhttp-gson/pom.xml",
            "buses": [],
            "discos": [],
            "gates": [],
            "servers": [],
            "dbs": []
        },
        {
            "monitors": [],
            "path": "/samples/client/petstore/java/retrofit2rx2/pom.xml",
            "buses": [],
            "discos": [],
            "gates": [],
            "servers": [],
            "dbs": []
        },
        {
            "monitors": [],
            "path": "/samples/client/petstore/java/resttemplate/pom.xml",
            "buses": [],
            "discos": [],
            "gates": [],
            "servers": [
                "spring"
            ],
            "dbs": []
        },
        {
            "monitors": [],
            "path": "/samples/client/petstore/java/vertx/pom.xml",
            "buses": [],
            "discos": [],
            "gates": [],
            "servers": [],
            "dbs": []
        },
        {
            "monitors": [],
            "path": "/samples/client/petstore/java/google-api-client/pom.xml",
            "buses": [],
            "discos": [],
            "gates": [],
            "servers": [
                "glassfish"
            ],
            "dbs": []
        },
        {
            "monitors": [],
            "path": "/samples/client/petstore/java/resttemplate-withXml/pom.xml",
            "buses": [],
            "discos": [],
            "gates": [],
            "servers": [
                "spring"
            ],
            "dbs": []
        },
        {
            "monitors": [],
            "path": "/samples/client/petstore/java/okhttp-gson-parcelableModel/pom.xml",
            "buses": [],
            "discos": [],
            "gates": [],
            "servers": [],
            "dbs": []
        },
        {
            "monitors": [],
            "path": "/samples/client/petstore/java/retrofit2rx/pom.xml",
            "buses": [],
            "discos": [],
            "gates": [],
            "servers": [],
            "dbs": []
        },
        {
            "monitors": [],
            "path": "/samples/client/petstore/java/jersey1/pom.xml",
            "buses": [],
            "discos": [],
            "gates": [],
            "servers": [],
            "dbs": []
        },
        {
            "monitors": [],
            "path": "/samples/client/petstore/java/jersey2/pom.xml",
            "buses": [],
            "discos": [],
            "gates": [],
            "servers": [
                "glassfish"
            ],
            "dbs": []
        },
        {
            "monitors": [],
            "path": "/samples/client/petstore/java/jersey2-java8/pom.xml",
            "buses": [],
            "discos": [],
            "gates": [],
            "servers": [
                "glassfish"
            ],
            "dbs": []
        },
        {
            "monitors": [],
            "path": "/samples/client/petstore/java/retrofit2-play25/pom.xml",
            "buses": [],
            "discos": [],
            "gates": [],
            "servers": [],
            "dbs": []
        },
        {
            "monitors": [],
            "path": "/samples/client/petstore/java/resteasy/pom.xml",
            "buses": [],
            "discos": [],
            "gates": [],
            "servers": [
                "jboss"
            ],
            "dbs": []
        },
        {
            "monitors": [],
            "path": "/samples/client/petstore/java/retrofit2/pom.xml",
            "buses": [],
            "discos": [],
            "gates": [],
            "servers": [],
            "dbs": []
        },
        {
            "monitors": [],
            "path": "/samples/client/petstore/java/retrofit/pom.xml",
            "buses": [],
            "discos": [],
            "gates": [],
            "servers": [],
            "dbs": []
        },
        {
            "monitors": [],
            "path": "/samples/client/petstore/java/jersey2-java6/pom.xml",
            "buses": [],
            "discos": [],
            "gates": [],
            "servers": [
                "glassfish"
            ],
            "dbs": []
        },
        {
            "monitors": [],
            "path": "/samples/client/petstore/java/feign/pom.xml",
            "buses": [],
            "discos": [],
            "gates": [],
            "servers": [],
            "dbs": []
        },
        {
            "monitors": [],
            "path": "/samples/client/petstore/java/rest-assured/pom.xml",
            "buses": [],
            "discos": [],
            "gates": [],
            "servers": [],
            "dbs": []
        },
        {
            "monitors": [],
            "path": "/samples/client/petstore/kotlin-threetenbp/pom.xml",
            "buses": [],
            "discos": [],
            "gates": [],
            "servers": [],
            "dbs": []
        },
        {
            "monitors": [],
            "path": "/samples/client/petstore/kotlin-string/pom.xml",
            "buses": [],
            "discos": [],
            "gates": [],
            "servers": [],
            "dbs": []
        },
        {
            "monitors": [],
            "path": "/samples/client/petstore/kotlin/pom.xml",
            "buses": [],
            "discos": [],
            "gates": [],
            "servers": [],
            "dbs": []
        },
        {
            "monitors": [],
            "path": "/samples/client/petstore/javascript/pom.xml",
            "buses": [],
            "discos": [],
            "gates": [],
            "servers": [],
            "dbs": []
        },
        {
            "monitors": [],
            "path": "/samples/client/petstore/akka-scala/pom.xml",
            "buses": [],
            "discos": [],
            "gates": [],
            "servers": [],
            "dbs": []
        },
        {
            "monitors": [],
            "path": "/samples/client/petstore/elixir/pom.xml",
            "buses": [],
            "discos": [],
            "gates": [],
            "servers": [],
            "dbs": []
        },
        {
            "monitors": [],
            "path": "/samples/client/petstore/python-tornado/pom.xml",
            "buses": [],
            "discos": [],
            "gates": [],
            "servers": [],
            "dbs": []
        },
        {
            "monitors": [],
            "path": "/samples/client/petstore/ruby/pom.xml",
            "buses": [],
            "discos": [],
            "gates": [],
            "servers": [],
            "dbs": []
        },
        {
            "monitors": [],
            "path": "/samples/client/petstore/typescript-angular-v2/npm/pom.xml",
            "buses": [],
            "discos": [],
            "gates": [],
            "servers": [],
            "dbs": []
        },
        {
            "monitors": [],
            "path": "/samples/client/petstore/clojure/pom.xml",
            "buses": [],
            "discos": [],
            "gates": [],
            "servers": [],
            "dbs": []
        },
        {
            "monitors": [],
            "path": "/samples/client/petstore/typescript-angular-v4.3/npm/pom.xml",
            "buses": [],
            "discos": [],
            "gates": [],
            "servers": [],
            "dbs": []
        },
        {
            "monitors": [],
            "path": "/samples/client/petstore/go/pom.xml",
            "buses": [],
            "discos": [],
            "gates": [],
            "servers": [],
            "dbs": []
        },
        {
            "monitors": [],
            "path": "/samples/client/petstore/perl/pom.xml",
            "buses": [],
            "discos": [],
            "gates": [],
            "servers": [],
            "dbs": []
        },
        {
            "monitors": [],
            "path": "/samples/client/petstore/swift/promisekit/SwaggerClientTests/pom.xml",
            "buses": [],
            "discos": [],
            "gates": [],
            "servers": [],
            "dbs": []
        },
        {
            "monitors": [],
            "path": "/samples/client/petstore/swift/default/SwaggerClientTests/pom.xml",
            "buses": [],
            "discos": [],
            "gates": [],
            "servers": [],
            "dbs": []
        },
        {
            "monitors": [],
            "path": "/samples/client/petstore/swift/rxswift/SwaggerClientTests/pom.xml",
            "buses": [],
            "discos": [],
            "gates": [],
            "servers": [],
            "dbs": []
        },
        {
            "monitors": [],
            "path": "/samples/client/petstore/bash/pom.xml",
            "buses": [],
            "discos": [],
            "gates": [],
            "servers": [],
            "dbs": []
        },
        {
            "monitors": [],
            "path": "/samples/client/petstore/swift4/promisekit/SwaggerClientTests/pom.xml",
            "buses": [],
            "discos": [],
            "gates": [],
            "servers": [],
            "dbs": []
        },
        {
            "monitors": [],
            "path": "/samples/client/petstore/swift4/default/SwaggerClientTests/pom.xml",
            "buses": [],
            "discos": [],
            "gates": [],
            "servers": [],
            "dbs": []
        },
        {
            "monitors": [],
            "path": "/samples/client/petstore/swift4/rxswift/SwaggerClientTests/pom.xml",
            "buses": [],
            "discos": [],
            "gates": [],
            "servers": [],
            "dbs": []
        },
        {
            "monitors": [],
            "path": "/samples/client/petstore/typescript-angularjs/pom.xml",
            "buses": [],
            "discos": [],
            "gates": [],
            "servers": [],
            "dbs": []
        },
        {
            "monitors": [],
            "path": "/samples/client/petstore/scala/pom.xml",
            "buses": [],
            "discos": [],
            "gates": [],
            "servers": [],
            "dbs": [
                "mongodb"
            ]
        },
        {
            "monitors": [],
            "path": "/samples/client/petstore/typescript-angular-v6/npm/pom.xml",
            "buses": [],
            "discos": [],
            "gates": [],
            "servers": [],
            "dbs": []
        },
        {
            "monitors": [],
            "path": "/samples/client/petstore/python/pom.xml",
            "buses": [],
            "discos": [],
            "gates": [],
            "servers": [],
            "dbs": []
        },
        {
            "monitors": [],
            "path": "/samples/client/petstore/typescript-fetch/builds/es6-target/pom.xml",
            "buses": [],
            "discos": [],
            "gates": [],
            "servers": [],
            "dbs": []
        },
        {
            "monitors": [],
            "path": "/samples/client/petstore/typescript-fetch/builds/default/pom.xml",
            "buses": [],
            "discos": [],
            "gates": [],
            "servers": [],
            "dbs": []
        },
        {
            "monitors": [],
            "path": "/samples/client/petstore/typescript-fetch/builds/with-npm-version/pom.xml",
            "buses": [],
            "discos": [],
            "gates": [],
            "servers": [],
            "dbs": []
        },
        {
            "monitors": [],
            "path": "/samples/client/petstore/typescript-fetch/tests/default/pom.xml",
            "buses": [],
            "discos": [],
            "gates": [],
            "servers": [],
            "dbs": []
        },
        {
            "monitors": [],
            "path": "/samples/client/petstore/spring-stubs/pom.xml",
            "buses": [],
            "discos": [],
            "gates": [],
            "servers": [
                "spring",
                "tomcat"
            ],
            "dbs": []
        },
        {
            "monitors": [],
            "path": "/samples/client/petstore/jaxrs-cxf/pom.xml",
            "buses": [],
            "discos": [],
            "gates": [],
            "servers": [
                "jetty"
            ],
            "dbs": []
        },
        {
            "monitors": [],
            "path": "/samples/client/petstore/objc/default/SwaggerClientTests/pom.xml",
            "buses": [],
            "discos": [],
            "gates": [],
            "servers": [],
            "dbs": []
        },
        {
            "monitors": [],
            "path": "/samples/client/petstore/objc/core-data/SwaggerClientTests/pom.xml",
            "buses": [],
            "discos": [],
            "gates": [],
            "servers": [],
            "dbs": []
        },
        {
            "monitors": [],
            "path": "/samples/client/petstore/php/SwaggerClient-php/pom.xml",
            "buses": [],
            "discos": [],
            "gates": [],
            "servers": [],
            "dbs": []
        },
        {
            "monitors": [],
            "path": "/samples/client/petstore/android/httpclient/pom.xml",
            "buses": [],
            "discos": [],
            "gates": [],
            "servers": [],
            "dbs": []
        },
        {
            "monitors": [],
            "path": "/samples/client/petstore/android/volley/pom.xml",
            "buses": [],
            "discos": [],
            "gates": [],
            "servers": [],
            "dbs": []
        },
        {
            "monitors": [],
            "path": "/samples/client/petstore/typescript-angular-v4/npm/pom.xml",
            "buses": [],
            "discos": [],
            "gates": [],
            "servers": [],
            "dbs": []
        },
        {
            "monitors": [],
            "path": "/samples/client/petstore/jaxrs-cxf-client/pom.xml",
            "buses": [],
            "discos": [],
            "gates": [],
            "servers": [
                "jetty"
            ],
            "dbs": []
        },
        {
            "monitors": [],
            "path": "/samples/client/petstore/python-asyncio/pom.xml",
            "buses": [],
            "discos": [],
            "gates": [],
            "servers": [],
            "dbs": []
        },
        {
            "monitors": [],
            "path": "/samples/client/petstore/haskell-http-client/pom.xml",
            "buses": [],
            "discos": [],
            "gates": [],
            "servers": [],
            "dbs": []
        },
        {
            "monitors": [],
            "path": "/samples/client/petstore/haskell-http-client/tests-integration/pom.xml",
            "buses": [],
            "discos": [],
            "gates": [],
            "servers": [],
            "dbs": []
        },
        {
            "monitors": [],
            "path": "/samples/client/petstore/javascript-promise/pom.xml",
            "buses": [],
            "discos": [],
            "gates": [],
            "servers": [],
            "dbs": []
        },
        {
            "monitors": [],
            "path": "/samples/client/petstore/javascript-promise-es6/pom.xml",
            "buses": [],
            "discos": [],
            "gates": [],
            "servers": [],
            "dbs": []
        },
        {
            "monitors": [],
            "path": "/samples/client/petstore/typescript-node/npm/pom.xml",
            "buses": [],
            "discos": [],
            "gates": [],
            "servers": [
                "node"
            ],
            "dbs": []
        },
        {
            "monitors": [],
            "path": "/samples/client/test/swift4/default/TestClientApp/pom.xml",
            "buses": [],
            "discos": [],
            "gates": [],
            "servers": [],
            "dbs": []
        },
        {
            "monitors": [],
            "path": "/modules/swagger-codegen/src/test/resources/integrationtests/typescript/array-and-object-expected/package.json",
            "buses": [],
            "discos": [],
            "gates": [],
            "servers": [],
            "dbs": []
        },
        {
            "monitors": [],
            "path": "/modules/swagger-codegen/src/test/resources/integrationtests/typescript/additional-properties-expected/package.json",
            "buses": [],
            "discos": [],
            "gates": [],
            "servers": [],
            "dbs": []
        },
        {
            "monitors": [],
            "path": "/modules/swagger-codegen/src/test/resources/integrationtests/typescript/petstore-expected/package.json",
            "buses": [],
            "discos": [],
            "gates": [],
            "servers": [],
            "dbs": []
        },
        {
            "monitors": [],
            "path": "/modules/swagger-codegen/src/test/resources/integrationtests/typescript/node-es5-expected/package.json",
            "buses": [],
            "discos": [],
            "gates": [],
            "servers": [
                "node"
            ],
            "dbs": []
        },
        {
            "monitors": [],
            "path": "/samples/server/petstore/nodejs/package.json",
            "buses": [],
            "discos": [],
            "gates": [],
            "servers": [
                "node"
            ],
            "dbs": []
        },
        {
            "monitors": [],
            "path": "/samples/server/petstore/nodejs-google-cloud-functions/package.json",
            "buses": [],
            "discos": [],
            "gates": [],
            "servers": [],
            "dbs": []
        },
        {
            "monitors": [],
            "path": "/samples/dynamic-html/package.json",
            "buses": [],
            "discos": [],
            "gates": [],
            "servers": [
                "node",
                "express"
            ],
            "dbs": []
        },
        {
            "monitors": [],
            "path": "/samples/client/petstore-security-test/typescript-jquery/npm/package.json",
            "buses": [],
            "discos": [],
            "gates": [],
            "servers": [],
            "dbs": []
        },
        {
            "monitors": [],
            "path": "/samples/client/petstore-security-test/javascript/package.json",
            "buses": [],
            "discos": [],
            "gates": [],
            "servers": [
                "node"
            ],
            "dbs": []
        },
        {
            "monitors": [],
            "path": "/samples/client/petstore/typescript-angular-v5/npm/package.json",
            "buses": [],
            "discos": [],
            "gates": [],
            "servers": [],
            "dbs": []
        },
        {
            "monitors": [],
            "path": "/samples/client/petstore/javascript-es6/package.json",
            "buses": [],
            "discos": [],
            "gates": [],
            "servers": [],
            "dbs": []
        },
        {
            "monitors": [],
            "path": "/samples/client/petstore/typescript-jquery/npm/package.json",
            "buses": [],
            "discos": [],
            "gates": [],
            "servers": [],
            "dbs": []
        },
        {
            "monitors": [],
            "path": "/samples/client/petstore/javascript-override-default-config/package.json",
            "buses": [],
            "discos": [],
            "gates": [],
            "servers": [],
            "dbs": []
        },
        {
            "monitors": [],
            "path": "/samples/client/petstore/javascript/package.json",
            "buses": [],
            "discos": [],
            "gates": [],
            "servers": [],
            "dbs": []
        },
        {
            "monitors": [],
            "path": "/samples/client/petstore/typescript-aurelia/default/package.json",
            "buses": [],
            "discos": [],
            "gates": [],
            "servers": [],
            "dbs": []
        },
        {
            "monitors": [],
            "path": "/samples/client/petstore/typescript-angular-v2/with-interfaces/package.json",
            "buses": [],
            "discos": [],
            "gates": [],
            "servers": [],
            "dbs": []
        },
        {
            "monitors": [],
            "path": "/samples/client/petstore/typescript-angular-v2/npm/package.json",
            "buses": [],
            "discos": [],
            "gates": [],
            "servers": [],
            "dbs": []
        },
        {
            "monitors": [],
            "path": "/samples/client/petstore/typescript-angular-v4.3/npm/package.json",
            "buses": [],
            "discos": [],
            "gates": [],
            "servers": [],
            "dbs": []
        },
        {
            "monitors": [],
            "path": "/samples/client/petstore/typescript-angularjs/package.json",
            "buses": [],
            "discos": [],
            "gates": [],
            "servers": [
                "node"
            ],
            "dbs": []
        },
        {
            "monitors": [],
            "path": "/samples/client/petstore/typescript-angular-v6/npm/package.json",
            "buses": [],
            "discos": [],
            "gates": [],
            "servers": [],
            "dbs": []
        },
        {
            "monitors": [],
            "path": "/samples/client/petstore/typescript-fetch/builds/es6-target/package.json",
            "buses": [],
            "discos": [],
            "gates": [],
            "servers": [
                "node"
            ],
            "dbs": []
        },
        {
            "monitors": [],
            "path": "/samples/client/petstore/typescript-fetch/builds/with-npm-version/package.json",
            "buses": [],
            "discos": [],
            "gates": [],
            "servers": [
                "node"
            ],
            "dbs": []
        },
        {
            "monitors": [],
            "path": "/samples/client/petstore/typescript-fetch/tests/default/package.json",
            "buses": [],
            "discos": [],
            "gates": [],
            "servers": [
                "node"
            ],
            "dbs": []
        },
        {
            "monitors": [],
            "path": "/samples/client/petstore/typescript-angular-v4/npm/package.json",
            "buses": [],
            "discos": [],
            "gates": [],
            "servers": [],
            "dbs": []
        },
        {
            "monitors": [],
            "path": "/samples/client/petstore/javascript-promise/package.json",
            "buses": [],
            "discos": [],
            "gates": [],
            "servers": [],
            "dbs": []
        },
        {
            "monitors": [],
            "path": "/samples/client/petstore/javascript-promise-es6/package.json",
            "buses": [],
            "discos": [],
            "gates": [],
            "servers": [],
            "dbs": []
        },
        {
            "monitors": [],
            "path": "/samples/client/petstore/typescript-node/npm/package.json",
            "buses": [],
            "discos": [],
            "gates": [],
            "servers": [
                "node"
            ],
            "dbs": []
        },
        {
            "monitors": [],
            "path": "/samples/client/petstore/javascript-closure-angular/package.json",
            "buses": [],
            "discos": [],
            "gates": [],
            "servers": [],
            "dbs": []
        }
    ],
    "num_langs": 4,
    "languages": [
        "html",
        "java"
    ],
    "structure": {
        "detected_dbs": {
            "names": [],
            "services": [],
            "shared_dbs": false,
            "num": 0
        },
        "services": [],
        "path": [],
        "num_services": 0
    },
    "avg_size_service": 9932.818181818182,
    "dbs": [
        "db"
    ],
    "num_dockers": 11,
    "num_files": 250,
    "discos": [],
    "num_gates": 0
}