{
    "num_servers": 0,
    "num_monitors": 0,
    "commiters": 1,
    "num_discos": 0,
    "files": [],
    "url": "git://github.com/JAgostoni/pghdotnet-containers.git",
    "discos": [],
    "num_langs": 1,
    "langs": [
        "c#"
    ],
    "num_services": 0,
    "shared_dbs": false,
    "images": [
        "microsoft/dotnet"
    ],
    "avg_size_service": 169.5,
    "num_gates": 0,
    "num_buses": 0,
    "dbs": [],
    "servers": [],
    "structure": {
        "services": [],
        "num_services": 0,
        "detected_dbs": {
            "num": 0,
            "shared_dbs": false,
            "names": [],
            "services": []
        },
        "path": []
    },
    "num_dockers": 4,
    "num_files": 5,
    "name": "JAgostoni/pghdotnet-containers",
    "dockers": [
        {
            "dbs": [],
            "servers": [],
            "keywords": [
                "dotnet",
                "restore",
                "publish",
                "out",
                "release"
            ],
            "from_full": "microsoft/dotnet:aspnetcore-runtime",
            "cmd_keywords": [],
            "cmd": "",
            "langs": [],
            "buses": [],
            "monitors": [],
            "gates": [],
            "discos": [],
            "from": "microsoft/dotnet",
            "path": "/publisher-api/Dockerfile"
        },
        {
            "dbs": [],
            "servers": [],
            "keywords": [
                "dotnet",
                "restore",
                "publish",
                "out",
                "release"
            ],
            "from_full": "microsoft/dotnet:aspnetcore-runtime",
            "cmd_keywords": [],
            "cmd": "",
            "langs": [],
            "buses": [],
            "monitors": [],
            "gates": [],
            "discos": [],
            "from": "microsoft/dotnet",
            "path": "/portal-api/Dockerfile"
        },
        {
            "dbs": [],
            "servers": [],
            "keywords": [
                "dotnet",
                "restore",
                "publish",
                "out",
                "release"
            ],
            "from_full": "microsoft/dotnet:aspnetcore-runtime",
            "cmd_keywords": [],
            "cmd": "",
            "langs": [],
            "buses": [],
            "monitors": [],
            "gates": [],
            "discos": [],
            "from": "microsoft/dotnet",
            "path": "/chaos/Dockerfile"
        },
        {
            "dbs": [],
            "servers": [],
            "keywords": [
                "dotnet",
                "restore",
                "publish",
                "out",
                "release"
            ],
            "from_full": "microsoft/dotnet:aspnetcore-runtime",
            "cmd_keywords": [],
            "cmd": "",
            "langs": [],
            "buses": [],
            "monitors": [],
            "gates": [],
            "discos": [],
            "from": "microsoft/dotnet",
            "path": "/products-receiver/Dockerfile"
        }
    ],
    "buses": [],
    "monitors": [],
    "gates": [],
    "size": 678,
    "languages": [
        "c#"
    ],
    "num_dbs": 0
}