{
    "files": [
        {
            "path": "/liberfree-bus/pom.xml"
        },
        {
            "gates": [
                "gateway",
                "zuul"
            ],
            "discos": [
                "eureka"
            ],
            "servers": [
                "spring"
            ],
            "monitors": [],
            "buses": [],
            "dbs": [],
            "path": "/cloud-gateway/pom.xml"
        },
        {
            "gates": [],
            "discos": [
                "eureka"
            ],
            "servers": [
                "spring"
            ],
            "monitors": [],
            "buses": [],
            "dbs": [],
            "path": "/cloud-eureka-server/pom.xml"
        },
        {
            "gates": [],
            "discos": [],
            "servers": [
                "spring"
            ],
            "monitors": [],
            "buses": [],
            "dbs": [],
            "path": "/liberfree-ddd-spring-starter/pom.xml"
        },
        {
            "gates": [],
            "discos": [],
            "servers": [],
            "monitors": [],
            "buses": [
                "kafka",
                "activemq"
            ],
            "dbs": [
                "redis"
            ],
            "path": "/liberfree-event-plugin/pom.xml"
        },
        {
            "gates": [],
            "discos": [],
            "servers": [],
            "monitors": [],
            "buses": [],
            "dbs": [],
            "path": "/liberfree-event-plugin/eventbus-rocketmq/pom.xml"
        },
        {
            "gates": [],
            "discos": [],
            "servers": [],
            "monitors": [],
            "buses": [],
            "dbs": [
                "redis"
            ],
            "path": "/liberfree-event-plugin/eventbus-redis/pom.xml"
        },
        {
            "gates": [],
            "discos": [],
            "servers": [],
            "monitors": [],
            "buses": [
                "activemq"
            ],
            "dbs": [],
            "path": "/liberfree-event-plugin/eventbus-activemq/pom.xml"
        },
        {
            "gates": [],
            "discos": [],
            "servers": [],
            "monitors": [],
            "buses": [
                "kafka"
            ],
            "dbs": [],
            "path": "/liberfree-event-plugin/eventbus-kafka/pom.xml"
        },
        {
            "gates": [],
            "discos": [
                "eureka"
            ],
            "servers": [
                "spring"
            ],
            "monitors": [],
            "buses": [],
            "dbs": [],
            "path": "/cloud-webapi/pom.xml"
        },
        {
            "gates": [],
            "discos": [],
            "servers": [],
            "monitors": [],
            "buses": [],
            "dbs": [
                "postgresql"
            ],
            "path": "/cloud-mybatis/pom.xml"
        },
        {
            "gates": [],
            "discos": [
                "eureka"
            ],
            "servers": [
                "spring"
            ],
            "monitors": [],
            "buses": [],
            "dbs": [],
            "path": "/cloud-service-user/pom.xml"
        },
        {
            "gates": [],
            "discos": [],
            "servers": [
                "spring"
            ],
            "monitors": [],
            "buses": [],
            "dbs": [],
            "path": "/cloud-service-user/cloud-service-user-api/pom.xml"
        },
        {
            "path": "/cloud-service-user/cloud-service-user-context/pom.xml"
        },
        {
            "gates": [],
            "discos": [
                "eureka"
            ],
            "servers": [
                "spring"
            ],
            "monitors": [],
            "buses": [],
            "dbs": [],
            "path": "/cloud-service-system/pom.xml"
        },
        {
            "gates": [],
            "discos": [],
            "servers": [
                "spring"
            ],
            "monitors": [],
            "buses": [],
            "dbs": [],
            "path": "/cloud-service-system/cloud-service-system-api/pom.xml"
        },
        {
            "path": "/cloud-service-system/cloud-service-system-context/pom.xml"
        },
        {
            "path": "/liberfree-ddd/pom.xml"
        },
        {
            "gates": [],
            "discos": [],
            "servers": [],
            "monitors": [],
            "buses": [],
            "dbs": [],
            "path": "/cloud-ddd-simple/pom.xml"
        },
        {
            "gates": [],
            "discos": [
                "eureka"
            ],
            "servers": [
                "spring"
            ],
            "monitors": [],
            "buses": [],
            "dbs": [],
            "path": "/cloud-service-ccb/pom.xml"
        },
        {
            "path": "/cloud-service-ccb/cloud-service-ccb-context/pom.xml"
        },
        {
            "gates": [],
            "discos": [],
            "servers": [
                "spring"
            ],
            "monitors": [],
            "buses": [],
            "dbs": [],
            "path": "/cloud-service-ccb/cloud-service-ccb-api/pom.xml"
        },
        {
            "gates": [],
            "discos": [],
            "servers": [
                "spring"
            ],
            "monitors": [],
            "buses": [],
            "dbs": [],
            "path": "/cloud-config-server/pom.xml"
        },
        {
            "gates": [],
            "discos": [],
            "servers": [
                "spring"
            ],
            "monitors": [],
            "buses": [],
            "dbs": [
                "nexus",
                "postgresql"
            ],
            "path": "/cloud-parent/pom.xml"
        },
        {
            "gates": [],
            "discos": [
                "eureka"
            ],
            "servers": [
                "spring"
            ],
            "monitors": [],
            "buses": [],
            "dbs": [],
            "path": "/cloud-service-blog/pom.xml"
        },
        {
            "gates": [],
            "discos": [],
            "servers": [
                "spring"
            ],
            "monitors": [],
            "buses": [],
            "dbs": [],
            "path": "/cloud-service-blog/cloud-service-blog-api/pom.xml"
        },
        {
            "path": "/cloud-service-blog/cloud-service-blog-context/pom.xml"
        },
        {
            "gates": [],
            "discos": [],
            "servers": [],
            "monitors": [],
            "buses": [],
            "dbs": [],
            "path": "/liberfree-common/pom.xml"
        },
        {
            "path": "/cloud-dashboard-zipkin/pom.xml"
        },
        {
            "gates": [],
            "discos": [],
            "servers": [],
            "monitors": [],
            "buses": [],
            "dbs": [],
            "path": "/springcloud-service-archetype/pom.xml"
        },
        {
            "gates": [],
            "discos": [
                "eureka"
            ],
            "servers": [
                "spring"
            ],
            "monitors": [],
            "buses": [],
            "dbs": [],
            "path": "/springcloud-service-archetype/src/main/resources/archetype-resources/pom.xml"
        },
        {
            "gates": [],
            "discos": [],
            "servers": [
                "spring"
            ],
            "monitors": [],
            "buses": [],
            "dbs": [],
            "path": "/springcloud-service-archetype/src/main/resources/archetype-resources/context/pom.xml"
        },
        {
            "gates": [],
            "discos": [],
            "servers": [],
            "monitors": [],
            "buses": [],
            "dbs": [],
            "path": "/springcloud-service-archetype/src/main/resources/archetype-resources/api/pom.xml"
        }
    ],
    "num_services": 0,
    "languages": [
        "java"
    ],
    "shared_dbs": false,
    "num_discos": 1,
    "num_dbs": 3,
    "gates": [
        "zuul"
    ],
    "num_files": 39,
    "num_langs": 1,
    "avg_size_service": 819.8,
    "num_monitors": 0,
    "dockers": [
        {
            "cmd": "java -jar /opt/app/app.jar",
            "from": "adoptopenjdk/openjdk8",
            "from_full": "adoptopenjdk/openjdk8:latest",
            "servers": [],
            "buses": [],
            "dbs": [],
            "path": "/cloud-gateway/src/main/docker/Dockerfile",
            "gates": [],
            "discos": [],
            "keywords": [
                "app",
                "mkdir",
                "opt"
            ],
            "cmd_keywords": [
                "jar",
                "app",
                "java",
                "opt"
            ],
            "langs": [
                "java"
            ],
            "monitors": []
        },
        {
            "cmd": "java -jar /opt/app/app.jar",
            "from": "adoptopenjdk/openjdk8",
            "from_full": "adoptopenjdk/openjdk8:latest",
            "servers": [],
            "buses": [],
            "dbs": [],
            "path": "/cloud-eureka-server/src/main/docker/Dockerfile",
            "gates": [],
            "discos": [],
            "keywords": [
                "app",
                "mkdir",
                "opt"
            ],
            "cmd_keywords": [
                "jar",
                "app",
                "java",
                "opt"
            ],
            "langs": [
                "java"
            ],
            "monitors": []
        },
        {
            "cmd": "java -jar /opt/app/cloud-config-server-1.0-SNAPSHOT.jar",
            "from": "adoptopenjdk/openjdk8",
            "from_full": "adoptopenjdk/openjdk8:latest",
            "servers": [],
            "buses": [],
            "dbs": [],
            "path": "/cloud-config-server/src/main/docker/Dockerfile",
            "gates": [],
            "discos": [],
            "keywords": [
                "app",
                "mkdir",
                "opt"
            ],
            "cmd_keywords": [
                "jar",
                "snapshot",
                "java",
                "cloud",
                "server"
            ],
            "langs": [
                "java"
            ],
            "monitors": []
        },
        {
            "cmd": "java -jar /opt/app/app.jar",
            "from": "adoptopenjdk/openjdk8",
            "from_full": "adoptopenjdk/openjdk8:latest",
            "servers": [],
            "buses": [],
            "dbs": [],
            "path": "/cloud-dashboard-zipkin/src/main/docker/Dockerfile",
            "gates": [],
            "discos": [],
            "keywords": [
                "app",
                "mkdir",
                "opt"
            ],
            "cmd_keywords": [
                "jar",
                "app",
                "java",
                "opt"
            ],
            "langs": [
                "java"
            ],
            "monitors": []
        },
        {
            "cmd": "/opt/script/start.sh",
            "from": "registry.cn-hangzhou.aliyuncs.com/prod-env/jdk1.8",
            "from_full": "registry.cn-hangzhou.aliyuncs.com/prod-env/jdk1.8:v1",
            "servers": [],
            "buses": [],
            "dbs": [],
            "path": "/springcloud-service-archetype/src/main/resources/archetype-resources/context/src/main/docker/Dockerfile",
            "gates": [],
            "discos": [],
            "keywords": [
                "chmod",
                "start",
                "opt",
                "script"
            ],
            "cmd_keywords": [
                "start",
                "opt",
                "script"
            ],
            "langs": [],
            "monitors": []
        }
    ],
    "size": 4099,
    "langs": [
        "java"
    ],
    "num_buses": 2,
    "images": [
        "adoptopenjdk/openjdk8",
        "registry.cn-hangzhou.aliyuncs.com/prod-env/jdk1.8"
    ],
    "servers": [
        "spring"
    ],
    "commiters": 1,
    "buses": [
        "kafka",
        "activemq"
    ],
    "dbs": [
        "nexus",
        "redis",
        "postgresql"
    ],
    "name": "jaguar-zc/springcloud-examples-projects",
    "discos": [
        "eureka"
    ],
    "url": "git://github.com/jaguar-zc/springcloud-examples-projects.git",
    "num_servers": 1,
    "monitors": [],
    "num_gates": 1,
    "structure": {
        "detected_dbs": {
            "names": [],
            "services": [],
            "num": 0,
            "shared_dbs": false
        },
        "services": [],
        "num_services": 0,
        "path": []
    },
    "num_dockers": 5
}