{
    "num_dockers": 0,
    "commiters": 1,
    "num_services": 10,
    "servers": [
        "spring",
        "node"
    ],
    "languages": [
        "java"
    ],
    "gates": [],
    "num_langs": 1,
    "langs": [
        "java"
    ],
    "num_servers": 2,
    "size": 263,
    "num_buses": 0,
    "url": "git://github.com/jamesnetherton/camel-microservice-demo.git",
    "dbs": [],
    "name": "jamesnetherton/camel-microservice-demo",
    "shared_dbs": false,
    "num_gates": 0,
    "files": [
        {
            "buses": [],
            "dbs": [],
            "path": "/pom.xml",
            "gates": [],
            "servers": [
                "spring"
            ],
            "discos": [],
            "monitors": []
        },
        {
            "buses": [],
            "dbs": [],
            "path": "/name-client-service/pom.xml",
            "gates": [],
            "servers": [],
            "discos": [],
            "monitors": [
                "jaeger"
            ]
        },
        {
            "buses": [],
            "dbs": [],
            "path": "/name-prefix-service/pom.xml",
            "gates": [],
            "servers": [
                "spring"
            ],
            "discos": [],
            "monitors": [
                "jaeger"
            ]
        },
        {
            "buses": [],
            "dbs": [],
            "path": "/name-suffix-service/pom.xml",
            "gates": [],
            "servers": [
                "spring"
            ],
            "discos": [],
            "monitors": [
                "jaeger"
            ]
        }
    ],
    "monitors": [
        "grafana",
        "jaeger",
        "prometheus"
    ],
    "num_discos": 0,
    "structure": {
        "detected_dbs": {
            "num": 0,
            "names": [],
            "services": [],
            "shared_dbs": false
        },
        "services": [
            {
                "buses": [],
                "gates": [],
                "name": "node-exporter",
                "depends_on": [],
                "monitors": [],
                "dbs": [],
                "servers": [
                    "node"
                ],
                "image": "prom/node-exporter",
                "image_full": "prom/node-exporter",
                "discos": []
            },
            {
                "buses": [],
                "gates": [],
                "name": "name-prefix-service",
                "depends_on": [
                    "name-suffix-service"
                ],
                "monitors": [],
                "dbs": [],
                "servers": [],
                "image": "jamesnetherton/microservice-demo-prefix-service",
                "image_full": "jamesnetherton/microservice-demo-prefix-service:latest",
                "discos": []
            },
            {
                "buses": [],
                "gates": [],
                "name": "prometheus",
                "depends_on": [
                    "alertmanager",
                    "cadvisor"
                ],
                "monitors": [
                    "prometheus"
                ],
                "dbs": [],
                "servers": [],
                "image": "prom/prometheus",
                "image_full": "prom/prometheus:v2.5.0",
                "discos": []
            },
            {
                "buses": [],
                "gates": [],
                "name": "alertmanager",
                "depends_on": [
                    "alert-webhook-logger"
                ],
                "monitors": [],
                "dbs": [],
                "servers": [],
                "image": "prom/alertmanager",
                "image_full": "prom/alertmanager",
                "discos": []
            },
            {
                "buses": [],
                "gates": [],
                "name": "name-client-service",
                "depends_on": [
                    "name-prefix-service"
                ],
                "monitors": [],
                "dbs": [],
                "servers": [],
                "image": "jamesnetherton/microservice-demo-client-service",
                "image_full": "jamesnetherton/microservice-demo-client-service:latest",
                "discos": []
            },
            {
                "buses": [],
                "gates": [],
                "name": "grafana",
                "depends_on": [
                    "prometheus"
                ],
                "monitors": [
                    "grafana"
                ],
                "dbs": [],
                "servers": [],
                "image": "grafana/grafana",
                "image_full": "grafana/grafana",
                "discos": []
            },
            {
                "buses": [],
                "gates": [],
                "name": "opentracing",
                "depends_on": [],
                "monitors": [],
                "dbs": [],
                "servers": [],
                "image": "jaegertracing/all-in-one",
                "image_full": "jaegertracing/all-in-one:latest",
                "discos": []
            },
            {
                "buses": [],
                "gates": [],
                "name": "alert-webhook-logger",
                "depends_on": [],
                "monitors": [],
                "dbs": [],
                "servers": [],
                "image": "jamesnetherton/alert-webhook-logger",
                "image_full": "jamesnetherton/alert-webhook-logger",
                "discos": []
            },
            {
                "buses": [],
                "gates": [],
                "name": "cadvisor",
                "depends_on": [],
                "monitors": [],
                "dbs": [],
                "servers": [],
                "image": "google/cadvisor",
                "image_full": "google/cadvisor",
                "discos": []
            },
            {
                "buses": [],
                "gates": [],
                "name": "name-suffix-service",
                "depends_on": [
                    "opentracing",
                    "grafana"
                ],
                "monitors": [],
                "dbs": [],
                "servers": [],
                "image": "jamesnetherton/microservice-demo-suffix-service",
                "image_full": "jamesnetherton/microservice-demo-suffix-service:latest",
                "discos": []
            }
        ],
        "num_services": 10,
        "path": "/docker-compose.yml"
    },
    "buses": [],
    "avg_size_service": 263.0,
    "images": [],
    "num_files": 5,
    "num_monitors": 3,
    "num_dbs": 0,
    "discos": [],
    "dockers": []
}