{
    "gates": [],
    "num_dockers": 1,
    "languages": [
        "java"
    ],
    "num_gates": 0,
    "structure": {
        "services": [],
        "detected_dbs": {
            "shared_dbs": false,
            "names": [],
            "services": [],
            "num": 0
        },
        "num_services": 0,
        "path": []
    },
    "num_langs": 1,
    "dockers": [
        {
            "keywords": [
                "bash",
                "app",
                "touch",
                "jar"
            ],
            "gates": [],
            "dbs": [],
            "cmd_keywords": [],
            "path": "/src/main/docker/Dockerfile",
            "discos": [],
            "cmd": "",
            "from": "java",
            "monitors": [],
            "from_full": "java:8",
            "servers": [],
            "buses": [],
            "langs": [
                "java"
            ]
        }
    ],
    "images": [
        "java"
    ],
    "num_servers": 1,
    "num_monitors": 0,
    "langs": [
        "java"
    ],
    "buses": [],
    "num_services": 0,
    "commiters": 1,
    "avg_size_service": 11.0,
    "dbs": [],
    "files": [
        {
            "gates": [],
            "monitors": [],
            "dbs": [],
            "path": "/pom.xml",
            "servers": [
                "spring"
            ],
            "discos": [
                "consul"
            ],
            "buses": []
        }
    ],
    "num_buses": 0,
    "discos": [
        "consul"
    ],
    "size": 11,
    "monitors": [],
    "shared_dbs": false,
    "url": "git://github.com/janes/consul-microservice.git",
    "num_dbs": 0,
    "name": "janes/consul-microservice",
    "num_files": 3,
    "num_discos": 1,
    "servers": [
        "spring"
    ]
}