{
    "num_files": 37,
    "dbs": [
        "mongo",
        "redis"
    ],
    "structure": {
        "services": [
            {
                "depends_on": [
                    "nosql.data",
                    "sql.data",
                    "identity.api",
                    "rabbitmq",
                    "ordering.api",
                    "marketing.api",
                    "catalog.api",
                    "basket.api",
                    "ddagent"
                ],
                "servers": [],
                "dbs": [],
                "buses": [],
                "monitors": [],
                "name": "webmarketingapigw",
                "gates": [],
                "image_full": "${REGISTRY:-eshop}/ocelotapigw:${PLATFORM:-linux}-${TAG:-latest}",
                "discos": [],
                "image": "${REGISTRY"
            },
            {
                "depends_on": [
                    "sql.data",
                    "rabbitmq",
                    "ddagent"
                ],
                "servers": [],
                "dbs": [],
                "buses": [],
                "monitors": [],
                "name": "ordering.backgroundtasks",
                "gates": [],
                "image_full": "${REGISTRY:-eshop}/ordering.backgroundtasks:${PLATFORM:-linux}-${TAG:-latest}",
                "discos": [],
                "image": "${REGISTRY"
            },
            {
                "depends_on": [
                    "sql.data",
                    "nosql.data",
                    "identity.api",
                    "rabbitmq",
                    "ddagent"
                ],
                "servers": [],
                "dbs": [],
                "buses": [],
                "monitors": [],
                "name": "marketing.api",
                "gates": [],
                "image_full": "${REGISTRY:-eshop}/marketing.api:${PLATFORM:-linux}-${TAG:-latest}",
                "discos": [],
                "image": "${REGISTRY"
            },
            {
                "depends_on": [],
                "servers": [],
                "dbs": [],
                "buses": [],
                "monitors": [],
                "name": "ddagent",
                "gates": [],
                "image_full": "datadog/agent:latest",
                "discos": [],
                "image": "datadog/agent"
            },
            {
                "depends_on": [
                    "nosql.data",
                    "sql.data",
                    "identity.api",
                    "rabbitmq",
                    "ordering.api",
                    "marketing.api",
                    "catalog.api",
                    "basket.api",
                    "ddagent"
                ],
                "servers": [],
                "dbs": [],
                "buses": [],
                "monitors": [],
                "name": "webshoppingagg",
                "gates": [],
                "image_full": "${REGISTRY:-eshop}/webshoppingagg:${PLATFORM:-linux}-${TAG:-latest}",
                "discos": [],
                "image": "${REGISTRY"
            },
            {
                "depends_on": [],
                "servers": [],
                "dbs": [
                    "mongo"
                ],
                "buses": [],
                "monitors": [],
                "name": "nosql.data",
                "gates": [],
                "image_full": "mongo",
                "discos": [],
                "image": "mongo"
            },
            {
                "depends_on": [],
                "servers": [],
                "dbs": [],
                "buses": [],
                "monitors": [],
                "name": "seq",
                "gates": [],
                "image_full": "datalust/seq:latest",
                "discos": [],
                "image": "datalust/seq"
            },
            {
                "depends_on": [
                    "sql.data",
                    "ddagent"
                ],
                "servers": [],
                "dbs": [],
                "buses": [],
                "monitors": [],
                "name": "webhooks.api",
                "gates": [],
                "image_full": "${REGISTRY:-eshop}/webhooks.api:${PLATFORM:-linux}-${TAG:-latest}",
                "discos": [],
                "image": "${REGISTRY"
            },
            {
                "depends_on": [
                    "rabbitmq",
                    "ddagent"
                ],
                "servers": [],
                "dbs": [],
                "buses": [],
                "monitors": [],
                "name": "payment.api",
                "gates": [],
                "image_full": "${REGISTRY:-eshop}/payment.api:${PLATFORM:-linux}-${TAG:-latest}",
                "discos": [],
                "image": "${REGISTRY"
            },
            {
                "depends_on": [],
                "servers": [],
                "dbs": [],
                "buses": [
                    "rabbitmq"
                ],
                "monitors": [],
                "name": "rabbitmq",
                "gates": [],
                "image_full": "rabbitmq:3-management-alpine",
                "discos": [],
                "image": "rabbitmq"
            },
            {
                "depends_on": [
                    "basket.data",
                    "identity.api",
                    "rabbitmq",
                    "ddagent"
                ],
                "servers": [],
                "dbs": [],
                "buses": [],
                "monitors": [],
                "name": "basket.api",
                "gates": [],
                "image_full": "${REGISTRY:-eshop}/basket.api:${PLATFORM:-linux}-${TAG:-latest}",
                "discos": [],
                "image": "${REGISTRY"
            },
            {
                "depends_on": [
                    "nosql.data",
                    "sql.data",
                    "identity.api",
                    "rabbitmq",
                    "ordering.api",
                    "marketing.api",
                    "catalog.api",
                    "basket.api",
                    "ddagent"
                ],
                "servers": [],
                "dbs": [],
                "buses": [],
                "monitors": [],
                "name": "webshoppingapigw",
                "gates": [],
                "image_full": "${REGISTRY:-eshop}/ocelotapigw:${PLATFORM:-linux}-${TAG:-latest}",
                "discos": [],
                "image": "${REGISTRY"
            },
            {
                "depends_on": [
                    "nosql.data",
                    "sql.data",
                    "identity.api",
                    "rabbitmq",
                    "ordering.api",
                    "marketing.api",
                    "catalog.api",
                    "basket.api",
                    "ddagent"
                ],
                "servers": [],
                "dbs": [],
                "buses": [],
                "monitors": [],
                "name": "mobileshoppingapigw",
                "gates": [],
                "image_full": "${REGISTRY:-eshop}/ocelotapigw:${PLATFORM:-linux}-${TAG:-latest}",
                "discos": [],
                "image": "${REGISTRY"
            },
            {
                "depends_on": [],
                "servers": [],
                "dbs": [],
                "buses": [],
                "monitors": [],
                "name": "sql.data",
                "gates": [],
                "image_full": "mcr.microsoft.com/mssql/server:2017-latest",
                "discos": [],
                "image": "mcr.microsoft.com/mssql/server"
            },
            {
                "depends_on": [
                    "nosql.data",
                    "sql.data",
                    "identity.api",
                    "rabbitmq",
                    "ordering.api",
                    "marketing.api",
                    "catalog.api",
                    "basket.api",
                    "ddagent"
                ],
                "servers": [],
                "dbs": [],
                "buses": [],
                "monitors": [],
                "name": "mobileshoppingagg",
                "gates": [],
                "image_full": "${REGISTRY:-eshop}/mobileshoppingagg:${PLATFORM:-linux}-${TAG:-latest}",
                "discos": [],
                "image": "${REGISTRY"
            },
            {
                "depends_on": [],
                "servers": [],
                "dbs": [
                    "redis"
                ],
                "buses": [],
                "monitors": [],
                "name": "basket.data",
                "gates": [],
                "image_full": "redis:alpine",
                "discos": [],
                "image": "redis"
            },
            {
                "depends_on": [
                    "nosql.data",
                    "sql.data",
                    "identity.api",
                    "rabbitmq",
                    "ordering.api",
                    "marketing.api",
                    "catalog.api",
                    "basket.api",
                    "ddagent"
                ],
                "servers": [],
                "dbs": [],
                "buses": [],
                "monitors": [],
                "name": "ordering.signalrhub",
                "gates": [],
                "image_full": "${REGISTRY:-eshop}/ordering.signalrhub:${PLATFORM:-linux}-${TAG:-latest}",
                "discos": [],
                "image": "${REGISTRY"
            },
            {
                "depends_on": [
                    "sql.data",
                    "ddagent"
                ],
                "servers": [],
                "dbs": [],
                "buses": [],
                "monitors": [],
                "name": "identity.api",
                "gates": [],
                "image_full": "${REGISTRY:-eshop}/identity.api:${PLATFORM:-linux}-${TAG:-latest}",
                "discos": [],
                "image": "${REGISTRY"
            },
            {
                "depends_on": [
                    "webshoppingagg",
                    "webshoppingapigw",
                    "webmarketingapigw",
                    "ddagent"
                ],
                "servers": [],
                "dbs": [],
                "buses": [],
                "monitors": [],
                "name": "webmvc",
                "gates": [],
                "image_full": "${REGISTRY:-eshop}/webmvc:${PLATFORM:-linux}-${TAG:-latest}",
                "discos": [],
                "image": "${REGISTRY"
            },
            {
                "depends_on": [
                    "sql.data",
                    "rabbitmq",
                    "ddagent"
                ],
                "servers": [],
                "dbs": [],
                "buses": [],
                "monitors": [],
                "name": "catalog.api",
                "gates": [],
                "image_full": "${REGISTRY:-eshop}/catalog.api:${PLATFORM:-linux}-${TAG:-latest}",
                "discos": [],
                "image": "${REGISTRY"
            },
            {
                "depends_on": [
                    "nosql.data",
                    "rabbitmq",
                    "ddagent"
                ],
                "servers": [],
                "dbs": [],
                "buses": [],
                "monitors": [],
                "name": "locations.api",
                "gates": [],
                "image_full": "${REGISTRY:-eshop}/locations.api:${PLATFORM:-linux}-${TAG:-latest}",
                "discos": [],
                "image": "${REGISTRY"
            },
            {
                "depends_on": [
                    "webhooks.api",
                    "ddagent"
                ],
                "servers": [],
                "dbs": [],
                "buses": [],
                "monitors": [],
                "name": "webhooks.client",
                "gates": [],
                "image_full": "${REGISTRY:-eshop}/webhooks.client:${PLATFORM:-linux}-${TAG:-latest}",
                "discos": [],
                "image": "${REGISTRY"
            },
            {
                "depends_on": [
                    "ddagent"
                ],
                "servers": [],
                "dbs": [],
                "buses": [],
                "monitors": [],
                "name": "webspa",
                "gates": [],
                "image_full": "${REGISTRY:-eshop}/webspa:${PLATFORM:-linux}-${TAG:-latest}",
                "discos": [],
                "image": "${REGISTRY"
            },
            {
                "depends_on": [
                    "sql.data",
                    "rabbitmq",
                    "ddagent"
                ],
                "servers": [],
                "dbs": [],
                "buses": [],
                "monitors": [],
                "name": "ordering.api",
                "gates": [],
                "image_full": "${REGISTRY:-eshop}/ordering.api:${PLATFORM:-linux}-${TAG:-latest}",
                "discos": [],
                "image": "${REGISTRY"
            },
            {
                "depends_on": [],
                "servers": [],
                "dbs": [],
                "buses": [],
                "monitors": [],
                "name": "webstatus",
                "gates": [],
                "image_full": "${REGISTRY:-eshop}/webstatus:${PLATFORM:-linux}-${TAG:-latest}",
                "discos": [],
                "image": "${REGISTRY"
            },
            {
                "depends_on": [
                    "nosql.data",
                    "sql.data",
                    "identity.api",
                    "rabbitmq",
                    "ordering.api",
                    "marketing.api",
                    "catalog.api",
                    "basket.api",
                    "ddagent"
                ],
                "servers": [],
                "dbs": [],
                "buses": [],
                "monitors": [],
                "name": "mobilemarketingapigw",
                "gates": [],
                "image_full": "${REGISTRY:-eshop}/ocelotapigw:${PLATFORM:-linux}-${TAG:-latest}",
                "discos": [],
                "image": "${REGISTRY"
            }
        ],
        "path": "/docker-compose.yml",
        "detected_dbs": {
            "names": [
                "mongo",
                "redis"
            ],
            "num": 2,
            "shared_dbs": true,
            "services": [
                "nosql.data",
                "basket.data"
            ]
        },
        "num_services": 26
    },
    "commiters": 2,
    "num_services": 26,
    "num_buses": 1,
    "images": [
        "base"
    ],
    "url": "git://github.com/jaycdave88/eShopOnContainers.git",
    "num_langs": 3,
    "num_monitors": 0,
    "num_dockers": 34,
    "name": "jaycdave88/eShopOnContainers",
    "size": 211410,
    "num_dbs": 2,
    "avg_size_service": 6217.941176470588,
    "num_gates": 0,
    "num_discos": 0,
    "dockers": [
        {
            "dbs": [],
            "path": "/eShopOnContainers-TFS/src/Services/Webhooks/Webhooks.API/Dockerfile",
            "from": "base",
            "discos": [],
            "from_full": "base",
            "servers": [],
            "cmd_keywords": [],
            "buses": [],
            "cmd": "",
            "langs": [],
            "gates": [],
            "monitors": [],
            "keywords": [
                "dotnet",
                "restore",
                "app",
                "servicesandwebapps",
                "release"
            ]
        },
        {
            "dbs": [],
            "path": "/eShopOnContainers-TFS/src/Services/Payment/Payment.API/Dockerfile",
            "from": "base",
            "discos": [],
            "from_full": "base",
            "servers": [],
            "cmd_keywords": [],
            "buses": [],
            "cmd": "",
            "langs": [
                "bash"
            ],
            "gates": [],
            "monitors": [],
            "keywords": [
                "dotnet",
                "datadog",
                "apt",
                "curl",
                "apm"
            ]
        },
        {
            "dbs": [],
            "path": "/eShopOnContainers-TFS/src/Services/Marketing/Marketing.API/Dockerfile",
            "from": "base",
            "discos": [],
            "from_full": "base",
            "servers": [],
            "cmd_keywords": [],
            "buses": [],
            "cmd": "",
            "langs": [
                "bash"
            ],
            "gates": [],
            "monitors": [],
            "keywords": [
                "dotnet",
                "datadog",
                "apt",
                "curl",
                "apm"
            ]
        },
        {
            "dbs": [],
            "path": "/eShopOnContainers-TFS/src/Services/Ordering/Ordering.BackgroundTasks/Dockerfile",
            "from": "base",
            "discos": [],
            "from_full": "base",
            "servers": [],
            "cmd_keywords": [],
            "buses": [],
            "cmd": "",
            "langs": [
                "bash"
            ],
            "gates": [],
            "monitors": [],
            "keywords": [
                "dotnet",
                "datadog",
                "apt",
                "curl",
                "apm"
            ]
        },
        {
            "dbs": [],
            "path": "/eShopOnContainers-TFS/src/Services/Ordering/Ordering.API/Dockerfile",
            "from": "base",
            "discos": [],
            "from_full": "base",
            "servers": [],
            "cmd_keywords": [],
            "buses": [],
            "cmd": "",
            "langs": [
                "bash"
            ],
            "gates": [],
            "monitors": [],
            "keywords": [
                "dotnet",
                "datadog",
                "apt",
                "curl",
                "apm"
            ]
        },
        {
            "dbs": [],
            "path": "/eShopOnContainers-TFS/src/Services/Ordering/Ordering.SignalrHub/Dockerfile",
            "from": "base",
            "discos": [],
            "from_full": "base",
            "servers": [],
            "cmd_keywords": [],
            "buses": [],
            "cmd": "",
            "langs": [],
            "gates": [],
            "monitors": [],
            "keywords": [
                "dotnet",
                "restore",
                "app",
                "servicesandwebapps",
                "release"
            ]
        },
        {
            "dbs": [],
            "path": "/eShopOnContainers-TFS/src/Services/Location/Locations.API/Dockerfile",
            "from": "base",
            "discos": [],
            "from_full": "base",
            "servers": [],
            "cmd_keywords": [],
            "buses": [],
            "cmd": "",
            "langs": [
                "bash"
            ],
            "gates": [],
            "monitors": [],
            "keywords": [
                "dotnet",
                "datadog",
                "apt",
                "curl",
                "apm"
            ]
        },
        {
            "dbs": [],
            "path": "/eShopOnContainers-TFS/src/Services/Basket/Basket.API/Dockerfile",
            "from": "base",
            "discos": [],
            "from_full": "base",
            "servers": [],
            "cmd_keywords": [],
            "buses": [],
            "cmd": "",
            "langs": [
                "bash"
            ],
            "gates": [],
            "monitors": [],
            "keywords": [
                "dotnet",
                "datadog",
                "apt",
                "curl",
                "apm"
            ]
        },
        {
            "dbs": [],
            "path": "/eShopOnContainers-TFS/src/Services/Identity/Identity.API/Dockerfile",
            "from": "base",
            "discos": [],
            "from_full": "base",
            "servers": [],
            "cmd_keywords": [],
            "buses": [],
            "cmd": "",
            "langs": [],
            "gates": [],
            "monitors": [],
            "keywords": [
                "dotnet",
                "datadog",
                "restore",
                "amd",
                "apm"
            ]
        },
        {
            "dbs": [],
            "path": "/eShopOnContainers-TFS/src/Services/Catalog/Catalog.API/Dockerfile",
            "from": "base",
            "discos": [],
            "from_full": "base",
            "servers": [],
            "cmd_keywords": [],
            "buses": [],
            "cmd": "",
            "langs": [
                "bash"
            ],
            "gates": [],
            "monitors": [],
            "keywords": [
                "dotnet",
                "datadog",
                "apt",
                "curl",
                "apm"
            ]
        },
        {
            "dbs": [],
            "path": "/eShopOnContainers-TFS/src/ApiGateways/Mobile.Bff.Shopping/aggregator/Dockerfile",
            "from": "base",
            "discos": [],
            "from_full": "base",
            "servers": [],
            "cmd_keywords": [],
            "buses": [],
            "cmd": "",
            "langs": [],
            "gates": [],
            "monitors": [],
            "keywords": [
                "dotnet",
                "restore",
                "app",
                "servicesandwebapps",
                "release"
            ]
        },
        {
            "dbs": [],
            "path": "/eShopOnContainers-TFS/src/ApiGateways/ApiGw-Base/Dockerfile",
            "from": "base",
            "discos": [],
            "from_full": "base",
            "servers": [],
            "cmd_keywords": [],
            "buses": [],
            "cmd": "",
            "langs": [
                "bash"
            ],
            "gates": [],
            "monitors": [],
            "keywords": [
                "dotnet",
                "datadog",
                "apt",
                "curl",
                "apm"
            ]
        },
        {
            "dbs": [],
            "path": "/eShopOnContainers-TFS/src/ApiGateways/Web.Bff.Shopping/aggregator/Dockerfile",
            "from": "base",
            "discos": [],
            "from_full": "base",
            "servers": [],
            "cmd_keywords": [],
            "buses": [],
            "cmd": "",
            "langs": [
                "bash"
            ],
            "gates": [],
            "monitors": [],
            "keywords": [
                "dotnet",
                "datadog",
                "apt",
                "curl",
                "apm"
            ]
        },
        {
            "dbs": [],
            "path": "/eShopOnContainers-TFS/src/Web/WebhookClient/Dockerfile",
            "from": "base",
            "discos": [],
            "from_full": "base",
            "servers": [],
            "cmd_keywords": [],
            "buses": [],
            "cmd": "",
            "langs": [],
            "gates": [],
            "monitors": [],
            "keywords": [
                "dotnet",
                "restore",
                "app",
                "servicesandwebapps",
                "release"
            ]
        },
        {
            "dbs": [],
            "path": "/eShopOnContainers-TFS/src/Web/WebMVC/Dockerfile",
            "from": "base",
            "discos": [],
            "from_full": "base",
            "servers": [],
            "cmd_keywords": [],
            "buses": [],
            "cmd": "",
            "langs": [
                "bash"
            ],
            "gates": [],
            "monitors": [],
            "keywords": [
                "dotnet",
                "datadog",
                "apt",
                "curl",
                "apm"
            ]
        },
        {
            "dbs": [],
            "path": "/eShopOnContainers-TFS/src/Web/WebStatus/Dockerfile",
            "from": "base",
            "discos": [],
            "from_full": "base",
            "servers": [],
            "cmd_keywords": [],
            "buses": [],
            "cmd": "",
            "langs": [
                "bash"
            ],
            "gates": [],
            "monitors": [],
            "keywords": [
                "dotnet",
                "datadog",
                "apt",
                "curl",
                "apm"
            ]
        },
        {
            "dbs": [],
            "path": "/eShopOnContainers-TFS/src/Web/WebSPA/Dockerfile",
            "from": "base",
            "discos": [],
            "from_full": "base",
            "servers": [],
            "cmd_keywords": [],
            "buses": [],
            "cmd": "",
            "langs": [
                "bash"
            ],
            "gates": [],
            "monitors": [],
            "keywords": [
                "dotnet",
                "datadog",
                "install",
                "apt",
                "curl"
            ]
        },
        {
            "dbs": [],
            "path": "/src/Services/Webhooks/Webhooks.API/Dockerfile",
            "from": "base",
            "discos": [],
            "from_full": "base",
            "servers": [],
            "cmd_keywords": [],
            "buses": [],
            "cmd": "",
            "langs": [],
            "gates": [],
            "monitors": [],
            "keywords": [
                "dotnet",
                "restore",
                "app",
                "servicesandwebapps",
                "release"
            ]
        },
        {
            "dbs": [],
            "path": "/src/Services/Payment/Payment.API/Dockerfile",
            "from": "base",
            "discos": [],
            "from_full": "base",
            "servers": [],
            "cmd_keywords": [],
            "buses": [],
            "cmd": "",
            "langs": [
                "bash"
            ],
            "gates": [],
            "monitors": [],
            "keywords": [
                "dotnet",
                "datadog",
                "apt",
                "curl",
                "apm"
            ]
        },
        {
            "dbs": [],
            "path": "/src/Services/Marketing/Marketing.API/Dockerfile",
            "from": "base",
            "discos": [],
            "from_full": "base",
            "servers": [],
            "cmd_keywords": [],
            "buses": [],
            "cmd": "",
            "langs": [
                "bash"
            ],
            "gates": [],
            "monitors": [],
            "keywords": [
                "dotnet",
                "datadog",
                "apt",
                "curl",
                "apm"
            ]
        },
        {
            "dbs": [],
            "path": "/src/Services/Ordering/Ordering.BackgroundTasks/Dockerfile",
            "from": "base",
            "discos": [],
            "from_full": "base",
            "servers": [],
            "cmd_keywords": [],
            "buses": [],
            "cmd": "",
            "langs": [
                "bash"
            ],
            "gates": [],
            "monitors": [],
            "keywords": [
                "dotnet",
                "datadog",
                "apt",
                "curl",
                "apm"
            ]
        },
        {
            "dbs": [],
            "path": "/src/Services/Ordering/Ordering.API/Dockerfile",
            "from": "base",
            "discos": [],
            "from_full": "base",
            "servers": [],
            "cmd_keywords": [],
            "buses": [],
            "cmd": "",
            "langs": [
                "bash"
            ],
            "gates": [],
            "monitors": [],
            "keywords": [
                "dotnet",
                "datadog",
                "apt",
                "curl",
                "apm"
            ]
        },
        {
            "dbs": [],
            "path": "/src/Services/Ordering/Ordering.SignalrHub/Dockerfile",
            "from": "base",
            "discos": [],
            "from_full": "base",
            "servers": [],
            "cmd_keywords": [],
            "buses": [],
            "cmd": "",
            "langs": [],
            "gates": [],
            "monitors": [],
            "keywords": [
                "dotnet",
                "restore",
                "app",
                "servicesandwebapps",
                "release"
            ]
        },
        {
            "dbs": [],
            "path": "/src/Services/Location/Locations.API/Dockerfile",
            "from": "base",
            "discos": [],
            "from_full": "base",
            "servers": [],
            "cmd_keywords": [],
            "buses": [],
            "cmd": "",
            "langs": [
                "bash"
            ],
            "gates": [],
            "monitors": [],
            "keywords": [
                "dotnet",
                "datadog",
                "apt",
                "curl",
                "apm"
            ]
        },
        {
            "dbs": [],
            "path": "/src/Services/Basket/Basket.API/Dockerfile",
            "from": "base",
            "discos": [],
            "from_full": "base",
            "servers": [],
            "cmd_keywords": [],
            "buses": [],
            "cmd": "",
            "langs": [
                "bash"
            ],
            "gates": [],
            "monitors": [],
            "keywords": [
                "dotnet",
                "datadog",
                "apt",
                "curl",
                "apm"
            ]
        },
        {
            "dbs": [],
            "path": "/src/Services/Identity/Identity.API/Dockerfile",
            "from": "base",
            "discos": [],
            "from_full": "base",
            "servers": [],
            "cmd_keywords": [],
            "buses": [],
            "cmd": "",
            "langs": [],
            "gates": [],
            "monitors": [],
            "keywords": [
                "dotnet",
                "datadog",
                "restore",
                "amd",
                "apm"
            ]
        },
        {
            "dbs": [],
            "path": "/src/Services/Catalog/Catalog.API/Dockerfile",
            "from": "base",
            "discos": [],
            "from_full": "base",
            "servers": [],
            "cmd_keywords": [],
            "buses": [],
            "cmd": "",
            "langs": [
                "bash"
            ],
            "gates": [],
            "monitors": [],
            "keywords": [
                "dotnet",
                "datadog",
                "apt",
                "curl",
                "apm"
            ]
        },
        {
            "dbs": [],
            "path": "/src/ApiGateways/Mobile.Bff.Shopping/aggregator/Dockerfile",
            "from": "base",
            "discos": [],
            "from_full": "base",
            "servers": [],
            "cmd_keywords": [],
            "buses": [],
            "cmd": "",
            "langs": [],
            "gates": [],
            "monitors": [],
            "keywords": [
                "dotnet",
                "restore",
                "app",
                "servicesandwebapps",
                "release"
            ]
        },
        {
            "dbs": [],
            "path": "/src/ApiGateways/ApiGw-Base/Dockerfile",
            "from": "base",
            "discos": [],
            "from_full": "base",
            "servers": [],
            "cmd_keywords": [],
            "buses": [],
            "cmd": "",
            "langs": [
                "bash"
            ],
            "gates": [],
            "monitors": [],
            "keywords": [
                "dotnet",
                "datadog",
                "apt",
                "curl",
                "apm"
            ]
        },
        {
            "dbs": [],
            "path": "/src/ApiGateways/Web.Bff.Shopping/aggregator/Dockerfile",
            "from": "base",
            "discos": [],
            "from_full": "base",
            "servers": [],
            "cmd_keywords": [],
            "buses": [],
            "cmd": "",
            "langs": [
                "bash"
            ],
            "gates": [],
            "monitors": [],
            "keywords": [
                "dotnet",
                "datadog",
                "apt",
                "curl",
                "apm"
            ]
        },
        {
            "dbs": [],
            "path": "/src/Web/WebhookClient/Dockerfile",
            "from": "base",
            "discos": [],
            "from_full": "base",
            "servers": [],
            "cmd_keywords": [],
            "buses": [],
            "cmd": "",
            "langs": [],
            "gates": [],
            "monitors": [],
            "keywords": [
                "dotnet",
                "restore",
                "app",
                "servicesandwebapps",
                "release"
            ]
        },
        {
            "dbs": [],
            "path": "/src/Web/WebMVC/Dockerfile",
            "from": "base",
            "discos": [],
            "from_full": "base",
            "servers": [],
            "cmd_keywords": [],
            "buses": [],
            "cmd": "",
            "langs": [
                "bash"
            ],
            "gates": [],
            "monitors": [],
            "keywords": [
                "dotnet",
                "datadog",
                "apt",
                "curl",
                "apm"
            ]
        },
        {
            "dbs": [],
            "path": "/src/Web/WebStatus/Dockerfile",
            "from": "base",
            "discos": [],
            "from_full": "base",
            "servers": [],
            "cmd_keywords": [],
            "buses": [],
            "cmd": "",
            "langs": [
                "bash"
            ],
            "gates": [],
            "monitors": [],
            "keywords": [
                "dotnet",
                "datadog",
                "apt",
                "curl",
                "apm"
            ]
        },
        {
            "dbs": [],
            "path": "/src/Web/WebSPA/Dockerfile",
            "from": "base",
            "discos": [],
            "from_full": "base",
            "servers": [],
            "cmd_keywords": [],
            "buses": [],
            "cmd": "",
            "langs": [
                "bash"
            ],
            "gates": [],
            "monitors": [],
            "keywords": [
                "dotnet",
                "datadog",
                "install",
                "apt",
                "curl"
            ]
        }
    ],
    "languages": [
        "c#",
        "javascript"
    ],
    "gates": [],
    "discos": [],
    "servers": [
        "node"
    ],
    "buses": [
        "rabbitmq"
    ],
    "monitors": [],
    "langs": [
        "javascript",
        "c#",
        "bash"
    ],
    "shared_dbs": true,
    "num_servers": 1,
    "files": [
        {
            "servers": [
                "node"
            ],
            "dbs": [],
            "buses": [],
            "monitors": [],
            "gates": [],
            "path": "/eShopOnContainers-TFS/src/Web/WebSPA/package.json",
            "discos": []
        },
        {
            "servers": [
                "node"
            ],
            "dbs": [],
            "buses": [],
            "monitors": [],
            "gates": [],
            "path": "/src/Web/WebSPA/package.json",
            "discos": []
        }
    ]
}