{
    "files": [
        {
            "gates": [],
            "discos": [],
            "servers": [
                "flask"
            ],
            "monitors": [],
            "buses": [],
            "dbs": [],
            "path": "/product/requirements.txt"
        }
    ],
    "num_services": 2,
    "languages": [
        "php",
        "python"
    ],
    "shared_dbs": false,
    "num_discos": 0,
    "num_dbs": 0,
    "gates": [],
    "num_files": 3,
    "num_langs": 2,
    "avg_size_service": 2.0,
    "num_monitors": 0,
    "dockers": [
        {
            "cmd": "python api.py",
            "from": "python",
            "from_full": "python:3.4-onbuild",
            "servers": [],
            "buses": [],
            "dbs": [],
            "path": "/product/Dockerfile",
            "gates": [],
            "discos": [],
            "keywords": [],
            "cmd_keywords": [
                "api",
                "python"
            ],
            "langs": [
                "python"
            ],
            "monitors": []
        }
    ],
    "size": 2,
    "langs": [
        "python",
        "php"
    ],
    "num_buses": 0,
    "images": [
        "python"
    ],
    "servers": [
        "flask"
    ],
    "commiters": 1,
    "buses": [],
    "dbs": [],
    "name": "jaygehlot/docker-compose",
    "discos": [],
    "url": "git://github.com/jaygehlot/docker-compose.git",
    "num_servers": 1,
    "monitors": [],
    "num_gates": 0,
    "structure": {
        "detected_dbs": {
            "names": [],
            "services": [],
            "num": 0,
            "shared_dbs": false
        },
        "services": [
            {
                "gates": [],
                "buses": [],
                "discos": [],
                "image": "./product",
                "monitors": [],
                "servers": [],
                "image_full": "./product",
                "dbs": [],
                "name": "product-service",
                "depends_on": []
            },
            {
                "gates": [],
                "buses": [],
                "discos": [],
                "image": "php",
                "monitors": [],
                "servers": [],
                "image_full": "php:apache",
                "dbs": [],
                "name": "website",
                "depends_on": [
                    "product-service"
                ]
            }
        ],
        "num_services": 2,
        "path": "/docker-compose.yml"
    },
    "num_dockers": 1
}