{
    "monitors": [],
    "name": "Jens1977/node-microservice",
    "size": 0,
    "num_monitors": 0,
    "images": [
        "node"
    ],
    "dbs": [],
    "commiters": 1,
    "langs": [
        "javascript",
        "dockerfile"
    ],
    "url": "git://github.com/Jens1977/node-microservice.git",
    "num_buses": 0,
    "shared_dbs": false,
    "buses": [],
    "gates": [],
    "languages": [
        "javascript",
        "dockerfile"
    ],
    "num_files": 3,
    "files": [
        {
            "monitors": [],
            "discos": [],
            "servers": [
                "express",
                "node"
            ],
            "buses": [],
            "path": "/package.json",
            "dbs": [],
            "gates": []
        }
    ],
    "num_gates": 0,
    "num_discos": 0,
    "num_services": 0,
    "num_langs": 2,
    "structure": {
        "detected_dbs": {
            "num": 0,
            "shared_dbs": false,
            "names": [],
            "services": []
        },
        "num_services": 0,
        "path": [],
        "services": []
    },
    "num_dbs": 0,
    "num_dockers": 1,
    "dockers": [
        {
            "monitors": [],
            "keywords": [
                "npm",
                "install",
                "app",
                "src",
                "mkdir"
            ],
            "path": "/Dockerfile",
            "dbs": [],
            "cmd": "npm start",
            "from_full": "node:argon",
            "servers": [
                "node"
            ],
            "langs": [],
            "from": "node",
            "discos": [],
            "buses": [],
            "cmd_keywords": [
                "npm",
                "start"
            ],
            "gates": []
        }
    ],
    "servers": [
        "node",
        "express"
    ],
    "discos": [],
    "avg_size_service": 0.0,
    "num_servers": 2
}