{
    "num_gates": 0,
    "discos": [],
    "num_dbs": 1,
    "num_monitors": 0,
    "dockers": [
        {
            "langs": [
                "sql"
            ],
            "cmd_keywords": [],
            "from_full": "mysql:5.6",
            "path": "/ergast-f1-api/ergastdb/Dockerfile",
            "monitors": [],
            "discos": [],
            "cmd": "",
            "buses": [],
            "gates": [],
            "dbs": [
                "mysql"
            ],
            "from": "mysql",
            "keywords": [
                "apt",
                "get",
                "wget",
                "bind",
                "initdb"
            ],
            "servers": []
        },
        {
            "langs": [
                "php"
            ],
            "cmd_keywords": [],
            "from_full": "nimmis/apache-php5",
            "path": "/ergast-f1-api/lamp/Dockerfile",
            "monitors": [],
            "discos": [],
            "cmd": "",
            "buses": [],
            "gates": [],
            "dbs": [],
            "from": "nimmis/apache-php5",
            "keywords": [
                "directory",
                "allowoverride",
                "apache",
                "www",
                "all"
            ],
            "servers": []
        }
    ],
    "dbs": [
        "mysql"
    ],
    "num_langs": 2,
    "num_servers": 0,
    "avg_size_service": 2431.5,
    "structure": {
        "detected_dbs": {
            "num": 0,
            "shared_dbs": false,
            "names": [],
            "services": []
        },
        "num_services": 0,
        "path": [],
        "services": []
    },
    "images": [
        "mysql",
        "nimmis/apache-php5"
    ],
    "size": 4863,
    "servers": [],
    "languages": [
        "php"
    ],
    "langs": [
        "php",
        "sql"
    ],
    "commiters": 3,
    "shared_dbs": false,
    "num_buses": 0,
    "num_services": 0,
    "monitors": [],
    "num_dockers": 2,
    "url": "git://github.com/jessegoodier/NGINX-Core-Controller-Workshop.git",
    "name": "jessegoodier/NGINX-Core-Controller-Workshop",
    "buses": [],
    "gates": [],
    "files": [],
    "num_discos": 0,
    "num_files": 3
}