{
    "files": [],
    "num_services": 0,
    "languages": [
        "c#"
    ],
    "shared_dbs": false,
    "num_discos": 0,
    "num_dbs": 0,
    "gates": [],
    "num_files": 2,
    "num_langs": 1,
    "avg_size_service": 7.0,
    "num_monitors": 0,
    "dockers": [
        {
            "cmd": "",
            "from": "microsoft/dotnet",
            "from_full": "microsoft/dotnet:2.1-aspnetcore-runtime",
            "servers": [],
            "buses": [],
            "dbs": [],
            "path": "/Dockerfile",
            "gates": [],
            "discos": [],
            "keywords": [
                "dotnet",
                "release",
                "publish",
                "restore",
                "out"
            ],
            "cmd_keywords": [],
            "langs": [],
            "monitors": []
        }
    ],
    "size": 7,
    "langs": [
        "c#"
    ],
    "num_buses": 0,
    "images": [
        "microsoft/dotnet"
    ],
    "servers": [],
    "commiters": 2,
    "buses": [],
    "dbs": [],
    "name": "JetLightStudio/WeatherMicroservice",
    "discos": [],
    "url": "git://github.com/JetLightStudio/WeatherMicroservice.git",
    "num_servers": 0,
    "monitors": [],
    "num_gates": 0,
    "structure": {
        "detected_dbs": {
            "names": [],
            "services": [],
            "num": 0,
            "shared_dbs": false
        },
        "services": [],
        "num_services": 0,
        "path": []
    },
    "num_dockers": 1
}