{
    "monitors": [],
    "servers": [
        "flask"
    ],
    "num_discos": 0,
    "discos": [],
    "shared_dbs": false,
    "name": "jfcb853/udacity-project5-ml-microservice-docker-kubernetes",
    "gates": [],
    "buses": [],
    "images": [
        "python"
    ],
    "avg_size_service": 759.0,
    "langs": [
        "shell",
        "python",
        "makefile"
    ],
    "dockers": [
        {
            "keywords": [
                "pip",
                "install",
                "org",
                "pypi",
                "host"
            ],
            "cmd_keywords": [
                "app",
                "python"
            ],
            "monitors": [],
            "langs": [
                "python"
            ],
            "servers": [],
            "dbs": [],
            "from_full": "python:3.7.3-stretch",
            "from": "python",
            "cmd": "python app.py",
            "discos": [],
            "buses": [],
            "gates": [],
            "path": "/Dockerfile"
        }
    ],
    "structure": {
        "detected_dbs": {
            "num": 0,
            "services": [],
            "names": [],
            "shared_dbs": false
        },
        "services": [],
        "path": [],
        "num_services": 0
    },
    "commiters": 4,
    "num_monitors": 0,
    "num_servers": 1,
    "num_dbs": 0,
    "num_buses": 0,
    "num_langs": 3,
    "dbs": [],
    "num_gates": 0,
    "num_files": 3,
    "num_services": 0,
    "size": 759,
    "languages": [
        "shell",
        "python",
        "makefile"
    ],
    "url": "git://github.com/jfcb853/udacity-project5-ml-microservice-docker-kubernetes.git",
    "num_dockers": 1,
    "files": [
        {
            "monitors": [],
            "discos": [],
            "servers": [
                "flask"
            ],
            "path": "/requirements.txt",
            "gates": [],
            "buses": [],
            "dbs": []
        }
    ]
}