{
    "num_services": 0,
    "buses": [],
    "structure": {
        "services": [],
        "num_services": 0,
        "path": [],
        "detected_dbs": {
            "services": [],
            "shared_dbs": false,
            "names": [],
            "num": 0
        }
    },
    "num_buses": 0,
    "num_langs": 3,
    "num_files": 13,
    "num_discos": 1,
    "servers": [
        "node",
        "spring"
    ],
    "avg_size_service": 51.5,
    "url": "git://github.com/jmansiya/microserviciosDockerKubernete.git",
    "num_gates": 1,
    "name": "jmansiya/microserviciosDockerKubernete",
    "langs": [
        "java",
        "html",
        "javascript"
    ],
    "num_dockers": 6,
    "num_dbs": 0,
    "dbs": [],
    "dockers": [
        {
            "gates": [],
            "from_full": "frolvlad/alpine-oraclejdk8:slim",
            "cmd": "",
            "dbs": [],
            "discos": [],
            "monitors": [],
            "from": "frolvlad/alpine-oraclejdk8",
            "cmd_keywords": [],
            "keywords": [],
            "servers": [],
            "buses": [],
            "path": "/microservice-registration/src/main/docker/Dockerfile",
            "langs": []
        },
        {
            "gates": [],
            "from_full": "coreos/apache",
            "cmd": "-D FOREGROUND",
            "dbs": [],
            "discos": [],
            "monitors": [],
            "from": "coreos/apache",
            "cmd_keywords": [
                "foreground"
            ],
            "keywords": [],
            "servers": [],
            "buses": [],
            "path": "/pruebaAngular/Dockerfile",
            "langs": []
        },
        {
            "gates": [],
            "from_full": "frolvlad/alpine-oraclejdk8:slim",
            "cmd": "",
            "dbs": [],
            "discos": [],
            "monitors": [],
            "from": "frolvlad/alpine-oraclejdk8",
            "cmd_keywords": [],
            "keywords": [],
            "servers": [],
            "buses": [],
            "path": "/wsEmpresa/src/main/docker/Dockerfile",
            "langs": []
        },
        {
            "gates": [],
            "from_full": "frolvlad/alpine-oraclejdk8:slim",
            "cmd": "",
            "dbs": [],
            "discos": [],
            "monitors": [],
            "from": "frolvlad/alpine-oraclejdk8",
            "cmd_keywords": [],
            "keywords": [],
            "servers": [],
            "buses": [],
            "path": "/EdgeService/src/main/docker/Dockerfile",
            "langs": []
        },
        {
            "gates": [],
            "from_full": "frolvlad/alpine-oraclejdk8:slim",
            "cmd": "",
            "dbs": [],
            "discos": [],
            "monitors": [],
            "from": "frolvlad/alpine-oraclejdk8",
            "cmd_keywords": [],
            "keywords": [],
            "servers": [],
            "buses": [],
            "path": "/consolaAdministracion/src/main/docker/Dockerfile",
            "langs": []
        },
        {
            "gates": [],
            "from_full": "frolvlad/alpine-oraclejdk8:slim",
            "cmd": "",
            "dbs": [],
            "discos": [],
            "monitors": [],
            "from": "frolvlad/alpine-oraclejdk8",
            "cmd_keywords": [],
            "keywords": [],
            "servers": [],
            "buses": [],
            "path": "/wsEmployee/src/main/docker/Dockerfile",
            "langs": []
        }
    ],
    "discos": [
        "eureka"
    ],
    "num_servers": 2,
    "monitors": [],
    "commiters": 3,
    "shared_dbs": false,
    "size": 309,
    "gates": [
        "zuul"
    ],
    "languages": [
        "java",
        "javascript",
        "html"
    ],
    "files": [
        {
            "buses": [],
            "dbs": [],
            "gates": [],
            "path": "/microservice-registration/pom.xml",
            "discos": [
                "eureka"
            ],
            "monitors": [],
            "servers": [
                "spring"
            ]
        },
        {
            "path": "/wsEmpresa/pom.xml"
        },
        {
            "buses": [],
            "dbs": [],
            "gates": [
                "zuul"
            ],
            "path": "/EdgeService/pom.xml",
            "discos": [
                "eureka"
            ],
            "monitors": [],
            "servers": [
                "spring"
            ]
        },
        {
            "path": "/consolaAdministracion/pom.xml"
        },
        {
            "path": "/wsEmployee/pom.xml"
        },
        {
            "buses": [],
            "dbs": [],
            "gates": [],
            "path": "/pruebaAngular/package.json",
            "discos": [],
            "monitors": [],
            "servers": [
                "node"
            ]
        }
    ],
    "images": [
        "frolvlad/alpine-oraclejdk8",
        "coreos/apache"
    ],
    "num_monitors": 0
}