{
    "monitors": [],
    "servers": [],
    "num_discos": 0,
    "discos": [],
    "shared_dbs": false,
    "name": "johandry/finder2d",
    "gates": [],
    "buses": [],
    "images": [
        "alpine"
    ],
    "avg_size_service": 172.0,
    "langs": [
        "go"
    ],
    "dockers": [
        {
            "keywords": [
                "mod",
                "finder",
                "main",
                "cgo",
                "linux"
            ],
            "cmd_keywords": [],
            "monitors": [],
            "langs": [],
            "servers": [],
            "dbs": [],
            "from_full": "alpine:3.9",
            "from": "alpine",
            "cmd": "",
            "discos": [],
            "buses": [],
            "gates": [],
            "path": "/Dockerfile"
        }
    ],
    "structure": {
        "detected_dbs": {
            "num": 0,
            "services": [],
            "names": [],
            "shared_dbs": false
        },
        "services": [
            {
                "gates": [],
                "image_full": "johandry/finder2d",
                "monitors": [],
                "name": "finder2d",
                "discos": [],
                "servers": [],
                "buses": [],
                "dbs": [],
                "depends_on": [],
                "image": "johandry/finder2d"
            },
            {
                "gates": [],
                "image_full": "swaggerapi/swagger-ui",
                "monitors": [],
                "name": "swagger",
                "discos": [],
                "servers": [],
                "buses": [],
                "dbs": [],
                "depends_on": [],
                "image": "swaggerapi/swagger-ui"
            }
        ],
        "path": "/docker-compose.yml",
        "num_services": 2
    },
    "commiters": 1,
    "num_monitors": 0,
    "num_servers": 0,
    "num_dbs": 0,
    "num_buses": 0,
    "num_langs": 1,
    "dbs": [],
    "num_gates": 0,
    "num_files": 2,
    "num_services": 2,
    "size": 172,
    "languages": [
        "go"
    ],
    "url": "git://github.com/johandry/finder2d.git",
    "num_dockers": 1,
    "files": []
}