{
    "num_gates": 0,
    "discos": [],
    "num_dbs": 2,
    "num_monitors": 0,
    "dockers": [
        {
            "langs": [],
            "cmd_keywords": [
                "microservice",
                "node",
                "user"
            ],
            "from_full": "mhart/alpine-node-auto",
            "path": "/senecaMicroService/Dockerfile",
            "monitors": [],
            "discos": [],
            "cmd": "node user-microservice.js",
            "buses": [],
            "gates": [],
            "dbs": [],
            "from": "mhart/alpine-node-auto",
            "keywords": [
                "install",
                "production",
                "npm",
                "senecamicroservice",
                "mkdir"
            ],
            "servers": [
                "node"
            ]
        }
    ],
    "dbs": [
        "mongo",
        "redis"
    ],
    "num_langs": 2,
    "num_servers": 3,
    "avg_size_service": 32935.0,
    "structure": {
        "detected_dbs": {
            "num": 0,
            "shared_dbs": false,
            "names": [],
            "services": []
        },
        "num_services": 0,
        "path": [],
        "services": []
    },
    "images": [
        "mhart/alpine-node-auto"
    ],
    "size": 32935,
    "servers": [
        "node",
        "mongoose",
        "express"
    ],
    "languages": [
        "javascript",
        "css"
    ],
    "langs": [
        "css",
        "javascript"
    ],
    "commiters": 1,
    "shared_dbs": false,
    "num_buses": 0,
    "num_services": 0,
    "monitors": [],
    "num_dockers": 1,
    "url": "git://github.com/JohnPranay/Znla.git",
    "name": "JohnPranay/Znla",
    "buses": [],
    "gates": [],
    "files": [
        {
            "discos": [],
            "buses": [],
            "gates": [],
            "monitors": [],
            "path": "/package.json",
            "servers": [
                "node",
                "mongoose",
                "express"
            ],
            "dbs": [
                "mongodb",
                "redis"
            ]
        },
        {
            "discos": [],
            "buses": [],
            "gates": [],
            "monitors": [],
            "path": "/senecaMicroService/package.json",
            "servers": [
                "mongoose",
                "express"
            ],
            "dbs": [
                "mongo"
            ]
        },
        {
            "discos": [],
            "buses": [],
            "gates": [],
            "monitors": [],
            "path": "/semantic/tasks/config/admin/templates/package.json",
            "servers": [],
            "dbs": []
        }
    ],
    "num_discos": 0,
    "num_files": 5
}