{
    "monitors": [],
    "name": "jrsaravanan/lbsvr",
    "size": 57084,
    "num_monitors": 0,
    "images": [
        "ubuntu"
    ],
    "dbs": [
        "oracle",
        "mysql"
    ],
    "commiters": 3,
    "langs": [
        "dockerfile",
        "java"
    ],
    "url": "git://github.com/jrsaravanan/lbsvr.git",
    "num_buses": 0,
    "shared_dbs": false,
    "buses": [],
    "gates": [],
    "languages": [
        "dockerfile"
    ],
    "num_files": 2,
    "files": [],
    "num_gates": 0,
    "num_discos": 0,
    "num_services": 3,
    "num_langs": 2,
    "structure": {
        "detected_dbs": {
            "num": 1,
            "shared_dbs": false,
            "names": [
                "mysql"
            ],
            "services": [
                "db"
            ]
        },
        "num_services": 3,
        "path": "/docker-compose.yml",
        "services": [
            {
                "monitors": [],
                "depends_on": [],
                "servers": [],
                "name": "db",
                "image": "mysql",
                "discos": [],
                "image_full": "mysql:5.6",
                "buses": [],
                "dbs": [
                    "mysql"
                ],
                "gates": []
            },
            {
                "monitors": [],
                "depends_on": [
                    "db:db"
                ],
                "servers": [],
                "name": "web",
                "image": "jrsaravanan/lbsvr",
                "discos": [],
                "image_full": "jrsaravanan/lbsvr",
                "buses": [],
                "dbs": [],
                "gates": []
            },
            {
                "monitors": [],
                "depends_on": [
                    "web"
                ],
                "servers": [],
                "name": "lb",
                "image": "dockercloud/haproxy",
                "discos": [],
                "image_full": "dockercloud/haproxy",
                "buses": [],
                "dbs": [],
                "gates": []
            }
        ]
    },
    "num_dbs": 2,
    "num_dockers": 1,
    "dockers": [
        {
            "monitors": [],
            "keywords": [
                "tomcat",
                "apt",
                "version",
                "opt",
                "get"
            ],
            "path": "/Dockerfile",
            "dbs": [
                "oracle"
            ],
            "cmd": "${CATALINA_HOME}/bin/startup.sh && tail -f ${CATALINA_HOME}/logs/catalina.out",
            "from_full": "ubuntu:latest",
            "servers": [
                "tomcat"
            ],
            "langs": [
                "java"
            ],
            "from": "ubuntu",
            "discos": [],
            "buses": [],
            "cmd_keywords": [
                "catalina",
                "home",
                "bin",
                "logs",
                "tail"
            ],
            "gates": []
        }
    ],
    "servers": [
        "tomcat"
    ],
    "discos": [],
    "avg_size_service": 57084.0,
    "num_servers": 1
}