{
    "files": [
        {
            "gates": [],
            "discos": [],
            "servers": [
                "spring"
            ],
            "monitors": [],
            "buses": [],
            "dbs": [],
            "path": "/Nova pasta/pom.xml"
        },
        {
            "gates": [],
            "discos": [],
            "servers": [
                "spring"
            ],
            "monitors": [],
            "buses": [],
            "dbs": [],
            "path": "/ConfigServer/ConfigServer/pom.xml"
        },
        {
            "gates": [],
            "discos": [
                "eureka"
            ],
            "servers": [
                "spring"
            ],
            "monitors": [],
            "buses": [],
            "dbs": [],
            "path": "/EmployeeDashBoardService/EmployeeDashBoardService/pom.xml"
        },
        {
            "gates": [],
            "discos": [
                "eureka"
            ],
            "servers": [
                "spring"
            ],
            "monitors": [],
            "buses": [],
            "dbs": [],
            "path": "/EmployeeSearchServer/EmployeeSearchServer/pom.xml"
        },
        {
            "gates": [
                "zuul"
            ],
            "discos": [
                "eureka"
            ],
            "servers": [
                "spring"
            ],
            "monitors": [],
            "buses": [],
            "dbs": [],
            "path": "/my-zuul/pom.xml"
        },
        {
            "gates": [
                "zuul"
            ],
            "discos": [
                "eureka"
            ],
            "servers": [
                "spring"
            ],
            "monitors": [],
            "buses": [],
            "dbs": [],
            "path": "/GatwayService/GatwayService/pom.xml"
        },
        {
            "gates": [],
            "discos": [
                "eureka"
            ],
            "servers": [
                "spring"
            ],
            "monitors": [],
            "buses": [],
            "dbs": [],
            "path": "/EurekaServer/EurekaServer/pom.xml"
        }
    ],
    "num_services": 0,
    "languages": [
        "java"
    ],
    "shared_dbs": false,
    "num_discos": 1,
    "num_dbs": 0,
    "gates": [
        "zuul"
    ],
    "num_files": 8,
    "num_langs": 1,
    "avg_size_service": 625.0,
    "num_monitors": 0,
    "dockers": [],
    "size": 625,
    "langs": [
        "java"
    ],
    "num_buses": 0,
    "images": [],
    "servers": [
        "spring"
    ],
    "commiters": 1,
    "buses": [],
    "dbs": [],
    "name": "JuniorAlberto22/DockerMicroservice",
    "discos": [
        "eureka"
    ],
    "url": "git://github.com/JuniorAlberto22/DockerMicroservice.git",
    "num_servers": 1,
    "monitors": [],
    "num_gates": 1,
    "structure": {
        "detected_dbs": {
            "names": [],
            "services": [],
            "num": 0,
            "shared_dbs": false
        },
        "services": [],
        "num_services": 0,
        "path": []
    },
    "num_dockers": 0
}