{
    "num_dockers": 0,
    "commiters": 1,
    "num_services": 1,
    "servers": [
        "node"
    ],
    "languages": [],
    "gates": [],
    "num_langs": 0,
    "langs": [],
    "num_servers": 1,
    "size": 0,
    "num_buses": 0,
    "url": "git://github.com/karjunan/node-kafka-integrated-docker-compose.git",
    "dbs": [],
    "name": "karjunan/node-kafka-integrated-docker-compose",
    "shared_dbs": false,
    "num_gates": 0,
    "files": [],
    "monitors": [],
    "num_discos": 1,
    "structure": {
        "detected_dbs": {
            "num": 0,
            "names": [],
            "services": [],
            "shared_dbs": false
        },
        "services": [
            {
                "buses": [],
                "gates": [],
                "name": "node-grpc-client-microservice",
                "depends_on": [],
                "monitors": [],
                "dbs": [],
                "servers": [
                    "node"
                ],
                "image": "karjunan/node-grpc-client-microservice",
                "image_full": "karjunan/node-grpc-client-microservice:latest",
                "discos": [
                    "grpc"
                ]
            }
        ],
        "num_services": 1,
        "path": "/docker-compose.yml"
    },
    "buses": [],
    "avg_size_service": 0.0,
    "images": [],
    "num_files": 1,
    "num_monitors": 0,
    "num_dbs": 0,
    "discos": [
        "grpc"
    ],
    "dockers": []
}