{
    "avg_size_service": 354.0,
    "num_dockers": 1,
    "num_langs": 1,
    "num_files": 17,
    "num_servers": 1,
    "num_services": 0,
    "languages": [
        "java"
    ],
    "num_monitors": 1,
    "images": [
        "java"
    ],
    "dbs": [],
    "url": "git://github.com/kejunxiong/microservice.git",
    "gates": [
        "zuul"
    ],
    "num_discos": 1,
    "shared_dbs": false,
    "commiters": 4,
    "monitors": [
        "turbine"
    ],
    "discos": [
        "eureka"
    ],
    "num_dbs": 0,
    "num_buses": 0,
    "structure": {
        "path": [],
        "services": [],
        "num_services": 0,
        "detected_dbs": {
            "shared_dbs": false,
            "services": [],
            "num": 0,
            "names": []
        }
    },
    "size": 354,
    "buses": [],
    "servers": [
        "spring"
    ],
    "num_gates": 1,
    "dockers": [
        {
            "keywords": [
                "jar",
                "bash",
                "touch",
                "app"
            ],
            "gates": [],
            "monitors": [],
            "discos": [],
            "from_full": "java:8",
            "servers": [],
            "buses": [],
            "path": "/microservice-api-gateway/src/main/docker/Dockerfile",
            "langs": [
                "java"
            ],
            "cmd_keywords": [],
            "from": "java",
            "dbs": [],
            "cmd": ""
        }
    ],
    "name": "kejunxiong/microservice",
    "files": [
        {
            "path": "/pom.xml"
        },
        {
            "buses": [],
            "path": "/microservice-discovery-eureka/pom.xml",
            "gates": [],
            "monitors": [],
            "dbs": [],
            "discos": [
                "eureka"
            ],
            "servers": [
                "spring"
            ]
        },
        {
            "buses": [],
            "path": "/microservice-consumer-movie-feign/pom.xml",
            "gates": [],
            "monitors": [],
            "dbs": [],
            "discos": [
                "eureka"
            ],
            "servers": [
                "spring"
            ]
        },
        {
            "buses": [],
            "path": "/microservice-hystrix-dashboard/pom.xml",
            "gates": [],
            "monitors": [],
            "dbs": [],
            "discos": [],
            "servers": [
                "spring"
            ]
        },
        {
            "path": "/microservice-consumer-movie-ribbon/pom.xml"
        },
        {
            "buses": [],
            "path": "/microservice-config-client-eureka/pom.xml",
            "gates": [],
            "monitors": [],
            "dbs": [],
            "discos": [
                "eureka"
            ],
            "servers": [
                "spring"
            ]
        },
        {
            "buses": [],
            "path": "/microservice-consumer-movie-feign-with-hystrix/pom.xml",
            "gates": [],
            "monitors": [],
            "dbs": [],
            "discos": [
                "eureka"
            ],
            "servers": [
                "spring"
            ]
        },
        {
            "path": "/microservice-consumer-movie-feign-with-hystrix-stream/pom.xml"
        },
        {
            "buses": [],
            "path": "/microservice-hystrix-turbine/pom.xml",
            "gates": [],
            "monitors": [
                "turbine"
            ],
            "dbs": [],
            "discos": [],
            "servers": [
                "spring"
            ]
        },
        {
            "path": "/microservice-provider-user/pom.xml"
        },
        {
            "buses": [],
            "path": "/microservice-config-client/pom.xml",
            "gates": [],
            "monitors": [],
            "dbs": [],
            "discos": [],
            "servers": [
                "spring"
            ]
        },
        {
            "buses": [],
            "path": "/microservice-config-server-eureka/pom.xml",
            "gates": [],
            "monitors": [],
            "dbs": [],
            "discos": [
                "eureka"
            ],
            "servers": [
                "spring"
            ]
        },
        {
            "buses": [],
            "path": "/microservice-api-gateway/pom.xml",
            "gates": [
                "gateway",
                "zuul"
            ],
            "monitors": [],
            "dbs": [],
            "discos": [
                "eureka"
            ],
            "servers": [
                "spring"
            ]
        },
        {
            "path": "/microservice-consumer-movie-ribbon-with-hystrix/pom.xml"
        },
        {
            "buses": [],
            "path": "/microservice-config-server/pom.xml",
            "gates": [],
            "monitors": [],
            "dbs": [],
            "discos": [],
            "servers": [
                "spring"
            ]
        }
    ],
    "langs": [
        "java"
    ]
}