{
    "num_dbs": 0,
    "langs": [
        "c#",
        "golang",
        "go"
    ],
    "gates": [],
    "num_servers": 0,
    "num_dockers": 2,
    "num_buses": 0,
    "num_files": 3,
    "num_discos": 0,
    "num_services": 0,
    "dbs": [],
    "servers": [],
    "num_langs": 3,
    "structure": {
        "detected_dbs": {
            "num": 0,
            "shared_dbs": false,
            "services": [],
            "names": []
        },
        "services": [],
        "num_services": 0,
        "path": []
    },
    "commiters": 1,
    "languages": [
        "c#",
        "go"
    ],
    "files": [],
    "shared_dbs": false,
    "monitors": [],
    "discos": [],
    "dockers": [
        {
            "cmd_keywords": [
                "http",
                "dotnet",
                "run",
                "server",
                "urls"
            ],
            "from_full": "microsoft/dotnet:1.1-sdk",
            "gates": [],
            "monitors": [],
            "discos": [],
            "langs": [],
            "from": "microsoft/dotnet",
            "path": "/web_app_dotnet/Dockerfile",
            "dbs": [],
            "servers": [],
            "buses": [],
            "cmd": "dotnet run --server.urls http://*:5000",
            "keywords": [
                "dotnet",
                "build",
                "restore"
            ]
        },
        {
            "cmd_keywords": [
                "wrapper",
                "run"
            ],
            "from_full": "golang:1.8.3",
            "gates": [],
            "monitors": [],
            "discos": [],
            "langs": [
                "golang"
            ],
            "from": "golang",
            "path": "/web_app_go/Dockerfile",
            "dbs": [],
            "servers": [],
            "buses": [],
            "cmd": "go-wrapper run",
            "keywords": [
                "wrapper",
                "install",
                "download",
                "get"
            ]
        }
    ],
    "num_monitors": 0,
    "images": [
        "golang",
        "microsoft/dotnet"
    ],
    "avg_size_service": 274.0,
    "num_gates": 0,
    "size": 548,
    "buses": [],
    "url": "git://github.com/kevingbb/KHGuestbook.git",
    "name": "kevingbb/KHGuestbook"
}