{
    "num_dbs": 0,
    "langs": [
        "java",
        "shell"
    ],
    "gates": [],
    "num_servers": 1,
    "num_dockers": 1,
    "num_buses": 0,
    "num_files": 6,
    "num_discos": 0,
    "num_services": 0,
    "dbs": [],
    "servers": [
        "spring"
    ],
    "num_langs": 2,
    "structure": {
        "detected_dbs": {
            "num": 0,
            "shared_dbs": false,
            "services": [],
            "names": []
        },
        "services": [],
        "num_services": 0,
        "path": []
    },
    "commiters": 1,
    "languages": [
        "java",
        "shell"
    ],
    "files": [
        {
            "path": "/initial/build.gradle",
            "dbs": [],
            "servers": [
                "spring"
            ],
            "buses": [],
            "monitors": [],
            "discos": [],
            "gates": []
        },
        {
            "path": "/complete/build.gradle",
            "dbs": [],
            "servers": [
                "spring"
            ],
            "buses": [],
            "monitors": [],
            "discos": [],
            "gates": []
        },
        {
            "path": "/initial/pom.xml",
            "dbs": [],
            "servers": [
                "spring"
            ],
            "buses": [],
            "monitors": [],
            "discos": [],
            "gates": []
        },
        {
            "path": "/complete/pom.xml",
            "dbs": [],
            "servers": [
                "spring"
            ],
            "buses": [],
            "monitors": [],
            "discos": [],
            "gates": []
        }
    ],
    "shared_dbs": false,
    "monitors": [],
    "discos": [],
    "dockers": [
        {
            "cmd_keywords": [],
            "from_full": "java:8",
            "gates": [],
            "monitors": [],
            "discos": [],
            "langs": [
                "java"
            ],
            "from": "java",
            "path": "/complete/src/main/docker/Dockerfile",
            "dbs": [],
            "servers": [],
            "buses": [],
            "cmd": "",
            "keywords": [
                "touch",
                "app",
                "bash",
                "jar"
            ]
        }
    ],
    "num_monitors": 0,
    "images": [
        "java"
    ],
    "avg_size_service": 138.0,
    "num_gates": 0,
    "size": 138,
    "buses": [],
    "url": "git://github.com/lbennardis/microservicesDockerDemo.git",
    "name": "lbennardis/microservicesDockerDemo"
}