{
    "num_gates": 0,
    "discos": [],
    "num_dbs": 0,
    "num_monitors": 0,
    "dockers": [],
    "dbs": [],
    "num_langs": 0,
    "num_servers": 0,
    "avg_size_service": 2.0,
    "structure": {
        "detected_dbs": {
            "num": 0,
            "shared_dbs": false,
            "names": [],
            "services": []
        },
        "num_services": 0,
        "path": [],
        "services": []
    },
    "images": [],
    "size": 2,
    "servers": [],
    "languages": [],
    "langs": [],
    "commiters": 2,
    "shared_dbs": false,
    "num_buses": 0,
    "num_services": 0,
    "monitors": [],
    "num_dockers": 0,
    "url": "git://github.com/leandrooguit/agenda-ufpe-configs.git",
    "name": "leandrooguit/agenda-ufpe-configs",
    "buses": [],
    "gates": [],
    "files": [],
    "num_discos": 0,
    "num_files": 1
}