{
    "monitors": [],
    "servers": [
        "flask"
    ],
    "num_discos": 0,
    "discos": [],
    "shared_dbs": false,
    "name": "LeHyperion/identidock",
    "gates": [],
    "buses": [],
    "images": [
        "python"
    ],
    "avg_size_service": 1.5,
    "langs": [
        "dockerfile",
        "shell",
        "python"
    ],
    "dockers": [
        {
            "keywords": [
                "apt",
                "uwsgi",
                "dos",
                "unix",
                "get"
            ],
            "cmd_keywords": [
                "cmd"
            ],
            "monitors": [],
            "langs": [
                "python"
            ],
            "servers": [
                "flask"
            ],
            "dbs": [
                "redis"
            ],
            "from_full": "python:3.6",
            "from": "python",
            "cmd": "/cmd.sh",
            "discos": [],
            "buses": [],
            "gates": [],
            "path": "/Dockerfile"
        },
        {
            "path": "/identiproxy/Dockerfile",
            "cmd_keywords": [],
            "from": "",
            "cmd": ""
        }
    ],
    "structure": {
        "detected_dbs": {
            "num": 0,
            "services": [],
            "names": [],
            "shared_dbs": false
        },
        "services": [],
        "path": "/docker-compose.yml",
        "num_services": 0
    },
    "commiters": 2,
    "num_monitors": 0,
    "num_servers": 1,
    "num_dbs": 1,
    "num_buses": 0,
    "num_langs": 3,
    "dbs": [
        "redis"
    ],
    "num_gates": 0,
    "num_files": 3,
    "num_services": 0,
    "size": 3,
    "languages": [
        "python",
        "shell",
        "dockerfile"
    ],
    "url": "git://github.com/LeHyperion/identidock.git",
    "num_dockers": 2,
    "files": []
}