{
    "discos": [
        "traefik"
    ],
    "files": [
        {
            "discos": [],
            "dbs": [
                "mongo",
                "mongodb"
            ],
            "path": "/package.json",
            "gates": [],
            "buses": [
                "nats"
            ],
            "servers": [
                "node"
            ],
            "monitors": []
        }
    ],
    "dbs": [
        "mongo"
    ],
    "num_monitors": 0,
    "url": "git://github.com/lengocbao123/CezerinMoleculer.git",
    "languages": [
        "javascript"
    ],
    "images": [
        "node"
    ],
    "servers": [
        "node"
    ],
    "num_files": 3,
    "commiters": 1,
    "num_buses": 1,
    "dockers": [
        {
            "discos": [],
            "from": "node",
            "dbs": [],
            "path": "/Dockerfile",
            "langs": [],
            "servers": [
                "node"
            ],
            "cmd_keywords": [
                "start",
                "npm"
            ],
            "cmd": "npm start",
            "gates": [],
            "from_full": "node:current-alpine",
            "buses": [],
            "monitors": [],
            "keywords": [
                "mkdir",
                "production",
                "app",
                "npm",
                "install"
            ]
        }
    ],
    "buses": [
        "nats"
    ],
    "num_dbs": 1,
    "num_dockers": 1,
    "langs": [
        "javascript"
    ],
    "shared_dbs": false,
    "num_services": 4,
    "structure": {
        "num_services": 4,
        "detected_dbs": {
            "num": 0,
            "names": [],
            "shared_dbs": false,
            "services": []
        },
        "path": "/docker-compose.yml",
        "services": [
            {
                "discos": [],
                "image": "cezerin-microservice",
                "dbs": [],
                "name": "greeter",
                "depends_on": [
                    "nats"
                ],
                "gates": [],
                "image_full": "cezerin-microservice",
                "buses": [],
                "servers": [],
                "monitors": []
            },
            {
                "discos": [],
                "image": "cezerin-microservice",
                "dbs": [],
                "name": "api",
                "depends_on": [
                    "nats"
                ],
                "gates": [],
                "image_full": "cezerin-microservice",
                "buses": [],
                "servers": [],
                "monitors": []
            },
            {
                "discos": [
                    "traefik"
                ],
                "image": "traefik",
                "dbs": [],
                "name": "traefik",
                "depends_on": [],
                "gates": [],
                "image_full": "traefik:1.7",
                "buses": [],
                "servers": [],
                "monitors": []
            },
            {
                "discos": [],
                "image": "nats",
                "dbs": [],
                "name": "nats",
                "depends_on": [],
                "gates": [],
                "image_full": "nats",
                "buses": [
                    "nats"
                ],
                "servers": [],
                "monitors": []
            }
        ]
    },
    "num_discos": 1,
    "num_langs": 1,
    "avg_size_service": 852.0,
    "name": "lengocbao123/CezerinMoleculer",
    "num_gates": 0,
    "gates": [],
    "num_servers": 1,
    "monitors": [],
    "size": 852
}