{
    "num_files": 8,
    "dbs": [],
    "structure": {
        "services": [
            {
                "depends_on": [
                    "broker"
                ],
                "servers": [],
                "dbs": [],
                "buses": [],
                "monitors": [],
                "name": "nutrient",
                "gates": [],
                "image_full": "lisaong/rpi-buster-pyota:1.0",
                "discos": [],
                "image": "lisaong/rpi-buster-pyota"
            },
            {
                "depends_on": [
                    "broker"
                ],
                "servers": [],
                "dbs": [],
                "buses": [],
                "monitors": [],
                "name": "microbit",
                "gates": [],
                "image_full": "lisaong/rpi-buster-pyota:1.0",
                "discos": [],
                "image": "lisaong/rpi-buster-pyota"
            },
            {
                "depends_on": [
                    "broker"
                ],
                "servers": [],
                "dbs": [],
                "buses": [],
                "monitors": [],
                "name": "iota",
                "gates": [],
                "image_full": "lisaong/rpi-buster-pyota:1.0",
                "discos": [],
                "image": "lisaong/rpi-buster-pyota"
            },
            {
                "depends_on": [],
                "servers": [],
                "dbs": [],
                "buses": [
                    "mosquitto"
                ],
                "monitors": [],
                "name": "broker",
                "gates": [],
                "image_full": "eclipse-mosquitto",
                "discos": [],
                "image": "eclipse-mosquitto"
            }
        ],
        "path": "/day2/docker/docker-compose.yml",
        "detected_dbs": {
            "names": [],
            "num": 0,
            "shared_dbs": false,
            "services": []
        },
        "num_services": 4
    },
    "commiters": 4,
    "num_services": 4,
    "num_buses": 2,
    "images": [
        "resin/rpi-raspbian",
        "lisaong/rpi-buster-tf2.0"
    ],
    "url": "git://github.com/liang-faan/SmartIOT-Diec.git",
    "num_langs": 2,
    "num_monitors": 0,
    "num_dockers": 3,
    "name": "liang-faan/SmartIOT-Diec",
    "size": 27820,
    "num_dbs": 0,
    "avg_size_service": 9273.333333333334,
    "num_gates": 0,
    "num_discos": 0,
    "dockers": [
        {
            "dbs": [],
            "path": "/day3/docker/Dockerfile",
            "from": "resin/rpi-raspbian",
            "discos": [],
            "from_full": "resin/rpi-raspbian:buster",
            "servers": [
                "resin"
            ],
            "cmd_keywords": [],
            "buses": [],
            "cmd": "",
            "langs": [
                "python"
            ],
            "gates": [],
            "monitors": [],
            "keywords": [
                "install",
                "python",
                "apt",
                "get",
                "tensorflow"
            ]
        },
        {
            "dbs": [],
            "path": "/day2/docker/Dockerfile",
            "from": "resin/rpi-raspbian",
            "discos": [],
            "from_full": "resin/rpi-raspbian:buster",
            "servers": [
                "resin"
            ],
            "cmd_keywords": [],
            "buses": [
                "mosquitto"
            ],
            "cmd": "",
            "langs": [
                "python"
            ],
            "gates": [],
            "monitors": [],
            "keywords": [
                "apt",
                "get",
                "install",
                "python",
                "iota"
            ]
        },
        {
            "dbs": [],
            "path": "/day4/docker/Dockerfile",
            "from": "lisaong/rpi-buster-tf2.0",
            "discos": [],
            "from_full": "lisaong/rpi-buster-tf2.0:1.1",
            "servers": [],
            "cmd_keywords": [],
            "buses": [],
            "cmd": "",
            "langs": [
                "python"
            ],
            "gates": [],
            "monitors": [],
            "keywords": [
                "asyncio",
                "import",
                "pip",
                "distributed",
                "python"
            ]
        }
    ],
    "languages": [
        "jupyternotebook",
        "python"
    ],
    "gates": [],
    "discos": [],
    "servers": [
        "resin"
    ],
    "buses": [
        "mqtt",
        "mosquitto"
    ],
    "monitors": [],
    "langs": [
        "python",
        "jupyternotebook"
    ],
    "shared_dbs": false,
    "num_servers": 1,
    "files": [
        {
            "servers": [],
            "dbs": [],
            "buses": [
                "mqtt"
            ],
            "monitors": [],
            "gates": [],
            "path": "/day1/kura/requirements.txt",
            "discos": []
        },
        {
            "servers": [],
            "dbs": [],
            "buses": [],
            "monitors": [],
            "gates": [],
            "path": "/day1/kapua-python-client/requirements.txt",
            "discos": []
        },
        {
            "servers": [],
            "dbs": [],
            "buses": [
                "mqtt"
            ],
            "monitors": [],
            "gates": [],
            "path": "/day2/docker/requirements.txt",
            "discos": []
        },
        {
            "servers": [],
            "dbs": [],
            "buses": [],
            "monitors": [],
            "gates": [],
            "path": "/kapua-client/python-client/requirements.txt",
            "discos": []
        }
    ]
}