{
    "num_discos": 0,
    "structure": {
        "detected_dbs": {
            "num": 0,
            "shared_dbs": false,
            "names": [],
            "services": []
        },
        "num_services": 0,
        "path": [],
        "services": []
    },
    "buses": [],
    "servers": [
        "jetty",
        "glassfish"
    ],
    "name": "linatt/microservice",
    "num_gates": 0,
    "gates": [],
    "num_dbs": 1,
    "discos": [],
    "num_servers": 2,
    "num_dockers": 4,
    "dockers": [
        {
            "cmd": "java -jar how-to-microservice-0.0.4-SNAPSHOT-all.jar",
            "dbs": [],
            "cmd_keywords": [
                "jar",
                "snapshot",
                "java",
                "all",
                "microservice"
            ],
            "buses": [],
            "monitors": [],
            "from": "java",
            "langs": [
                "java"
            ],
            "keywords": [],
            "gates": [],
            "from_full": "java:8",
            "discos": [],
            "path": "/MicroserviceRequ/Dockerfile",
            "servers": []
        },
        {
            "cmd": "java -jar how-to-microservice-0.0.4-SNAPSHOT-all.jar",
            "dbs": [],
            "cmd_keywords": [
                "jar",
                "snapshot",
                "java",
                "all",
                "microservice"
            ],
            "buses": [],
            "monitors": [],
            "from": "java",
            "langs": [
                "java"
            ],
            "keywords": [],
            "gates": [],
            "from_full": "java:8",
            "discos": [],
            "path": "/MicroserviceDatabase/Dockerfile",
            "servers": []
        },
        {
            "cmd": "java -jar how-to-microservice-0.0.4-SNAPSHOT-all.jar",
            "dbs": [],
            "cmd_keywords": [
                "jar",
                "snapshot",
                "java",
                "all",
                "microservice"
            ],
            "buses": [],
            "monitors": [],
            "from": "java",
            "langs": [
                "java"
            ],
            "keywords": [],
            "gates": [],
            "from_full": "java:8",
            "discos": [],
            "path": "/MicroserviceAnswer/Dockerfile",
            "servers": []
        },
        {
            "cmd": "java -jar how-to-microservice-0.0.4-SNAPSHOT-all.jar",
            "dbs": [],
            "cmd_keywords": [
                "jar",
                "snapshot",
                "java",
                "all",
                "microservice"
            ],
            "buses": [],
            "monitors": [],
            "from": "java",
            "langs": [
                "java"
            ],
            "keywords": [],
            "gates": [],
            "from_full": "java:8",
            "discos": [],
            "path": "/MicroserviceGateway/Dockerfile",
            "servers": []
        }
    ],
    "dbs": [
        "mongo"
    ],
    "images": [
        "java"
    ],
    "commiters": 1,
    "monitors": [],
    "files": [
        {
            "dbs": [],
            "buses": [],
            "servers": [
                "jetty",
                "glassfish"
            ],
            "discos": [],
            "monitors": [],
            "gates": [],
            "path": "/MicroserviceRequ/build.gradle"
        },
        {
            "dbs": [],
            "buses": [],
            "servers": [],
            "discos": [],
            "monitors": [],
            "gates": [],
            "path": "/MicroserviceRequ/settings.gradle"
        },
        {
            "dbs": [
                "mongo",
                "mongodb"
            ],
            "buses": [],
            "servers": [
                "jetty",
                "glassfish"
            ],
            "discos": [],
            "monitors": [],
            "gates": [],
            "path": "/MicroserviceDatabase/build.gradle"
        },
        {
            "dbs": [],
            "buses": [],
            "servers": [],
            "discos": [],
            "monitors": [],
            "gates": [],
            "path": "/MicroserviceDatabase/settings.gradle"
        },
        {
            "dbs": [],
            "buses": [],
            "servers": [
                "jetty",
                "glassfish"
            ],
            "discos": [],
            "monitors": [],
            "gates": [],
            "path": "/MicroserviceAnswer/build.gradle"
        },
        {
            "dbs": [],
            "buses": [],
            "servers": [],
            "discos": [],
            "monitors": [],
            "gates": [],
            "path": "/MicroserviceAnswer/settings.gradle"
        },
        {
            "dbs": [],
            "buses": [],
            "servers": [
                "jetty",
                "glassfish"
            ],
            "discos": [],
            "monitors": [],
            "gates": [],
            "path": "/MicroserviceGateway/build.gradle"
        },
        {
            "dbs": [],
            "buses": [],
            "servers": [],
            "discos": [],
            "monitors": [],
            "gates": [],
            "path": "/MicroserviceGateway/settings.gradle"
        }
    ],
    "langs": [
        "java"
    ],
    "url": "git://github.com/linatt/microservice.git",
    "num_monitors": 0,
    "shared_dbs": false,
    "size": 607,
    "languages": [
        "java"
    ],
    "num_langs": 1,
    "num_buses": 0,
    "avg_size_service": 151.75,
    "num_files": 13,
    "num_services": 0
}