{
    "num_gates": 0,
    "discos": [],
    "num_dbs": 0,
    "num_monitors": 0,
    "dockers": [
        {
            "langs": [],
            "cmd_keywords": [
                "app",
                "node"
            ],
            "from_full": "node:6.10",
            "path": "/Dockerfile",
            "monitors": [],
            "discos": [],
            "cmd": "node app.js",
            "buses": [],
            "gates": [],
            "dbs": [],
            "from": "node",
            "keywords": [
                "install",
                "npm"
            ],
            "servers": [
                "node"
            ]
        }
    ],
    "dbs": [],
    "num_langs": 2,
    "num_servers": 2,
    "avg_size_service": 15192.0,
    "structure": {
        "detected_dbs": {
            "num": 0,
            "shared_dbs": false,
            "names": [],
            "services": []
        },
        "num_services": 0,
        "path": [],
        "services": []
    },
    "images": [
        "node"
    ],
    "size": 15192,
    "servers": [
        "node",
        "express"
    ],
    "languages": [
        "html",
        "javascript"
    ],
    "langs": [
        "javascript",
        "html"
    ],
    "commiters": 2,
    "shared_dbs": false,
    "num_buses": 0,
    "num_services": 0,
    "monitors": [],
    "num_dockers": 1,
    "url": "git://github.com/LinkRedCloud/Angular-CreditScore.git",
    "name": "LinkRedCloud/Angular-CreditScore",
    "buses": [],
    "gates": [],
    "files": [
        {
            "discos": [],
            "buses": [],
            "gates": [],
            "monitors": [],
            "path": "/package.json",
            "servers": [
                "node",
                "express"
            ],
            "dbs": []
        }
    ],
    "num_discos": 0,
    "num_files": 3
}