{
    "num_discos": 1,
    "structure": {
        "detected_dbs": {
            "num": 0,
            "shared_dbs": false,
            "names": [],
            "services": []
        },
        "num_services": 0,
        "path": [],
        "services": []
    },
    "buses": [],
    "servers": [
        "spring"
    ],
    "name": "madhur-taneja/Building-Microservices-with-Gradle",
    "num_gates": 0,
    "gates": [],
    "num_dbs": 1,
    "discos": [
        "eureka"
    ],
    "num_servers": 1,
    "num_dockers": 0,
    "dockers": [],
    "dbs": [
        "mongo"
    ],
    "images": [],
    "commiters": 3,
    "monitors": [],
    "files": [
        {
            "dbs": [
                "mongo",
                "mongodb"
            ],
            "buses": [],
            "servers": [
                "spring"
            ],
            "discos": [
                "eureka"
            ],
            "monitors": [],
            "gates": [],
            "path": "/movie-catalog-service/build.gradle"
        },
        {
            "dbs": [],
            "buses": [],
            "servers": [],
            "discos": [],
            "monitors": [],
            "gates": [],
            "path": "/movie-catalog-service/settings.gradle"
        },
        {
            "dbs": [
                "mongo",
                "mongodb"
            ],
            "buses": [],
            "servers": [
                "spring"
            ],
            "discos": [
                "eureka"
            ],
            "monitors": [],
            "gates": [],
            "path": "/rating-data-service/build.gradle"
        },
        {
            "dbs": [],
            "buses": [],
            "servers": [],
            "discos": [],
            "monitors": [],
            "gates": [],
            "path": "/rating-data-service/settings.gradle"
        },
        {
            "dbs": [
                "mongo",
                "mongodb"
            ],
            "buses": [],
            "servers": [
                "spring"
            ],
            "discos": [
                "eureka"
            ],
            "monitors": [],
            "gates": [],
            "path": "/movie-info-service/build.gradle"
        },
        {
            "dbs": [],
            "buses": [],
            "servers": [],
            "discos": [],
            "monitors": [],
            "gates": [],
            "path": "/movie-info-service/settings.gradle"
        },
        {
            "dbs": [],
            "buses": [],
            "servers": [
                "spring"
            ],
            "discos": [
                "eureka"
            ],
            "monitors": [],
            "gates": [],
            "path": "/discovery-server/build.gradle"
        },
        {
            "dbs": [],
            "buses": [],
            "servers": [],
            "discos": [],
            "monitors": [],
            "gates": [],
            "path": "/discovery-server/settings.gradle"
        }
    ],
    "langs": [
        "java"
    ],
    "url": "git://github.com/madhur-taneja/Building-Microservices-with-Gradle.git",
    "num_monitors": 0,
    "shared_dbs": false,
    "size": 624,
    "languages": [
        "java"
    ],
    "num_langs": 1,
    "num_buses": 0,
    "avg_size_service": 624.0,
    "num_files": 9,
    "num_services": 0
}