{
    "avg_size_service": 723.4444444444445,
    "languages": [
        "html",
        "java",
        "c#"
    ],
    "num_monitors": 0,
    "commiters": 1,
    "dbs": [
        "db"
    ],
    "servers": [
        "jboss",
        "glassfish",
        "rails",
        "node",
        "express",
        "laravel",
        "spring",
        "jetty"
    ],
    "url": "git://github.com/magicCashew/keepaSDK.git",
    "num_servers": 8,
    "num_discos": 0,
    "monitors": [],
    "discos": [],
    "num_files": 55,
    "name": "magicCashew/keepaSDK",
    "images": [
        "scratch",
        "frolvlad/alpine-oraclejdk8",
        "ruby",
        "openjdk",
        "python",
        "ubuntu",
        "alpine",
        "microsoft/aspnetcore"
    ],
    "gates": [],
    "shared_dbs": false,
    "num_buses": 1,
    "num_langs": 8,
    "buses": [
        "amqp"
    ],
    "dockers": [
        {
            "servers": [],
            "cmd": "",
            "buses": [],
            "keywords": [
                "openapi",
                "build",
                "cgo",
                "installsuffix",
                "get"
            ],
            "dbs": [],
            "from": "scratch",
            "cmd_keywords": [],
            "langs": [
                "scratch"
            ],
            "from_full": "scratch",
            "monitors": [],
            "discos": [],
            "path": "/go-server/Dockerfile",
            "gates": []
        },
        {
            "servers": [],
            "cmd": "-m openapi_server",
            "buses": [],
            "keywords": [
                "mkdir",
                "pip",
                "usr",
                "dir",
                "requirements"
            ],
            "dbs": [],
            "from": "python",
            "cmd_keywords": [
                "openapi",
                "server"
            ],
            "langs": [
                "python"
            ],
            "from_full": "python:3-alpine",
            "monitors": [],
            "discos": [],
            "path": "/python-flask/Dockerfile",
            "gates": []
        },
        {
            "servers": [
                "rails"
            ],
            "cmd": "bin/rails s -b 0.0.0.0",
            "buses": [],
            "keywords": [
                "packages",
                "apk",
                "update",
                "chmod",
                "usr"
            ],
            "dbs": [],
            "from": "ruby",
            "cmd_keywords": [
                "bin",
                "rails"
            ],
            "langs": [
                "ruby"
            ],
            "from_full": "ruby:2.5-alpine",
            "monitors": [],
            "discos": [],
            "path": "/ruby-on-rails/Dockerfile",
            "gates": []
        },
        {
            "servers": [],
            "cmd": "",
            "buses": [],
            "keywords": [],
            "dbs": [],
            "from": "frolvlad/alpine-oraclejdk8",
            "cmd_keywords": [],
            "langs": [],
            "from_full": "frolvlad/alpine-oraclejdk8:slim",
            "monitors": [],
            "discos": [],
            "path": "/java-pkmst/Dockerfile",
            "gates": []
        },
        {
            "servers": [],
            "cmd": "",
            "buses": [],
            "keywords": [
                "dev",
                "openssl",
                "update",
                "apk",
                "cmake"
            ],
            "dbs": [],
            "from": "alpine",
            "cmd_keywords": [],
            "langs": [
                "cmake"
            ],
            "from_full": "alpine:latest",
            "monitors": [],
            "discos": [],
            "path": "/cpp-qt5-qhttpengine-server/server/Dockerfile",
            "gates": []
        },
        {
            "servers": [],
            "cmd": "",
            "buses": [],
            "keywords": [
                "tput",
                "setaf",
                "the",
                "sgr",
                "bash"
            ],
            "dbs": [],
            "from": "ubuntu",
            "cmd_keywords": [],
            "langs": [
                "bash"
            ],
            "from_full": "ubuntu:16.10",
            "monitors": [],
            "discos": [],
            "path": "/bash/Dockerfile",
            "gates": []
        },
        {
            "servers": [],
            "cmd": "java -server -Xms4g -Xmx4g -XX:+UseG1GC -XX:MaxGCPauseMillis=100 -XX:+UseStringDeduplication -jar kotlin-server.jar",
            "buses": [],
            "keywords": [],
            "dbs": [],
            "from": "openjdk",
            "cmd_keywords": [
                "server",
                "jar",
                "usestringdeduplication",
                "useg",
                "kotlin"
            ],
            "langs": [
                "java"
            ],
            "from_full": "openjdk:8-jre-alpine",
            "monitors": [],
            "discos": [],
            "path": "/kotlin-server/Dockerfile",
            "gates": []
        },
        {
            "servers": [],
            "cmd": "",
            "buses": [],
            "keywords": [
                "dotnet",
                "restore",
                "out",
                "release",
                "publish"
            ],
            "dbs": [],
            "from": "microsoft/aspnetcore",
            "cmd_keywords": [],
            "langs": [],
            "from_full": "microsoft/aspnetcore:2.0",
            "monitors": [],
            "discos": [],
            "path": "/aspnetcore/src/Org.OpenAPITools/Dockerfile",
            "gates": []
        },
        {
            "servers": [],
            "cmd": "",
            "buses": [],
            "keywords": [
                "openapi",
                "build",
                "cgo",
                "installsuffix",
                "get"
            ],
            "dbs": [],
            "from": "scratch",
            "cmd_keywords": [],
            "langs": [
                "scratch"
            ],
            "from_full": "scratch",
            "monitors": [],
            "discos": [],
            "path": "/go-gin-server/Dockerfile",
            "gates": []
        }
    ],
    "size": 6511,
    "structure": {
        "detected_dbs": {
            "num": 0,
            "services": [],
            "shared_dbs": false,
            "names": []
        },
        "services": [],
        "path": [],
        "num_services": 0
    },
    "num_gates": 0,
    "files": [
        {
            "monitors": [],
            "buses": [],
            "discos": [],
            "dbs": [],
            "path": "/python-flask/requirements.txt",
            "gates": [],
            "servers": []
        },
        {
            "monitors": [],
            "buses": [],
            "discos": [],
            "dbs": [],
            "path": "/python-aiohttp/requirements.txt",
            "gates": [],
            "servers": []
        },
        {
            "monitors": [],
            "buses": [],
            "discos": [],
            "dbs": [],
            "path": "/python/requirements.txt",
            "gates": [],
            "servers": []
        },
        {
            "monitors": [],
            "buses": [],
            "discos": [],
            "dbs": [],
            "path": "/kotlin-spring/settings.gradle",
            "gates": [],
            "servers": [
                "spring"
            ]
        },
        {
            "monitors": [],
            "buses": [],
            "discos": [],
            "dbs": [],
            "path": "/java/build.gradle",
            "gates": [],
            "servers": []
        },
        {
            "monitors": [],
            "buses": [],
            "discos": [],
            "dbs": [],
            "path": "/java/settings.gradle",
            "gates": [],
            "servers": []
        },
        {
            "monitors": [],
            "buses": [],
            "discos": [],
            "dbs": [],
            "path": "/kotlin/build.gradle",
            "gates": [],
            "servers": []
        },
        {
            "monitors": [],
            "buses": [],
            "discos": [],
            "dbs": [],
            "path": "/kotlin/settings.gradle",
            "gates": [],
            "servers": []
        },
        {
            "monitors": [],
            "buses": [],
            "discos": [],
            "dbs": [],
            "path": "/scala-httpclient/build.gradle",
            "gates": [],
            "servers": []
        },
        {
            "monitors": [],
            "buses": [],
            "discos": [],
            "dbs": [],
            "path": "/scala-httpclient/settings.gradle",
            "gates": [],
            "servers": []
        },
        {
            "monitors": [],
            "buses": [],
            "discos": [],
            "dbs": [],
            "path": "/jaxrs-resteasy/build.gradle",
            "gates": [],
            "servers": [
                "jboss"
            ]
        },
        {
            "monitors": [],
            "buses": [],
            "discos": [],
            "dbs": [],
            "path": "/jaxrs-resteasy/settings.gradle",
            "gates": [],
            "servers": []
        },
        {
            "monitors": [],
            "buses": [],
            "discos": [],
            "dbs": [],
            "path": "/groovy/build.gradle",
            "gates": [],
            "servers": []
        },
        {
            "monitors": [],
            "buses": [],
            "discos": [],
            "dbs": [],
            "path": "/android/build.gradle",
            "gates": [],
            "servers": []
        },
        {
            "monitors": [],
            "buses": [],
            "discos": [],
            "dbs": [],
            "path": "/kotlin-server/build.gradle",
            "gates": [],
            "servers": []
        },
        {
            "monitors": [],
            "buses": [],
            "discos": [],
            "dbs": [],
            "path": "/kotlin-server/settings.gradle",
            "gates": [],
            "servers": []
        },
        {
            "monitors": [],
            "buses": [],
            "discos": [],
            "dbs": [],
            "path": "/scala-gatling/build.gradle",
            "gates": [],
            "servers": []
        },
        {
            "monitors": [],
            "buses": [],
            "discos": [],
            "dbs": [],
            "path": "/jaxrs-resteasy-eap/build.gradle",
            "gates": [],
            "servers": [
                "jboss"
            ]
        },
        {
            "monitors": [],
            "buses": [],
            "discos": [],
            "dbs": [],
            "path": "/jaxrs-resteasy-eap/settings.gradle",
            "gates": [],
            "servers": []
        },
        {
            "monitors": [],
            "buses": [],
            "discos": [],
            "dbs": [],
            "path": "/java-undertow-server/pom.xml",
            "gates": [],
            "servers": []
        },
        {
            "monitors": [],
            "buses": [],
            "discos": [],
            "dbs": [],
            "path": "/kotlin-spring/pom.xml",
            "gates": [],
            "servers": [
                "spring"
            ]
        },
        {
            "monitors": [],
            "buses": [],
            "discos": [],
            "dbs": [],
            "path": "/scala-akka/pom.xml",
            "gates": [],
            "servers": []
        },
        {
            "monitors": [],
            "buses": [],
            "discos": [],
            "dbs": [],
            "path": "/jaxrs-spec/pom.xml",
            "gates": [],
            "servers": []
        },
        {
            "monitors": [],
            "buses": [],
            "discos": [],
            "dbs": [],
            "path": "/java-inflector/pom.xml",
            "gates": [],
            "servers": [
                "jetty"
            ]
        },
        {
            "monitors": [],
            "buses": [],
            "discos": [],
            "dbs": [],
            "path": "/java/pom.xml",
            "gates": [],
            "servers": []
        },
        {
            "monitors": [],
            "buses": [],
            "discos": [],
            "dbs": [
                "mongodb"
            ],
            "path": "/scala-httpclient/pom.xml",
            "gates": [],
            "servers": []
        },
        {
            "monitors": [],
            "buses": [
                "amqp"
            ],
            "discos": [],
            "dbs": [],
            "path": "/java-pkmst/pom.xml",
            "gates": [],
            "servers": [
                "spring",
                "jetty"
            ]
        },
        {
            "monitors": [],
            "buses": [],
            "discos": [],
            "dbs": [],
            "path": "/java-msf4j/pom.xml",
            "gates": [],
            "servers": [
                "jetty"
            ]
        },
        {
            "monitors": [],
            "buses": [],
            "discos": [],
            "dbs": [],
            "path": "/jaxrs-jersey/pom.xml",
            "gates": [],
            "servers": [
                "jetty",
                "glassfish"
            ]
        },
        {
            "monitors": [],
            "buses": [],
            "discos": [],
            "dbs": [],
            "path": "/jaxrs-cxf-cdi/pom.xml",
            "gates": [],
            "servers": []
        },
        {
            "monitors": [],
            "buses": [],
            "discos": [],
            "dbs": [],
            "path": "/java-vertx/pom.xml",
            "gates": [],
            "servers": []
        },
        {
            "monitors": [],
            "buses": [],
            "discos": [],
            "dbs": [],
            "path": "/jaxrs-resteasy/pom.xml",
            "gates": [],
            "servers": [
                "jboss",
                "jetty"
            ]
        },
        {
            "monitors": [],
            "buses": [],
            "discos": [],
            "dbs": [],
            "path": "/jaxrs-cxf/pom.xml",
            "gates": [],
            "servers": [
                "jetty"
            ]
        },
        {
            "monitors": [],
            "buses": [],
            "discos": [],
            "dbs": [],
            "path": "/android/pom.xml",
            "gates": [],
            "servers": []
        },
        {
            "monitors": [],
            "buses": [],
            "discos": [],
            "dbs": [],
            "path": "/php-symfony/pom.xml",
            "gates": [],
            "servers": []
        },
        {
            "monitors": [],
            "buses": [],
            "discos": [],
            "dbs": [],
            "path": "/jaxrs-cxf-client/pom.xml",
            "gates": [],
            "servers": [
                "jetty"
            ]
        },
        {
            "monitors": [],
            "buses": [],
            "discos": [],
            "dbs": [],
            "path": "/jaxrs-resteasy-eap/pom.xml",
            "gates": [],
            "servers": [
                "jboss",
                "jetty"
            ]
        },
        {
            "monitors": [],
            "buses": [],
            "discos": [],
            "dbs": [],
            "path": "/spring/pom.xml",
            "gates": [],
            "servers": [
                "spring"
            ]
        },
        {
            "monitors": [],
            "buses": [],
            "discos": [],
            "dbs": [],
            "path": "/javascript-flowtyped/package.json",
            "gates": [],
            "servers": [
                "node"
            ]
        },
        {
            "monitors": [],
            "buses": [],
            "discos": [],
            "dbs": [],
            "path": "/javascript/package.json",
            "gates": [],
            "servers": [
                "node"
            ]
        },
        {
            "monitors": [],
            "buses": [],
            "discos": [],
            "dbs": [],
            "path": "/typescript-aurelia/package.json",
            "gates": [],
            "servers": []
        },
        {
            "monitors": [],
            "buses": [],
            "discos": [],
            "dbs": [],
            "path": "/dynamic-html/package.json",
            "gates": [],
            "servers": [
                "node",
                "express"
            ]
        },
        {
            "monitors": [],
            "buses": [],
            "discos": [],
            "dbs": [],
            "path": "/nodejs-server/package.json",
            "gates": [],
            "servers": [
                "node"
            ]
        },
        {
            "monitors": [],
            "buses": [],
            "discos": [],
            "dbs": [],
            "path": "/php-laravel/lib/package.json",
            "gates": [],
            "servers": [
                "laravel",
                "node"
            ]
        },
        {
            "monitors": [],
            "buses": [],
            "discos": [],
            "dbs": [],
            "path": "/graphql-nodejs-express-server/openapi3graphql-server/package.json",
            "gates": [],
            "servers": [
                "node",
                "express"
            ]
        }
    ],
    "num_services": 0,
    "num_dockers": 9,
    "num_dbs": 1,
    "langs": [
        "scratch",
        "c#",
        "html",
        "ruby",
        "python",
        "cmake",
        "bash",
        "java"
    ]
}