{
    "files": [
        {
            "gates": [],
            "discos": [],
            "servers": [
                "spring"
            ],
            "monitors": [],
            "buses": [],
            "dbs": [
                "mysql"
            ],
            "path": "/pom.xml"
        }
    ],
    "num_services": 0,
    "languages": [
        "java"
    ],
    "shared_dbs": false,
    "num_discos": 0,
    "num_dbs": 1,
    "gates": [],
    "num_files": 2,
    "num_langs": 1,
    "avg_size_service": 31.0,
    "num_monitors": 0,
    "dockers": [],
    "size": 31,
    "langs": [
        "java"
    ],
    "num_buses": 0,
    "images": [],
    "servers": [
        "spring"
    ],
    "commiters": 3,
    "buses": [],
    "dbs": [
        "mysql"
    ],
    "name": "makbn/authentication-service",
    "discos": [],
    "url": "git://github.com/makbn/authentication-service.git",
    "num_servers": 1,
    "monitors": [],
    "num_gates": 0,
    "structure": {
        "detected_dbs": {
            "names": [],
            "services": [],
            "num": 0,
            "shared_dbs": false
        },
        "services": [],
        "num_services": 0,
        "path": []
    },
    "num_dockers": 0
}