{
    "num_discos": 0,
    "structure": {
        "detected_dbs": {
            "num": 0,
            "shared_dbs": false,
            "names": [],
            "services": []
        },
        "num_services": 0,
        "path": [],
        "services": []
    },
    "buses": [],
    "servers": [],
    "name": "makoscafee/auth-payment-microsevice",
    "num_gates": 0,
    "gates": [],
    "num_dbs": 0,
    "discos": [],
    "num_servers": 0,
    "num_dockers": 2,
    "dockers": [
        {
            "cmd": "",
            "dbs": [],
            "cmd_keywords": [],
            "buses": [],
            "monitors": [],
            "from": "alpine",
            "langs": [],
            "keywords": [
                "apk",
                "add",
                "cgo",
                "git",
                "get"
            ],
            "gates": [],
            "from_full": "alpine:3.4",
            "discos": [],
            "path": "/payment/Dockerfile",
            "servers": []
        },
        {
            "cmd": "",
            "dbs": [],
            "cmd_keywords": [],
            "buses": [],
            "monitors": [],
            "from": "alpine",
            "langs": [],
            "keywords": [
                "apk",
                "add",
                "cgo",
                "git",
                "get"
            ],
            "gates": [],
            "from_full": "alpine:3.4",
            "discos": [],
            "path": "/auth/Dockerfile",
            "servers": []
        }
    ],
    "dbs": [],
    "images": [
        "alpine"
    ],
    "commiters": 2,
    "monitors": [],
    "files": [],
    "langs": [
        "dockerfile",
        "go",
        "makefile"
    ],
    "url": "git://github.com/makoscafee/auth-payment-microsevice.git",
    "num_monitors": 0,
    "shared_dbs": false,
    "size": 8,
    "languages": [
        "go",
        "dockerfile",
        "makefile"
    ],
    "num_langs": 3,
    "num_buses": 0,
    "avg_size_service": 4.0,
    "num_files": 3,
    "num_services": 0
}