{
    "monitors": [
        "turbine",
        "elk"
    ],
    "name": "Malcolmli/spring-cloud-microservice",
    "size": 367,
    "num_monitors": 2,
    "images": [],
    "dbs": [],
    "commiters": 1,
    "langs": [
        "java"
    ],
    "url": "git://github.com/Malcolmli/spring-cloud-microservice.git",
    "num_buses": 1,
    "shared_dbs": false,
    "buses": [
        "kafka"
    ],
    "gates": [
        "zuul"
    ],
    "languages": [
        "java"
    ],
    "num_files": 74,
    "files": [
        {
            "monitors": [
                "turbine"
            ],
            "discos": [
                "eureka"
            ],
            "servers": [],
            "buses": [],
            "path": "/pom.xml",
            "dbs": [],
            "gates": [
                "gateway",
                "zuul"
            ]
        },
        {
            "path": "/microservice-discovery-eureka-authenticating/pom.xml"
        },
        {
            "path": "/microservice-config-server-encryption-rsa/pom.xml"
        },
        {
            "path": "/microservice-discovery-eureka/pom.xml"
        },
        {
            "path": "/microservice-gateway-zuul-fallback/pom.xml"
        },
        {
            "path": "/microservice-provider-user-multiple-params/pom.xml"
        },
        {
            "path": "/microservice-discovery-eureka-ha/pom.xml"
        },
        {
            "path": "/microservice-file-upload/pom.xml"
        },
        {
            "path": "/microservice-consumer-movie-feign/pom.xml"
        },
        {
            "path": "/microservice-consumer-movie-feign-hystrix-fallback/pom.xml"
        },
        {
            "path": "/microservice-hystrix-dashboard/pom.xml"
        },
        {
            "path": "/microservice-consumer-movie/pom.xml"
        },
        {
            "path": "/microservice-consumer-movie-ribbon/pom.xml"
        },
        {
            "path": "/microservice-config-server-health/pom.xml"
        },
        {
            "path": "/microservice-consumer-movie-feign-hystrix-fallback-factory/pom.xml"
        },
        {
            "monitors": [],
            "discos": [
                "consul"
            ],
            "servers": [
                "spring"
            ],
            "buses": [],
            "path": "/additional-spring-cloud-consul/pom.xml",
            "dbs": [],
            "gates": []
        },
        {
            "path": "/additional-spring-cloud-consul/microservice-provider-user-consul/pom.xml"
        },
        {
            "path": "/additional-spring-cloud-consul/microservice-consumer-movie-ribbon-consul/pom.xml"
        },
        {
            "path": "/additional-spring-cloud-consul/microservice-config-client-consul/pom.xml"
        },
        {
            "path": "/microservice-provider-user-my-metadata/pom.xml"
        },
        {
            "path": "/microservice-consumer-movie-feign-manual/pom.xml"
        },
        {
            "path": "/microservice-config-client-eureka/pom.xml"
        },
        {
            "path": "/microservice-gateway-zuul-file-upload/pom.xml"
        },
        {
            "path": "/additional-microservice-consumer-movie-ribbon-hystrix-get-the-exception/pom.xml"
        },
        {
            "path": "/microservice-consumer-movie-ribbon-customizing/pom.xml"
        },
        {
            "path": "/microservice-consumer-movie-ribbon-hystrix-turbine-mq/pom.xml"
        },
        {
            "path": "/microservice-consumer-movie-feign-logging/pom.xml"
        },
        {
            "path": "/microservice-provider-user-ip/pom.xml"
        },
        {
            "path": "/microservice-hystrix-turbine/pom.xml"
        },
        {
            "path": "/microservice-consumer-movie-feign-multiple-params/pom.xml"
        },
        {
            "path": "/microservice-gateway-zuul-filter/pom.xml"
        },
        {
            "path": "/microservice-config-server-eureka-authenticating/pom.xml"
        },
        {
            "path": "/microservice-sidecar/pom.xml"
        },
        {
            "path": "/microservice-config-client-eureka-authenticating/pom.xml"
        },
        {
            "path": "/microservice-provider-user/pom.xml"
        },
        {
            "path": "/microservice-config-client-refresh-cloud-bus/pom.xml"
        },
        {
            "path": "/additional-microservice-feign-upload/pom.xml"
        },
        {
            "path": "/microservice-gateway-zuul/pom.xml"
        },
        {
            "path": "/microservice-consumer-movie-feign-hystrix-fallback-stream/pom.xml"
        },
        {
            "path": "/microservice-consumer-movie-ribbon-customizing-properties/pom.xml"
        },
        {
            "path": "/microservice-consumer-movie-without-eureka/pom.xml"
        },
        {
            "path": "/microservice-consumer-movie-understanding-metadata/pom.xml"
        },
        {
            "path": "/microservice-config-client/pom.xml"
        },
        {
            "path": "/microservice-config-server-authenticating/pom.xml"
        },
        {
            "path": "/microservice-provider-user-with-auth/pom.xml"
        },
        {
            "path": "/microservice-config-client-authenticating/pom.xml"
        },
        {
            "path": "/additional-microservice-consumer-movie-ribbon-exception-but-no-fallback/pom.xml"
        },
        {
            "path": "/microservice-config-server-eureka/pom.xml"
        },
        {
            "monitors": [
                "elk"
            ],
            "discos": [
                "eureka"
            ],
            "servers": [],
            "buses": [
                "kafka"
            ],
            "path": "/trace/pom.xml",
            "dbs": [],
            "gates": []
        },
        {
            "path": "/trace/microservice-trace-zipkin-server-eureka/pom.xml"
        },
        {
            "path": "/trace/microservice-discovery-eureka/pom.xml"
        },
        {
            "path": "/trace/additional-microservice-simple-provider-user-trace-zipkin-stream-kafka/pom.xml"
        },
        {
            "path": "/trace/microservice-simple-provider-user-trace-elk/pom.xml"
        },
        {
            "path": "/trace/microservice-trace-zipkin-server-stream/pom.xml"
        },
        {
            "path": "/trace/microservice-trace-zipkin-server/pom.xml"
        },
        {
            "path": "/trace/microservice-simple-consumer-movie-trace/pom.xml"
        },
        {
            "path": "/trace/microservice-simple-provider-user-trace-zipkin-stream/pom.xml"
        },
        {
            "path": "/trace/microservice-simple-provider-user-trace-zipkin/pom.xml"
        },
        {
            "path": "/trace/microservice-simple-provider-user-trace/pom.xml"
        },
        {
            "path": "/trace/microservice-provider-user-zipkin/pom.xml"
        },
        {
            "path": "/trace/microservice-trace-zipkin-server-stream-elasticsearch/pom.xml"
        },
        {
            "path": "/trace/microservice-simple-consumer-movie-trace-zipkin/pom.xml"
        },
        {
            "path": "/microservice-gateway-zuul-reg-exp/pom.xml"
        },
        {
            "path": "/microservice-gateway-zuul-filter-groovy/pom.xml"
        },
        {
            "path": "/microservice-config-server-refresh-cloud-bus/pom.xml"
        },
        {
            "path": "/microservice-config-server-encryption/pom.xml"
        },
        {
            "path": "/microservice-hystrix-turbine-mq/pom.xml"
        },
        {
            "path": "/microservice-consumer-movie-ribbon-hystrix/pom.xml"
        },
        {
            "path": "/microservice-gateway-zuul-aggregation/pom.xml"
        },
        {
            "path": "/microservice-config-client-refresh/pom.xml"
        },
        {
            "path": "/microservice-config-server/pom.xml"
        },
        {
            "path": "/microservice-sidecar-client-ribbon/pom.xml"
        },
        {
            "path": "/microservice-consumer-movie-feign-customizing/pom.xml"
        }
    ],
    "num_gates": 1,
    "num_discos": 2,
    "num_services": 0,
    "num_langs": 1,
    "structure": {
        "detected_dbs": {
            "num": 0,
            "shared_dbs": false,
            "names": [],
            "services": []
        },
        "num_services": 0,
        "path": [],
        "services": []
    },
    "num_dbs": 0,
    "num_dockers": 0,
    "dockers": [],
    "servers": [
        "spring"
    ],
    "discos": [
        "eureka",
        "consul"
    ],
    "avg_size_service": 367.0,
    "num_servers": 1
}