{
    "gates": [],
    "num_dockers": 1,
    "languages": [
        "java",
        "dockerfile"
    ],
    "num_gates": 0,
    "structure": {
        "services": [],
        "detected_dbs": {
            "shared_dbs": false,
            "names": [],
            "services": [],
            "num": 0
        },
        "num_services": 0,
        "path": []
    },
    "num_langs": 2,
    "dockers": [
        {
            "keywords": [],
            "gates": [],
            "dbs": [],
            "cmd_keywords": [],
            "path": "/docker/Dockerfile",
            "discos": [],
            "cmd": "",
            "from": "java",
            "monitors": [],
            "from_full": "java:8-jre-alpine",
            "servers": [],
            "buses": [],
            "langs": [
                "java"
            ]
        }
    ],
    "images": [
        "java"
    ],
    "num_servers": 1,
    "num_monitors": 0,
    "langs": [
        "java",
        "dockerfile"
    ],
    "buses": [],
    "num_services": 0,
    "commiters": 1,
    "avg_size_service": 75.0,
    "dbs": [],
    "files": [
        {
            "gates": [],
            "monitors": [],
            "dbs": [],
            "path": "/build.gradle",
            "servers": [
                "spring"
            ],
            "discos": [],
            "buses": []
        },
        {
            "gates": [],
            "monitors": [],
            "dbs": [],
            "path": "/settings.gradle",
            "servers": [
                "spring"
            ],
            "discos": [],
            "buses": []
        },
        {
            "gates": [],
            "monitors": [],
            "dbs": [],
            "path": "/gradle/docker.gradle",
            "servers": [
                "spring"
            ],
            "discos": [],
            "buses": []
        }
    ],
    "num_buses": 0,
    "discos": [],
    "size": 75,
    "monitors": [],
    "shared_dbs": false,
    "url": "git://github.com/maniekq/spring-boot-admin-docker.git",
    "num_dbs": 0,
    "name": "maniekq/spring-boot-admin-docker",
    "num_files": 5,
    "num_discos": 0,
    "servers": [
        "spring"
    ]
}