{
    "files": [
        {
            "gates": [],
            "discos": [],
            "path": "/Ex2/ClientCode_Assignment/package.json",
            "monitors": [],
            "servers": [
                "express",
                "node"
            ],
            "dbs": [],
            "buses": []
        },
        {
            "gates": [],
            "discos": [],
            "path": "/Ex1/ClientCode_Assignment/package.json",
            "monitors": [],
            "servers": [
                "express",
                "node"
            ],
            "dbs": [],
            "buses": []
        },
        {
            "gates": [],
            "discos": [],
            "path": "/Ex1/ClientCode_Assignment/node_modules/node-cmd/package.json",
            "monitors": [],
            "servers": [
                "node"
            ],
            "dbs": [],
            "buses": []
        },
        {
            "gates": [],
            "discos": [],
            "path": "/Ex3/Assignment/product-descp-service/package.json",
            "monitors": [],
            "servers": [
                "node"
            ],
            "dbs": [],
            "buses": []
        },
        {
            "gates": [],
            "discos": [],
            "path": "/Ex3/Assignment/server/package.json",
            "monitors": [],
            "servers": [
                "express",
                "node"
            ],
            "dbs": [],
            "buses": []
        },
        {
            "gates": [],
            "discos": [],
            "path": "/Ex3/Assignment/hello-world-service/package.json",
            "monitors": [],
            "servers": [
                "node"
            ],
            "dbs": [],
            "buses": []
        },
        {
            "gates": [],
            "discos": [],
            "path": "/Ex3/Assignment/product-price-service/package.json",
            "monitors": [],
            "servers": [
                "node"
            ],
            "dbs": [],
            "buses": []
        }
    ],
    "langs": [
        "javascript"
    ],
    "num_servers": 2,
    "num_files": 13,
    "dockers": [
        {
            "keywords": [
                "src",
                "ccex",
                "npm",
                "usr",
                "mkdir"
            ],
            "cmd": "node clientServer.js",
            "from_full": "node:boron",
            "langs": [],
            "discos": [],
            "from": "node",
            "gates": [],
            "dbs": [],
            "servers": [
                "node"
            ],
            "cmd_keywords": [
                "clientserver",
                "node"
            ],
            "path": "/Ex2/ClientCode_Assignment/Dockerfile",
            "monitors": [],
            "buses": []
        },
        {
            "keywords": [
                "apk",
                "npm",
                "usr",
                "cache",
                "var"
            ],
            "cmd": "npm start",
            "from_full": "alpine:latest",
            "langs": [],
            "discos": [],
            "from": "alpine",
            "gates": [],
            "dbs": [],
            "servers": [],
            "cmd_keywords": [
                "start",
                "npm"
            ],
            "path": "/Ex3/Assignment/product-descp-service/Dockerfile",
            "monitors": [],
            "buses": []
        },
        {
            "keywords": [
                "apk",
                "npm",
                "usr",
                "cache",
                "var"
            ],
            "cmd": "npm start",
            "from_full": "alpine:latest",
            "langs": [],
            "discos": [],
            "from": "alpine",
            "gates": [],
            "dbs": [],
            "servers": [],
            "cmd_keywords": [
                "start",
                "npm"
            ],
            "path": "/Ex3/Assignment/server/Dockerfile",
            "monitors": [],
            "buses": []
        },
        {
            "keywords": [
                "apk",
                "npm",
                "usr",
                "cache",
                "var"
            ],
            "cmd": "npm start",
            "from_full": "alpine:latest",
            "langs": [],
            "discos": [],
            "from": "alpine",
            "gates": [],
            "dbs": [],
            "servers": [],
            "cmd_keywords": [
                "start",
                "npm"
            ],
            "path": "/Ex3/Assignment/hello-world-service/Dockerfile",
            "monitors": [],
            "buses": []
        },
        {
            "keywords": [
                "apk",
                "npm",
                "usr",
                "cache",
                "var"
            ],
            "cmd": "npm start",
            "from_full": "alpine:latest",
            "langs": [],
            "discos": [],
            "from": "alpine",
            "gates": [],
            "dbs": [],
            "servers": [],
            "cmd_keywords": [
                "start",
                "npm"
            ],
            "path": "/Ex3/Assignment/product-price-service/Dockerfile",
            "monitors": [],
            "buses": []
        }
    ],
    "commiters": 1,
    "num_services": 4,
    "avg_size_service": 357.4,
    "num_buses": 0,
    "num_langs": 1,
    "images": [
        "alpine",
        "node"
    ],
    "size": 1787,
    "num_discos": 0,
    "languages": [
        "javascript"
    ],
    "num_monitors": 0,
    "name": "mannsi/CloudComputing",
    "monitors": [],
    "dbs": [],
    "discos": [],
    "num_gates": 0,
    "url": "git://github.com/mannsi/CloudComputing.git",
    "servers": [
        "express",
        "node"
    ],
    "shared_dbs": false,
    "structure": {
        "path": "/Ex3/Assignment/docker-compose.yml",
        "services": [
            {
                "name": "product-price-service",
                "depends_on": [],
                "gates": [],
                "discos": [],
                "image_full": "cloudcomputinggroup12/microservice:productprice",
                "buses": [],
                "monitors": [],
                "image": "cloudcomputinggroup12/microservice",
                "dbs": [],
                "servers": []
            },
            {
                "name": "product-descp-service",
                "depends_on": [],
                "gates": [],
                "discos": [],
                "image_full": "cloudcomputinggroup12/microservice:productdescp",
                "buses": [],
                "monitors": [],
                "image": "cloudcomputinggroup12/microservice",
                "dbs": [],
                "servers": []
            },
            {
                "name": "hello-world-service",
                "depends_on": [],
                "gates": [],
                "discos": [],
                "image_full": "cloudcomputinggroup12/microservice:hello",
                "buses": [],
                "monitors": [],
                "image": "cloudcomputinggroup12/microservice",
                "dbs": [],
                "servers": []
            },
            {
                "name": "server",
                "depends_on": [],
                "gates": [],
                "discos": [],
                "image_full": "cloudcomputinggroup12/microservice:server",
                "buses": [],
                "monitors": [],
                "image": "cloudcomputinggroup12/microservice",
                "dbs": [],
                "servers": []
            }
        ],
        "detected_dbs": {
            "num": 0,
            "services": [],
            "shared_dbs": false,
            "names": []
        },
        "num_services": 4
    },
    "num_dockers": 5,
    "gates": [],
    "num_dbs": 0,
    "buses": []
}