{
    "num_gates": 0,
    "discos": [],
    "num_dbs": 0,
    "num_monitors": 0,
    "dockers": [
        {
            "langs": [],
            "cmd_keywords": [],
            "from_full": "base",
            "path": "/Dockerfile",
            "monitors": [],
            "discos": [],
            "cmd": "",
            "buses": [],
            "gates": [],
            "dbs": [],
            "from": "base",
            "keywords": [
                "mikeapiservice",
                "csproj",
                "dotnet",
                "app",
                "release"
            ],
            "servers": []
        }
    ],
    "dbs": [],
    "num_langs": 2,
    "num_servers": 0,
    "avg_size_service": 11.0,
    "structure": {
        "detected_dbs": {
            "num": 0,
            "shared_dbs": false,
            "names": [],
            "services": []
        },
        "num_services": 0,
        "path": [],
        "services": []
    },
    "images": [
        "base"
    ],
    "size": 11,
    "servers": [],
    "languages": [
        "c#",
        "dockerfile"
    ],
    "langs": [
        "dockerfile",
        "c#"
    ],
    "commiters": 2,
    "shared_dbs": false,
    "num_buses": 0,
    "num_services": 0,
    "monitors": [],
    "num_dockers": 1,
    "url": "git://github.com/mapolonov/web-api-docker-template.git",
    "name": "mapolonov/web-api-docker-template",
    "buses": [],
    "gates": [],
    "files": [],
    "num_discos": 0,
    "num_files": 2
}