{
    "monitors": [],
    "servers": [],
    "num_discos": 0,
    "discos": [],
    "shared_dbs": false,
    "name": "marcelmaatkamp/microservices-platform",
    "gates": [],
    "buses": [],
    "images": [],
    "avg_size_service": 840.0,
    "langs": [],
    "dockers": [],
    "structure": {
        "detected_dbs": {
            "num": 1,
            "services": [
                "nexus"
            ],
            "names": [
                "nexus"
            ],
            "shared_dbs": false
        },
        "services": [
            {
                "gates": [],
                "image_full": "gitlab/gitlab-ce:latest",
                "monitors": [],
                "name": "gitlab",
                "discos": [],
                "servers": [],
                "buses": [],
                "dbs": [],
                "depends_on": [],
                "image": "gitlab/gitlab-ce"
            },
            {
                "gates": [],
                "image_full": "adito/nodepki-docker",
                "monitors": [],
                "name": "nodepki",
                "discos": [],
                "servers": [],
                "buses": [],
                "dbs": [],
                "depends_on": [],
                "image": "adito/nodepki-docker"
            },
            {
                "gates": [],
                "image_full": "clearent/nexus:latest",
                "monitors": [],
                "name": "nexus",
                "discos": [],
                "servers": [],
                "buses": [],
                "dbs": [
                    "nexus"
                ],
                "depends_on": [],
                "image": "clearent/nexus"
            },
            {
                "gates": [],
                "image_full": "gitlab/gitlab-runner:alpine",
                "monitors": [],
                "name": "gitlab-runner",
                "discos": [],
                "servers": [],
                "buses": [],
                "dbs": [],
                "depends_on": [],
                "image": "gitlab/gitlab-runner"
            },
            {
                "gates": [],
                "image_full": "docker:17.06.0-ce-dind",
                "monitors": [],
                "name": "gitlab-dind",
                "discos": [],
                "servers": [],
                "buses": [],
                "dbs": [],
                "depends_on": [],
                "image": "docker"
            },
            {
                "gates": [],
                "image_full": "vimagick/dante",
                "monitors": [],
                "name": "proxy",
                "discos": [],
                "servers": [],
                "buses": [],
                "dbs": [],
                "depends_on": [],
                "image": "vimagick/dante"
            }
        ],
        "path": "/docker-compose.yml",
        "num_services": 6
    },
    "commiters": 2,
    "num_monitors": 0,
    "num_servers": 0,
    "num_dbs": 1,
    "num_buses": 0,
    "num_langs": 0,
    "dbs": [
        "nexus"
    ],
    "num_gates": 0,
    "num_files": 1,
    "num_services": 6,
    "size": 840,
    "languages": [],
    "url": "git://github.com/marcelmaatkamp/microservices-platform.git",
    "num_dockers": 0,
    "files": []
}