{
    "discos": [
        "eureka"
    ],
    "files": [
        {
            "discos": [
                "eureka"
            ],
            "dbs": [],
            "path": "/pom.xml",
            "gates": [
                "gateway"
            ],
            "buses": [],
            "servers": [
                "spring"
            ],
            "monitors": []
        },
        {
            "discos": [
                "eureka"
            ],
            "dbs": [],
            "path": "/gateway-service/pom.xml",
            "gates": [
                "gateway",
                "zuul"
            ],
            "buses": [],
            "servers": [
                "spring"
            ],
            "monitors": []
        },
        {
            "discos": [],
            "dbs": [
                "mysql"
            ],
            "path": "/microservice-mgr/pom.xml",
            "gates": [],
            "buses": [],
            "servers": [
                "spring"
            ],
            "monitors": []
        },
        {
            "discos": [
                "eureka"
            ],
            "dbs": [],
            "path": "/customer-service/pom.xml",
            "gates": [],
            "buses": [],
            "servers": [
                "spring"
            ],
            "monitors": []
        },
        {
            "discos": [
                "eureka"
            ],
            "dbs": [],
            "path": "/discovery-service/pom.xml",
            "gates": [],
            "buses": [],
            "servers": [
                "spring"
            ],
            "monitors": []
        },
        {
            "discos": [
                "eureka"
            ],
            "dbs": [],
            "path": "/account-service/pom.xml",
            "gates": [],
            "buses": [],
            "servers": [
                "spring"
            ],
            "monitors": []
        }
    ],
    "dbs": [
        "mysql"
    ],
    "num_monitors": 0,
    "url": "git://github.com/marvin-liao/Microservice-Manager.git",
    "languages": [
        "javascript",
        "css",
        "java"
    ],
    "images": [],
    "servers": [
        "spring"
    ],
    "num_files": 7,
    "commiters": 4,
    "num_buses": 0,
    "dockers": [],
    "buses": [],
    "num_dbs": 1,
    "num_dockers": 0,
    "langs": [
        "css",
        "javascript",
        "java"
    ],
    "shared_dbs": false,
    "num_services": 8,
    "structure": {
        "num_services": 8,
        "detected_dbs": {
            "num": 1,
            "names": [
                "mysql"
            ],
            "shared_dbs": false,
            "services": [
                "mgr-db"
            ]
        },
        "path": "/docker-compose.yml",
        "services": [
            {
                "discos": [],
                "image": "portainer/portainer",
                "dbs": [],
                "name": "portainer",
                "depends_on": [],
                "gates": [],
                "image_full": "portainer/portainer",
                "buses": [],
                "servers": [],
                "monitors": []
            },
            {
                "discos": [],
                "image": "java",
                "dbs": [],
                "name": "customer-service",
                "depends_on": [],
                "gates": [],
                "image_full": "java:8-jre",
                "buses": [],
                "servers": [],
                "monitors": []
            },
            {
                "discos": [],
                "image": "java",
                "dbs": [],
                "name": "account-service",
                "depends_on": [],
                "gates": [],
                "image_full": "java:8-jre",
                "buses": [],
                "servers": [],
                "monitors": []
            },
            {
                "discos": [],
                "image": "mysql",
                "dbs": [
                    "mysql"
                ],
                "name": "mgr-db",
                "depends_on": [],
                "gates": [],
                "image_full": "mysql",
                "buses": [],
                "servers": [],
                "monitors": []
            },
            {
                "discos": [],
                "image": "java",
                "dbs": [],
                "name": "discovery-service",
                "depends_on": [],
                "gates": [],
                "image_full": "java:8-jre",
                "buses": [],
                "servers": [],
                "monitors": []
            },
            {
                "discos": [],
                "image": "java",
                "dbs": [],
                "name": "microservice-mgr",
                "depends_on": [],
                "gates": [],
                "image_full": "java:8-jre",
                "buses": [],
                "servers": [],
                "monitors": []
            },
            {
                "discos": [],
                "image": "adminer",
                "dbs": [],
                "name": "adminer",
                "depends_on": [],
                "gates": [],
                "image_full": "adminer",
                "buses": [],
                "servers": [],
                "monitors": []
            },
            {
                "discos": [],
                "image": "java",
                "dbs": [],
                "name": "gateway-service",
                "depends_on": [],
                "gates": [],
                "image_full": "java:8-jre",
                "buses": [],
                "servers": [],
                "monitors": []
            }
        ]
    },
    "num_discos": 1,
    "num_langs": 3,
    "avg_size_service": 2763.0,
    "name": "marvin-liao/Microservice-Manager",
    "num_gates": 1,
    "gates": [
        "zuul"
    ],
    "num_servers": 1,
    "monitors": [],
    "size": 2763
}