{
    "num_gates": 0,
    "discos": [],
    "num_dbs": 0,
    "num_monitors": 0,
    "dockers": [
        {
            "langs": [
                "python"
            ],
            "cmd_keywords": [
                "flask",
                "app",
                "run",
                "export",
                "api"
            ],
            "from_full": "python:3.7-slim",
            "path": "/Dockerfile",
            "monitors": [],
            "discos": [],
            "cmd": "export FLASK_APP=api ; flask run --host 0.0.0.0 --port 5000",
            "buses": [],
            "gates": [],
            "dbs": [],
            "from": "python",
            "keywords": [
                "pipenv",
                "install",
                "system",
                "pip"
            ],
            "servers": [
                "flask"
            ]
        }
    ],
    "dbs": [],
    "num_langs": 1,
    "num_servers": 1,
    "avg_size_service": 35.0,
    "structure": {
        "detected_dbs": {
            "num": 0,
            "shared_dbs": false,
            "names": [],
            "services": []
        },
        "num_services": 1,
        "path": "/docker-compose.yml",
        "services": [
            {
                "discos": [],
                "image_full": "./Dockerfile",
                "name": "api",
                "image": "./Dockerfile",
                "buses": [],
                "gates": [],
                "depends_on": [],
                "monitors": [],
                "servers": [],
                "dbs": []
            }
        ]
    },
    "images": [
        "python"
    ],
    "size": 35,
    "servers": [
        "flask"
    ],
    "languages": [
        "python"
    ],
    "langs": [
        "python"
    ],
    "commiters": 2,
    "shared_dbs": false,
    "num_buses": 0,
    "num_services": 1,
    "monitors": [],
    "num_dockers": 1,
    "url": "git://github.com/marvincolgin/microservice-api-docker.git",
    "name": "marvincolgin/microservice-api-docker",
    "buses": [],
    "gates": [],
    "files": [
        {
            "discos": [],
            "buses": [],
            "gates": [],
            "monitors": [],
            "path": "/requirements.txt",
            "servers": [
                "flask"
            ],
            "dbs": []
        }
    ],
    "num_discos": 0,
    "num_files": 3
}