{
    "num_dbs": 0,
    "langs": [
        "java"
    ],
    "gates": [],
    "num_servers": 0,
    "num_dockers": 1,
    "num_buses": 0,
    "num_files": 3,
    "num_discos": 0,
    "num_services": 0,
    "dbs": [],
    "servers": [],
    "num_langs": 1,
    "structure": {
        "detected_dbs": {
            "num": 0,
            "shared_dbs": false,
            "services": [],
            "names": []
        },
        "services": [],
        "num_services": 0,
        "path": []
    },
    "commiters": 2,
    "languages": [
        "java"
    ],
    "files": [
        {
            "path": "/pom.xml"
        }
    ],
    "shared_dbs": false,
    "monitors": [],
    "discos": [],
    "dockers": [
        {
            "cmd_keywords": [],
            "from_full": "insideo/jre8:latest",
            "gates": [],
            "monitors": [],
            "discos": [],
            "langs": [],
            "from": "insideo/jre8",
            "path": "/src/main/docker/Dockerfile",
            "dbs": [],
            "servers": [],
            "buses": [],
            "cmd": "",
            "keywords": []
        }
    ],
    "num_monitors": 0,
    "images": [
        "insideo/jre8"
    ],
    "avg_size_service": 18.0,
    "num_gates": 0,
    "size": 18,
    "buses": [],
    "url": "git://github.com/match-proj/microservice-eureka.git",
    "name": "match-proj/microservice-eureka"
}