{
    "num_gates": 0,
    "discos": [],
    "num_dbs": 0,
    "num_monitors": 0,
    "dockers": [],
    "dbs": [],
    "num_langs": 1,
    "num_servers": 1,
    "avg_size_service": 3.0,
    "structure": {
        "detected_dbs": {
            "num": 0,
            "shared_dbs": false,
            "names": [],
            "services": []
        },
        "num_services": 0,
        "path": [],
        "services": []
    },
    "images": [],
    "size": 3,
    "servers": [
        "flask"
    ],
    "languages": [
        "python"
    ],
    "langs": [
        "python"
    ],
    "commiters": 1,
    "shared_dbs": false,
    "num_buses": 0,
    "num_services": 0,
    "monitors": [],
    "num_dockers": 0,
    "url": "git://github.com/Matt25969/python_docker_exercises_microservices.git",
    "name": "Matt25969/python_docker_exercises_microservices",
    "buses": [],
    "gates": [],
    "files": [
        {
            "discos": [],
            "buses": [],
            "gates": [],
            "monitors": [],
            "path": "/dataapi/requirements.txt",
            "servers": [
                "flask"
            ],
            "dbs": []
        },
        {
            "discos": [],
            "buses": [],
            "gates": [],
            "monitors": [],
            "path": "/client/requirements.txt",
            "servers": [
                "flask"
            ],
            "dbs": []
        }
    ],
    "num_discos": 0,
    "num_files": 3
}