{
    "num_dbs": 2,
    "langs": [
        "java"
    ],
    "gates": [],
    "num_servers": 1,
    "num_dockers": 1,
    "num_buses": 0,
    "num_files": 3,
    "num_discos": 1,
    "num_services": 0,
    "dbs": [
        "enterprise",
        "oracle"
    ],
    "servers": [
        "spring"
    ],
    "num_langs": 1,
    "structure": {
        "detected_dbs": {
            "num": 0,
            "shared_dbs": false,
            "services": [],
            "names": []
        },
        "services": [],
        "num_services": 0,
        "path": []
    },
    "commiters": 2,
    "languages": [
        "java"
    ],
    "files": [
        {
            "path": "/pom.xml",
            "dbs": [
                "mongodb",
                "enterprise"
            ],
            "servers": [
                "spring"
            ],
            "buses": [],
            "monitors": [],
            "discos": [
                "eureka"
            ],
            "gates": []
        }
    ],
    "shared_dbs": false,
    "monitors": [],
    "discos": [
        "eureka"
    ],
    "dockers": [
        {
            "cmd_keywords": [
                "jar",
                "snapshot",
                "java",
                "microservice",
                "example"
            ],
            "from_full": "ubuntu:16.04",
            "gates": [],
            "monitors": [],
            "discos": [],
            "langs": [
                "java"
            ],
            "from": "ubuntu",
            "path": "/Dockerfile",
            "dbs": [
                "oracle"
            ],
            "servers": [],
            "buses": [],
            "cmd": "java -jar example-microservice-0.0.1-SNAPSHOT.jar",
            "keywords": [
                "apt",
                "get",
                "java",
                "oracle",
                "list"
            ]
        }
    ],
    "num_monitors": 0,
    "images": [
        "ubuntu"
    ],
    "avg_size_service": 43.0,
    "num_gates": 0,
    "size": 43,
    "buses": [],
    "url": "git://github.com/mcs2015/example-microservice.git",
    "name": "mcs2015/example-microservice"
}