{
    "num_servers": 0,
    "num_monitors": 0,
    "commiters": 2,
    "num_discos": 0,
    "files": [],
    "url": "git://github.com/mezeipetister/user_microservice.git",
    "discos": [],
    "num_langs": 1,
    "langs": [
        "rust"
    ],
    "num_services": 0,
    "shared_dbs": false,
    "images": [
        "debian"
    ],
    "avg_size_service": 65.0,
    "num_gates": 0,
    "num_buses": 0,
    "dbs": [],
    "servers": [],
    "structure": {
        "services": [],
        "num_services": 0,
        "detected_dbs": {
            "num": 0,
            "shared_dbs": false,
            "names": [],
            "services": []
        },
        "path": []
    },
    "num_dockers": 1,
    "num_files": 2,
    "name": "mezeipetister/user_microservice",
    "dockers": [
        {
            "dbs": [],
            "servers": [],
            "keywords": [
                "get",
                "apt",
                "install",
                "curl",
                "update"
            ],
            "from_full": "debian:buster-slim",
            "cmd_keywords": [
                "user",
                "microservice"
            ],
            "cmd": "user_microservice",
            "langs": [],
            "buses": [],
            "monitors": [],
            "gates": [],
            "discos": [],
            "from": "debian",
            "path": "/Dockerfile"
        }
    ],
    "buses": [],
    "monitors": [],
    "gates": [],
    "size": 65,
    "languages": [
        "rust"
    ],
    "num_dbs": 0
}