{
    "num_gates": 0,
    "discos": [],
    "num_dbs": 0,
    "num_monitors": 0,
    "dockers": [],
    "dbs": [],
    "num_langs": 1,
    "num_servers": 0,
    "avg_size_service": 32.0,
    "structure": {
        "detected_dbs": {
            "num": 0,
            "shared_dbs": false,
            "names": [],
            "services": []
        },
        "num_services": 0,
        "path": [],
        "services": []
    },
    "images": [],
    "size": 32,
    "servers": [],
    "languages": [
        "c#"
    ],
    "langs": [
        "c#"
    ],
    "commiters": 1,
    "shared_dbs": false,
    "num_buses": 0,
    "num_services": 0,
    "monitors": [],
    "num_dockers": 0,
    "url": "git://github.com/michalgruda1/ProductCatalogAPI.git",
    "name": "michalgruda1/ProductCatalogAPI",
    "buses": [],
    "gates": [],
    "files": [],
    "num_discos": 0,
    "num_files": 1
}