{
    "num_dockers": 1,
    "commiters": 1,
    "num_services": 2,
    "servers": [
        "node",
        "express"
    ],
    "languages": [
        "javascript"
    ],
    "gates": [],
    "num_langs": 1,
    "langs": [
        "javascript"
    ],
    "num_servers": 2,
    "size": 10,
    "num_buses": 0,
    "url": "git://github.com/michaelmafort/temperature-playlist.git",
    "dbs": [
        "redis"
    ],
    "name": "michaelmafort/temperature-playlist",
    "shared_dbs": false,
    "num_gates": 0,
    "files": [
        {
            "buses": [],
            "dbs": [
                "redis"
            ],
            "path": "/package.json",
            "gates": [],
            "servers": [
                "express"
            ],
            "discos": [],
            "monitors": []
        }
    ],
    "monitors": [],
    "num_discos": 0,
    "structure": {
        "detected_dbs": {
            "num": 1,
            "names": [
                "redis"
            ],
            "services": [
                "redis"
            ],
            "shared_dbs": false
        },
        "services": [
            {
                "buses": [],
                "gates": [],
                "name": "microservice",
                "depends_on": [],
                "monitors": [],
                "dbs": [],
                "servers": [],
                "image": "./",
                "image_full": "./",
                "discos": []
            },
            {
                "buses": [],
                "gates": [],
                "name": "redis",
                "depends_on": [],
                "monitors": [],
                "dbs": [
                    "redis"
                ],
                "servers": [],
                "image": "redis",
                "image_full": "redis:4-alpine",
                "discos": []
            }
        ],
        "num_services": 2,
        "path": "/docker-compose.yml"
    },
    "buses": [],
    "avg_size_service": 10.0,
    "images": [
        "node"
    ],
    "num_files": 3,
    "num_monitors": 0,
    "num_dbs": 1,
    "discos": [],
    "dockers": [
        {
            "cmd": "node index.js",
            "dbs": [],
            "path": "/Dockerfile",
            "buses": [],
            "monitors": [],
            "servers": [
                "node"
            ],
            "from": "node",
            "cmd_keywords": [
                "index",
                "node"
            ],
            "keywords": [
                "npm",
                "install",
                "run",
                "test"
            ],
            "gates": [],
            "from_full": "node:8-alpine",
            "langs": [],
            "discos": []
        }
    ]
}