{
    "num_gates": 0,
    "discos": [],
    "num_dbs": 0,
    "num_monitors": 0,
    "dockers": [
        {
            "langs": [],
            "cmd_keywords": [
                "microservice",
                "usr",
                "profile",
                "local",
                "bin"
            ],
            "from_full": "alpine:3.10",
            "path": "/Dockerfile",
            "monitors": [],
            "discos": [],
            "cmd": "/usr/local/bin/microservice-user-profile",
            "buses": [],
            "gates": [],
            "dbs": [],
            "from": "alpine",
            "keywords": [
                "enabled",
                "microservice",
                "git",
                "microkubes",
                "cache"
            ],
            "servers": []
        }
    ],
    "dbs": [],
    "num_langs": 1,
    "num_servers": 0,
    "avg_size_service": 219.0,
    "structure": {
        "detected_dbs": {
            "num": 0,
            "shared_dbs": false,
            "names": [],
            "services": []
        },
        "num_services": 0,
        "path": [],
        "services": []
    },
    "images": [
        "alpine"
    ],
    "size": 219,
    "servers": [],
    "languages": [
        "go"
    ],
    "langs": [
        "go"
    ],
    "commiters": 11,
    "shared_dbs": false,
    "num_buses": 0,
    "num_services": 0,
    "monitors": [],
    "num_dockers": 1,
    "url": "git://github.com/Microkubes/microservice-user-profile.git",
    "name": "Microkubes/microservice-user-profile",
    "buses": [],
    "gates": [],
    "files": [],
    "num_discos": 0,
    "num_files": 2
}