{
    "monitors": [],
    "servers": [
        "jboss"
    ],
    "num_discos": 0,
    "discos": [],
    "shared_dbs": false,
    "name": "microportal/microportal-stack",
    "gates": [
        "nginx"
    ],
    "buses": [],
    "images": [],
    "avg_size_service": 64.0,
    "langs": [
        "shell"
    ],
    "dockers": [],
    "structure": {
        "detected_dbs": {
            "num": 1,
            "services": [
                "mongo"
            ],
            "names": [
                "mongo"
            ],
            "shared_dbs": false
        },
        "services": [
            {
                "gates": [],
                "image_full": "microportal/core-ui:1.1.0",
                "monitors": [],
                "name": "core-ui",
                "discos": [],
                "servers": [],
                "buses": [],
                "dbs": [],
                "depends_on": [],
                "image": "microportal/core-ui"
            },
            {
                "gates": [],
                "image_full": "microportal/microportal:1.1.0",
                "monitors": [],
                "name": "microportal",
                "discos": [],
                "servers": [],
                "buses": [],
                "dbs": [],
                "depends_on": [],
                "image": "microportal/microportal"
            },
            {
                "gates": [],
                "image_full": "postgres:alpine",
                "monitors": [],
                "name": "postgres",
                "discos": [],
                "servers": [],
                "buses": [],
                "dbs": [],
                "depends_on": [],
                "image": "postgres"
            },
            {
                "gates": [],
                "image_full": "microportal/login-ui:1.1.0",
                "monitors": [],
                "name": "login-ui",
                "discos": [],
                "servers": [],
                "buses": [],
                "dbs": [],
                "depends_on": [
                    "login-service"
                ],
                "image": "microportal/login-ui"
            },
            {
                "gates": [],
                "image_full": "microportal/core-service:1.0.0",
                "monitors": [],
                "name": "core-service",
                "discos": [],
                "servers": [],
                "buses": [],
                "dbs": [],
                "depends_on": [],
                "image": "microportal/core-service"
            },
            {
                "gates": [],
                "image_full": "jboss/keycloak",
                "monitors": [],
                "name": "keycloak",
                "discos": [],
                "servers": [
                    "jboss"
                ],
                "buses": [],
                "dbs": [],
                "depends_on": [
                    "postgres"
                ],
                "image": "jboss/keycloak"
            },
            {
                "gates": [
                    "nginx"
                ],
                "image_full": "nginx:stable-alpine",
                "monitors": [],
                "name": "nginx",
                "discos": [],
                "servers": [],
                "buses": [],
                "dbs": [],
                "depends_on": [
                    "login-ui"
                ],
                "image": "nginx"
            },
            {
                "gates": [],
                "image_full": "mongo",
                "monitors": [],
                "name": "mongo",
                "discos": [],
                "servers": [],
                "buses": [],
                "dbs": [
                    "mongo"
                ],
                "depends_on": [],
                "image": "mongo"
            },
            {
                "gates": [],
                "image_full": "microportal/login-service:1.0.0",
                "monitors": [],
                "name": "login-service",
                "discos": [],
                "servers": [],
                "buses": [],
                "dbs": [],
                "depends_on": [
                    "keycloak"
                ],
                "image": "microportal/login-service"
            }
        ],
        "path": "/docker-compose.yml",
        "num_services": 9
    },
    "commiters": 1,
    "num_monitors": 0,
    "num_servers": 1,
    "num_dbs": 1,
    "num_buses": 0,
    "num_langs": 1,
    "dbs": [
        "mongo"
    ],
    "num_gates": 1,
    "num_files": 1,
    "num_services": 9,
    "size": 64,
    "languages": [
        "shell"
    ],
    "url": "git://github.com/microportal/microportal-stack.git",
    "num_dockers": 0,
    "files": []
}