{
    "num_gates": 1,
    "discos": [
        "eureka"
    ],
    "num_dbs": 0,
    "num_monitors": 0,
    "dockers": [
        {
            "langs": [],
            "cmd_keywords": [],
            "from_full": "openjdk:8-jre",
            "path": "/Dockerfile",
            "monitors": [],
            "discos": [],
            "cmd": "",
            "buses": [],
            "gates": [],
            "dbs": [],
            "from": "openjdk",
            "keywords": [],
            "servers": []
        }
    ],
    "dbs": [],
    "num_langs": 1,
    "num_servers": 1,
    "avg_size_service": 11.0,
    "structure": {
        "detected_dbs": {
            "num": 0,
            "shared_dbs": false,
            "names": [],
            "services": []
        },
        "num_services": 0,
        "path": [],
        "services": []
    },
    "images": [
        "openjdk"
    ],
    "size": 11,
    "servers": [
        "spring"
    ],
    "languages": [
        "java"
    ],
    "langs": [
        "java"
    ],
    "commiters": 2,
    "shared_dbs": false,
    "num_buses": 0,
    "num_services": 0,
    "monitors": [],
    "num_dockers": 1,
    "url": "git://github.com/microservice-with-security-oauth2-0/api-gateway-service.git",
    "name": "microservice-with-security-oauth2-0/api-gateway-service",
    "buses": [],
    "gates": [
        "zuul"
    ],
    "files": [
        {
            "discos": [
                "eureka"
            ],
            "buses": [],
            "gates": [
                "zuul",
                "gateway"
            ],
            "monitors": [],
            "path": "/pom.xml",
            "servers": [
                "spring"
            ],
            "dbs": []
        }
    ],
    "num_discos": 1,
    "num_files": 3
}