{
    "num_discos": 0,
    "structure": {
        "detected_dbs": {
            "num": 0,
            "shared_dbs": false,
            "names": [],
            "services": []
        },
        "num_services": 0,
        "path": [],
        "services": []
    },
    "buses": [],
    "servers": [],
    "name": "Midnighter/fastapi-base",
    "num_gates": 0,
    "gates": [],
    "num_dbs": 0,
    "discos": [],
    "num_servers": 0,
    "num_dockers": 2,
    "dockers": [
        {
            "cmd": "",
            "dbs": [],
            "keywords": [
                "apk",
                "app",
                "cache",
                "build",
                "user"
            ],
            "buses": [],
            "monitors": [],
            "from": "python",
            "langs": [
                "python"
            ],
            "cmd_keywords": [],
            "gates": [],
            "from_full": "python:${TAG}",
            "discos": [],
            "path": "/alpine/Dockerfile",
            "servers": []
        },
        {
            "cmd": "",
            "dbs": [],
            "keywords": [
                "apt",
                "get",
                "set",
                "eux",
                "user"
            ],
            "buses": [],
            "monitors": [],
            "from": "python",
            "langs": [
                "python"
            ],
            "cmd_keywords": [],
            "gates": [],
            "from_full": "python:${TAG}",
            "discos": [],
            "path": "/debian/Dockerfile",
            "servers": []
        }
    ],
    "dbs": [],
    "images": [
        "python"
    ],
    "commiters": 2,
    "monitors": [],
    "files": [],
    "langs": [
        "dockerfile",
        "python",
        "shell"
    ],
    "url": "git://github.com/Midnighter/fastapi-base.git",
    "num_monitors": 0,
    "shared_dbs": false,
    "size": 39,
    "languages": [
        "dockerfile",
        "shell"
    ],
    "num_langs": 3,
    "num_buses": 0,
    "avg_size_service": 19.5,
    "num_files": 3,
    "num_services": 0
}