{
    "num_gates": 0,
    "discos": [],
    "num_dbs": 0,
    "num_monitors": 0,
    "dockers": [
        {
            "langs": [],
            "cmd_keywords": [
                "main"
            ],
            "from_full": "ubuntu",
            "path": "/mouyuan4598/net/html/Dockerfile",
            "monitors": [],
            "discos": [],
            "cmd": "./main",
            "buses": [],
            "gates": [],
            "dbs": [],
            "from": "ubuntu",
            "keywords": [
                "build",
                "main"
            ],
            "servers": []
        },
        {
            "langs": [
                "scratch"
            ],
            "cmd_keywords": [],
            "from_full": "scratch",
            "path": "/mouyuan4598/gin/Dockerfile",
            "monitors": [],
            "discos": [],
            "cmd": "",
            "buses": [],
            "gates": [],
            "dbs": [],
            "from": "scratch",
            "keywords": [
                "build",
                "gin",
                "enabled",
                "bin",
                "cgo"
            ],
            "servers": []
        },
        {
            "langs": [
                "scratch"
            ],
            "cmd_keywords": [],
            "from_full": "scratch",
            "path": "/mouyuan4598/hello/Dockerfile",
            "monitors": [],
            "discos": [],
            "cmd": "",
            "buses": [],
            "gates": [],
            "dbs": [],
            "from": "scratch",
            "keywords": [
                "build",
                "enabled",
                "helloo",
                "bin",
                "cgo"
            ],
            "servers": []
        },
        {
            "langs": [
                "scratch"
            ],
            "cmd_keywords": [],
            "from_full": "scratch",
            "path": "/mouyuan4598/server/Dockerfile",
            "monitors": [],
            "discos": [],
            "cmd": "",
            "buses": [],
            "gates": [],
            "dbs": [],
            "from": "scratch",
            "keywords": [
                "build",
                "enabled",
                "server",
                "bin",
                "cgo"
            ],
            "servers": []
        },
        {
            "langs": [
                "python"
            ],
            "cmd_keywords": [
                "hello",
                "python"
            ],
            "from_full": "python:3.8-slim-buster",
            "path": "/mouyuan4598/py/Dockerfile",
            "monitors": [],
            "discos": [],
            "cmd": "python ./hello.py",
            "buses": [],
            "gates": [],
            "dbs": [],
            "from": "python",
            "keywords": [
                "pip",
                "txt",
                "install",
                "cache",
                "dir"
            ],
            "servers": []
        },
        {
            "langs": [],
            "cmd_keywords": [],
            "from_full": "alpine:latest",
            "path": "/mouyuan4598/microservice/Dockerfile",
            "monitors": [],
            "discos": [],
            "cmd": "",
            "buses": [],
            "gates": [],
            "dbs": [],
            "from": "alpine",
            "keywords": [
                "build",
                "enabled",
                "microservice",
                "bin",
                "cgo"
            ],
            "servers": []
        }
    ],
    "dbs": [],
    "num_langs": 4,
    "num_servers": 0,
    "avg_size_service": 15573.666666666666,
    "structure": {
        "detected_dbs": {
            "num": 0,
            "shared_dbs": false,
            "names": [],
            "services": []
        },
        "num_services": 0,
        "path": [],
        "services": []
    },
    "images": [
        "ubuntu",
        "scratch",
        "python",
        "alpine"
    ],
    "size": 93442,
    "servers": [],
    "languages": [
        "go",
        "html"
    ],
    "langs": [
        "scratch",
        "html",
        "python",
        "go"
    ],
    "commiters": 2,
    "shared_dbs": false,
    "num_buses": 0,
    "num_services": 0,
    "monitors": [],
    "num_dockers": 6,
    "url": "git://github.com/mouyuan4598/golangLInux.git",
    "name": "mouyuan4598/golangLInux",
    "buses": [],
    "gates": [],
    "files": [
        {
            "discos": [],
            "buses": [],
            "gates": [],
            "monitors": [],
            "path": "/mouyuan4598/py/requirements.txt",
            "servers": [],
            "dbs": []
        }
    ],
    "num_discos": 0,
    "num_files": 8
}