{
    "monitors": [],
    "servers": [
        "spring"
    ],
    "num_discos": 0,
    "discos": [],
    "shared_dbs": false,
    "name": "msalaslo/spring-scheduler-quartz",
    "gates": [],
    "buses": [],
    "images": [
        "docker-sd.faas.securitasdirect.local/pss/spring-boot-microservice"
    ],
    "avg_size_service": 61.0,
    "langs": [
        "java"
    ],
    "dockers": [
        {
            "keywords": [
                "jar",
                "name"
            ],
            "cmd_keywords": [],
            "monitors": [],
            "langs": [],
            "servers": [
                "spring"
            ],
            "dbs": [],
            "from_full": "docker-sd.faas.securitasdirect.local/pss/spring-boot-microservice:java11",
            "from": "docker-sd.faas.securitasdirect.local/pss/spring-boot-microservice",
            "cmd": "",
            "discos": [],
            "buses": [],
            "gates": [],
            "path": "/docker/Dockerfile"
        }
    ],
    "structure": {
        "detected_dbs": {
            "num": 0,
            "services": [],
            "names": [],
            "shared_dbs": false
        },
        "services": [],
        "path": [],
        "num_services": 0
    },
    "commiters": 1,
    "num_monitors": 0,
    "num_servers": 1,
    "num_dbs": 1,
    "num_buses": 0,
    "num_langs": 1,
    "dbs": [
        "mysql"
    ],
    "num_gates": 0,
    "num_files": 3,
    "num_services": 0,
    "size": 61,
    "languages": [
        "java"
    ],
    "url": "git://github.com/msalaslo/spring-scheduler-quartz.git",
    "num_dockers": 1,
    "files": [
        {
            "monitors": [],
            "discos": [],
            "servers": [
                "spring"
            ],
            "path": "/pom.xml",
            "gates": [],
            "buses": [],
            "dbs": [
                "mysql"
            ]
        }
    ]
}