{
    "num_gates": 0,
    "discos": [],
    "num_dbs": 0,
    "num_monitors": 0,
    "dockers": [
        {
            "langs": [
                "javascript"
            ],
            "cmd_keywords": [],
            "from_full": "semtech/mu-javascript-template:1.3.5",
            "path": "/Dockerfile",
            "monitors": [],
            "discos": [],
            "cmd": "",
            "buses": [],
            "gates": [],
            "dbs": [],
            "from": "semtech/mu-javascript-template",
            "keywords": [
                "save",
                "install",
                "npm",
                "sync",
                "api"
            ],
            "servers": []
        }
    ],
    "dbs": [],
    "num_langs": 1,
    "num_servers": 0,
    "avg_size_service": 15.0,
    "structure": {
        "detected_dbs": {
            "num": 0,
            "shared_dbs": false,
            "names": [],
            "services": []
        },
        "num_services": 0,
        "path": [],
        "services": []
    },
    "images": [
        "semtech/mu-javascript-template"
    ],
    "size": 15,
    "servers": [],
    "languages": [
        "javascript"
    ],
    "langs": [
        "javascript"
    ],
    "commiters": 2,
    "shared_dbs": false,
    "num_buses": 0,
    "num_services": 0,
    "monitors": [],
    "num_dockers": 1,
    "url": "git://github.com/mu-semtech/microservice-revision-service.git",
    "name": "mu-semtech/microservice-revision-service",
    "buses": [],
    "gates": [],
    "files": [],
    "num_discos": 0,
    "num_files": 2
}