{
    "monitors": [],
    "name": "muhammet-mucahit/Shipping-Control-Service",
    "size": 95,
    "num_monitors": 0,
    "images": [
        "openjdk"
    ],
    "dbs": [],
    "commiters": 1,
    "langs": [
        "java"
    ],
    "url": "git://github.com/muhammet-mucahit/Shipping-Control-Service.git",
    "num_buses": 0,
    "shared_dbs": false,
    "buses": [],
    "gates": [],
    "languages": [
        "java"
    ],
    "num_files": 3,
    "files": [
        {
            "monitors": [],
            "discos": [],
            "servers": [
                "spring"
            ],
            "buses": [],
            "path": "/pom.xml",
            "dbs": [],
            "gates": []
        }
    ],
    "num_gates": 0,
    "num_discos": 0,
    "num_services": 0,
    "num_langs": 1,
    "structure": {
        "detected_dbs": {
            "num": 0,
            "shared_dbs": false,
            "names": [],
            "services": []
        },
        "num_services": 0,
        "path": [],
        "services": []
    },
    "num_dbs": 0,
    "num_dockers": 1,
    "dockers": [
        {
            "monitors": [],
            "keywords": [],
            "path": "/Dockerfile",
            "dbs": [],
            "cmd": "",
            "from_full": "openjdk:8-jdk-alpine",
            "servers": [],
            "langs": [],
            "from": "openjdk",
            "discos": [],
            "buses": [],
            "cmd_keywords": [],
            "gates": []
        }
    ],
    "servers": [
        "spring"
    ],
    "discos": [],
    "avg_size_service": 95.0,
    "num_servers": 1
}