{
    "num_discos": 0,
    "structure": {
        "detected_dbs": {
            "num": 1,
            "shared_dbs": false,
            "names": [
                "mongo"
            ],
            "services": [
                "kotlin-mongo"
            ]
        },
        "num_services": 3,
        "path": "/docker-compose.yml",
        "services": [
            {
                "dbs": [],
                "buses": [],
                "servers": [],
                "discos": [],
                "monitors": [],
                "image_full": "kotlinuserservice",
                "depends_on": [
                    "kotlin-mongo"
                ],
                "name": "kotlinuserservice",
                "gates": [],
                "image": "kotlinuserservice"
            },
            {
                "dbs": [
                    "mongo"
                ],
                "buses": [],
                "servers": [],
                "discos": [],
                "monitors": [],
                "image_full": "mongo",
                "depends_on": [],
                "name": "kotlin-mongo",
                "gates": [],
                "image": "mongo"
            },
            {
                "dbs": [],
                "buses": [],
                "servers": [],
                "discos": [],
                "monitors": [],
                "image_full": "kotlingateway",
                "depends_on": [
                    "kotlinuserservice"
                ],
                "name": "kotlingateway",
                "gates": [],
                "image": "kotlingateway"
            }
        ]
    },
    "buses": [],
    "servers": [
        "spring"
    ],
    "name": "Murugar/KotlinMicroServicesDocker",
    "num_gates": 1,
    "gates": [
        "zuul"
    ],
    "num_dbs": 1,
    "discos": [],
    "num_servers": 1,
    "num_dockers": 2,
    "dockers": [
        {
            "cmd": "",
            "dbs": [],
            "cmd_keywords": [],
            "buses": [],
            "monitors": [],
            "from": "frolvlad/alpine-oraclejdk8",
            "langs": [],
            "keywords": [
                "touch",
                "app",
                "jar"
            ],
            "gates": [],
            "from_full": "frolvlad/alpine-oraclejdk8:8.131.11-slim",
            "discos": [],
            "path": "/kotlingateway/Dockerfile",
            "servers": []
        },
        {
            "cmd": "",
            "dbs": [],
            "cmd_keywords": [],
            "buses": [],
            "monitors": [],
            "from": "frolvlad/alpine-oraclejdk8",
            "langs": [],
            "keywords": [
                "touch",
                "app",
                "jar"
            ],
            "gates": [],
            "from_full": "frolvlad/alpine-oraclejdk8:8.131.11-slim",
            "discos": [],
            "path": "/kotlinuserservice/Dockerfile",
            "servers": []
        }
    ],
    "dbs": [
        "mongo"
    ],
    "images": [
        "frolvlad/alpine-oraclejdk8"
    ],
    "commiters": 2,
    "monitors": [],
    "files": [
        {
            "dbs": [],
            "buses": [],
            "servers": [
                "spring"
            ],
            "discos": [],
            "monitors": [],
            "gates": [
                "gateway",
                "zuul"
            ],
            "path": "/kotlingateway/pom.xml"
        },
        {
            "dbs": [
                "mongodb"
            ],
            "buses": [],
            "servers": [
                "spring"
            ],
            "discos": [],
            "monitors": [],
            "gates": [],
            "path": "/kotlinuserservice/pom.xml"
        }
    ],
    "langs": [
        "dockerfile",
        "kotlin"
    ],
    "url": "git://github.com/Murugar/KotlinMicroServicesDocker.git",
    "num_monitors": 0,
    "shared_dbs": false,
    "size": 11,
    "languages": [
        "kotlin",
        "dockerfile"
    ],
    "num_langs": 2,
    "num_buses": 0,
    "avg_size_service": 5.5,
    "num_files": 5,
    "num_services": 3
}