{
    "structure": {
        "detected_dbs": {
            "num": 0,
            "services": [],
            "shared_dbs": false,
            "names": []
        },
        "path": "/scripts/docker-compose.yml",
        "services": [
            {
                "depends_on": [],
                "dbs": [],
                "buses": [],
                "gates": [],
                "name": "service",
                "image_full": "mwpro/fibon-service",
                "discos": [],
                "monitors": [],
                "image": "mwpro/fibon-service",
                "servers": []
            },
            {
                "depends_on": [],
                "dbs": [],
                "buses": [],
                "gates": [],
                "name": "api",
                "image_full": "mwpro/fibon-api",
                "discos": [],
                "monitors": [],
                "image": "mwpro/fibon-api",
                "servers": []
            },
            {
                "depends_on": [
                    "rabbitmq"
                ],
                "dbs": [],
                "buses": [],
                "gates": [],
                "name": "start_dependencies",
                "image_full": "dadarek/wait-for-dependencies",
                "discos": [],
                "monitors": [],
                "image": "dadarek/wait-for-dependencies",
                "servers": []
            },
            {
                "depends_on": [],
                "dbs": [],
                "buses": [
                    "rabbitmq"
                ],
                "gates": [],
                "name": "rabbitmq",
                "image_full": "rabbitmq:latest",
                "discos": [],
                "monitors": [],
                "image": "rabbitmq",
                "servers": []
            }
        ],
        "num_services": 4
    },
    "url": "git://github.com/mwpro/Fibon.git",
    "monitors": [],
    "num_gates": 0,
    "shared_dbs": false,
    "num_buses": 1,
    "num_dbs": 0,
    "dbs": [],
    "commiters": 1,
    "languages": [
        "c#"
    ],
    "num_services": 4,
    "num_discos": 0,
    "num_dockers": 2,
    "gates": [],
    "langs": [
        "c#"
    ],
    "dockers": [
        {
            "langs": [],
            "keywords": [],
            "buses": [],
            "cmd": "",
            "monitors": [],
            "path": "/src/Fibon.Api/Dockerfile",
            "dbs": [],
            "from_full": "microsoft/dotnet:runtime",
            "gates": [],
            "discos": [],
            "cmd_keywords": [],
            "from": "microsoft/dotnet",
            "servers": []
        },
        {
            "langs": [],
            "keywords": [],
            "buses": [],
            "cmd": "",
            "monitors": [],
            "path": "/src/Fibon.Service/Dockerfile",
            "dbs": [],
            "from_full": "microsoft/dotnet:runtime",
            "gates": [],
            "discos": [],
            "cmd_keywords": [],
            "from": "microsoft/dotnet",
            "servers": []
        }
    ],
    "buses": [
        "rabbitmq"
    ],
    "name": "mwpro/Fibon",
    "images": [
        "microsoft/dotnet"
    ],
    "num_langs": 1,
    "num_servers": 0,
    "num_files": 3,
    "discos": [],
    "num_monitors": 0,
    "avg_size_service": 16.0,
    "size": 32,
    "files": [],
    "servers": []
}