{
    "gates": [],
    "num_dockers": 2,
    "languages": [
        "go",
        "javascript",
        "vue"
    ],
    "num_gates": 0,
    "structure": {
        "services": [],
        "detected_dbs": {
            "shared_dbs": false,
            "names": [],
            "services": [],
            "num": 0
        },
        "num_services": 0,
        "path": []
    },
    "num_langs": 5,
    "dockers": [
        {
            "keywords": [
                "make",
                "add",
                "cache",
                "apk",
                "certificates"
            ],
            "gates": [],
            "dbs": [],
            "cmd_keywords": [],
            "path": "/wallet-endpoint-service/vendor/github.com/ethereum/go-ethereum/Dockerfile",
            "discos": [],
            "cmd": "",
            "from": "alpine",
            "monitors": [],
            "from_full": "alpine:latest",
            "servers": [],
            "buses": [],
            "langs": [
                "gcc"
            ]
        },
        {
            "keywords": [
                "build",
                "app",
                "get"
            ],
            "gates": [],
            "dbs": [],
            "cmd_keywords": [
                "app"
            ],
            "path": "/wallet-endpoint-service/login-microservice/Dockerfile",
            "discos": [],
            "cmd": "/app",
            "from": "golang",
            "monitors": [],
            "from_full": "golang:alpine",
            "servers": [],
            "buses": [],
            "langs": [
                "golang"
            ]
        }
    ],
    "images": [
        "alpine",
        "golang"
    ],
    "num_servers": 1,
    "num_monitors": 0,
    "langs": [
        "gcc",
        "javascript",
        "vue",
        "golang",
        "go"
    ],
    "buses": [],
    "num_services": 0,
    "commiters": 3,
    "avg_size_service": 14581.5,
    "dbs": [],
    "files": [
        {
            "gates": [],
            "monitors": [],
            "dbs": [],
            "path": "/wallet-web-app/package.json",
            "servers": [
                "node"
            ],
            "discos": [],
            "buses": []
        }
    ],
    "num_buses": 0,
    "discos": [],
    "size": 29163,
    "monitors": [],
    "shared_dbs": false,
    "url": "git://github.com/Nasheor/identity-wallet.git",
    "num_dbs": 0,
    "name": "Nasheor/identity-wallet",
    "num_files": 4,
    "num_discos": 0,
    "servers": [
        "node"
    ]
}