{
    "files": [
        {
            "gates": [],
            "discos": [],
            "servers": [
                "tomcat"
            ],
            "monitors": [],
            "buses": [],
            "dbs": [],
            "path": "/java/micronaut/pom.xml"
        },
        {
            "gates": [],
            "discos": [],
            "servers": [
                "spring"
            ],
            "monitors": [],
            "buses": [],
            "dbs": [
                "postgresql",
                "mysql"
            ],
            "path": "/java/springboot/pom.xml"
        }
    ],
    "num_services": 3,
    "languages": [
        "c#",
        "batchfile",
        "java"
    ],
    "shared_dbs": false,
    "num_discos": 1,
    "num_dbs": 2,
    "gates": [],
    "num_files": 6,
    "num_langs": 3,
    "avg_size_service": 63.333333333333336,
    "num_monitors": 0,
    "dockers": [
        {
            "cmd": "",
            "from": "mcr.microsoft.com/dotnet/core/sdk",
            "from_full": "mcr.microsoft.com/dotnet/core/sdk:3.1",
            "servers": [],
            "buses": [],
            "dbs": [],
            "path": "/dotnet-core/MicroserviceDotnetCore/Dockerfile",
            "gates": [],
            "discos": [],
            "keywords": [
                "dotnet",
                "release",
                "publish",
                "restore",
                "out"
            ],
            "cmd_keywords": [],
            "langs": [],
            "monitors": []
        },
        {
            "cmd": "java -Dcom.sun.management.jmxremote -Xmx128m -jar micronaut-service.jar",
            "from": "openjdk",
            "from_full": "openjdk:14-alpine",
            "servers": [],
            "buses": [],
            "dbs": [],
            "path": "/java/micronaut/Dockerfile",
            "gates": [],
            "discos": [],
            "keywords": [],
            "cmd_keywords": [
                "jar",
                "service",
                "java",
                "management",
                "sun"
            ],
            "langs": [
                "java"
            ],
            "monitors": []
        },
        {
            "cmd": "",
            "from": "openjdk",
            "from_full": "openjdk:8-jdk-alpine",
            "servers": [
                "spring"
            ],
            "buses": [],
            "dbs": [],
            "path": "/java/springboot/Dockerfile",
            "gates": [],
            "discos": [],
            "keywords": [
                "spring",
                "adduser",
                "addgroup"
            ],
            "cmd_keywords": [],
            "langs": [],
            "monitors": []
        }
    ],
    "size": 190,
    "langs": [
        "java",
        "c#",
        "batchfile"
    ],
    "num_buses": 0,
    "images": [
        "mcr.microsoft.com/dotnet/core/sdk",
        "openjdk"
    ],
    "servers": [
        "tomcat",
        "spring"
    ],
    "commiters": 2,
    "buses": [],
    "dbs": [
        "postgresql",
        "mysql"
    ],
    "name": "nasph-io/microservices-samples",
    "discos": [
        "traefik"
    ],
    "url": "git://github.com/nasph-io/microservices-samples.git",
    "num_servers": 2,
    "monitors": [],
    "num_gates": 0,
    "structure": {
        "detected_dbs": {
            "names": [],
            "services": [],
            "num": 0,
            "shared_dbs": false
        },
        "services": [
            {
                "gates": [],
                "buses": [],
                "discos": [],
                "image": "skalena/spperformer",
                "monitors": [],
                "servers": [],
                "image_full": "skalena/spperformer",
                "dbs": [],
                "name": "spperformer",
                "depends_on": []
            },
            {
                "gates": [],
                "buses": [],
                "discos": [
                    "traefik"
                ],
                "image": "traefik",
                "monitors": [],
                "servers": [],
                "image_full": "traefik:v2.2",
                "dbs": [],
                "name": "reverse-proxy",
                "depends_on": []
            },
            {
                "gates": [],
                "buses": [],
                "discos": [],
                "image": "skalena/spperformer",
                "monitors": [],
                "servers": [],
                "image_full": "skalena/spperformer",
                "dbs": [],
                "name": "spperformer2",
                "depends_on": []
            }
        ],
        "num_services": 3,
        "path": "/java/springboot/docker-compose.yml"
    },
    "num_dockers": 3
}