{
    "num_servers": 2,
    "num_monitors": 0,
    "commiters": 1,
    "num_discos": 2,
    "files": [
        {
            "buses": [],
            "dbs": [],
            "servers": [],
            "monitors": [],
            "gates": [],
            "discos": [],
            "path": "/build.gradle"
        },
        {
            "buses": [],
            "dbs": [],
            "servers": [],
            "monitors": [],
            "gates": [
                "gateway"
            ],
            "discos": [],
            "path": "/settings.gradle"
        },
        {
            "path": "/veterinarians-service/build.gradle"
        },
        {
            "path": "/counties-service/build.gradle"
        },
        {
            "path": "/gateway-service/build.gradle"
        },
        {
            "buses": [],
            "dbs": [],
            "servers": [
                "spring"
            ],
            "monitors": [],
            "gates": [],
            "discos": [
                "eureka"
            ],
            "path": "/discovery-service/build.gradle"
        },
        {
            "buses": [],
            "dbs": [],
            "servers": [],
            "monitors": [],
            "gates": [],
            "discos": [],
            "path": "/discovery-service/settings.gradle"
        },
        {
            "path": "/city-service/build.gradle"
        },
        {
            "path": "/animals-app/build.gradle"
        },
        {
            "buses": [],
            "dbs": [],
            "servers": [],
            "monitors": [],
            "gates": [],
            "discos": [],
            "path": "/animals-app/settings.gradle"
        },
        {
            "buses": [],
            "dbs": [],
            "servers": [
                "spring"
            ],
            "monitors": [],
            "gates": [
                "zuul"
            ],
            "discos": [
                "eureka"
            ],
            "path": "/proxy-service/build.gradle"
        },
        {
            "buses": [],
            "dbs": [],
            "servers": [
                "spring"
            ],
            "monitors": [],
            "gates": [],
            "discos": [],
            "path": "/config-service/build.gradle"
        },
        {
            "buses": [],
            "dbs": [],
            "servers": [],
            "monitors": [],
            "gates": [],
            "discos": [],
            "path": "/config-service/settings.gradle"
        }
    ],
    "url": "git://github.com/naut92/animals-microservices-project.git",
    "discos": [
        "eureka",
        "consul"
    ],
    "num_langs": 1,
    "langs": [
        "java"
    ],
    "num_services": 2,
    "shared_dbs": false,
    "images": [
        "rabbitmq",
        "busybox"
    ],
    "avg_size_service": 1215.5,
    "num_gates": 1,
    "num_buses": 1,
    "dbs": [],
    "servers": [
        "busybox",
        "spring"
    ],
    "structure": {
        "services": [
            {
                "name": "frontend",
                "buses": [],
                "dbs": [],
                "servers": [],
                "image_full": "animals-app-client",
                "gates": [],
                "discos": [],
                "depends_on": [
                    "backend"
                ],
                "image": "animals-app-client",
                "monitors": []
            },
            {
                "name": "backend",
                "buses": [],
                "dbs": [],
                "servers": [],
                "image_full": "local/animals-app:0.0.1",
                "gates": [],
                "discos": [],
                "depends_on": [],
                "image": "local/animals-app",
                "monitors": []
            }
        ],
        "num_services": 2,
        "detected_dbs": {
            "num": 0,
            "shared_dbs": false,
            "names": [],
            "services": []
        },
        "path": "/animals-app/docker-compose.yml"
    },
    "num_dockers": 2,
    "num_files": 16,
    "name": "naut92/animals-microservices-project",
    "dockers": [
        {
            "dbs": [],
            "servers": [
                "busybox"
            ],
            "keywords": [],
            "from_full": "busybox:latest",
            "cmd_keywords": [
                "dev",
                "null",
                "tail"
            ],
            "cmd": "\"tail\" \"-f\" \"/dev/null\"",
            "langs": [],
            "buses": [],
            "monitors": [],
            "gates": [],
            "discos": [],
            "from": "busybox",
            "path": "/k8s/frontend/Dockerfile"
        },
        {
            "dbs": [],
            "servers": [],
            "keywords": [
                "rabbitmq",
                "discovery",
                "peer",
                "enable",
                "consul"
            ],
            "from_full": "rabbitmq:3-management",
            "cmd_keywords": [],
            "cmd": "",
            "langs": [],
            "buses": [
                "rabbitmq"
            ],
            "monitors": [],
            "gates": [],
            "discos": [
                "consul"
            ],
            "from": "rabbitmq",
            "path": "/animals-app/Dockerfile"
        }
    ],
    "buses": [
        "rabbitmq"
    ],
    "monitors": [],
    "gates": [
        "zuul"
    ],
    "size": 2431,
    "languages": [
        "java"
    ],
    "num_dbs": 0
}