{
    "num_services": 0,
    "name": "nazmulb/microservice",
    "size": 220,
    "avg_size_service": 220.0,
    "monitors": [],
    "images": [
        "node"
    ],
    "languages": [
        "javascript"
    ],
    "servers": [
        "node",
        "express"
    ],
    "dockers": [
        {
            "langs": [],
            "dbs": [],
            "buses": [],
            "cmd": "npm start",
            "cmd_keywords": [
                "start",
                "npm"
            ],
            "monitors": [],
            "keywords": [
                "microservice",
                "install",
                "mkdir",
                "npm",
                "var"
            ],
            "servers": [
                "node"
            ],
            "from": "node",
            "from_full": "node:9.8.0",
            "gates": [],
            "path": "/Dockerfile",
            "discos": []
        }
    ],
    "num_servers": 2,
    "num_gates": 0,
    "discos": [],
    "num_monitors": 0,
    "files": [
        {
            "servers": [
                "node",
                "express"
            ],
            "gates": [],
            "dbs": [],
            "buses": [],
            "path": "/package.json",
            "monitors": [],
            "discos": []
        }
    ],
    "dbs": [],
    "buses": [],
    "langs": [
        "javascript"
    ],
    "num_dbs": 0,
    "url": "git://github.com/nazmulb/microservice.git",
    "shared_dbs": false,
    "gates": [],
    "num_langs": 1,
    "num_dockers": 1,
    "num_buses": 0,
    "num_files": 3,
    "num_discos": 0,
    "commiters": 1,
    "structure": {
        "num_services": 0,
        "services": [],
        "path": [],
        "detected_dbs": {
            "services": [],
            "shared_dbs": false,
            "num": 0,
            "names": []
        }
    }
}