{
    "dbs": [
        "postgresql"
    ],
    "images": [
        "openjdk"
    ],
    "buses": [
        "kafka"
    ],
    "servers": [
        "spring"
    ],
    "num_gates": 0,
    "gates": [],
    "discos": [],
    "num_dbs": 1,
    "commiters": 2,
    "dockers": [
        {
            "from_full": "openjdk:8",
            "gates": [],
            "servers": [],
            "dbs": [],
            "discos": [],
            "keywords": [],
            "langs": [],
            "monitors": [],
            "buses": [],
            "cmd_keywords": [],
            "path": "/Dockerfile",
            "cmd": "",
            "from": "openjdk"
        }
    ],
    "num_langs": 1,
    "avg_size_service": 97.0,
    "num_discos": 0,
    "num_dockers": 1,
    "url": "git://github.com/NetCrackerVoronezh2019/UserAndGroupsMicroservice.git",
    "num_services": 0,
    "name": "NetCrackerVoronezh2019/UserAndGroupsMicroservice",
    "structure": {
        "detected_dbs": {
            "services": [],
            "names": [],
            "shared_dbs": false,
            "num": 0
        },
        "path": [],
        "num_services": 0,
        "services": []
    },
    "languages": [
        "java"
    ],
    "langs": [
        "java"
    ],
    "num_files": 3,
    "shared_dbs": false,
    "monitors": [],
    "files": [
        {
            "monitors": [],
            "buses": [
                "kafka"
            ],
            "servers": [
                "spring"
            ],
            "gates": [],
            "path": "/pom.xml",
            "dbs": [
                "postgresql"
            ],
            "discos": []
        }
    ],
    "num_monitors": 0,
    "num_buses": 1,
    "size": 97,
    "num_servers": 1
}