{
    "num_gates": 0,
    "discos": [],
    "num_dbs": 0,
    "num_monitors": 0,
    "dockers": [
        {
            "langs": [
                "java"
            ],
            "cmd_keywords": [],
            "from_full": "nextmetaphor/alpine-java:latest",
            "path": "/Dockerfile",
            "monitors": [],
            "discos": [],
            "cmd": "",
            "buses": [],
            "gates": [],
            "dbs": [],
            "from": "nextmetaphor/alpine-java",
            "keywords": [],
            "servers": []
        }
    ],
    "dbs": [],
    "num_langs": 3,
    "num_servers": 0,
    "avg_size_service": 15.0,
    "structure": {
        "detected_dbs": {
            "num": 0,
            "shared_dbs": false,
            "names": [],
            "services": []
        },
        "num_services": 0,
        "path": [],
        "services": []
    },
    "images": [
        "nextmetaphor/alpine-java"
    ],
    "size": 15,
    "servers": [],
    "languages": [
        "shell",
        "dockerfile"
    ],
    "langs": [
        "dockerfile",
        "shell",
        "java"
    ],
    "commiters": 2,
    "shared_dbs": false,
    "num_buses": 0,
    "num_services": 0,
    "monitors": [],
    "num_dockers": 1,
    "url": "git://github.com/nextmetaphor/dockerized-java-microservice-api.git",
    "name": "nextmetaphor/dockerized-java-microservice-api",
    "buses": [],
    "gates": [],
    "files": [],
    "num_discos": 0,
    "num_files": 2
}