{
    "num_dockers": 0,
    "commiters": 2,
    "num_services": 11,
    "servers": [
        "node"
    ],
    "languages": [
        "javascript"
    ],
    "gates": [],
    "num_langs": 1,
    "langs": [
        "javascript"
    ],
    "num_servers": 1,
    "size": 4269,
    "num_buses": 0,
    "url": "git://github.com/nhsx/open-source-fhir-server.git",
    "dbs": [],
    "name": "nhsx/open-source-fhir-server",
    "shared_dbs": false,
    "num_gates": 0,
    "files": [
        {
            "buses": [],
            "dbs": [],
            "path": "/node_modules/moment/package.json",
            "gates": [],
            "servers": [
                "node"
            ],
            "discos": [],
            "monitors": []
        },
        {
            "buses": [],
            "dbs": [],
            "path": "/node_modules/btoa/package.json",
            "gates": [],
            "servers": [
                "node"
            ],
            "discos": [],
            "monitors": []
        },
        {
            "buses": [],
            "dbs": [],
            "path": "/node_modules/underscore/package.json",
            "gates": [],
            "servers": [
                "node"
            ],
            "discos": [],
            "monitors": []
        }
    ],
    "monitors": [],
    "num_discos": 0,
    "structure": {
        "detected_dbs": {
            "num": 0,
            "names": [],
            "services": [],
            "shared_dbs": false
        },
        "services": [
            {
                "buses": [],
                "gates": [],
                "name": "publisher",
                "depends_on": [],
                "monitors": [],
                "dbs": [],
                "servers": [],
                "image": "rtweed/qewd-server",
                "image_full": "rtweed/qewd-server",
                "discos": []
            },
            {
                "buses": [],
                "gates": [],
                "name": "index",
                "depends_on": [],
                "monitors": [],
                "dbs": [],
                "servers": [],
                "image": "rtweed/qewd-server",
                "image_full": "rtweed/qewd-server",
                "discos": []
            },
            {
                "buses": [],
                "gates": [],
                "name": "repoadapter",
                "depends_on": [],
                "monitors": [],
                "dbs": [],
                "servers": [],
                "image": "rtweed/qewd-server",
                "image_full": "rtweed/qewd-server",
                "discos": []
            },
            {
                "buses": [],
                "gates": [],
                "name": "authentication",
                "depends_on": [],
                "monitors": [],
                "dbs": [],
                "servers": [],
                "image": "rtweed/qewd-server",
                "image_full": "rtweed/qewd-server",
                "discos": []
            },
            {
                "buses": [],
                "gates": [],
                "name": "responder",
                "depends_on": [],
                "monitors": [],
                "dbs": [],
                "servers": [],
                "image": "rtweed/qewd-server",
                "image_full": "rtweed/qewd-server",
                "discos": []
            },
            {
                "buses": [],
                "gates": [],
                "name": "search",
                "depends_on": [],
                "monitors": [],
                "dbs": [],
                "servers": [],
                "image": "rtweed/qewd-server",
                "image_full": "rtweed/qewd-server",
                "discos": []
            },
            {
                "buses": [],
                "gates": [],
                "name": "fhir",
                "depends_on": [],
                "monitors": [],
                "dbs": [],
                "servers": [],
                "image": "rtweed/qewd-server",
                "image_full": "rtweed/qewd-server",
                "discos": []
            },
            {
                "buses": [],
                "gates": [],
                "name": "tests",
                "depends_on": [],
                "monitors": [],
                "dbs": [],
                "servers": [],
                "image": "rtweed/qewd-server",
                "image_full": "rtweed/qewd-server",
                "discos": []
            },
            {
                "buses": [],
                "gates": [],
                "name": "repo",
                "depends_on": [],
                "monitors": [],
                "dbs": [],
                "servers": [],
                "image": "rtweed/qewd-server",
                "image_full": "rtweed/qewd-server",
                "discos": []
            },
            {
                "buses": [],
                "gates": [],
                "name": "capabilities",
                "depends_on": [],
                "monitors": [],
                "dbs": [],
                "servers": [],
                "image": "rtweed/qewd-server",
                "image_full": "rtweed/qewd-server",
                "discos": []
            },
            {
                "buses": [],
                "gates": [],
                "name": "orchestrator",
                "depends_on": [],
                "monitors": [],
                "dbs": [],
                "servers": [],
                "image": "rtweed/qewd-server",
                "image_full": "rtweed/qewd-server",
                "discos": []
            }
        ],
        "num_services": 11,
        "path": "/docker-compose.yml"
    },
    "buses": [],
    "avg_size_service": 4269.0,
    "images": [],
    "num_files": 4,
    "num_monitors": 0,
    "num_dbs": 0,
    "discos": [],
    "dockers": []
}