{
    "num_discos": 0,
    "structure": {
        "detected_dbs": {
            "num": 0,
            "shared_dbs": false,
            "names": [],
            "services": []
        },
        "num_services": 3,
        "path": "/docker-compose.yml",
        "services": [
            {
                "dbs": [],
                "buses": [],
                "servers": [],
                "discos": [],
                "monitors": [],
                "image_full": "Dockerfile",
                "depends_on": [],
                "name": "users-db",
                "gates": [],
                "image": "Dockerfile"
            },
            {
                "dbs": [],
                "buses": [],
                "servers": [],
                "discos": [],
                "monitors": [],
                "image_full": "Dockerfile",
                "depends_on": [
                    "users"
                ],
                "name": "client",
                "gates": [],
                "image": "Dockerfile"
            },
            {
                "dbs": [],
                "buses": [],
                "servers": [],
                "discos": [],
                "monitors": [],
                "image_full": "Dockerfile",
                "depends_on": [
                    "users-db"
                ],
                "name": "users",
                "gates": [],
                "image": "Dockerfile"
            }
        ]
    },
    "buses": [],
    "servers": [
        "node",
        "flask"
    ],
    "name": "nicholaspretorius/testmaps",
    "num_gates": 0,
    "gates": [],
    "num_dbs": 1,
    "discos": [],
    "num_servers": 2,
    "num_dockers": 3,
    "dockers": [
        {
            "cmd": "",
            "dbs": [
                "postgresql"
            ],
            "cmd_keywords": [],
            "buses": [],
            "monitors": [],
            "from": "python",
            "langs": [
                "python"
            ],
            "keywords": [
                "dev",
                "pip",
                "apk",
                "install",
                "build"
            ],
            "gates": [],
            "from_full": "python:3.7.4-alpine",
            "discos": [],
            "path": "/services/users/Dockerfile",
            "servers": []
        },
        {
            "cmd": "",
            "dbs": [],
            "cmd_keywords": [],
            "buses": [],
            "monitors": [],
            "from": "postgres",
            "langs": [],
            "keywords": [],
            "gates": [],
            "from_full": "postgres:11.4-alpine",
            "discos": [],
            "path": "/services/users/project/db/Dockerfile",
            "servers": []
        },
        {
            "cmd": "npm start",
            "dbs": [],
            "cmd_keywords": [
                "start",
                "npm"
            ],
            "buses": [],
            "monitors": [],
            "from": "node",
            "langs": [],
            "keywords": [
                "npm",
                "react",
                "install",
                "silent",
                "scripts"
            ],
            "gates": [],
            "from_full": "node:13.5.0-alpine",
            "discos": [],
            "path": "/services/client/Dockerfile",
            "servers": [
                "node"
            ]
        }
    ],
    "dbs": [
        "postgresql"
    ],
    "images": [
        "python",
        "postgres",
        "node"
    ],
    "commiters": 2,
    "monitors": [],
    "files": [
        {
            "dbs": [],
            "buses": [],
            "servers": [
                "flask"
            ],
            "discos": [],
            "monitors": [],
            "gates": [],
            "path": "/services/users/requirements.txt"
        },
        {
            "dbs": [],
            "buses": [],
            "servers": [],
            "discos": [],
            "monitors": [],
            "gates": [],
            "path": "/services/client/package.json"
        }
    ],
    "langs": [
        "python",
        "javascript"
    ],
    "url": "git://github.com/nicholaspretorius/testmaps.git",
    "num_monitors": 0,
    "shared_dbs": false,
    "size": 1546,
    "languages": [
        "javascript",
        "python"
    ],
    "num_langs": 2,
    "num_buses": 0,
    "avg_size_service": 515.3333333333334,
    "num_files": 6,
    "num_services": 3
}