{
    "files": [
        {
            "path": "/package.json",
            "monitors": [],
            "gates": [],
            "servers": [
                "express",
                "node"
            ],
            "buses": [],
            "dbs": [
                "sqlite",
                "mysql"
            ],
            "discos": []
        }
    ],
    "servers": [
        "express",
        "node"
    ],
    "discos": [],
    "num_buses": 0,
    "buses": [],
    "langs": [
        "python",
        "javascript",
        "typescript"
    ],
    "num_files": 3,
    "dbs": [
        "sqlite",
        "mysql"
    ],
    "languages": [
        "typescript",
        "javascript"
    ],
    "num_servers": 2,
    "num_langs": 3,
    "avg_size_service": 501.0,
    "shared_dbs": false,
    "num_gates": 0,
    "gates": [],
    "size": 501,
    "url": "git://github.com/Nicolaas0411/microservice-node-express.git",
    "name": "Nicolaas0411/microservice-node-express",
    "num_services": 2,
    "structure": {
        "services": [
            {
                "depends_on": [
                    "postgres"
                ],
                "name": "microservice-node",
                "monitors": [],
                "discos": [],
                "servers": [],
                "buses": [],
                "image_full": "04110000/spn-microservice:latest",
                "image": "04110000/spn-microservice",
                "dbs": [],
                "gates": []
            },
            {
                "depends_on": [],
                "name": "postgres",
                "monitors": [],
                "discos": [],
                "servers": [],
                "buses": [],
                "image_full": "postgres",
                "image": "postgres",
                "dbs": [],
                "gates": []
            }
        ],
        "path": "/docker-compose.yml",
        "detected_dbs": {
            "shared_dbs": false,
            "names": [],
            "num": 0,
            "services": []
        },
        "num_services": 2
    },
    "commiters": 1,
    "num_dbs": 2,
    "images": [
        "node"
    ],
    "num_monitors": 0,
    "dockers": [
        {
            "from": "node",
            "path": "/Dockerfile",
            "gates": [],
            "keywords": [
                "npm",
                "build",
                "dependencies",
                "apk",
                "env"
            ],
            "buses": [],
            "cmd_keywords": [
                "env",
                "node",
                "dist",
                "production",
                "app"
            ],
            "servers": [
                "node"
            ],
            "langs": [
                "python"
            ],
            "dbs": [],
            "from_full": "node:alpine",
            "cmd": "cross-env NODE_ENV=production node dist/app.js",
            "monitors": [],
            "discos": []
        }
    ],
    "monitors": [],
    "num_discos": 0,
    "num_dockers": 1
}