{
    "structure": {
        "detected_dbs": {
            "num": 0,
            "services": [],
            "shared_dbs": false,
            "names": []
        },
        "path": "/docker-compose.yml",
        "services": [
            {
                "depends_on": [
                    "kibana"
                ],
                "dbs": [],
                "buses": [],
                "gates": [],
                "name": "user",
                "image_full": ".",
                "discos": [],
                "monitors": [],
                "image": ".",
                "servers": []
            },
            {
                "depends_on": [],
                "dbs": [],
                "buses": [],
                "gates": [],
                "name": "elasticsearch",
                "image_full": "elasticsearch:7.6.2",
                "discos": [],
                "monitors": [],
                "image": "elasticsearch",
                "servers": []
            },
            {
                "depends_on": [
                    "elasticsearch"
                ],
                "dbs": [],
                "buses": [],
                "gates": [],
                "name": "kibana",
                "image_full": "kibana:7.6.2",
                "discos": [],
                "monitors": [],
                "image": "kibana",
                "servers": []
            }
        ],
        "num_services": 3
    },
    "url": "git://github.com/nishant121212/spring-boot-with-docker.git",
    "monitors": [],
    "num_gates": 0,
    "shared_dbs": false,
    "num_buses": 0,
    "num_dbs": 0,
    "dbs": [],
    "commiters": 3,
    "languages": [
        "java"
    ],
    "num_services": 3,
    "num_discos": 0,
    "num_dockers": 1,
    "gates": [],
    "langs": [
        "java"
    ],
    "dockers": [
        {
            "langs": [],
            "keywords": [],
            "buses": [],
            "cmd": "",
            "monitors": [],
            "path": "/Dockerfile",
            "dbs": [],
            "from_full": "openjdk:8-jdk-alpine",
            "gates": [],
            "discos": [],
            "cmd_keywords": [],
            "from": "openjdk",
            "servers": []
        }
    ],
    "buses": [],
    "name": "nishant121212/spring-boot-with-docker",
    "images": [
        "openjdk"
    ],
    "num_langs": 1,
    "num_servers": 1,
    "num_files": 3,
    "discos": [],
    "num_monitors": 0,
    "avg_size_service": 344.0,
    "size": 344,
    "files": [
        {
            "dbs": [],
            "buses": [],
            "gates": [],
            "discos": [],
            "monitors": [],
            "path": "/pom.xml",
            "servers": [
                "spring"
            ]
        }
    ],
    "servers": [
        "spring"
    ]
}