{
    "num_servers": 1,
    "num_monitors": 0,
    "commiters": 7,
    "num_discos": 2,
    "files": [
        {
            "buses": [],
            "dbs": [],
            "servers": [
                "spring"
            ],
            "monitors": [],
            "gates": [
                "gateway"
            ],
            "discos": [
                "consul"
            ],
            "path": "/pom.xml"
        },
        {
            "buses": [],
            "dbs": [],
            "servers": [
                "spring"
            ],
            "monitors": [],
            "gates": [
                "zuul"
            ],
            "discos": [
                "eureka"
            ],
            "path": "/users-microservice/pom.xml"
        },
        {
            "buses": [],
            "dbs": [],
            "servers": [
                "spring"
            ],
            "monitors": [],
            "gates": [
                "zuul"
            ],
            "discos": [
                "eureka"
            ],
            "path": "/movie-microservice/pom.xml"
        },
        {
            "buses": [],
            "dbs": [],
            "servers": [
                "spring"
            ],
            "monitors": [],
            "gates": [
                "zuul",
                "gateway"
            ],
            "discos": [],
            "path": "/api-gateway-microservice/pom.xml"
        },
        {
            "buses": [],
            "dbs": [],
            "servers": [
                "spring"
            ],
            "monitors": [],
            "gates": [],
            "discos": [],
            "path": "/hystrix-dashboard/pom.xml"
        },
        {
            "buses": [],
            "dbs": [],
            "servers": [
                "spring"
            ],
            "monitors": [],
            "gates": [
                "zuul"
            ],
            "discos": [
                "eureka"
            ],
            "path": "/recommendation-microservice/pom.xml"
        },
        {
            "buses": [],
            "dbs": [],
            "servers": [
                "spring"
            ],
            "monitors": [],
            "gates": [
                "zuul"
            ],
            "discos": [
                "eureka"
            ],
            "path": "/movies-ui/pom.xml"
        },
        {
            "buses": [],
            "dbs": [],
            "servers": [
                "spring"
            ],
            "monitors": [],
            "gates": [],
            "discos": [
                "eureka"
            ],
            "path": "/config-microservice/pom.xml"
        },
        {
            "buses": [],
            "dbs": [],
            "servers": [
                "spring"
            ],
            "monitors": [],
            "gates": [],
            "discos": [
                "eureka"
            ],
            "path": "/discovery-microservice/pom.xml"
        },
        {
            "buses": [],
            "dbs": [],
            "servers": [
                "spring"
            ],
            "monitors": [],
            "gates": [],
            "discos": [
                "consul"
            ],
            "path": "/consul-microservice/pom.xml"
        }
    ],
    "url": "git://github.com/nlife330011/spring-cloud-microservice-example.git",
    "discos": [
        "eureka",
        "consul"
    ],
    "num_langs": 1,
    "langs": [
        "java"
    ],
    "num_services": 0,
    "shared_dbs": false,
    "images": [
        "java"
    ],
    "avg_size_service": 58.22222222222222,
    "num_gates": 1,
    "num_buses": 0,
    "dbs": [],
    "servers": [
        "spring"
    ],
    "structure": {
        "services": [],
        "num_services": 0,
        "detected_dbs": {
            "num": 0,
            "shared_dbs": false,
            "names": [],
            "services": []
        },
        "path": "/docker/docker-compose.yml"
    },
    "num_dockers": 9,
    "num_files": 20,
    "name": "nlife330011/spring-cloud-microservice-example",
    "dockers": [
        {
            "dbs": [],
            "servers": [],
            "keywords": [
                "app",
                "touch",
                "bash",
                "jar"
            ],
            "from_full": "java:8",
            "cmd_keywords": [],
            "cmd": "",
            "langs": [
                "java"
            ],
            "buses": [],
            "monitors": [],
            "gates": [],
            "discos": [],
            "from": "java",
            "path": "/users-microservice/src/main/docker/Dockerfile"
        },
        {
            "dbs": [],
            "servers": [],
            "keywords": [
                "app",
                "touch",
                "bash",
                "jar"
            ],
            "from_full": "java:8",
            "cmd_keywords": [],
            "cmd": "",
            "langs": [
                "java"
            ],
            "buses": [],
            "monitors": [],
            "gates": [],
            "discos": [],
            "from": "java",
            "path": "/movie-microservice/src/main/docker/Dockerfile"
        },
        {
            "dbs": [],
            "servers": [],
            "keywords": [
                "app",
                "touch",
                "bash",
                "jar"
            ],
            "from_full": "java:8",
            "cmd_keywords": [],
            "cmd": "",
            "langs": [
                "java"
            ],
            "buses": [],
            "monitors": [],
            "gates": [],
            "discos": [],
            "from": "java",
            "path": "/api-gateway-microservice/src/main/docker/Dockerfile"
        },
        {
            "dbs": [],
            "servers": [],
            "keywords": [
                "app",
                "touch",
                "bash",
                "jar"
            ],
            "from_full": "java:8",
            "cmd_keywords": [],
            "cmd": "",
            "langs": [
                "java"
            ],
            "buses": [],
            "monitors": [],
            "gates": [],
            "discos": [],
            "from": "java",
            "path": "/hystrix-dashboard/src/main/docker/Dockerfile"
        },
        {
            "dbs": [],
            "servers": [],
            "keywords": [
                "app",
                "touch",
                "bash",
                "jar"
            ],
            "from_full": "java:8",
            "cmd_keywords": [],
            "cmd": "",
            "langs": [
                "java"
            ],
            "buses": [],
            "monitors": [],
            "gates": [],
            "discos": [],
            "from": "java",
            "path": "/recommendation-microservice/src/main/docker/Dockerfile"
        },
        {
            "dbs": [],
            "servers": [],
            "keywords": [
                "app",
                "touch",
                "bash",
                "jar"
            ],
            "from_full": "java:8",
            "cmd_keywords": [],
            "cmd": "",
            "langs": [
                "java"
            ],
            "buses": [],
            "monitors": [],
            "gates": [],
            "discos": [],
            "from": "java",
            "path": "/movies-ui/src/main/docker/Dockerfile"
        },
        {
            "dbs": [],
            "servers": [],
            "keywords": [
                "app",
                "touch",
                "bash",
                "jar"
            ],
            "from_full": "java:8",
            "cmd_keywords": [],
            "cmd": "",
            "langs": [
                "java"
            ],
            "buses": [],
            "monitors": [],
            "gates": [],
            "discos": [],
            "from": "java",
            "path": "/config-microservice/src/main/docker/Dockerfile"
        },
        {
            "dbs": [],
            "servers": [],
            "keywords": [
                "app",
                "touch",
                "bash",
                "jar"
            ],
            "from_full": "java:8",
            "cmd_keywords": [],
            "cmd": "",
            "langs": [
                "java"
            ],
            "buses": [],
            "monitors": [],
            "gates": [],
            "discos": [],
            "from": "java",
            "path": "/discovery-microservice/src/main/docker/Dockerfile"
        },
        {
            "dbs": [],
            "servers": [],
            "keywords": [
                "app",
                "touch",
                "bash",
                "jar"
            ],
            "from_full": "java:8",
            "cmd_keywords": [],
            "cmd": "",
            "langs": [
                "java"
            ],
            "buses": [],
            "monitors": [],
            "gates": [],
            "discos": [],
            "from": "java",
            "path": "/consul-microservice/src/main/docker/Dockerfile"
        }
    ],
    "buses": [],
    "monitors": [],
    "gates": [
        "zuul"
    ],
    "size": 524,
    "languages": [
        "java"
    ],
    "num_dbs": 0
}