{
    "num_gates": 0,
    "discos": [],
    "num_dbs": 1,
    "num_monitors": 0,
    "dockers": [
        {
            "langs": [
                "python"
            ],
            "cmd_keywords": [
                "app",
                "python"
            ],
            "from_full": "python:2.7-slim",
            "path": "/Dockerfile",
            "monitors": [],
            "discos": [],
            "cmd": "python app.py",
            "buses": [],
            "gates": [],
            "dbs": [],
            "from": "python",
            "keywords": [
                "org",
                "pip",
                "requirements",
                "txt",
                "install"
            ],
            "servers": []
        },
        {
            "langs": [
                "python"
            ],
            "cmd_keywords": [
                "app",
                "python"
            ],
            "from_full": "python:2.7-slim",
            "path": "/foo/Dockerfile",
            "monitors": [],
            "discos": [],
            "cmd": "python app.py",
            "buses": [],
            "gates": [],
            "dbs": [],
            "from": "python",
            "keywords": [
                "org",
                "pip",
                "requirements",
                "txt",
                "install"
            ],
            "servers": []
        },
        {
            "langs": [
                "python"
            ],
            "cmd_keywords": [
                "app",
                "python"
            ],
            "from_full": "python:2.7-slim",
            "path": "/bar/Dockerfile",
            "monitors": [],
            "discos": [],
            "cmd": "python app.py",
            "buses": [],
            "gates": [],
            "dbs": [],
            "from": "python",
            "keywords": [
                "org",
                "pip",
                "requirements",
                "txt",
                "install"
            ],
            "servers": []
        }
    ],
    "dbs": [
        "redis"
    ],
    "num_langs": 2,
    "num_servers": 1,
    "avg_size_service": 1.3333333333333333,
    "structure": {
        "detected_dbs": {
            "num": 0,
            "shared_dbs": false,
            "names": [],
            "services": []
        },
        "num_services": 3,
        "path": "/docker-compose.yml",
        "services": [
            {
                "discos": [],
                "image_full": "foo-micro",
                "name": "foo",
                "image": "foo-micro",
                "buses": [],
                "gates": [],
                "depends_on": [],
                "monitors": [],
                "servers": [],
                "dbs": []
            },
            {
                "discos": [],
                "image_full": "bar-micro",
                "name": "bar",
                "image": "bar-micro",
                "buses": [],
                "gates": [],
                "depends_on": [],
                "monitors": [],
                "servers": [],
                "dbs": []
            },
            {
                "discos": [],
                "image_full": "hello-micro",
                "name": "home",
                "image": "hello-micro",
                "buses": [],
                "gates": [],
                "depends_on": [],
                "monitors": [],
                "servers": [],
                "dbs": []
            }
        ]
    },
    "images": [
        "python"
    ],
    "size": 4,
    "servers": [
        "flask"
    ],
    "languages": [
        "python",
        "dockerfile"
    ],
    "langs": [
        "dockerfile",
        "python"
    ],
    "commiters": 1,
    "shared_dbs": false,
    "num_buses": 0,
    "num_services": 3,
    "monitors": [],
    "num_dockers": 3,
    "url": "git://github.com/NonCreature0714/learn-microservices.git",
    "name": "NonCreature0714/learn-microservices",
    "buses": [],
    "gates": [],
    "files": [
        {
            "discos": [],
            "buses": [],
            "gates": [],
            "monitors": [],
            "path": "/requirements.txt",
            "servers": [
                "flask"
            ],
            "dbs": [
                "redis"
            ]
        },
        {
            "discos": [],
            "buses": [],
            "gates": [],
            "monitors": [],
            "path": "/foo/requirements.txt",
            "servers": [
                "flask"
            ],
            "dbs": [
                "redis"
            ]
        },
        {
            "discos": [],
            "buses": [],
            "gates": [],
            "monitors": [],
            "path": "/bar/requirements.txt",
            "servers": [
                "flask"
            ],
            "dbs": [
                "redis"
            ]
        }
    ],
    "num_discos": 0,
    "num_files": 7
}