{
    "num_dbs": 1,
    "langs": [
        "python",
        "javascript",
        "html"
    ],
    "gates": [
        "nginx"
    ],
    "num_servers": 2,
    "num_dockers": 4,
    "num_buses": 0,
    "num_files": 7,
    "num_discos": 0,
    "num_services": 4,
    "dbs": [
        "postgresql"
    ],
    "servers": [
        "node",
        "flask"
    ],
    "num_langs": 3,
    "structure": {
        "detected_dbs": {
            "num": 0,
            "shared_dbs": false,
            "services": [],
            "names": []
        },
        "services": [
            {
                "depends_on": [],
                "image": "Dockerfile",
                "gates": [],
                "dbs": [],
                "servers": [],
                "buses": [],
                "monitors": [],
                "name": "users-db",
                "discos": [],
                "image_full": "Dockerfile"
            },
            {
                "depends_on": [
                    "users-db"
                ],
                "image": "Dockerfile",
                "gates": [],
                "dbs": [],
                "servers": [],
                "buses": [],
                "monitors": [],
                "name": "users",
                "discos": [],
                "image_full": "Dockerfile"
            },
            {
                "depends_on": [
                    "users",
                    "client"
                ],
                "image": "Dockerfile",
                "gates": [],
                "dbs": [],
                "servers": [],
                "buses": [],
                "monitors": [],
                "name": "nginx",
                "discos": [],
                "image_full": "Dockerfile"
            },
            {
                "depends_on": [
                    "users"
                ],
                "image": "Dockerfile",
                "gates": [],
                "dbs": [],
                "servers": [],
                "buses": [],
                "monitors": [],
                "name": "client",
                "discos": [],
                "image_full": "Dockerfile"
            }
        ],
        "num_services": 4,
        "path": "/docker-compose.yml"
    },
    "commiters": 2,
    "languages": [
        "python",
        "javascript",
        "html"
    ],
    "files": [
        {
            "path": "/services/users/requirements.txt",
            "dbs": [],
            "servers": [
                "flask"
            ],
            "buses": [],
            "monitors": [],
            "discos": [],
            "gates": []
        },
        {
            "path": "/services/client/package.json",
            "dbs": [],
            "servers": [],
            "buses": [],
            "monitors": [],
            "discos": [],
            "gates": []
        }
    ],
    "shared_dbs": false,
    "monitors": [],
    "discos": [],
    "dockers": [
        {
            "cmd_keywords": [],
            "from_full": "nginx:1.15.9-alpine",
            "gates": [
                "nginx"
            ],
            "monitors": [],
            "discos": [],
            "langs": [],
            "from": "nginx",
            "path": "/services/nginx/Dockerfile",
            "dbs": [],
            "servers": [],
            "buses": [],
            "cmd": "",
            "keywords": [
                "conf",
                "etc",
                "default",
                "nginx"
            ]
        },
        {
            "cmd_keywords": [
                "src",
                "entrypoint",
                "usr",
                "app"
            ],
            "from_full": "python:3.7.2-alpine",
            "gates": [],
            "monitors": [],
            "discos": [],
            "langs": [
                "python"
            ],
            "from": "python",
            "path": "/services/users/Dockerfile",
            "dbs": [
                "postgresql"
            ],
            "servers": [],
            "buses": [],
            "cmd": "/usr/src/app/entrypoint.sh",
            "keywords": [
                "apk",
                "add",
                "dev",
                "app",
                "src"
            ]
        },
        {
            "cmd_keywords": [],
            "from_full": "postgres:11.2-alpine",
            "gates": [],
            "monitors": [],
            "discos": [],
            "langs": [],
            "from": "postgres",
            "path": "/services/users/project/db/Dockerfile",
            "dbs": [],
            "servers": [],
            "buses": [],
            "cmd": "",
            "keywords": []
        },
        {
            "cmd_keywords": [
                "npm",
                "start"
            ],
            "from_full": "node:11.12.0-alpine",
            "gates": [],
            "monitors": [],
            "discos": [],
            "langs": [],
            "from": "node",
            "path": "/services/client/Dockerfile",
            "dbs": [],
            "servers": [
                "node"
            ],
            "buses": [],
            "cmd": "npm start",
            "keywords": [
                "npm",
                "scripts",
                "install",
                "react",
                "silent"
            ]
        }
    ],
    "num_monitors": 0,
    "images": [
        "python",
        "postgres",
        "nginx",
        "node"
    ],
    "avg_size_service": 139.75,
    "num_gates": 1,
    "size": 559,
    "buses": [],
    "url": "git://github.com/ntn23/flask-tdd.git",
    "name": "ntn23/flask-tdd"
}