{
    "files": [
        {
            "gates": [],
            "discos": [],
            "servers": [
                "node",
                "express"
            ],
            "monitors": [],
            "buses": [],
            "dbs": [
                "mysql"
            ],
            "path": "/package.json"
        }
    ],
    "num_services": 1,
    "languages": [
        "typescript"
    ],
    "shared_dbs": false,
    "num_discos": 0,
    "num_dbs": 1,
    "gates": [],
    "num_files": 3,
    "num_langs": 1,
    "avg_size_service": 797.0,
    "num_monitors": 0,
    "dockers": [
        {
            "cmd": "npm start",
            "from": "node",
            "from_full": "node:12.18.2",
            "servers": [
                "node"
            ],
            "buses": [],
            "dbs": [],
            "path": "/Dockerfile",
            "gates": [],
            "discos": [],
            "keywords": [
                "npm",
                "build",
                "run",
                "install"
            ],
            "cmd_keywords": [
                "npm",
                "start"
            ],
            "langs": [],
            "monitors": []
        }
    ],
    "size": 797,
    "langs": [
        "typescript"
    ],
    "num_buses": 0,
    "images": [
        "node"
    ],
    "servers": [
        "node",
        "express"
    ],
    "commiters": 2,
    "buses": [],
    "dbs": [
        "mysql"
    ],
    "name": "nvme0/jwt-authentication-microservice",
    "discos": [],
    "url": "git://github.com/nvme0/jwt-authentication-microservice.git",
    "num_servers": 2,
    "monitors": [],
    "num_gates": 0,
    "structure": {
        "detected_dbs": {
            "names": [],
            "services": [],
            "num": 0,
            "shared_dbs": false
        },
        "services": [
            {
                "gates": [],
                "buses": [],
                "discos": [],
                "image": ".",
                "monitors": [],
                "servers": [],
                "image_full": ".",
                "dbs": [],
                "name": "solutions4theweb_cms",
                "depends_on": []
            }
        ],
        "num_services": 1,
        "path": "/docker-compose.yml"
    },
    "num_dockers": 1
}