{
    "files": [],
    "num_services": 0,
    "languages": [
        "go",
        "shell"
    ],
    "shared_dbs": false,
    "num_discos": 1,
    "num_dbs": 0,
    "gates": [],
    "num_files": 7,
    "num_langs": 4,
    "avg_size_service": 3540.8333333333335,
    "num_monitors": 0,
    "dockers": [
        {
            "cmd": "",
            "from": "golang",
            "from_full": "golang",
            "servers": [],
            "buses": [],
            "dbs": [],
            "path": "/vendor/github.com/coreos/etcd/Dockerfile",
            "gates": [],
            "discos": [
                "etcd"
            ],
            "keywords": [
                "com",
                "coreos",
                "github",
                "install",
                "etcd"
            ],
            "cmd_keywords": [],
            "langs": [
                "golang"
            ],
            "monitors": []
        },
        {
            "cmd": "",
            "from": "ubuntu",
            "from_full": "ubuntu:17.10",
            "servers": [],
            "buses": [],
            "dbs": [],
            "path": "/vendor/github.com/coreos/etcd/hack/scripts-dev/docker-dns/Dockerfile",
            "gates": [],
            "discos": [
                "etcd"
            ],
            "keywords": [
                "bind",
                "apt",
                "get",
                "etc",
                "bin"
            ],
            "cmd_keywords": [],
            "langs": [
                "bash"
            ],
            "monitors": []
        },
        {
            "cmd": "",
            "from": "ubuntu",
            "from_full": "ubuntu:17.10",
            "servers": [],
            "buses": [],
            "dbs": [],
            "path": "/vendor/github.com/coreos/etcd/hack/scripts-dev/docker-dns-srv/Dockerfile",
            "gates": [],
            "discos": [
                "etcd"
            ],
            "keywords": [
                "bind",
                "apt",
                "get",
                "etc",
                "bin"
            ],
            "cmd_keywords": [],
            "langs": [
                "bash"
            ],
            "monitors": []
        },
        {
            "cmd": "",
            "from": "ubuntu",
            "from_full": "ubuntu:17.10",
            "servers": [],
            "buses": [],
            "dbs": [],
            "path": "/vendor/github.com/coreos/etcd/hack/scripts-dev/docker-static-ip/Dockerfile",
            "gates": [],
            "discos": [],
            "keywords": [
                "apt",
                "get",
                "bin",
                "debconf",
                "tar"
            ],
            "cmd_keywords": [],
            "langs": [
                "bash"
            ],
            "monitors": []
        },
        {
            "cmd": "./etcd-agent -etcd-path ./etcd",
            "from": "alpine",
            "from_full": "alpine",
            "servers": [],
            "buses": [],
            "dbs": [],
            "path": "/vendor/github.com/coreos/etcd/tools/functional-tester/docker/Dockerfile",
            "gates": [],
            "discos": [
                "etcd"
            ],
            "keywords": [
                "apk",
                "archive",
                "failure",
                "mkdir",
                "sudo"
            ],
            "cmd_keywords": [
                "etcd",
                "agent",
                "path"
            ],
            "langs": [],
            "monitors": []
        },
        {
            "cmd": "--help",
            "from": "alpine",
            "from_full": "alpine:3.5",
            "servers": [],
            "buses": [],
            "dbs": [],
            "path": "/package/Dockerfile",
            "gates": [],
            "discos": [],
            "keywords": [
                "cache",
                "certificates",
                "client",
                "apk",
                "add"
            ],
            "cmd_keywords": [
                "help"
            ],
            "langs": [],
            "monitors": []
        }
    ],
    "size": 21245,
    "langs": [
        "go",
        "bash",
        "shell",
        "golang"
    ],
    "num_buses": 0,
    "images": [
        "alpine",
        "ubuntu",
        "golang"
    ],
    "servers": [],
    "commiters": 1,
    "buses": [],
    "dbs": [],
    "name": "odoko-devops/uberstack",
    "discos": [
        "etcd"
    ],
    "url": "git://github.com/odoko-devops/uberstack.git",
    "num_servers": 0,
    "monitors": [],
    "num_gates": 0,
    "structure": {
        "detected_dbs": {
            "names": [],
            "services": [],
            "num": 0,
            "shared_dbs": false
        },
        "services": [],
        "num_services": 0,
        "path": "/vendor/github.com/coreos/etcd/tools/functional-tester/docker/docker-compose.yml"
    },
    "num_dockers": 6
}