{
    "num_gates": 1,
    "discos": [],
    "num_dbs": 0,
    "num_monitors": 0,
    "dockers": [],
    "dbs": [],
    "num_langs": 1,
    "num_servers": 0,
    "avg_size_service": 62.0,
    "structure": {
        "detected_dbs": {
            "num": 0,
            "shared_dbs": false,
            "names": [],
            "services": []
        },
        "num_services": 2,
        "path": "/docker-compose.yml",
        "services": [
            {
                "discos": [],
                "image_full": "nginx:latest",
                "name": "web",
                "image": "nginx",
                "buses": [],
                "gates": [
                    "nginx"
                ],
                "depends_on": [],
                "monitors": [],
                "servers": [],
                "dbs": []
            },
            {
                "discos": [],
                "image_full": "php:fpm",
                "name": "php",
                "image": "php",
                "buses": [],
                "gates": [],
                "depends_on": [],
                "monitors": [],
                "servers": [],
                "dbs": []
            }
        ]
    },
    "images": [],
    "size": 62,
    "servers": [],
    "languages": [
        "php"
    ],
    "langs": [
        "php"
    ],
    "commiters": 1,
    "shared_dbs": false,
    "num_buses": 0,
    "num_services": 2,
    "monitors": [],
    "num_dockers": 0,
    "url": "git://github.com/OmarMakled/device-detector-server.git",
    "name": "OmarMakled/device-detector-server",
    "buses": [],
    "gates": [
        "nginx"
    ],
    "files": [],
    "num_discos": 0,
    "num_files": 1
}