{
    "num_servers": 0,
    "num_monitors": 0,
    "commiters": 6,
    "num_discos": 0,
    "files": [],
    "url": "git://github.com/oms-services/ssh.git",
    "discos": [],
    "num_langs": 2,
    "langs": [
        "golang",
        "go"
    ],
    "num_services": 0,
    "shared_dbs": false,
    "images": [
        "golang"
    ],
    "avg_size_service": 16.0,
    "num_gates": 0,
    "num_buses": 0,
    "dbs": [],
    "servers": [],
    "structure": {
        "services": [],
        "num_services": 0,
        "detected_dbs": {
            "num": 0,
            "shared_dbs": false,
            "names": [],
            "services": []
        },
        "path": []
    },
    "num_dockers": 1,
    "num_files": 2,
    "name": "oms-services/ssh",
    "dockers": [
        {
            "dbs": [],
            "servers": [],
            "keywords": [
                "get",
                "github",
                "com",
                "ssh",
                "mux"
            ],
            "from_full": "golang",
            "cmd_keywords": [],
            "cmd": "",
            "langs": [
                "golang"
            ],
            "buses": [],
            "monitors": [],
            "gates": [],
            "discos": [],
            "from": "golang",
            "path": "/Dockerfile"
        }
    ],
    "buses": [],
    "monitors": [],
    "gates": [],
    "size": 16,
    "languages": [
        "go"
    ],
    "num_dbs": 0
}