{
    "gates": [],
    "num_dockers": 3,
    "languages": [
        "javascript"
    ],
    "num_gates": 0,
    "structure": {
        "services": [],
        "detected_dbs": {
            "shared_dbs": false,
            "names": [],
            "services": [],
            "num": 0
        },
        "num_services": 0,
        "path": []
    },
    "num_langs": 2,
    "dockers": [
        {
            "keywords": [
                "home",
                "microservice",
                "mkdir",
                "config",
                "chmod"
            ],
            "gates": [],
            "dbs": [],
            "cmd_keywords": [
                "opt",
                "app",
                "startservice",
                "bin"
            ],
            "path": "/pomba/network-discovery/src/main/docker/Dockerfile",
            "discos": [],
            "cmd": "/opt/app/bin/startService.sh",
            "from": "anapsix/alpine-java",
            "monitors": [],
            "from_full": "anapsix/alpine-java:jre8",
            "servers": [],
            "buses": [],
            "langs": [
                "java"
            ]
        },
        {
            "keywords": [
                "home",
                "microservice",
                "mkdir",
                "chmod",
                "lib"
            ],
            "gates": [],
            "dbs": [],
            "cmd_keywords": [
                "opt",
                "app",
                "startservice",
                "bin"
            ],
            "path": "/pomba/service-decomposition/src/main/docker/Dockerfile",
            "discos": [],
            "cmd": "/opt/app/bin/startService.sh",
            "from": "anapsix/alpine-java",
            "monitors": [],
            "from_full": "anapsix/alpine-java:jre8",
            "servers": [],
            "buses": [],
            "langs": [
                "java"
            ]
        },
        {
            "keywords": [
                "sdnc",
                "all",
                "wheel",
                "nopasswd",
                "path"
            ],
            "gates": [],
            "dbs": [],
            "cmd_keywords": [],
            "path": "/ms/generic-resource-api/src/main/docker/Dockerfile",
            "discos": [],
            "cmd": "",
            "from": "@base.image.name@",
            "monitors": [],
            "from_full": "@base.image.name@:@ccsdk.docker.version@",
            "servers": [],
            "buses": [],
            "langs": []
        }
    ],
    "images": [
        "anapsix/alpine-java",
        "@base.image.name@"
    ],
    "num_servers": 6,
    "num_monitors": 0,
    "langs": [
        "java",
        "javascript"
    ],
    "buses": [],
    "num_services": 0,
    "commiters": 16,
    "avg_size_service": 4397.333333333333,
    "dbs": [
        "sql",
        "derby",
        "nexus"
    ],
    "files": [
        {
            "gates": [],
            "monitors": [],
            "dbs": [],
            "path": "/pom.xml",
            "servers": [],
            "discos": [],
            "buses": []
        },
        {
            "gates": [],
            "monitors": [],
            "dbs": [
                "nexus"
            ],
            "path": "/pomba/pom.xml",
            "servers": [
                "express"
            ],
            "discos": [],
            "buses": []
        },
        {
            "gates": [],
            "monitors": [],
            "dbs": [
                "nexus"
            ],
            "path": "/pomba/network-discovery-api/pom.xml",
            "servers": [
                "express"
            ],
            "discos": [],
            "buses": []
        },
        {
            "gates": [],
            "monitors": [],
            "dbs": [],
            "path": "/pomba/network-discovery/pom.xml",
            "servers": [
                "express",
                "tomcat",
                "spring",
                "jetty"
            ],
            "discos": [],
            "buses": []
        },
        {
            "gates": [],
            "monitors": [],
            "dbs": [],
            "path": "/pomba/service-decomposition/pom.xml",
            "servers": [
                "express",
                "spring",
                "jetty"
            ],
            "discos": [],
            "buses": []
        },
        {
            "gates": [],
            "monitors": [],
            "dbs": [],
            "path": "/ms/pom.xml",
            "servers": [
                "express"
            ],
            "discos": [],
            "buses": []
        },
        {
            "gates": [],
            "monitors": [],
            "dbs": [
                "sql",
                "derby"
            ],
            "path": "/ms/generic-resource-api/pom.xml",
            "servers": [
                "glassfish",
                "spring",
                "node"
            ],
            "discos": [],
            "buses": []
        }
    ],
    "num_buses": 0,
    "discos": [],
    "size": 13192,
    "monitors": [],
    "shared_dbs": false,
    "url": "git://github.com/onap/sdnc-apps.git",
    "num_dbs": 3,
    "name": "onap/sdnc-apps",
    "num_files": 11,
    "num_discos": 0,
    "servers": [
        "express",
        "spring",
        "tomcat",
        "glassfish",
        "jetty",
        "node"
    ]
}