{
    "num_servers": 0,
    "num_monitors": 0,
    "commiters": 11,
    "num_discos": 0,
    "files": [
        {
            "buses": [],
            "dbs": [],
            "servers": [],
            "monitors": [],
            "gates": [],
            "discos": [],
            "path": "/start/pom.xml"
        },
        {
            "buses": [],
            "dbs": [],
            "servers": [],
            "monitors": [],
            "gates": [],
            "discos": [],
            "path": "/start/inventory/pom.xml"
        },
        {
            "buses": [],
            "dbs": [],
            "servers": [],
            "monitors": [],
            "gates": [],
            "discos": [],
            "path": "/start/system/pom.xml"
        },
        {
            "buses": [],
            "dbs": [],
            "servers": [],
            "monitors": [],
            "gates": [],
            "discos": [],
            "path": "/finish/pom.xml"
        },
        {
            "buses": [],
            "dbs": [],
            "servers": [],
            "monitors": [],
            "gates": [],
            "discos": [],
            "path": "/finish/inventory/pom.xml"
        },
        {
            "buses": [],
            "dbs": [],
            "servers": [],
            "monitors": [],
            "gates": [],
            "discos": [],
            "path": "/finish/system/pom.xml"
        }
    ],
    "url": "git://github.com/OpenLiberty/guide-microprofile-istio-retry-fallback.git",
    "discos": [],
    "num_langs": 2,
    "langs": [
        "html",
        "java"
    ],
    "num_services": 0,
    "shared_dbs": false,
    "images": [
        "openliberty/open-liberty"
    ],
    "avg_size_service": 34.25,
    "num_gates": 0,
    "num_buses": 0,
    "dbs": [],
    "servers": [],
    "structure": {
        "services": [],
        "num_services": 0,
        "detected_dbs": {
            "num": 0,
            "shared_dbs": false,
            "names": [],
            "services": []
        },
        "path": []
    },
    "num_dockers": 4,
    "num_files": 11,
    "name": "OpenLiberty/guide-microprofile-istio-retry-fallback",
    "dockers": [
        {
            "dbs": [],
            "servers": [],
            "keywords": [
                "configure"
            ],
            "from_full": "openliberty/open-liberty:kernel-java8-openj9-ubi",
            "cmd_keywords": [],
            "cmd": "",
            "langs": [],
            "buses": [],
            "monitors": [],
            "gates": [],
            "discos": [],
            "from": "openliberty/open-liberty",
            "path": "/start/inventory/Dockerfile"
        },
        {
            "dbs": [],
            "servers": [],
            "keywords": [
                "configure"
            ],
            "from_full": "openliberty/open-liberty:kernel-java8-openj9-ubi",
            "cmd_keywords": [],
            "cmd": "",
            "langs": [],
            "buses": [],
            "monitors": [],
            "gates": [],
            "discos": [],
            "from": "openliberty/open-liberty",
            "path": "/start/system/Dockerfile"
        },
        {
            "dbs": [],
            "servers": [],
            "keywords": [
                "configure"
            ],
            "from_full": "openliberty/open-liberty:kernel-java8-openj9-ubi",
            "cmd_keywords": [],
            "cmd": "",
            "langs": [],
            "buses": [],
            "monitors": [],
            "gates": [],
            "discos": [],
            "from": "openliberty/open-liberty",
            "path": "/finish/inventory/Dockerfile"
        },
        {
            "dbs": [],
            "servers": [],
            "keywords": [
                "configure"
            ],
            "from_full": "openliberty/open-liberty:kernel-java8-openj9-ubi",
            "cmd_keywords": [],
            "cmd": "",
            "langs": [],
            "buses": [],
            "monitors": [],
            "gates": [],
            "discos": [],
            "from": "openliberty/open-liberty",
            "path": "/finish/system/Dockerfile"
        }
    ],
    "buses": [],
    "monitors": [],
    "gates": [],
    "size": 137,
    "languages": [
        "java",
        "html"
    ],
    "num_dbs": 0
}