{
    "monitors": [],
    "name": "open-horizon/examples",
    "size": 19001,
    "num_monitors": 0,
    "images": [
        "registry.access.redhat.com/ubi8/ubi-minimal"
    ],
    "dbs": [],
    "commiters": 18,
    "langs": [
        "shell",
        "go",
        "javascript",
        "python",
        "makefile"
    ],
    "url": "git://github.com/open-horizon/examples.git",
    "num_buses": 0,
    "shared_dbs": false,
    "buses": [],
    "gates": [],
    "languages": [
        "go",
        "python",
        "javascript",
        "shell",
        "makefile"
    ],
    "num_files": 5,
    "files": [
        {
            "monitors": [],
            "discos": [],
            "servers": [
                "node"
            ],
            "buses": [],
            "path": "/cloud/sdr/data-processing/ibm-functions/actions/package.json",
            "dbs": [],
            "gates": []
        },
        {
            "monitors": [],
            "discos": [],
            "servers": [
                "node",
                "express"
            ],
            "buses": [],
            "path": "/cloud/sdr/ui/sdr-app/package.json",
            "dbs": [],
            "gates": []
        },
        {
            "monitors": [],
            "discos": [],
            "servers": [
                "node"
            ],
            "buses": [],
            "path": "/cloud/sdr/ui/sdr-app/client/package.json",
            "dbs": [],
            "gates": []
        }
    ],
    "num_gates": 0,
    "num_discos": 0,
    "num_services": 0,
    "num_langs": 5,
    "structure": {
        "detected_dbs": {
            "num": 0,
            "shared_dbs": false,
            "names": [],
            "services": []
        },
        "num_services": 0,
        "path": [],
        "services": []
    },
    "num_dbs": 0,
    "num_dockers": 1,
    "dockers": [
        {
            "monitors": [],
            "keywords": [
                "user",
                "bin",
                "setup",
                "local",
                "usr"
            ],
            "path": "/edge/services/operator/simple-operator/build/Dockerfile",
            "dbs": [],
            "cmd": "",
            "from_full": "registry.access.redhat.com/ubi8/ubi-minimal:latest",
            "servers": [],
            "langs": [],
            "from": "registry.access.redhat.com/ubi8/ubi-minimal",
            "discos": [],
            "buses": [],
            "cmd_keywords": [],
            "gates": []
        }
    ],
    "servers": [
        "express",
        "node"
    ],
    "discos": [],
    "avg_size_service": 19001.0,
    "num_servers": 2
}