{
    "structure": {
        "detected_dbs": {
            "num": 0,
            "services": [],
            "shared_dbs": false,
            "names": []
        },
        "path": [],
        "services": [],
        "num_services": 0
    },
    "url": "git://github.com/OpenLiberty/guide-cloud-aws.git",
    "monitors": [],
    "num_gates": 0,
    "shared_dbs": false,
    "num_buses": 0,
    "num_dbs": 0,
    "dbs": [],
    "commiters": 13,
    "languages": [],
    "num_services": 0,
    "num_discos": 0,
    "num_dockers": 0,
    "gates": [],
    "langs": [],
    "dockers": [],
    "buses": [],
    "name": "OpenLiberty/guide-cloud-aws",
    "images": [],
    "num_langs": 0,
    "num_servers": 0,
    "num_files": 1,
    "discos": [],
    "num_monitors": 0,
    "avg_size_service": 144.0,
    "size": 144,
    "files": [],
    "servers": []
}