{
    "num_servers": 0,
    "num_monitors": 0,
    "commiters": 1,
    "num_discos": 0,
    "files": [
        {
            "buses": [],
            "dbs": [],
            "servers": [],
            "monitors": [],
            "gates": [],
            "discos": [],
            "path": "/requirements.txt"
        }
    ],
    "url": "git://github.com/Orang-utan/sentiment-api.git",
    "discos": [],
    "num_langs": 1,
    "langs": [
        "python"
    ],
    "num_services": 0,
    "shared_dbs": false,
    "images": [],
    "avg_size_service": 31343.0,
    "num_gates": 0,
    "num_buses": 0,
    "dbs": [],
    "servers": [],
    "structure": {
        "services": [],
        "num_services": 0,
        "detected_dbs": {
            "num": 0,
            "shared_dbs": false,
            "names": [],
            "services": []
        },
        "path": []
    },
    "num_dockers": 1,
    "num_files": 3,
    "name": "Orang-utan/sentiment-api",
    "dockers": [
        {
            "cmd": "",
            "from": "",
            "cmd_keywords": [],
            "path": "/Dockerfile"
        }
    ],
    "buses": [],
    "monitors": [],
    "gates": [],
    "size": 31343,
    "languages": [
        "python"
    ],
    "num_dbs": 0
}