{
    "structure": {
        "detected_dbs": {
            "num": 0,
            "services": [],
            "shared_dbs": false,
            "names": []
        },
        "path": [],
        "services": [],
        "num_services": 0
    },
    "url": "git://github.com/OvaisMemon/rust-mysql.git",
    "monitors": [],
    "num_gates": 0,
    "shared_dbs": false,
    "num_buses": 0,
    "num_dbs": 0,
    "dbs": [],
    "commiters": 1,
    "languages": [
        "css",
        "rust",
        "html",
        "elixir"
    ],
    "num_services": 0,
    "num_discos": 0,
    "num_dockers": 1,
    "gates": [],
    "langs": [
        "css",
        "elixir",
        "scratch",
        "html",
        "rust"
    ],
    "dockers": [
        {
            "langs": [
                "scratch"
            ],
            "keywords": [
                "cgo",
                "main",
                "ldflags",
                "enabled",
                "build"
            ],
            "buses": [],
            "cmd": "/go-http-microservice",
            "monitors": [],
            "path": "/todo-mvp/todos/go/Dockerfile",
            "dbs": [],
            "from_full": "scratch",
            "gates": [],
            "discos": [],
            "cmd_keywords": [
                "microservice",
                "http"
            ],
            "from": "scratch",
            "servers": []
        }
    ],
    "buses": [],
    "name": "OvaisMemon/rust-mysql",
    "images": [
        "scratch"
    ],
    "num_langs": 5,
    "num_servers": 0,
    "num_files": 2,
    "discos": [],
    "num_monitors": 0,
    "avg_size_service": 622.0,
    "size": 622,
    "files": [],
    "servers": []
}