{
    "num_dbs": 1,
    "langs": [
        "go",
        "python"
    ],
    "gates": [],
    "num_servers": 0,
    "num_dockers": 1,
    "num_buses": 0,
    "num_files": 2,
    "num_discos": 0,
    "num_services": 6,
    "dbs": [
        "redis"
    ],
    "servers": [],
    "num_langs": 2,
    "structure": {
        "detected_dbs": {
            "num": 1,
            "shared_dbs": false,
            "services": [
                "redis"
            ],
            "names": [
                "redis"
            ]
        },
        "services": [
            {
                "depends_on": [],
                "image": "quay.io/prometheus/prometheus",
                "gates": [],
                "dbs": [],
                "servers": [],
                "buses": [],
                "monitors": [
                    "prometheus"
                ],
                "name": "prometheus",
                "discos": [],
                "image_full": "quay.io/prometheus/prometheus:latest"
            },
            {
                "depends_on": [
                    "postgres",
                    "redis",
                    "minio",
                    "jaeger",
                    "prometheus"
                ],
                "image": "golang",
                "gates": [],
                "dbs": [],
                "servers": [],
                "buses": [],
                "monitors": [],
                "name": "testserver",
                "discos": [],
                "image_full": "golang:latest"
            },
            {
                "depends_on": [],
                "image": "jaegertracing/all-in-one",
                "gates": [],
                "dbs": [],
                "servers": [],
                "buses": [],
                "monitors": [],
                "name": "jaeger",
                "discos": [],
                "image_full": "jaegertracing/all-in-one:latest"
            },
            {
                "depends_on": [],
                "image": "redis",
                "gates": [],
                "dbs": [
                    "redis"
                ],
                "servers": [],
                "buses": [],
                "monitors": [],
                "name": "redis",
                "discos": [],
                "image_full": "redis:latest"
            },
            {
                "depends_on": [],
                "image": "postgres",
                "gates": [],
                "dbs": [],
                "servers": [],
                "buses": [],
                "monitors": [],
                "name": "postgres",
                "discos": [],
                "image_full": "postgres:9.5.12"
            },
            {
                "depends_on": [],
                "image": "minio/minio",
                "gates": [],
                "dbs": [],
                "servers": [],
                "buses": [],
                "monitors": [],
                "name": "minio",
                "discos": [],
                "image_full": "minio/minio"
            }
        ],
        "num_services": 6,
        "path": "/docker-compose.yml"
    },
    "commiters": 21,
    "languages": [
        "go"
    ],
    "files": [],
    "shared_dbs": false,
    "monitors": [
        "prometheus"
    ],
    "discos": [],
    "dockers": [
        {
            "cmd_keywords": [],
            "from_full": "ubuntu:trusty",
            "gates": [],
            "monitors": [],
            "discos": [],
            "langs": [
                "python"
            ],
            "from": "ubuntu",
            "path": "/vendor/golang.org/x/net/http2/Dockerfile",
            "dbs": [],
            "servers": [],
            "buses": [],
            "cmd": "-h",
            "keywords": [
                "dev",
                "install",
                "apt",
                "make",
                "get"
            ]
        }
    ],
    "num_monitors": 1,
    "images": [
        "ubuntu"
    ],
    "avg_size_service": 19761.0,
    "num_gates": 0,
    "size": 19761,
    "buses": [],
    "url": "git://github.com/pace/bricks.git",
    "name": "pace/bricks"
}