{
    "files": [
        {
            "gates": [],
            "discos": [],
            "servers": [
                "node",
                "express"
            ],
            "monitors": [],
            "buses": [],
            "dbs": [],
            "path": "/auth/package.json"
        },
        {
            "gates": [],
            "discos": [],
            "servers": [
                "node",
                "express"
            ],
            "monitors": [],
            "buses": [],
            "dbs": [],
            "path": "/web/package.json"
        }
    ],
    "num_services": 3,
    "languages": [
        "javascript",
        "html",
        "dockerfile"
    ],
    "shared_dbs": false,
    "num_discos": 0,
    "num_dbs": 0,
    "gates": [
        "nginx"
    ],
    "num_files": 5,
    "num_langs": 3,
    "avg_size_service": 16.0,
    "num_monitors": 0,
    "dockers": [
        {
            "cmd": "npm start",
            "from": "node",
            "from_full": "node:current-alpine3.10",
            "servers": [
                "node"
            ],
            "buses": [],
            "dbs": [],
            "path": "/auth/Dockerfile",
            "gates": [],
            "discos": [],
            "keywords": [
                "npm",
                "install"
            ],
            "cmd_keywords": [
                "npm",
                "start"
            ],
            "langs": [],
            "monitors": []
        },
        {
            "cmd": "npm start",
            "from": "node",
            "from_full": "node:current-alpine3.10",
            "servers": [
                "node"
            ],
            "buses": [],
            "dbs": [],
            "path": "/web/Dockerfile",
            "gates": [],
            "discos": [],
            "keywords": [
                "npm",
                "install"
            ],
            "cmd_keywords": [
                "npm",
                "start"
            ],
            "langs": [],
            "monitors": []
        }
    ],
    "size": 32,
    "langs": [
        "html",
        "dockerfile",
        "javascript"
    ],
    "num_buses": 0,
    "images": [
        "node"
    ],
    "servers": [
        "node",
        "express"
    ],
    "commiters": 1,
    "buses": [],
    "dbs": [],
    "name": "pankajvaghela/docker-microservices",
    "discos": [],
    "url": "git://github.com/pankajvaghela/docker-microservices.git",
    "num_servers": 2,
    "monitors": [],
    "num_gates": 1,
    "structure": {
        "detected_dbs": {
            "names": [],
            "services": [],
            "num": 0,
            "shared_dbs": false
        },
        "services": [
            {
                "gates": [
                    "nginx"
                ],
                "buses": [],
                "discos": [],
                "image": "nginx",
                "monitors": [],
                "servers": [],
                "image_full": "nginx:1.17.10",
                "dbs": [],
                "name": "nginx",
                "depends_on": [
                    "auth",
                    "web"
                ]
            },
            {
                "gates": [],
                "buses": [],
                "discos": [],
                "image": "./web",
                "monitors": [],
                "servers": [],
                "image_full": "./web",
                "dbs": [],
                "name": "web",
                "depends_on": []
            },
            {
                "gates": [],
                "buses": [],
                "discos": [],
                "image": "./auth",
                "monitors": [],
                "servers": [],
                "image_full": "./auth",
                "dbs": [],
                "name": "auth",
                "depends_on": []
            }
        ],
        "num_services": 3,
        "path": "/docker-compose.yml"
    },
    "num_dockers": 2
}