{
    "monitors": [],
    "servers": [
        "spring"
    ],
    "num_discos": 1,
    "discos": [
        "eureka"
    ],
    "shared_dbs": false,
    "name": "panmq/teligen-microservice-admin",
    "gates": [],
    "buses": [],
    "images": [
        "frolvlad/alpine-oraclejdk8"
    ],
    "avg_size_service": 6.0,
    "langs": [
        "dockerfile",
        "java"
    ],
    "dockers": [
        {
            "keywords": [
                "admin",
                "touch",
                "jar",
                "teligen",
                "microservice"
            ],
            "cmd_keywords": [],
            "monitors": [],
            "langs": [],
            "servers": [],
            "dbs": [],
            "from_full": "frolvlad/alpine-oraclejdk8:slim",
            "from": "frolvlad/alpine-oraclejdk8",
            "cmd": "",
            "discos": [],
            "buses": [],
            "gates": [],
            "path": "/src/main/docker/Dockerfile"
        }
    ],
    "structure": {
        "detected_dbs": {
            "num": 0,
            "services": [],
            "names": [],
            "shared_dbs": false
        },
        "services": [],
        "path": [],
        "num_services": 0
    },
    "commiters": 1,
    "num_monitors": 0,
    "num_servers": 1,
    "num_dbs": 0,
    "num_buses": 0,
    "num_langs": 2,
    "dbs": [],
    "num_gates": 0,
    "num_files": 3,
    "num_services": 0,
    "size": 6,
    "languages": [
        "java",
        "dockerfile"
    ],
    "url": "git://github.com/panmq/teligen-microservice-admin.git",
    "num_dockers": 1,
    "files": [
        {
            "monitors": [],
            "discos": [
                "eureka"
            ],
            "servers": [
                "spring"
            ],
            "path": "/pom.xml",
            "gates": [],
            "buses": [],
            "dbs": []
        }
    ]
}