{
    "files": [
        {
            "path": "/pom.xml"
        },
        {
            "path": "/microservice-gateway-zuul/pom.xml"
        },
        {
            "path": "/microservice-eureka-server/pom.xml"
        },
        {
            "path": "/microservice-orderservice/pom.xml"
        },
        {
            "path": "/microservice-userservice/pom.xml"
        }
    ],
    "langs": [
        "java"
    ],
    "num_servers": 0,
    "num_files": 10,
    "dockers": [
        {
            "keywords": [],
            "cmd": "java -Xmx200m -jar /app/microservice-gateway-zuul.jar",
            "from_full": "open-jdk:8",
            "langs": [
                "java"
            ],
            "discos": [],
            "from": "open-jdk",
            "gates": [
                "gateway"
            ],
            "dbs": [],
            "servers": [],
            "cmd_keywords": [
                "jar",
                "gateway",
                "java",
                "app",
                "xmx"
            ],
            "path": "/microservice-gateway-zuul/Dockerfile",
            "monitors": [],
            "buses": []
        },
        {
            "keywords": [],
            "cmd": "java -Xmx200m -jar /app/microservice-eureka-service.jar",
            "from_full": "open-jdk:8",
            "langs": [
                "java"
            ],
            "discos": [
                "eureka"
            ],
            "from": "open-jdk",
            "gates": [],
            "dbs": [],
            "servers": [],
            "cmd_keywords": [
                "jar",
                "java",
                "service",
                "app",
                "xmx"
            ],
            "path": "/microservice-eureka-server/Dockerfile",
            "monitors": [],
            "buses": []
        },
        {
            "keywords": [],
            "cmd": "java -Xmx200m -jar /app/microservice-orderservice.jar",
            "from_full": "open-jdk:8",
            "langs": [
                "java"
            ],
            "discos": [],
            "from": "open-jdk",
            "gates": [],
            "dbs": [],
            "servers": [],
            "cmd_keywords": [
                "jar",
                "orderservice",
                "java",
                "app",
                "xmx"
            ],
            "path": "/microservice-orderservice/Dockerfile",
            "monitors": [],
            "buses": []
        },
        {
            "keywords": [],
            "cmd": "java -Xmx200m -jar /app/microservice-userservice.jar",
            "from_full": "open-jdk:8",
            "langs": [
                "java"
            ],
            "discos": [],
            "from": "open-jdk",
            "gates": [],
            "dbs": [],
            "servers": [],
            "cmd_keywords": [
                "jar",
                "java",
                "app",
                "xmx",
                "userservice"
            ],
            "path": "/microservice-userservice/Dockerfile",
            "monitors": [],
            "buses": []
        }
    ],
    "commiters": 1,
    "num_services": 0,
    "avg_size_service": 998.75,
    "num_buses": 0,
    "num_langs": 1,
    "images": [
        "open-jdk"
    ],
    "size": 3995,
    "num_discos": 1,
    "languages": [
        "java"
    ],
    "num_monitors": 0,
    "name": "pany1708/ms-mall",
    "monitors": [],
    "dbs": [],
    "discos": [
        "eureka"
    ],
    "num_gates": 1,
    "url": "git://github.com/pany1708/ms-mall.git",
    "servers": [],
    "shared_dbs": false,
    "structure": {
        "path": "/docker-compose.yml",
        "services": [],
        "detected_dbs": {
            "num": 0,
            "services": [],
            "shared_dbs": false,
            "names": []
        },
        "num_services": 0
    },
    "num_dockers": 4,
    "gates": [
        "gateway"
    ],
    "num_dbs": 0,
    "buses": []
}