{
    "monitors": [],
    "servers": [
        "spring"
    ],
    "num_discos": 0,
    "discos": [],
    "shared_dbs": false,
    "name": "paulhopkins11/template-microservice",
    "gates": [],
    "buses": [],
    "images": [
        "java"
    ],
    "avg_size_service": 4.0,
    "langs": [
        "dockerfile",
        "java"
    ],
    "dockers": [
        {
            "keywords": [],
            "cmd_keywords": [
                "jar",
                "app",
                "security",
                "djava",
                "urandom"
            ],
            "monitors": [],
            "langs": [
                "java"
            ],
            "servers": [],
            "dbs": [],
            "from_full": "java:alpine",
            "from": "java",
            "cmd": "java -Djava.security.egd=file:/dev/./urandom -jar /app.jar",
            "discos": [],
            "buses": [],
            "gates": [],
            "path": "/Dockerfile"
        }
    ],
    "structure": {
        "detected_dbs": {
            "num": 0,
            "services": [],
            "names": [],
            "shared_dbs": false
        },
        "services": [],
        "path": [],
        "num_services": 0
    },
    "commiters": 1,
    "num_monitors": 0,
    "num_servers": 1,
    "num_dbs": 0,
    "num_buses": 0,
    "num_langs": 2,
    "dbs": [],
    "num_gates": 0,
    "num_files": 3,
    "num_services": 0,
    "size": 4,
    "languages": [
        "java",
        "dockerfile"
    ],
    "url": "git://github.com/paulhopkins11/template-microservice.git",
    "num_dockers": 1,
    "files": [
        {
            "monitors": [],
            "discos": [],
            "servers": [
                "spring"
            ],
            "path": "/pom.xml",
            "gates": [],
            "buses": [],
            "dbs": []
        }
    ]
}