{
    "num_files": 20,
    "dbs": [],
    "structure": {
        "services": [],
        "path": "/docker/docker-compose.yml",
        "detected_dbs": {
            "names": [],
            "num": 0,
            "shared_dbs": false,
            "services": []
        },
        "num_services": 0
    },
    "commiters": 1,
    "num_services": 0,
    "num_buses": 0,
    "images": [
        "java"
    ],
    "url": "git://github.com/PavanNvmd/SpringMicroservices.git",
    "num_langs": 1,
    "num_monitors": 0,
    "num_dockers": 9,
    "name": "PavanNvmd/SpringMicroservices",
    "size": 548,
    "num_dbs": 0,
    "avg_size_service": 60.888888888888886,
    "num_gates": 1,
    "num_discos": 2,
    "dockers": [
        {
            "dbs": [],
            "path": "/users-microservice/src/main/docker/Dockerfile",
            "from": "java",
            "discos": [],
            "from_full": "java:8",
            "servers": [],
            "cmd_keywords": [],
            "buses": [],
            "cmd": "",
            "langs": [
                "java"
            ],
            "gates": [],
            "monitors": [],
            "keywords": [
                "jar",
                "bash",
                "touch",
                "app"
            ]
        },
        {
            "dbs": [],
            "path": "/movie-microservice/src/main/docker/Dockerfile",
            "from": "java",
            "discos": [],
            "from_full": "java:8",
            "servers": [],
            "cmd_keywords": [],
            "buses": [],
            "cmd": "",
            "langs": [
                "java"
            ],
            "gates": [],
            "monitors": [],
            "keywords": [
                "jar",
                "bash",
                "touch",
                "app"
            ]
        },
        {
            "dbs": [],
            "path": "/api-gateway-microservice/src/main/docker/Dockerfile",
            "from": "java",
            "discos": [],
            "from_full": "java:8",
            "servers": [],
            "cmd_keywords": [],
            "buses": [],
            "cmd": "",
            "langs": [
                "java"
            ],
            "gates": [],
            "monitors": [],
            "keywords": [
                "jar",
                "bash",
                "touch",
                "app"
            ]
        },
        {
            "dbs": [],
            "path": "/hystrix-dashboard/src/main/docker/Dockerfile",
            "from": "java",
            "discos": [],
            "from_full": "java:8",
            "servers": [],
            "cmd_keywords": [],
            "buses": [],
            "cmd": "",
            "langs": [
                "java"
            ],
            "gates": [],
            "monitors": [],
            "keywords": [
                "jar",
                "bash",
                "touch",
                "app"
            ]
        },
        {
            "dbs": [],
            "path": "/recommendation-microservice/src/main/docker/Dockerfile",
            "from": "java",
            "discos": [],
            "from_full": "java:8",
            "servers": [],
            "cmd_keywords": [],
            "buses": [],
            "cmd": "",
            "langs": [
                "java"
            ],
            "gates": [],
            "monitors": [],
            "keywords": [
                "jar",
                "bash",
                "touch",
                "app"
            ]
        },
        {
            "dbs": [],
            "path": "/movies-ui/src/main/docker/Dockerfile",
            "from": "java",
            "discos": [],
            "from_full": "java:8",
            "servers": [],
            "cmd_keywords": [],
            "buses": [],
            "cmd": "",
            "langs": [
                "java"
            ],
            "gates": [],
            "monitors": [],
            "keywords": [
                "jar",
                "bash",
                "touch",
                "app"
            ]
        },
        {
            "dbs": [],
            "path": "/config-microservice/src/main/docker/Dockerfile",
            "from": "java",
            "discos": [],
            "from_full": "java:8",
            "servers": [],
            "cmd_keywords": [],
            "buses": [],
            "cmd": "",
            "langs": [
                "java"
            ],
            "gates": [],
            "monitors": [],
            "keywords": [
                "jar",
                "bash",
                "touch",
                "app"
            ]
        },
        {
            "dbs": [],
            "path": "/discovery-microservice/src/main/docker/Dockerfile",
            "from": "java",
            "discos": [],
            "from_full": "java:8",
            "servers": [],
            "cmd_keywords": [],
            "buses": [],
            "cmd": "",
            "langs": [
                "java"
            ],
            "gates": [],
            "monitors": [],
            "keywords": [
                "jar",
                "bash",
                "touch",
                "app"
            ]
        },
        {
            "dbs": [],
            "path": "/consul-microservice/src/main/docker/Dockerfile",
            "from": "java",
            "discos": [],
            "from_full": "java:8",
            "servers": [],
            "cmd_keywords": [],
            "buses": [],
            "cmd": "",
            "langs": [
                "java"
            ],
            "gates": [],
            "monitors": [],
            "keywords": [
                "jar",
                "bash",
                "touch",
                "app"
            ]
        }
    ],
    "languages": [
        "java"
    ],
    "gates": [
        "zuul"
    ],
    "discos": [
        "consul",
        "eureka"
    ],
    "servers": [
        "spring"
    ],
    "buses": [],
    "monitors": [],
    "langs": [
        "java"
    ],
    "shared_dbs": false,
    "num_servers": 1,
    "files": [
        {
            "servers": [
                "spring"
            ],
            "dbs": [],
            "buses": [],
            "monitors": [],
            "gates": [
                "gateway"
            ],
            "path": "/pom.xml",
            "discos": [
                "consul"
            ]
        },
        {
            "servers": [
                "spring"
            ],
            "dbs": [],
            "buses": [],
            "monitors": [],
            "gates": [
                "zuul"
            ],
            "path": "/users-microservice/pom.xml",
            "discos": [
                "eureka"
            ]
        },
        {
            "servers": [
                "spring"
            ],
            "dbs": [],
            "buses": [],
            "monitors": [],
            "gates": [
                "zuul"
            ],
            "path": "/movie-microservice/pom.xml",
            "discos": [
                "eureka"
            ]
        },
        {
            "servers": [
                "spring"
            ],
            "dbs": [],
            "buses": [],
            "monitors": [],
            "gates": [
                "zuul",
                "gateway"
            ],
            "path": "/api-gateway-microservice/pom.xml",
            "discos": []
        },
        {
            "servers": [
                "spring"
            ],
            "dbs": [],
            "buses": [],
            "monitors": [],
            "gates": [],
            "path": "/hystrix-dashboard/pom.xml",
            "discos": []
        },
        {
            "servers": [
                "spring"
            ],
            "dbs": [],
            "buses": [],
            "monitors": [],
            "gates": [
                "zuul"
            ],
            "path": "/recommendation-microservice/pom.xml",
            "discos": [
                "eureka"
            ]
        },
        {
            "servers": [
                "spring"
            ],
            "dbs": [],
            "buses": [],
            "monitors": [],
            "gates": [
                "zuul"
            ],
            "path": "/movies-ui/pom.xml",
            "discos": [
                "eureka"
            ]
        },
        {
            "servers": [
                "spring"
            ],
            "dbs": [],
            "buses": [],
            "monitors": [],
            "gates": [],
            "path": "/config-microservice/pom.xml",
            "discos": [
                "eureka"
            ]
        },
        {
            "servers": [
                "spring"
            ],
            "dbs": [],
            "buses": [],
            "monitors": [],
            "gates": [],
            "path": "/discovery-microservice/pom.xml",
            "discos": [
                "eureka"
            ]
        },
        {
            "servers": [
                "spring"
            ],
            "dbs": [],
            "buses": [],
            "monitors": [],
            "gates": [],
            "path": "/consul-microservice/pom.xml",
            "discos": [
                "consul"
            ]
        }
    ]
}