{
    "monitors": [],
    "name": "PeterKneale/Europa",
    "size": 2556,
    "num_monitors": 0,
    "images": [
        "library/postgres",
        "microsoft/aspnetcore"
    ],
    "dbs": [],
    "commiters": 1,
    "langs": [
        "c#"
    ],
    "url": "git://github.com/PeterKneale/Europa.git",
    "num_buses": 0,
    "shared_dbs": false,
    "buses": [],
    "gates": [],
    "languages": [
        "c#"
    ],
    "num_files": 3,
    "files": [],
    "num_gates": 0,
    "num_discos": 0,
    "num_services": 2,
    "num_langs": 1,
    "structure": {
        "detected_dbs": {
            "num": 0,
            "shared_dbs": false,
            "names": [],
            "services": []
        },
        "num_services": 2,
        "path": "/docker-compose.yml",
        "services": [
            {
                "monitors": [],
                "depends_on": [
                    "db"
                ],
                "servers": [],
                "name": "web",
                "image": ".",
                "discos": [],
                "image_full": ".",
                "buses": [],
                "dbs": [],
                "gates": []
            },
            {
                "monitors": [],
                "depends_on": [],
                "servers": [],
                "name": "db",
                "image": "./Europa.Database",
                "discos": [],
                "image_full": "./Europa.Database",
                "buses": [],
                "dbs": [],
                "gates": []
            }
        ]
    },
    "num_dbs": 0,
    "num_dockers": 2,
    "dockers": [
        {
            "monitors": [],
            "keywords": [
                "dotnet",
                "configuration",
                "app",
                "release",
                "output"
            ],
            "path": "/Dockerfile",
            "dbs": [],
            "cmd": "",
            "from_full": "microsoft/aspnetcore:2",
            "servers": [],
            "langs": [],
            "from": "microsoft/aspnetcore",
            "discos": [],
            "buses": [],
            "cmd_keywords": [],
            "gates": []
        },
        {
            "monitors": [],
            "keywords": [],
            "path": "/Common/Europa.Database/Dockerfile",
            "dbs": [],
            "cmd": "",
            "from_full": "library/postgres",
            "servers": [],
            "langs": [],
            "from": "library/postgres",
            "discos": [],
            "buses": [],
            "cmd_keywords": [],
            "gates": []
        }
    ],
    "servers": [],
    "discos": [],
    "avg_size_service": 1278.0,
    "num_servers": 0
}