{
    "num_gates": 1,
    "discos": [],
    "num_dbs": 0,
    "num_monitors": 0,
    "dockers": [
        {
            "langs": [
                "python"
            ],
            "cmd_keywords": [],
            "from_full": "python:3",
            "path": "/backend/Dockerfile",
            "monitors": [],
            "discos": [],
            "cmd": "",
            "buses": [],
            "gates": [],
            "dbs": [],
            "from": "python",
            "keywords": [
                "requirements",
                "txt",
                "install",
                "backend",
                "mkdir"
            ],
            "servers": []
        }
    ],
    "dbs": [],
    "num_langs": 3,
    "num_servers": 1,
    "avg_size_service": 520.0,
    "structure": {
        "detected_dbs": {
            "num": 0,
            "shared_dbs": false,
            "names": [],
            "services": []
        },
        "num_services": 3,
        "path": "/docker-compose.yml",
        "services": [
            {
                "discos": [],
                "image_full": "node:8.9",
                "name": "frontend",
                "image": "node",
                "buses": [],
                "gates": [],
                "depends_on": [],
                "monitors": [],
                "servers": [
                    "node"
                ],
                "dbs": []
            },
            {
                "discos": [],
                "image_full": "nginx:latest",
                "name": "nginx",
                "image": "nginx",
                "buses": [],
                "gates": [
                    "nginx"
                ],
                "depends_on": [
                    "backend"
                ],
                "monitors": [],
                "servers": [],
                "dbs": []
            },
            {
                "discos": [],
                "image_full": "./backend",
                "name": "backend",
                "image": "./backend",
                "buses": [],
                "gates": [],
                "depends_on": [],
                "monitors": [],
                "servers": [],
                "dbs": []
            }
        ]
    },
    "images": [
        "python"
    ],
    "size": 520,
    "servers": [
        "node"
    ],
    "languages": [
        "javascript",
        "python",
        "html"
    ],
    "langs": [
        "javascript",
        "python",
        "html"
    ],
    "commiters": 3,
    "shared_dbs": false,
    "num_buses": 0,
    "num_services": 3,
    "monitors": [],
    "num_dockers": 1,
    "url": "git://github.com/peterkuria/django-react-in-docker-microservices.git",
    "name": "peterkuria/django-react-in-docker-microservices",
    "buses": [],
    "gates": [
        "nginx"
    ],
    "files": [
        {
            "discos": [],
            "buses": [],
            "gates": [],
            "monitors": [],
            "path": "/frontend/package.json",
            "servers": [],
            "dbs": []
        }
    ],
    "num_discos": 0,
    "num_files": 3
}