{
    "num_servers": 0,
    "num_monitors": 0,
    "commiters": 1,
    "num_discos": 0,
    "files": [],
    "url": "git://github.com/philcockfield/sample-docker-microservices.git",
    "discos": [],
    "num_langs": 3,
    "langs": [
        "dockerfile",
        "bash",
        "shell"
    ],
    "num_services": 0,
    "shared_dbs": false,
    "images": [
        "philcockfield/base",
        "ubuntu"
    ],
    "avg_size_service": 1.0,
    "num_gates": 0,
    "num_buses": 0,
    "dbs": [],
    "servers": [],
    "structure": {
        "services": [],
        "num_services": 0,
        "detected_dbs": {
            "num": 0,
            "shared_dbs": false,
            "names": [],
            "services": []
        },
        "path": []
    },
    "num_dockers": 2,
    "num_files": 3,
    "name": "philcockfield/sample-docker-microservices",
    "dockers": [
        {
            "dbs": [],
            "servers": [],
            "keywords": [],
            "from_full": "philcockfield/base",
            "cmd_keywords": [],
            "cmd": "",
            "langs": [],
            "buses": [],
            "monitors": [],
            "gates": [],
            "discos": [],
            "from": "philcockfield/base",
            "path": "/service-1/Dockerfile"
        },
        {
            "dbs": [],
            "servers": [],
            "keywords": [
                "install",
                "get",
                "apt",
                "curl",
                "sudo"
            ],
            "from_full": "ubuntu",
            "cmd_keywords": [],
            "cmd": "",
            "langs": [
                "bash"
            ],
            "buses": [],
            "monitors": [],
            "gates": [],
            "discos": [],
            "from": "ubuntu",
            "path": "/base/Dockerfile"
        }
    ],
    "buses": [],
    "monitors": [],
    "gates": [],
    "size": 2,
    "languages": [
        "dockerfile",
        "shell"
    ],
    "num_dbs": 0
}