{
    "num_services": 1,
    "name": "plamenpetrov/spring-boot-microservice",
    "size": 103,
    "avg_size_service": 103.0,
    "monitors": [],
    "images": [
        "openjdk"
    ],
    "languages": [
        "java"
    ],
    "servers": [
        "spring"
    ],
    "dockers": [
        {
            "langs": [],
            "dbs": [],
            "buses": [],
            "cmd": "",
            "cmd_keywords": [],
            "monitors": [],
            "keywords": [],
            "servers": [],
            "from": "openjdk",
            "from_full": "openjdk:12-jdk-alpine",
            "gates": [],
            "path": "/Dockerfile",
            "discos": []
        }
    ],
    "num_servers": 1,
    "num_gates": 0,
    "discos": [],
    "num_monitors": 0,
    "files": [
        {
            "servers": [
                "spring"
            ],
            "gates": [],
            "dbs": [],
            "buses": [],
            "path": "/pom.xml",
            "monitors": [],
            "discos": []
        }
    ],
    "dbs": [],
    "buses": [],
    "langs": [
        "java"
    ],
    "num_dbs": 0,
    "url": "git://github.com/plamenpetrov/spring-boot-microservice.git",
    "shared_dbs": false,
    "gates": [],
    "num_langs": 1,
    "num_dockers": 1,
    "num_buses": 0,
    "num_files": 3,
    "num_discos": 0,
    "commiters": 2,
    "structure": {
        "num_services": 1,
        "services": [
            {
                "image_full": "{'ARTIFACT_VERSION': 1.0}",
                "name": "app",
                "image": "{'ARTIFACT_VERSION': 1.0}",
                "gates": [],
                "depends_on": [],
                "dbs": [],
                "buses": [],
                "servers": [],
                "discos": [],
                "monitors": []
            }
        ],
        "path": "/docker-compose.yml",
        "detected_dbs": {
            "services": [],
            "shared_dbs": false,
            "num": 0,
            "names": []
        }
    }
}