{
    "num_discos": 0,
    "structure": {
        "detected_dbs": {
            "num": 0,
            "shared_dbs": false,
            "names": [],
            "services": []
        },
        "num_services": 0,
        "path": [],
        "services": []
    },
    "buses": [],
    "servers": [
        "spring"
    ],
    "name": "Pnirkhee/Kubernetes",
    "num_gates": 0,
    "gates": [],
    "num_dbs": 1,
    "discos": [],
    "num_servers": 1,
    "num_dockers": 5,
    "dockers": [
        {
            "cmd": "apache2ctl -D FOREGROUND",
            "dbs": [],
            "cmd_keywords": [
                "foreground",
                "apache",
                "ctl"
            ],
            "buses": [],
            "monitors": [],
            "from": "ubuntu",
            "langs": [],
            "keywords": [
                "proxy",
                "apt",
                "get",
                "apache",
                "mkdir"
            ],
            "gates": [],
            "from_full": "ubuntu:16.04",
            "discos": [],
            "path": "/microservice-kubernetes-demo/apache/Dockerfile",
            "servers": []
        },
        {
            "cmd": "/usr/bin/java -Xmx400m -Xms400m -jar microservice-kubernetes-demo-catalog-0.0.1-SNAPSHOT.jar",
            "dbs": [],
            "cmd_keywords": [
                "jar",
                "snapshot",
                "usr",
                "xms",
                "java"
            ],
            "buses": [],
            "monitors": [],
            "from": "ewolff/docker-java",
            "langs": [
                "java"
            ],
            "keywords": [],
            "gates": [],
            "from_full": "ewolff/docker-java",
            "discos": [],
            "path": "/microservice-kubernetes-demo/microservice-kubernetes-demo-catalog/Dockerfile",
            "servers": []
        },
        {
            "cmd": "/usr/bin/java -Xmx400m -Xms400m -jar microservice-kubernetes-demo-customer-0.0.1-SNAPSHOT.jar",
            "dbs": [],
            "cmd_keywords": [
                "jar",
                "snapshot",
                "usr",
                "xms",
                "java"
            ],
            "buses": [],
            "monitors": [],
            "from": "ewolff/docker-java",
            "langs": [
                "java"
            ],
            "keywords": [],
            "gates": [],
            "from_full": "ewolff/docker-java",
            "discos": [],
            "path": "/microservice-kubernetes-demo/microservice-kubernetes-demo-customer/Dockerfile",
            "servers": []
        },
        {
            "cmd": "/usr/bin/java -Xmx400m -Xms400m -jar microservice-kubernetes-demo-hystrix-dashboard-0.0.1-SNAPSHOT.jar",
            "dbs": [],
            "cmd_keywords": [
                "jar",
                "snapshot",
                "java",
                "microservice",
                "demo"
            ],
            "buses": [],
            "monitors": [],
            "from": "ewolff/docker-java",
            "langs": [
                "java"
            ],
            "keywords": [],
            "gates": [],
            "from_full": "ewolff/docker-java",
            "discos": [],
            "path": "/microservice-kubernetes-demo/microservice-kubernetes-demo-hystrix-dashboard/Dockerfile",
            "servers": []
        },
        {
            "cmd": "/usr/bin/java -Xmx400m -Xms400m -jar microservice-kubernetes-demo-order-0.0.1-SNAPSHOT.jar",
            "dbs": [],
            "cmd_keywords": [
                "jar",
                "snapshot",
                "usr",
                "xms",
                "java"
            ],
            "buses": [],
            "monitors": [],
            "from": "ewolff/docker-java",
            "langs": [
                "java"
            ],
            "keywords": [],
            "gates": [],
            "from_full": "ewolff/docker-java",
            "discos": [],
            "path": "/microservice-kubernetes-demo/microservice-kubernetes-demo-order/Dockerfile",
            "servers": []
        }
    ],
    "dbs": [
        "db"
    ],
    "images": [
        "ubuntu",
        "ewolff/docker-java"
    ],
    "commiters": 3,
    "monitors": [],
    "files": [
        {
            "dbs": [],
            "buses": [],
            "servers": [
                "spring"
            ],
            "discos": [],
            "monitors": [],
            "gates": [],
            "path": "/microservice-kubernetes-demo/pom.xml"
        },
        {
            "dbs": [
                "hsqldb"
            ],
            "buses": [],
            "servers": [
                "spring"
            ],
            "discos": [],
            "monitors": [],
            "gates": [],
            "path": "/microservice-kubernetes-demo/microservice-kubernetes-demo-catalog/pom.xml"
        },
        {
            "dbs": [
                "hsqldb"
            ],
            "buses": [],
            "servers": [
                "spring"
            ],
            "discos": [],
            "monitors": [],
            "gates": [],
            "path": "/microservice-kubernetes-demo/microservice-kubernetes-demo-customer/pom.xml"
        },
        {
            "dbs": [],
            "buses": [],
            "servers": [
                "spring"
            ],
            "discos": [],
            "monitors": [],
            "gates": [],
            "path": "/microservice-kubernetes-demo/microservice-kubernetes-demo-hystrix-dashboard/pom.xml"
        },
        {
            "dbs": [
                "hsqldb"
            ],
            "buses": [],
            "servers": [
                "spring"
            ],
            "discos": [],
            "monitors": [],
            "gates": [],
            "path": "/microservice-kubernetes-demo/microservice-kubernetes-demo-order/pom.xml"
        }
    ],
    "langs": [
        "java",
        "html"
    ],
    "url": "git://github.com/Pnirkhee/Kubernetes.git",
    "num_monitors": 0,
    "shared_dbs": false,
    "size": 164747,
    "languages": [
        "java",
        "html"
    ],
    "num_langs": 2,
    "num_buses": 0,
    "avg_size_service": 32949.4,
    "num_files": 11,
    "num_services": 0
}