{
    "num_servers": 0,
    "num_monitors": 0,
    "commiters": 2,
    "num_discos": 0,
    "files": [],
    "url": "git://github.com/pranathadoddy/shoesOnContainer.git",
    "discos": [],
    "num_langs": 1,
    "langs": [
        "c#"
    ],
    "num_services": 1,
    "shared_dbs": false,
    "images": [],
    "avg_size_service": 52.0,
    "num_gates": 0,
    "num_buses": 0,
    "dbs": [],
    "servers": [],
    "structure": {
        "services": [
            {
                "name": "db",
                "buses": [],
                "dbs": [],
                "servers": [],
                "image_full": "mcr.microsoft.com/mssql/server",
                "gates": [],
                "discos": [],
                "depends_on": [],
                "image": "mcr.microsoft.com/mssql/server",
                "monitors": []
            }
        ],
        "num_services": 1,
        "detected_dbs": {
            "num": 0,
            "shared_dbs": false,
            "names": [],
            "services": []
        },
        "path": "/docker-compose.yml"
    },
    "num_dockers": 0,
    "num_files": 1,
    "name": "pranathadoddy/shoesOnContainer",
    "dockers": [],
    "buses": [],
    "monitors": [],
    "gates": [],
    "size": 52,
    "languages": [
        "c#"
    ],
    "num_dbs": 0
}