{
    "num_discos": 1,
    "structure": {
        "detected_dbs": {
            "num": 0,
            "shared_dbs": false,
            "names": [],
            "services": []
        },
        "num_services": 0,
        "path": [],
        "services": []
    },
    "buses": [],
    "servers": [
        "spring"
    ],
    "name": "prashantrr143/Microservices-Architecture",
    "num_gates": 1,
    "gates": [
        "zuul"
    ],
    "num_dbs": 0,
    "discos": [
        "eureka"
    ],
    "num_servers": 1,
    "num_dockers": 1,
    "dockers": [
        {
            "cmd": "",
            "dbs": [],
            "cmd_keywords": [],
            "buses": [],
            "monitors": [],
            "from": "openjdk",
            "langs": [],
            "keywords": [],
            "gates": [],
            "from_full": "openjdk:8-jdk-alpine",
            "discos": [],
            "path": "/OrderManagementService/Dockerfile",
            "servers": []
        }
    ],
    "dbs": [],
    "images": [
        "openjdk"
    ],
    "commiters": 3,
    "monitors": [],
    "files": [
        {
            "dbs": [],
            "buses": [],
            "servers": [
                "spring"
            ],
            "discos": [
                "eureka"
            ],
            "monitors": [],
            "gates": [],
            "path": "/OrderManagementService/pom.xml"
        },
        {
            "dbs": [],
            "buses": [],
            "servers": [
                "spring"
            ],
            "discos": [
                "eureka"
            ],
            "monitors": [],
            "gates": [
                "zuul"
            ],
            "path": "/ZuulProxyServer/pom.xml"
        },
        {
            "dbs": [],
            "buses": [],
            "servers": [
                "spring"
            ],
            "discos": [
                "eureka"
            ],
            "monitors": [],
            "gates": [],
            "path": "/EurekaServiceRegistryServer/pom.xml"
        },
        {
            "dbs": [],
            "buses": [],
            "servers": [
                "spring"
            ],
            "discos": [
                "eureka"
            ],
            "monitors": [],
            "gates": [],
            "path": "/InventoryManagementService/pom.xml"
        },
        {
            "dbs": [],
            "buses": [],
            "servers": [
                "spring"
            ],
            "discos": [],
            "monitors": [],
            "gates": [],
            "path": "/ConfigurationServer/pom.xml"
        }
    ],
    "langs": [
        "java"
    ],
    "url": "git://github.com/prashantrr143/Microservices-Architecture.git",
    "num_monitors": 0,
    "shared_dbs": false,
    "size": 335,
    "languages": [
        "java"
    ],
    "num_langs": 1,
    "num_buses": 0,
    "avg_size_service": 335.0,
    "num_files": 7,
    "num_services": 0
}