{
    "num_services": 1,
    "buses": [],
    "structure": {
        "services": [
            {
                "gates": [],
                "depends_on": [],
                "discos": [],
                "buses": [],
                "dbs": [],
                "servers": [],
                "image": "proflo/core-microservice-frontend",
                "name": "core-microservice-frontend",
                "monitors": [],
                "image_full": "proflo/core-microservice-frontend:<VERSION>"
            }
        ],
        "num_services": 1,
        "path": "/docker-compose.yml",
        "detected_dbs": {
            "services": [],
            "shared_dbs": false,
            "names": [],
            "num": 0
        }
    },
    "num_buses": 0,
    "num_langs": 3,
    "num_files": 3,
    "num_discos": 0,
    "servers": [
        "node"
    ],
    "avg_size_service": 3922.0,
    "url": "git://github.com/pushpendrakushwaha/proflo-core-microservice-frontend.git",
    "num_gates": 1,
    "name": "pushpendrakushwaha/proflo-core-microservice-frontend",
    "langs": [
        "html",
        "css",
        "typescript"
    ],
    "num_dockers": 1,
    "num_dbs": 0,
    "dbs": [],
    "dockers": [
        {
            "gates": [
                "nginx"
            ],
            "from_full": "nginx:1.17.3-alpine",
            "cmd": "nginx -g daemon off;",
            "dbs": [],
            "discos": [],
            "monitors": [],
            "from": "nginx",
            "cmd_keywords": [
                "off",
                "daemon",
                "nginx"
            ],
            "keywords": [
                "npm",
                "build",
                "run",
                "prod",
                "install"
            ],
            "servers": [],
            "buses": [],
            "path": "/Dockerfile",
            "langs": []
        }
    ],
    "discos": [],
    "num_servers": 1,
    "monitors": [],
    "commiters": 2,
    "shared_dbs": false,
    "size": 3922,
    "gates": [
        "nginx"
    ],
    "languages": [
        "typescript",
        "css",
        "html"
    ],
    "files": [
        {
            "buses": [],
            "dbs": [],
            "gates": [],
            "path": "/package.json",
            "discos": [],
            "monitors": [],
            "servers": [
                "node"
            ]
        }
    ],
    "images": [
        "nginx"
    ],
    "num_monitors": 0
}