{
    "num_dbs": 0,
    "langs": [
        "go",
        "scratch"
    ],
    "gates": [],
    "num_servers": 0,
    "num_dockers": 1,
    "num_buses": 0,
    "num_files": 2,
    "num_discos": 0,
    "num_services": 0,
    "dbs": [],
    "servers": [],
    "num_langs": 2,
    "structure": {
        "detected_dbs": {
            "num": 0,
            "shared_dbs": false,
            "services": [],
            "names": []
        },
        "services": [],
        "num_services": 0,
        "path": []
    },
    "commiters": 2,
    "languages": [
        "go"
    ],
    "files": [],
    "shared_dbs": false,
    "monitors": [],
    "discos": [],
    "dockers": [
        {
            "cmd_keywords": [
                "main"
            ],
            "from_full": "scratch",
            "gates": [],
            "monitors": [],
            "discos": [],
            "langs": [
                "scratch"
            ],
            "from": "scratch",
            "path": "/Dockerfile",
            "dbs": [],
            "servers": [],
            "buses": [],
            "cmd": "/main",
            "keywords": [
                "mod",
                "download",
                "build",
                "main"
            ]
        }
    ],
    "num_monitors": 0,
    "images": [
        "scratch"
    ],
    "avg_size_service": 47.0,
    "num_gates": 0,
    "size": 47,
    "buses": [],
    "url": "git://github.com/PW486/go-grpc-micro.git",
    "name": "PW486/go-grpc-micro"
}