{
    "num_gates": 0,
    "discos": [
        "consul"
    ],
    "num_dbs": 0,
    "num_monitors": 0,
    "dockers": [
        {
            "langs": [],
            "cmd_keywords": [],
            "from_full": "openjdk:8",
            "path": "/spring_microservice-HelloWorld-Adi2/Dockerfile",
            "monitors": [],
            "discos": [],
            "cmd": "",
            "buses": [],
            "gates": [],
            "dbs": [],
            "from": "openjdk",
            "keywords": [],
            "servers": []
        }
    ],
    "dbs": [],
    "num_langs": 1,
    "num_servers": 1,
    "avg_size_service": 70.0,
    "structure": {
        "detected_dbs": {
            "num": 0,
            "shared_dbs": false,
            "names": [],
            "services": []
        },
        "num_services": 0,
        "path": [],
        "services": []
    },
    "images": [
        "openjdk"
    ],
    "size": 70,
    "servers": [
        "spring"
    ],
    "languages": [
        "java"
    ],
    "langs": [
        "java"
    ],
    "commiters": 1,
    "shared_dbs": false,
    "num_buses": 0,
    "num_services": 0,
    "monitors": [],
    "num_dockers": 1,
    "url": "git://github.com/radian7/spring_microservice-HelloWorld-Adi2.git",
    "name": "radian7/spring_microservice-HelloWorld-Adi2",
    "buses": [],
    "gates": [],
    "files": [
        {
            "discos": [
                "consul"
            ],
            "buses": [],
            "gates": [],
            "monitors": [],
            "path": "/spring_microservice-HelloWorld-Adi2/pom.xml",
            "servers": [
                "spring"
            ],
            "dbs": []
        }
    ],
    "num_discos": 1,
    "num_files": 3
}