{
    "num_langs": 3,
    "num_servers": 5,
    "num_dockers": 2,
    "languages": [
        "java",
        "html",
        "shell"
    ],
    "files": [
        {
            "servers": [
                "spring"
            ],
            "dbs": [
                "mysql"
            ],
            "discos": [],
            "path": "/microserviceB/pom.xml",
            "gates": [],
            "buses": [
                "kafka"
            ],
            "monitors": [
                "jaeger"
            ]
        },
        {
            "servers": [
                "express",
                "glassfish",
                "jboss"
            ],
            "dbs": [
                "oracle"
            ],
            "discos": [],
            "path": "/microserviceA/pom.xml",
            "gates": [],
            "buses": [],
            "monitors": [
                "jaeger"
            ]
        },
        {
            "servers": [
                "express"
            ],
            "dbs": [],
            "discos": [],
            "path": "/microserviceC/package.json",
            "gates": [],
            "buses": [],
            "monitors": [
                "jaeger"
            ]
        }
    ],
    "num_gates": 0,
    "num_buses": 1,
    "commiters": 1,
    "avg_size_service": 46.0,
    "discos": [
        "zookeeper"
    ],
    "num_services": 7,
    "num_discos": 1,
    "num_dbs": 3,
    "monitors": [
        "jaeger"
    ],
    "servers": [
        "jboss",
        "express",
        "node",
        "glassfish",
        "spring"
    ],
    "dockers": [
        {
            "servers": [],
            "buses": [],
            "from": "openjdk",
            "from_full": "openjdk:11",
            "cmd": "java -jar microserviceB-0.0.1-SNAPSHOT.jar",
            "langs": [
                "java"
            ],
            "path": "/microserviceB/Dockerfile",
            "cmd_keywords": [
                "jar",
                "java",
                "microserviceb",
                "snapshot"
            ],
            "discos": [],
            "dbs": [],
            "keywords": [],
            "gates": [],
            "monitors": []
        },
        {
            "servers": [
                "node"
            ],
            "buses": [],
            "from": "node",
            "from_full": "node:13",
            "cmd": "node index.js",
            "langs": [],
            "path": "/microserviceC/Dockerfile",
            "cmd_keywords": [
                "node",
                "index"
            ],
            "discos": [],
            "dbs": [],
            "keywords": [],
            "gates": [],
            "monitors": []
        }
    ],
    "num_monitors": 1,
    "name": "rafabene/tracing-demo",
    "images": [
        "node",
        "openjdk"
    ],
    "langs": [
        "java",
        "shell",
        "html"
    ],
    "buses": [
        "kafka"
    ],
    "shared_dbs": true,
    "url": "git://github.com/rafabene/tracing-demo.git",
    "structure": {
        "path": "/docker-compose.yml",
        "num_services": 7,
        "detected_dbs": {
            "num": 2,
            "shared_dbs": true,
            "names": [
                "mysql",
                "zookeeper"
            ],
            "services": [
                "mysql",
                "zookeeper"
            ]
        },
        "services": [
            {
                "image": "microserviceC",
                "servers": [],
                "discos": [],
                "name": "microservicec",
                "dbs": [],
                "depends_on": [
                    "mysql"
                ],
                "monitors": [],
                "gates": [],
                "buses": [],
                "image_full": "microserviceC"
            },
            {
                "image": "jaegertracing/all-in-one",
                "servers": [],
                "discos": [],
                "name": "jaeger",
                "dbs": [],
                "depends_on": [],
                "monitors": [],
                "gates": [],
                "buses": [],
                "image_full": "jaegertracing/all-in-one:1.16"
            },
            {
                "image": "mysql",
                "servers": [],
                "discos": [],
                "name": "mysql",
                "dbs": [
                    "mysql"
                ],
                "depends_on": [],
                "monitors": [],
                "gates": [],
                "buses": [],
                "image_full": "mysql:8"
            },
            {
                "image": "microserviceB",
                "servers": [],
                "discos": [],
                "name": "microserviceb",
                "dbs": [],
                "depends_on": [
                    "mysql"
                ],
                "monitors": [],
                "gates": [],
                "buses": [],
                "image_full": "microserviceB"
            },
            {
                "image": "confluentinc/cp-zookeeper",
                "servers": [],
                "discos": [
                    "zookeeper"
                ],
                "name": "zookeeper",
                "dbs": [
                    "zookeeper"
                ],
                "depends_on": [],
                "monitors": [],
                "gates": [],
                "buses": [],
                "image_full": "confluentinc/cp-zookeeper:latest"
            },
            {
                "image": "src/main/docker/Dockerfile.helidon",
                "servers": [],
                "discos": [],
                "name": "microservicea",
                "dbs": [],
                "depends_on": [],
                "monitors": [],
                "gates": [],
                "buses": [],
                "image_full": "src/main/docker/Dockerfile.helidon"
            },
            {
                "image": "confluentinc/cp-kafka",
                "servers": [],
                "discos": [],
                "name": "kafka",
                "dbs": [],
                "depends_on": [
                    "zookeeper"
                ],
                "monitors": [],
                "gates": [],
                "buses": [
                    "kafka"
                ],
                "image_full": "confluentinc/cp-kafka:latest"
            }
        ]
    },
    "size": 92,
    "dbs": [
        "mysql",
        "oracle",
        "zookeeper"
    ],
    "num_files": 6,
    "gates": []
}