{
    "monitors": [],
    "servers": [
        "spring",
        "tomcat"
    ],
    "num_discos": 1,
    "discos": [
        "eureka"
    ],
    "shared_dbs": false,
    "name": "ragasindhun/Spring-Boot-Microservices-Demo",
    "gates": [],
    "buses": [],
    "images": [
        "ubuntu"
    ],
    "avg_size_service": 76.0,
    "langs": [
        "java"
    ],
    "dockers": [
        {
            "keywords": [
                "apt",
                "get",
                "install",
                "git",
                "microservices"
            ],
            "cmd_keywords": [],
            "monitors": [],
            "langs": [
                "java"
            ],
            "servers": [
                "spring"
            ],
            "dbs": [],
            "from_full": "ubuntu",
            "from": "ubuntu",
            "cmd": "",
            "discos": [],
            "buses": [],
            "gates": [],
            "path": "/ProfileMicroserviceProducer/Dockerfile"
        },
        {
            "keywords": [
                "apt",
                "get",
                "install",
                "git",
                "microservices"
            ],
            "cmd_keywords": [],
            "monitors": [],
            "langs": [
                "java"
            ],
            "servers": [
                "spring"
            ],
            "dbs": [],
            "from_full": "ubuntu",
            "from": "ubuntu",
            "cmd": "",
            "discos": [],
            "buses": [],
            "gates": [],
            "path": "/ProfileMicroserviceConsumer/Dockerfile"
        },
        {
            "keywords": [
                "apt",
                "get",
                "install",
                "git",
                "microservices"
            ],
            "cmd_keywords": [],
            "monitors": [],
            "langs": [
                "java"
            ],
            "servers": [
                "spring"
            ],
            "dbs": [],
            "from_full": "ubuntu",
            "from": "ubuntu",
            "cmd": "",
            "discos": [],
            "buses": [],
            "gates": [],
            "path": "/MicroserviceDiscoveryServer/Dockerfile"
        }
    ],
    "structure": {
        "detected_dbs": {
            "num": 0,
            "services": [],
            "names": [],
            "shared_dbs": false
        },
        "services": [],
        "path": [],
        "num_services": 0
    },
    "commiters": 1,
    "num_monitors": 0,
    "num_servers": 2,
    "num_dbs": 1,
    "num_buses": 0,
    "num_langs": 1,
    "dbs": [
        "db"
    ],
    "num_gates": 0,
    "num_files": 7,
    "num_services": 0,
    "size": 228,
    "languages": [
        "java"
    ],
    "url": "git://github.com/ragasindhun/Spring-Boot-Microservices-Demo.git",
    "num_dockers": 3,
    "files": [
        {
            "monitors": [],
            "discos": [
                "eureka"
            ],
            "servers": [
                "spring"
            ],
            "path": "/ProfileMicroserviceProducer/pom.xml",
            "gates": [],
            "buses": [],
            "dbs": [
                "hsqldb"
            ]
        },
        {
            "monitors": [],
            "discos": [
                "eureka"
            ],
            "servers": [
                "spring",
                "tomcat"
            ],
            "path": "/ProfileMicroserviceConsumer/pom.xml",
            "gates": [],
            "buses": [],
            "dbs": []
        },
        {
            "monitors": [],
            "discos": [
                "eureka"
            ],
            "servers": [
                "spring"
            ],
            "path": "/MicroserviceDiscoveryServer/pom.xml",
            "gates": [],
            "buses": [],
            "dbs": []
        }
    ]
}