{
    "num_dbs": 1,
    "langs": [
        "javascript",
        "typescript"
    ],
    "gates": [],
    "num_servers": 3,
    "num_dockers": 7,
    "num_buses": 1,
    "num_files": 16,
    "num_discos": 0,
    "num_services": 0,
    "dbs": [
        "db"
    ],
    "servers": [
        "mongoose",
        "express",
        "node"
    ],
    "num_langs": 2,
    "structure": {
        "detected_dbs": {
            "num": 0,
            "shared_dbs": false,
            "services": [],
            "names": []
        },
        "services": [],
        "num_services": 0,
        "path": []
    },
    "commiters": 2,
    "languages": [
        "typescript",
        "javascript"
    ],
    "files": [
        {
            "path": "/payments/package.json",
            "dbs": [
                "mongodb"
            ],
            "servers": [
                "mongoose",
                "node",
                "express"
            ],
            "buses": [
                "nats"
            ],
            "monitors": [],
            "discos": [],
            "gates": []
        },
        {
            "path": "/emailing/package.json",
            "dbs": [
                "mongodb"
            ],
            "servers": [
                "mongoose",
                "node",
                "express"
            ],
            "buses": [
                "nats"
            ],
            "monitors": [],
            "discos": [],
            "gates": []
        },
        {
            "path": "/expiration/package.json",
            "dbs": [],
            "servers": [
                "node"
            ],
            "buses": [
                "nats"
            ],
            "monitors": [],
            "discos": [],
            "gates": []
        },
        {
            "path": "/client/package.json",
            "dbs": [],
            "servers": [],
            "buses": [],
            "monitors": [],
            "discos": [],
            "gates": []
        },
        {
            "path": "/tickets/package.json",
            "dbs": [
                "mongodb"
            ],
            "servers": [
                "mongoose",
                "node",
                "express"
            ],
            "buses": [
                "nats"
            ],
            "monitors": [],
            "discos": [],
            "gates": []
        },
        {
            "path": "/nats-test/package.json",
            "dbs": [],
            "servers": [
                "node"
            ],
            "buses": [
                "nats"
            ],
            "monitors": [],
            "discos": [],
            "gates": []
        },
        {
            "path": "/auth/package.json",
            "dbs": [
                "mongodb"
            ],
            "servers": [
                "mongoose",
                "node",
                "express"
            ],
            "buses": [],
            "monitors": [],
            "discos": [],
            "gates": []
        },
        {
            "path": "/orders/package.json",
            "dbs": [
                "mongodb"
            ],
            "servers": [
                "mongoose",
                "node",
                "express"
            ],
            "buses": [],
            "monitors": [],
            "discos": [],
            "gates": []
        }
    ],
    "shared_dbs": false,
    "monitors": [],
    "discos": [],
    "dockers": [
        {
            "cmd_keywords": [
                "npm",
                "start"
            ],
            "from_full": "node:alpine",
            "gates": [],
            "monitors": [],
            "discos": [],
            "langs": [],
            "from": "node",
            "path": "/payments/Dockerfile",
            "dbs": [],
            "servers": [
                "node"
            ],
            "buses": [],
            "cmd": "npm start",
            "keywords": [
                "prod",
                "only",
                "install",
                "npm"
            ]
        },
        {
            "cmd_keywords": [
                "npm",
                "start"
            ],
            "from_full": "node:alpine",
            "gates": [],
            "monitors": [],
            "discos": [],
            "langs": [],
            "from": "node",
            "path": "/emailing/Dockerfile",
            "dbs": [],
            "servers": [
                "node"
            ],
            "buses": [],
            "cmd": "npm start",
            "keywords": [
                "prod",
                "only",
                "install",
                "npm"
            ]
        },
        {
            "cmd_keywords": [
                "npm",
                "start"
            ],
            "from_full": "node:alpine",
            "gates": [],
            "monitors": [],
            "discos": [],
            "langs": [],
            "from": "node",
            "path": "/expiration/Dockerfile",
            "dbs": [],
            "servers": [
                "node"
            ],
            "buses": [],
            "cmd": "npm start",
            "keywords": [
                "prod",
                "only",
                "install",
                "npm"
            ]
        },
        {
            "cmd_keywords": [
                "dev",
                "run",
                "npm"
            ],
            "from_full": "node:alpine",
            "gates": [],
            "monitors": [],
            "discos": [],
            "langs": [],
            "from": "node",
            "path": "/client/Dockerfile",
            "dbs": [],
            "servers": [
                "node"
            ],
            "buses": [],
            "cmd": "npm run dev",
            "keywords": [
                "install",
                "npm"
            ]
        },
        {
            "cmd_keywords": [
                "npm",
                "start"
            ],
            "from_full": "node:alpine",
            "gates": [],
            "monitors": [],
            "discos": [],
            "langs": [],
            "from": "node",
            "path": "/tickets/Dockerfile",
            "dbs": [],
            "servers": [
                "node"
            ],
            "buses": [],
            "cmd": "npm start",
            "keywords": [
                "prod",
                "only",
                "install",
                "npm"
            ]
        },
        {
            "cmd_keywords": [
                "npm",
                "start"
            ],
            "from_full": "node:alpine",
            "gates": [],
            "monitors": [],
            "discos": [],
            "langs": [],
            "from": "node",
            "path": "/auth/Dockerfile",
            "dbs": [],
            "servers": [
                "node"
            ],
            "buses": [],
            "cmd": "npm start",
            "keywords": [
                "prod",
                "only",
                "install",
                "npm"
            ]
        },
        {
            "cmd_keywords": [
                "npm",
                "start"
            ],
            "from_full": "node:alpine",
            "gates": [],
            "monitors": [],
            "discos": [],
            "langs": [],
            "from": "node",
            "path": "/orders/Dockerfile",
            "dbs": [],
            "servers": [
                "node"
            ],
            "buses": [],
            "cmd": "npm start",
            "keywords": [
                "prod",
                "only",
                "install",
                "npm"
            ]
        }
    ],
    "num_monitors": 0,
    "images": [
        "node"
    ],
    "avg_size_service": 317.85714285714283,
    "num_gates": 0,
    "size": 2225,
    "buses": [
        "nats"
    ],
    "url": "git://github.com/rahulvyas1/ticketing.git",
    "name": "rahulvyas1/ticketing"
}