{
    "dockers": [
        {
            "langs": [],
            "monitors": [],
            "path": "/.docker/phpqa/Dockerfile",
            "buses": [],
            "keywords": [],
            "cmd": "",
            "from": "raspberryvision/phpqa",
            "from_full": "raspberryvision/phpqa:0.3.5-stretch",
            "cmd_keywords": [],
            "gates": [],
            "discos": [],
            "servers": [],
            "dbs": []
        },
        {
            "langs": [],
            "monitors": [],
            "path": "/.docker/php/Dockerfile",
            "buses": [],
            "keywords": [],
            "cmd": "",
            "from": "raspberryvision/base-symfony",
            "from_full": "raspberryvision/base-symfony:0.0.3-microservice",
            "cmd_keywords": [],
            "gates": [],
            "discos": [],
            "servers": [],
            "dbs": []
        }
    ],
    "monitors": [],
    "url": "git://github.com/RaspberryVision/loterioma-rng.git",
    "num_discos": 0,
    "buses": [],
    "num_buses": 0,
    "shared_dbs": false,
    "num_monitors": 0,
    "num_servers": 0,
    "num_dbs": 0,
    "commiters": 3,
    "name": "RaspberryVision/loterioma-rng",
    "images": [
        "raspberryvision/phpqa",
        "raspberryvision/base-symfony"
    ],
    "size": 146,
    "num_services": 1,
    "servers": [],
    "gates": [],
    "langs": [
        "php"
    ],
    "files": [],
    "num_langs": 1,
    "languages": [
        "php"
    ],
    "structure": {
        "detected_dbs": {
            "names": [],
            "services": [],
            "shared_dbs": false,
            "num": 0
        },
        "services": [
            {
                "image": ".docker/php",
                "monitors": [],
                "dbs": [],
                "buses": [],
                "name": "loterioma_rng",
                "image_full": ".docker/php",
                "discos": [],
                "depends_on": [],
                "servers": [],
                "gates": []
            }
        ],
        "path": "/docker-compose.yml",
        "num_services": 1
    },
    "avg_size_service": 73.0,
    "dbs": [],
    "num_dockers": 2,
    "num_files": 3,
    "discos": [],
    "num_gates": 0
}