{
    "url": "git://github.com/rathodsantosh/spring-boot-microservices-example.git",
    "num_monitors": 0,
    "num_dbs": 0,
    "num_langs": 1,
    "num_files": 9,
    "num_buses": 0,
    "num_servers": 1,
    "images": [
        "anapsix/alpine-java"
    ],
    "langs": [
        "java"
    ],
    "size": 97,
    "structure": {
        "path": "/eureka-server/docker-compose.yml",
        "detected_dbs": {
            "num": 0,
            "shared_dbs": false,
            "services": [],
            "names": []
        },
        "services": [
            {
                "dbs": [],
                "buses": [],
                "name": "eureka-server",
                "monitors": [],
                "image_full": "eureka-server:v1.0.0",
                "depends_on": [],
                "gates": [],
                "servers": [],
                "image": "eureka-server",
                "discos": [
                    "eureka"
                ]
            },
            {
                "dbs": [],
                "buses": [],
                "name": "edge-service",
                "monitors": [],
                "image_full": "edge-service:v1.0.0",
                "depends_on": [],
                "gates": [],
                "servers": [],
                "image": "edge-service",
                "discos": []
            },
            {
                "dbs": [],
                "buses": [],
                "name": "item-catalog-service",
                "monitors": [],
                "image_full": "item-catalog-service:v1.0.0",
                "depends_on": [],
                "gates": [],
                "servers": [],
                "image": "item-catalog-service",
                "discos": []
            }
        ],
        "num_services": 3
    },
    "buses": [],
    "discos": [
        "eureka"
    ],
    "monitors": [],
    "gates": [
        "zuul"
    ],
    "dbs": [],
    "avg_size_service": 32.333333333333336,
    "num_gates": 1,
    "languages": [
        "java"
    ],
    "dockers": [
        {
            "buses": [],
            "path": "/eureka-server/Dockerfile",
            "keywords": [],
            "from": "anapsix/alpine-java",
            "servers": [],
            "langs": [
                "java"
            ],
            "discos": [],
            "dbs": [],
            "monitors": [],
            "cmd_keywords": [],
            "cmd": "",
            "gates": [],
            "from_full": "anapsix/alpine-java:8"
        },
        {
            "buses": [],
            "path": "/edge-service/Dockerfile",
            "keywords": [],
            "from": "anapsix/alpine-java",
            "servers": [],
            "langs": [
                "java"
            ],
            "discos": [],
            "dbs": [],
            "monitors": [],
            "cmd_keywords": [],
            "cmd": "",
            "gates": [],
            "from_full": "anapsix/alpine-java:8"
        },
        {
            "buses": [],
            "path": "/item-catalog-service/Dockerfile",
            "keywords": [],
            "from": "anapsix/alpine-java",
            "servers": [],
            "langs": [
                "java"
            ],
            "discos": [],
            "dbs": [],
            "monitors": [],
            "cmd_keywords": [],
            "cmd": "",
            "gates": [],
            "from_full": "anapsix/alpine-java:8"
        }
    ],
    "num_services": 3,
    "servers": [
        "spring"
    ],
    "num_dockers": 3,
    "name": "rathodsantosh/spring-boot-microservices-example",
    "commiters": 2,
    "shared_dbs": false,
    "num_discos": 1,
    "files": [
        {
            "dbs": [],
            "path": "/zuul-service/pom.xml",
            "monitors": [],
            "servers": [
                "spring"
            ],
            "gates": [
                "zuul"
            ],
            "buses": [],
            "discos": [
                "eureka"
            ]
        },
        {
            "dbs": [],
            "path": "/eureka-server/pom.xml",
            "monitors": [],
            "servers": [
                "spring"
            ],
            "gates": [],
            "buses": [],
            "discos": [
                "eureka"
            ]
        },
        {
            "dbs": [],
            "path": "/edge-service/pom.xml",
            "monitors": [],
            "servers": [
                "spring"
            ],
            "gates": [
                "zuul"
            ],
            "buses": [],
            "discos": [
                "eureka"
            ]
        },
        {
            "dbs": [],
            "path": "/item-catalog-service/pom.xml",
            "monitors": [],
            "servers": [
                "spring"
            ],
            "gates": [],
            "buses": [],
            "discos": [
                "eureka"
            ]
        },
        {
            "dbs": [],
            "path": "/ws-configuration-server/pom.xml",
            "monitors": [],
            "servers": [
                "spring"
            ],
            "gates": [],
            "buses": [],
            "discos": []
        }
    ]
}