{
    "monitors": [],
    "name": "rchicoli/docker-microservices",
    "size": 10,
    "num_monitors": 0,
    "images": [
        "logstash",
        "kibana"
    ],
    "dbs": [],
    "commiters": 11,
    "langs": [
        "shell",
        "dockerfile"
    ],
    "url": "git://github.com/rchicoli/docker-microservices.git",
    "num_buses": 0,
    "shared_dbs": false,
    "buses": [],
    "gates": [],
    "languages": [
        "dockerfile",
        "shell"
    ],
    "num_files": 3,
    "files": [],
    "num_gates": 0,
    "num_discos": 0,
    "num_services": 0,
    "num_langs": 2,
    "structure": {
        "detected_dbs": {
            "num": 0,
            "shared_dbs": false,
            "names": [],
            "services": []
        },
        "num_services": 0,
        "path": [],
        "services": []
    },
    "num_dbs": 0,
    "num_dockers": 2,
    "dockers": [
        {
            "monitors": [],
            "keywords": [],
            "path": "/logstash/Dockerfile",
            "dbs": [],
            "cmd": "",
            "from_full": "logstash:5-alpine",
            "servers": [],
            "langs": [],
            "from": "logstash",
            "discos": [],
            "buses": [],
            "cmd_keywords": [],
            "gates": []
        },
        {
            "monitors": [],
            "keywords": [
                "apt",
                "get",
                "install",
                "sense",
                "kibana"
            ],
            "path": "/kibana/Dockerfile",
            "dbs": [],
            "cmd": "/tmp/entrypoint.sh",
            "from_full": "kibana:latest",
            "servers": [],
            "langs": [],
            "from": "kibana",
            "discos": [],
            "buses": [],
            "cmd_keywords": [
                "tmp",
                "entrypoint"
            ],
            "gates": []
        }
    ],
    "servers": [],
    "discos": [],
    "avg_size_service": 5.0,
    "num_servers": 0
}