{
    "dockers": [
        {
            "langs": [],
            "monitors": [],
            "path": "/Dockerfile",
            "buses": [],
            "keywords": [],
            "cmd": "",
            "from": "frolvlad/alpine-oraclejdk8",
            "from_full": "frolvlad/alpine-oraclejdk8:slim",
            "cmd_keywords": [],
            "gates": [],
            "discos": [],
            "servers": [],
            "dbs": []
        }
    ],
    "monitors": [],
    "url": "git://github.com/rd-pk/ghfjhh.git",
    "num_discos": 0,
    "buses": [
        "amqp"
    ],
    "num_buses": 1,
    "shared_dbs": false,
    "num_monitors": 0,
    "num_servers": 2,
    "num_dbs": 0,
    "commiters": 1,
    "name": "rd-pk/ghfjhh",
    "images": [
        "frolvlad/alpine-oraclejdk8"
    ],
    "size": 206,
    "num_services": 0,
    "servers": [
        "spring",
        "jetty"
    ],
    "gates": [],
    "langs": [
        "java"
    ],
    "files": [
        {
            "monitors": [],
            "path": "/pom.xml",
            "buses": [
                "amqp"
            ],
            "discos": [],
            "gates": [],
            "servers": [
                "spring",
                "jetty"
            ],
            "dbs": []
        }
    ],
    "num_langs": 1,
    "languages": [
        "java"
    ],
    "structure": {
        "detected_dbs": {
            "names": [],
            "services": [],
            "shared_dbs": false,
            "num": 0
        },
        "services": [],
        "path": [],
        "num_services": 0
    },
    "avg_size_service": 206.0,
    "dbs": [],
    "num_dockers": 1,
    "num_files": 3,
    "discos": [],
    "num_gates": 0
}