{
    "num_services": 0,
    "buses": [
        "kafka"
    ],
    "structure": {
        "services": [],
        "num_services": 0,
        "path": [],
        "detected_dbs": {
            "services": [],
            "shared_dbs": false,
            "names": [],
            "num": 0
        }
    },
    "num_buses": 1,
    "num_langs": 1,
    "num_files": 3,
    "num_discos": 0,
    "servers": [
        "spring"
    ],
    "avg_size_service": 141.0,
    "url": "git://github.com/redmic-project/server-socket.git",
    "num_gates": 0,
    "name": "redmic-project/server-socket",
    "langs": [
        "java"
    ],
    "num_dockers": 1,
    "num_dbs": 1,
    "dbs": [
        "foundation"
    ],
    "dockers": [
        {
            "gates": [],
            "cmd": "",
            "dbs": [],
            "path": "/Dockerfile",
            "discos": [],
            "monitors": [],
            "from": "${PARENT_IMAGE_NAME}",
            "cmd_keywords": [],
            "keywords": [],
            "servers": [],
            "from_full": "${PARENT_IMAGE_NAME}:${PARENT_IMAGE_TAG}",
            "buses": [],
            "langs": []
        }
    ],
    "discos": [],
    "num_servers": 1,
    "monitors": [
        "prometheus"
    ],
    "commiters": 6,
    "shared_dbs": false,
    "size": 141,
    "gates": [],
    "languages": [
        "java"
    ],
    "files": [
        {
            "buses": [
                "kafka"
            ],
            "dbs": [
                "foundation"
            ],
            "gates": [],
            "path": "/pom.xml",
            "discos": [],
            "monitors": [
                "prometheus"
            ],
            "servers": [
                "spring"
            ]
        }
    ],
    "images": [
        "${PARENT_IMAGE_NAME}"
    ],
    "num_monitors": 1
}