{
    "num_servers": 0,
    "num_monitors": 0,
    "commiters": 3,
    "num_discos": 0,
    "files": [
        {
            "buses": [],
            "dbs": [],
            "servers": [],
            "monitors": [],
            "gates": [],
            "discos": [],
            "path": "/requirements.txt"
        }
    ],
    "url": "git://github.com/remorses/cloud-run-compose.git",
    "discos": [],
    "num_langs": 2,
    "langs": [
        "hcl",
        "python"
    ],
    "num_services": 1,
    "shared_dbs": false,
    "images": [
        "python"
    ],
    "avg_size_service": 21.0,
    "num_gates": 0,
    "num_buses": 0,
    "dbs": [],
    "servers": [],
    "structure": {
        "services": [
            {
                "name": "example-cloudrun-compose",
                "buses": [],
                "dbs": [],
                "servers": [],
                "image_full": "gcr.io/cloudrun/hello",
                "gates": [],
                "discos": [],
                "depends_on": [],
                "image": "gcr.io/cloudrun/hello",
                "monitors": []
            }
        ],
        "num_services": 1,
        "detected_dbs": {
            "num": 0,
            "shared_dbs": false,
            "names": [],
            "services": []
        },
        "path": "/docker-compose.yml"
    },
    "num_dockers": 1,
    "num_files": 3,
    "name": "remorses/cloud-run-compose",
    "dockers": [
        {
            "dbs": [],
            "servers": [],
            "keywords": [],
            "from_full": "python:3.7.4-alpine",
            "cmd_keywords": [
                "python"
            ],
            "cmd": "python -m ",
            "langs": [
                "python"
            ],
            "buses": [],
            "monitors": [],
            "gates": [],
            "discos": [],
            "from": "python",
            "path": "/Dockerfile"
        }
    ],
    "buses": [],
    "monitors": [],
    "gates": [],
    "size": 21,
    "languages": [
        "python",
        "hcl"
    ],
    "num_dbs": 0
}