{
    "num_discos": 1,
    "structure": {
        "detected_dbs": {
            "num": 0,
            "shared_dbs": false,
            "names": [],
            "services": []
        },
        "num_services": 0,
        "path": [],
        "services": []
    },
    "buses": [],
    "servers": [
        "spring",
        "tomcat"
    ],
    "name": "Resswagger/springcloud-provider-archetype",
    "num_gates": 0,
    "gates": [],
    "num_dbs": 1,
    "discos": [
        "eureka"
    ],
    "num_servers": 2,
    "num_dockers": 1,
    "dockers": [
        {
            "cmd": "/opt/script/start.sh",
            "dbs": [],
            "cmd_keywords": [
                "start",
                "script",
                "opt"
            ],
            "buses": [],
            "monitors": [],
            "from": "registry.cn-hangzhou.aliyuncs.com/prod-env/jdk1.8",
            "langs": [],
            "keywords": [
                "start",
                "opt",
                "script",
                "chmod"
            ],
            "gates": [],
            "from_full": "registry.cn-hangzhou.aliyuncs.com/prod-env/jdk1.8:v1",
            "discos": [],
            "path": "/src/main/resources/archetype-resources/context/src/main/docker/Dockerfile",
            "servers": []
        }
    ],
    "dbs": [
        "redis"
    ],
    "images": [
        "registry.cn-hangzhou.aliyuncs.com/prod-env/jdk1.8"
    ],
    "commiters": 1,
    "monitors": [],
    "files": [
        {
            "dbs": [],
            "buses": [],
            "servers": [],
            "discos": [],
            "monitors": [],
            "gates": [],
            "path": "/pom.xml"
        },
        {
            "dbs": [],
            "buses": [],
            "servers": [],
            "discos": [],
            "monitors": [],
            "gates": [],
            "path": "/src/main/resources/archetype-resources/pom.xml"
        },
        {
            "dbs": [],
            "buses": [],
            "servers": [],
            "discos": [],
            "monitors": [],
            "gates": [],
            "path": "/src/main/resources/archetype-resources/event/pom.xml"
        },
        {
            "dbs": [
                "redis"
            ],
            "buses": [],
            "servers": [
                "spring",
                "tomcat"
            ],
            "discos": [
                "eureka"
            ],
            "monitors": [],
            "gates": [],
            "path": "/src/main/resources/archetype-resources/context/pom.xml"
        },
        {
            "dbs": [],
            "buses": [],
            "servers": [],
            "discos": [],
            "monitors": [],
            "gates": [],
            "path": "/src/main/resources/archetype-resources/feign/pom.xml"
        }
    ],
    "langs": [
        "shell",
        "dockerfile",
        "java"
    ],
    "url": "git://github.com/Resswagger/springcloud-provider-archetype.git",
    "num_monitors": 0,
    "shared_dbs": false,
    "size": 18,
    "languages": [
        "java",
        "shell",
        "dockerfile"
    ],
    "num_langs": 3,
    "num_buses": 0,
    "avg_size_service": 18.0,
    "num_files": 7,
    "num_services": 0
}