{
    "num_servers": 1,
    "num_monitors": 0,
    "commiters": 3,
    "num_discos": 0,
    "files": [
        {
            "buses": [],
            "dbs": [],
            "servers": [
                "flask"
            ],
            "monitors": [],
            "gates": [],
            "discos": [],
            "path": "/Assignment_3/finaluser/requirements.txt"
        },
        {
            "buses": [],
            "dbs": [],
            "servers": [
                "flask"
            ],
            "monitors": [],
            "gates": [],
            "discos": [],
            "path": "/Assignment_2/ridesfinal/requirements.txt"
        },
        {
            "buses": [],
            "dbs": [],
            "servers": [
                "flask"
            ],
            "monitors": [],
            "gates": [],
            "discos": [],
            "path": "/Assignment_2/finaluser/requirements.txt"
        },
        {
            "buses": [],
            "dbs": [],
            "servers": [
                "flask"
            ],
            "monitors": [],
            "gates": [],
            "discos": [],
            "path": "/Final Project/ridesfinal/requirements.txt"
        },
        {
            "buses": [],
            "dbs": [],
            "servers": [
                "flask"
            ],
            "monitors": [],
            "gates": [],
            "discos": [],
            "path": "/Final Project/finaluser/requirements.txt"
        }
    ],
    "url": "git://github.com/RithvikChan/CC-FullStack.git",
    "discos": [],
    "num_langs": 1,
    "langs": [
        "python"
    ],
    "num_services": 2,
    "shared_dbs": false,
    "images": [
        "ubuntu",
        "nouchka/sqlite3",
        "python"
    ],
    "avg_size_service": 45.5,
    "num_gates": 0,
    "num_buses": 0,
    "dbs": [
        "sqlite"
    ],
    "servers": [
        "flask"
    ],
    "structure": {
        "services": [
            {
                "name": "web",
                "buses": [],
                "dbs": [],
                "servers": [],
                "image_full": "rides:latest",
                "gates": [],
                "discos": [],
                "depends_on": [
                    "sqlite3"
                ],
                "image": "rides",
                "monitors": []
            },
            {
                "name": "sqlite3",
                "buses": [],
                "dbs": [
                    "sqlite"
                ],
                "servers": [],
                "image_full": "nouchka/sqlite3:latest",
                "gates": [],
                "discos": [],
                "depends_on": [],
                "image": "nouchka/sqlite3",
                "monitors": []
            }
        ],
        "num_services": 2,
        "detected_dbs": {
            "num": 1,
            "shared_dbs": false,
            "names": [
                "sqlite"
            ],
            "services": [
                "sqlite3"
            ]
        },
        "path": "/Assignment_3/ridesfinal/docker-compose.yml"
    },
    "num_dockers": 8,
    "num_files": 14,
    "name": "RithvikChan/CC-FullStack",
    "dockers": [
        {
            "dbs": [],
            "servers": [],
            "keywords": [
                "install",
                "txt",
                "requirements",
                "pip"
            ],
            "from_full": "python",
            "cmd_keywords": [],
            "cmd": "",
            "langs": [
                "python"
            ],
            "buses": [],
            "monitors": [],
            "gates": [],
            "discos": [],
            "from": "python",
            "path": "/Assignment_3/ridesfinal/Dockerfile"
        },
        {
            "dbs": [],
            "servers": [],
            "keywords": [
                "install",
                "txt",
                "requirements",
                "pip"
            ],
            "from_full": "python",
            "cmd_keywords": [],
            "cmd": "",
            "langs": [
                "python"
            ],
            "buses": [],
            "monitors": [],
            "gates": [],
            "discos": [],
            "from": "python",
            "path": "/Assignment_3/finaluser/Dockerfile"
        },
        {
            "dbs": [],
            "servers": [],
            "keywords": [
                "install",
                "txt",
                "requirements",
                "pip"
            ],
            "from_full": "python",
            "cmd_keywords": [],
            "cmd": "",
            "langs": [
                "python"
            ],
            "buses": [],
            "monitors": [],
            "gates": [],
            "discos": [],
            "from": "python",
            "path": "/Assignment_2/ridesfinal/Dockerfile"
        },
        {
            "dbs": [],
            "servers": [],
            "keywords": [
                "install",
                "txt",
                "requirements",
                "pip"
            ],
            "from_full": "python",
            "cmd_keywords": [],
            "cmd": "",
            "langs": [
                "python"
            ],
            "buses": [],
            "monitors": [],
            "gates": [],
            "discos": [],
            "from": "python",
            "path": "/Assignment_2/finaluser/Dockerfile"
        },
        {
            "dbs": [],
            "servers": [],
            "keywords": [
                "install",
                "txt",
                "requirements",
                "pip"
            ],
            "from_full": "python",
            "cmd_keywords": [],
            "cmd": "",
            "langs": [
                "python"
            ],
            "buses": [],
            "monitors": [],
            "gates": [],
            "discos": [],
            "from": "python",
            "path": "/Final Project/ridesfinal/Dockerfile"
        },
        {
            "dbs": [],
            "servers": [
                "flask"
            ],
            "keywords": [
                "pip",
                "install",
                "python",
                "apt",
                "flask"
            ],
            "from_full": "ubuntu:latest",
            "cmd_keywords": [
                "orchestrator",
                "python"
            ],
            "cmd": "python3 orchestrator.py",
            "langs": [
                "python"
            ],
            "buses": [],
            "monitors": [],
            "gates": [],
            "discos": [],
            "from": "ubuntu",
            "path": "/Final Project/Orchestrator/Dockerfile"
        },
        {
            "dbs": [
                "sqlite"
            ],
            "servers": [
                "flask"
            ],
            "keywords": [
                "pip",
                "install",
                "python",
                "apt",
                "flask"
            ],
            "from_full": "nouchka/sqlite3:latest",
            "cmd_keywords": [],
            "cmd": "",
            "langs": [
                "python"
            ],
            "buses": [],
            "monitors": [],
            "gates": [],
            "discos": [],
            "from": "nouchka/sqlite3",
            "path": "/Final Project/Orchestrator/workers/Dockerfile"
        },
        {
            "dbs": [],
            "servers": [],
            "keywords": [
                "install",
                "txt",
                "requirements",
                "pip"
            ],
            "from_full": "python",
            "cmd_keywords": [],
            "cmd": "",
            "langs": [
                "python"
            ],
            "buses": [],
            "monitors": [],
            "gates": [],
            "discos": [],
            "from": "python",
            "path": "/Final Project/finaluser/Dockerfile"
        }
    ],
    "buses": [],
    "monitors": [],
    "gates": [],
    "size": 364,
    "languages": [
        "python"
    ],
    "num_dbs": 1
}