{
    "url": "git://github.com/Roykk/dockerdag.git",
    "num_monitors": 0,
    "num_dbs": 1,
    "num_langs": 4,
    "num_files": 11,
    "num_buses": 0,
    "num_servers": 3,
    "images": [
        "java",
        "alpine",
        "rmacdonaldsmith/docker-debian-mono-devel"
    ],
    "langs": [
        "java",
        "dockerfile",
        "javascript",
        "c#"
    ],
    "size": 26,
    "structure": {
        "path": "/docker-compose.yml",
        "detected_dbs": {
            "num": 0,
            "shared_dbs": false,
            "services": [],
            "names": []
        },
        "services": [],
        "num_services": 0
    },
    "buses": [],
    "discos": [],
    "monitors": [],
    "gates": [],
    "dbs": [
        "db"
    ],
    "avg_size_service": 3.7142857142857144,
    "num_gates": 0,
    "languages": [
        "java",
        "c#",
        "javascript",
        "dockerfile"
    ],
    "dockers": [
        {
            "buses": [],
            "path": "/nodeDock/Dockerfile",
            "keywords": [
                "add",
                "npm",
                "src",
                "update",
                "nodejs"
            ],
            "from": "alpine",
            "servers": [
                "node"
            ],
            "langs": [],
            "discos": [],
            "dbs": [],
            "monitors": [],
            "cmd_keywords": [
                "node",
                "src",
                "nodeapp"
            ],
            "cmd": "node /src/nodeapp.js",
            "gates": [],
            "from_full": "alpine"
        },
        {
            "buses": [],
            "path": "/nodeDock/solution/Dockerfile",
            "keywords": [
                "add",
                "npm",
                "src",
                "update",
                "nodejs"
            ],
            "from": "alpine",
            "servers": [
                "node"
            ],
            "langs": [],
            "discos": [],
            "dbs": [],
            "monitors": [],
            "cmd_keywords": [
                "node",
                "src",
                "nodeapp"
            ],
            "cmd": "node /src/nodeapp.js",
            "gates": [],
            "from_full": "alpine"
        },
        {
            "buses": [],
            "path": "/SimpleNancy/Dockerfile",
            "keywords": [
                "get",
                "sln",
                "nuget",
                "simplenancy",
                "apt"
            ],
            "from": "rmacdonaldsmith/docker-debian-mono-devel",
            "servers": [],
            "langs": [],
            "discos": [],
            "dbs": [],
            "monitors": [],
            "cmd_keywords": [
                "run"
            ],
            "cmd": "./run.sh",
            "gates": [],
            "from_full": "rmacdonaldsmith/docker-debian-mono-devel"
        },
        {
            "buses": [],
            "path": "/SimpleNancy/solution/Dockerfile",
            "keywords": [
                "get",
                "sln",
                "nuget",
                "simplenancy",
                "apt"
            ],
            "from": "rmacdonaldsmith/docker-debian-mono-devel",
            "servers": [],
            "langs": [],
            "discos": [],
            "dbs": [],
            "monitors": [],
            "cmd_keywords": [
                "run"
            ],
            "cmd": "./run.sh",
            "gates": [],
            "from_full": "rmacdonaldsmith/docker-debian-mono-devel"
        },
        {
            "buses": [],
            "path": "/springboot/Dockerfile",
            "keywords": [],
            "from": "java",
            "servers": [],
            "langs": [
                "java"
            ],
            "discos": [],
            "dbs": [],
            "monitors": [],
            "cmd_keywords": [
                "jar",
                "egd",
                "file",
                "myapplication",
                "urandom"
            ],
            "cmd": "java -jar -Djava.security.egd=file:/dev/./urandom /myApplication.jar",
            "gates": [],
            "from_full": "java:8"
        },
        {
            "buses": [],
            "path": "/springboot/solution/Dockerfile",
            "keywords": [],
            "from": "java",
            "servers": [],
            "langs": [
                "java"
            ],
            "discos": [],
            "dbs": [],
            "monitors": [],
            "cmd_keywords": [],
            "cmd": "",
            "gates": [],
            "from_full": "java:8"
        },
        {
            "path": "/Live/Dockerfile",
            "cmd": "",
            "from": "",
            "cmd_keywords": []
        }
    ],
    "num_services": 0,
    "servers": [
        "spring",
        "express",
        "node"
    ],
    "num_dockers": 7,
    "name": "Roykk/dockerdag",
    "commiters": 2,
    "shared_dbs": false,
    "num_discos": 0,
    "files": [
        {
            "dbs": [],
            "path": "/springboot/pom.xml",
            "monitors": [],
            "servers": [
                "spring"
            ],
            "gates": [],
            "buses": [],
            "discos": []
        },
        {
            "dbs": [],
            "path": "/Live/pom.xml",
            "monitors": [],
            "servers": [],
            "gates": [],
            "buses": [],
            "discos": []
        },
        {
            "dbs": [
                "mongodb"
            ],
            "path": "/nodeDock/package.json",
            "monitors": [],
            "servers": [
                "node",
                "express"
            ],
            "gates": [],
            "buses": [],
            "discos": []
        }
    ]
}