{
    "monitors": [],
    "servers": [
        "spring"
    ],
    "num_discos": 1,
    "discos": [
        "eureka"
    ],
    "shared_dbs": false,
    "name": "rslvn/fileservice",
    "gates": [],
    "buses": [],
    "images": [
        "openjdk"
    ],
    "avg_size_service": 56.333333333333336,
    "langs": [
        "java"
    ],
    "dockers": [
        {
            "keywords": [],
            "cmd_keywords": [],
            "monitors": [],
            "langs": [],
            "servers": [],
            "dbs": [],
            "from_full": "openjdk:8-jre-alpine",
            "from": "openjdk",
            "cmd": "",
            "discos": [],
            "buses": [],
            "gates": [],
            "path": "/server/Dockerfile"
        },
        {
            "keywords": [],
            "cmd_keywords": [],
            "monitors": [],
            "langs": [],
            "servers": [],
            "dbs": [],
            "from_full": "openjdk:8-jre-alpine",
            "from": "openjdk",
            "cmd": "",
            "discos": [],
            "buses": [],
            "gates": [],
            "path": "/discovery/Dockerfile"
        },
        {
            "keywords": [],
            "cmd_keywords": [],
            "monitors": [],
            "langs": [],
            "servers": [],
            "dbs": [],
            "from_full": "openjdk:8-jre-alpine",
            "from": "openjdk",
            "cmd": "",
            "discos": [],
            "buses": [],
            "gates": [],
            "path": "/client/Dockerfile"
        }
    ],
    "structure": {
        "detected_dbs": {
            "num": 0,
            "services": [],
            "names": [],
            "shared_dbs": false
        },
        "services": [
            {
                "gates": [],
                "image_full": "./discovery",
                "monitors": [],
                "name": "discovery",
                "discos": [],
                "servers": [],
                "buses": [],
                "dbs": [],
                "depends_on": [],
                "image": "./discovery"
            },
            {
                "gates": [],
                "image_full": "./client",
                "monitors": [],
                "name": "client",
                "discos": [],
                "servers": [],
                "buses": [],
                "dbs": [],
                "depends_on": [
                    "server"
                ],
                "image": "./client"
            },
            {
                "gates": [],
                "image_full": "./server",
                "monitors": [],
                "name": "server",
                "discos": [],
                "servers": [],
                "buses": [],
                "dbs": [],
                "depends_on": [
                    "discovery"
                ],
                "image": "./server"
            }
        ],
        "path": "/docker-compose.yml",
        "num_services": 3
    },
    "commiters": 1,
    "num_monitors": 0,
    "num_servers": 1,
    "num_dbs": 1,
    "num_buses": 0,
    "num_langs": 1,
    "dbs": [
        "oracle"
    ],
    "num_gates": 0,
    "num_files": 9,
    "num_services": 3,
    "size": 169,
    "languages": [
        "java"
    ],
    "url": "git://github.com/rslvn/fileservice.git",
    "num_dockers": 3,
    "files": [
        {
            "monitors": [],
            "discos": [
                "eureka"
            ],
            "servers": [
                "spring"
            ],
            "path": "/pom.xml",
            "gates": [],
            "buses": [],
            "dbs": [
                "oracle"
            ]
        },
        {
            "monitors": [],
            "discos": [
                "eureka"
            ],
            "servers": [
                "spring"
            ],
            "path": "/server/pom.xml",
            "gates": [],
            "buses": [],
            "dbs": []
        },
        {
            "monitors": [],
            "discos": [
                "eureka"
            ],
            "servers": [
                "spring"
            ],
            "path": "/discovery/pom.xml",
            "gates": [],
            "buses": [],
            "dbs": []
        },
        {
            "monitors": [],
            "discos": [
                "eureka"
            ],
            "servers": [
                "spring"
            ],
            "path": "/client/pom.xml",
            "gates": [],
            "buses": [],
            "dbs": []
        },
        {
            "monitors": [],
            "discos": [],
            "servers": [
                "spring"
            ],
            "path": "/api/pom.xml",
            "gates": [],
            "buses": [],
            "dbs": []
        }
    ]
}