{
    "monitors": [],
    "servers": [
        "express",
        "node"
    ],
    "num_discos": 0,
    "discos": [],
    "shared_dbs": false,
    "name": "ruijadom/microservices",
    "gates": [
        "gateway"
    ],
    "buses": [],
    "images": [
        "node"
    ],
    "avg_size_service": 152.0,
    "langs": [
        "javascript"
    ],
    "dockers": [
        {
            "keywords": [
                "yarn"
            ],
            "cmd_keywords": [
                "yarn",
                "watch"
            ],
            "monitors": [],
            "langs": [],
            "servers": [
                "node"
            ],
            "dbs": [],
            "from_full": "node:12",
            "from": "node",
            "cmd": "yarn watch",
            "discos": [],
            "buses": [],
            "gates": [],
            "path": "/api-gateway/Dockerfile"
        },
        {
            "keywords": [
                "yarn"
            ],
            "cmd_keywords": [
                "yarn",
                "watch"
            ],
            "monitors": [],
            "langs": [],
            "servers": [
                "node"
            ],
            "dbs": [],
            "from_full": "node:12",
            "from": "node",
            "cmd": "yarn watch",
            "discos": [],
            "buses": [],
            "gates": [],
            "path": "/listings-service/Dockerfile"
        },
        {
            "keywords": [
                "yarn"
            ],
            "cmd_keywords": [
                "yarn",
                "watch"
            ],
            "monitors": [],
            "langs": [],
            "servers": [
                "node"
            ],
            "dbs": [],
            "from_full": "node:12",
            "from": "node",
            "cmd": "yarn watch",
            "discos": [],
            "buses": [],
            "gates": [],
            "path": "/users-service/Dockerfile"
        }
    ],
    "structure": {
        "detected_dbs": {
            "num": 2,
            "services": [
                "listings-service-db",
                "users-service-db"
            ],
            "names": [
                "mysql"
            ],
            "shared_dbs": false
        },
        "services": [
            {
                "gates": [],
                "image_full": "mysql:5.7.29",
                "monitors": [],
                "name": "listings-service-db",
                "discos": [],
                "servers": [],
                "buses": [],
                "dbs": [
                    "mysql"
                ],
                "depends_on": [],
                "image": "mysql"
            },
            {
                "gates": [],
                "image_full": ".",
                "monitors": [],
                "name": "api-gateway",
                "discos": [],
                "servers": [],
                "buses": [],
                "dbs": [],
                "depends_on": [
                    "listings-service",
                    "users-service"
                ],
                "image": "."
            },
            {
                "gates": [],
                "image_full": ".",
                "monitors": [],
                "name": "listings-service",
                "discos": [],
                "servers": [],
                "buses": [],
                "dbs": [],
                "depends_on": [
                    "listings-service-db"
                ],
                "image": "."
            },
            {
                "gates": [],
                "image_full": ".",
                "monitors": [],
                "name": "users-service",
                "discos": [],
                "servers": [],
                "buses": [],
                "dbs": [],
                "depends_on": [
                    "users-service-db"
                ],
                "image": "."
            },
            {
                "gates": [],
                "image_full": "mysql:5.7.29",
                "monitors": [],
                "name": "users-service-db",
                "discos": [],
                "servers": [],
                "buses": [],
                "dbs": [
                    "mysql"
                ],
                "depends_on": [],
                "image": "mysql"
            }
        ],
        "path": "/docker-compose.yml",
        "num_services": 5
    },
    "commiters": 1,
    "num_monitors": 0,
    "num_servers": 2,
    "num_dbs": 1,
    "num_buses": 0,
    "num_langs": 1,
    "dbs": [
        "mysql"
    ],
    "num_gates": 1,
    "num_files": 7,
    "num_services": 5,
    "size": 456,
    "languages": [
        "javascript"
    ],
    "url": "git://github.com/ruijadom/microservices.git",
    "num_dockers": 3,
    "files": [
        {
            "monitors": [],
            "discos": [],
            "servers": [
                "express"
            ],
            "path": "/api-gateway/package.json",
            "gates": [
                "gateway"
            ],
            "buses": [],
            "dbs": []
        },
        {
            "monitors": [],
            "discos": [],
            "servers": [
                "express"
            ],
            "path": "/listings-service/package.json",
            "gates": [],
            "buses": [],
            "dbs": [
                "mysql"
            ]
        },
        {
            "monitors": [],
            "discos": [],
            "servers": [
                "express"
            ],
            "path": "/users-service/package.json",
            "gates": [],
            "buses": [],
            "dbs": [
                "mysql"
            ]
        }
    ]
}