{
    "discos": [],
    "files": [
        {
            "discos": [],
            "dbs": [
                "couchdb"
            ],
            "path": "/requirements.txt",
            "gates": [],
            "buses": [],
            "servers": [
                "flask"
            ],
            "monitors": []
        }
    ],
    "dbs": [
        "db"
    ],
    "num_monitors": 0,
    "url": "git://github.com/Ryan-Gordon/flask-couch-microservice.git",
    "languages": [
        "python"
    ],
    "images": [
        "python"
    ],
    "servers": [
        "flask"
    ],
    "num_files": 3,
    "commiters": 1,
    "num_buses": 0,
    "dockers": [
        {
            "discos": [],
            "from": "python",
            "dbs": [],
            "path": "/Dockerfile",
            "langs": [
                "python"
            ],
            "servers": [],
            "cmd_keywords": [
                "code",
                "python",
                "app"
            ],
            "cmd": "python3 /code/app.py",
            "gates": [],
            "from_full": "python:3.6",
            "buses": [],
            "monitors": [],
            "keywords": [
                "mkdir",
                "txt",
                "install",
                "requirements",
                "pip"
            ]
        }
    ],
    "buses": [],
    "num_dbs": 1,
    "num_dockers": 1,
    "langs": [
        "python"
    ],
    "shared_dbs": false,
    "num_services": 1,
    "structure": {
        "num_services": 1,
        "detected_dbs": {
            "num": 0,
            "names": [],
            "shared_dbs": false,
            "services": []
        },
        "path": "/docker-compose.yml",
        "services": [
            {
                "discos": [],
                "image": "flask-api-microservice",
                "dbs": [],
                "name": "flask-api",
                "depends_on": [],
                "gates": [],
                "image_full": "flask-api-microservice",
                "buses": [],
                "servers": [
                    "flask"
                ],
                "monitors": []
            }
        ]
    },
    "num_discos": 0,
    "num_langs": 1,
    "avg_size_service": 10.0,
    "name": "Ryan-Gordon/flask-couch-microservice",
    "num_gates": 0,
    "gates": [],
    "num_servers": 1,
    "monitors": [],
    "size": 10
}