{
    "monitors": [],
    "servers": [],
    "num_discos": 0,
    "discos": [],
    "shared_dbs": false,
    "name": "sachithmuhandiram/simplest-microservice",
    "gates": [],
    "buses": [],
    "images": [
        "golang"
    ],
    "avg_size_service": 2.0,
    "langs": [
        "golang",
        "go"
    ],
    "dockers": [
        {
            "keywords": [
                "div",
                "chmod",
                "apk",
                "update",
                "build"
            ],
            "cmd_keywords": [
                "div"
            ],
            "monitors": [],
            "langs": [
                "golang"
            ],
            "servers": [],
            "dbs": [],
            "from_full": "golang:alpine",
            "from": "golang",
            "cmd": "./div",
            "discos": [],
            "buses": [],
            "gates": [],
            "path": "/divmodule/Dockerfile"
        },
        {
            "keywords": [
                "add",
                "chmod",
                "apt",
                "update",
                "build"
            ],
            "cmd_keywords": [
                "add"
            ],
            "monitors": [],
            "langs": [
                "golang"
            ],
            "servers": [],
            "dbs": [],
            "from_full": "golang:stretch",
            "from": "golang",
            "cmd": "./add",
            "discos": [],
            "buses": [],
            "gates": [],
            "path": "/addmodule/Dockerfile"
        },
        {
            "keywords": [
                "mul",
                "chmod",
                "apk",
                "update",
                "build"
            ],
            "cmd_keywords": [
                "mul"
            ],
            "monitors": [],
            "langs": [
                "golang"
            ],
            "servers": [],
            "dbs": [],
            "from_full": "golang:alpine",
            "from": "golang",
            "cmd": "./mul",
            "discos": [],
            "buses": [],
            "gates": [],
            "path": "/mulmodule/Dockerfile"
        },
        {
            "keywords": [
                "main",
                "apt",
                "chmod",
                "update",
                "build"
            ],
            "cmd_keywords": [
                "main"
            ],
            "monitors": [],
            "langs": [
                "golang"
            ],
            "servers": [],
            "dbs": [],
            "from_full": "golang:stretch",
            "from": "golang",
            "cmd": "./main",
            "discos": [],
            "buses": [],
            "gates": [],
            "path": "/mainmodule/Dockerfile"
        },
        {
            "keywords": [
                "sub",
                "chmod",
                "apk",
                "update",
                "build"
            ],
            "cmd_keywords": [
                "sub"
            ],
            "monitors": [],
            "langs": [
                "golang"
            ],
            "servers": [],
            "dbs": [],
            "from_full": "golang:alpine",
            "from": "golang",
            "cmd": "./sub",
            "discos": [],
            "buses": [],
            "gates": [],
            "path": "/submodule/Dockerfile"
        }
    ],
    "structure": {
        "detected_dbs": {
            "num": 0,
            "services": [],
            "names": [],
            "shared_dbs": false
        },
        "services": [
            {
                "gates": [],
                "image_full": "divmodule",
                "monitors": [],
                "name": "divmodule",
                "discos": [],
                "servers": [],
                "buses": [],
                "dbs": [],
                "depends_on": [],
                "image": "divmodule"
            },
            {
                "gates": [],
                "image_full": "submodule",
                "monitors": [],
                "name": "submodule",
                "discos": [],
                "servers": [],
                "buses": [],
                "dbs": [],
                "depends_on": [],
                "image": "submodule"
            },
            {
                "gates": [],
                "image_full": "addmodule",
                "monitors": [],
                "name": "addmodule",
                "discos": [],
                "servers": [],
                "buses": [],
                "dbs": [],
                "depends_on": [],
                "image": "addmodule"
            },
            {
                "gates": [],
                "image_full": "mainmodule",
                "monitors": [],
                "name": "mainmodule",
                "discos": [],
                "servers": [],
                "buses": [],
                "dbs": [],
                "depends_on": [
                    "addmodule",
                    "submodule",
                    "divmodule",
                    "mulmodule"
                ],
                "image": "mainmodule"
            },
            {
                "gates": [],
                "image_full": "mulmodule",
                "monitors": [],
                "name": "mulmodule",
                "discos": [],
                "servers": [],
                "buses": [],
                "dbs": [],
                "depends_on": [],
                "image": "mulmodule"
            }
        ],
        "path": "/docker-compose.yml",
        "num_services": 5
    },
    "commiters": 1,
    "num_monitors": 0,
    "num_servers": 0,
    "num_dbs": 0,
    "num_buses": 0,
    "num_langs": 2,
    "dbs": [],
    "num_gates": 0,
    "num_files": 6,
    "num_services": 5,
    "size": 10,
    "languages": [
        "go"
    ],
    "url": "git://github.com/sachithmuhandiram/simplest-microservice.git",
    "num_dockers": 5,
    "files": []
}