{
    "num_gates": 1,
    "discos": [],
    "num_dbs": 1,
    "num_monitors": 0,
    "dockers": [
        {
            "langs": [],
            "cmd_keywords": [
                "data",
                "auth",
                "dbpath",
                "mongod"
            ],
            "from_full": "mongo:latest",
            "path": "/mongo/Dockerfile",
            "monitors": [],
            "discos": [],
            "cmd": "mongod --auth --dbpath /data/db",
            "buses": [],
            "gates": [],
            "dbs": [
                "mongo"
            ],
            "from": "mongo",
            "keywords": [
                "admin",
                "mongo",
                "authenticationdatabase",
                "root",
                "default"
            ],
            "servers": []
        },
        {
            "cmd_keywords": [],
            "from": "",
            "path": "/users/Dockerfile",
            "cmd": ""
        },
        {
            "langs": [],
            "cmd_keywords": [
                "nodemon",
                "exec",
                "npm",
                "npx",
                "start"
            ],
            "from_full": "node:latest",
            "path": "/feedback/Dockerfile",
            "monitors": [],
            "discos": [],
            "cmd": "npx nodemon --exec npm start",
            "buses": [],
            "gates": [],
            "dbs": [],
            "from": "node",
            "keywords": [
                "var",
                "apt",
                "www",
                "tmp",
                "lists"
            ],
            "servers": [
                "node"
            ]
        },
        {
            "cmd_keywords": [],
            "from": "",
            "path": "/web/Dockerfile",
            "cmd": ""
        }
    ],
    "dbs": [
        "mongo"
    ],
    "num_langs": 1,
    "num_servers": 3,
    "avg_size_service": 26.75,
    "structure": {
        "detected_dbs": {
            "num": 1,
            "shared_dbs": true,
            "names": [
                "mongo"
            ],
            "services": [
                "db"
            ]
        },
        "num_services": 3,
        "path": "/docker-compose.yml",
        "services": [
            {
                "discos": [],
                "image_full": "mongo:latest",
                "name": "db",
                "image": "mongo",
                "buses": [],
                "gates": [],
                "depends_on": [],
                "monitors": [],
                "servers": [],
                "dbs": [
                    "mongo"
                ]
            },
            {
                "discos": [],
                "image_full": "nginx:latest",
                "name": "nginx",
                "image": "nginx",
                "buses": [],
                "gates": [
                    "nginx"
                ],
                "depends_on": [
                    "db",
                    "feedback"
                ],
                "monitors": [],
                "servers": [],
                "dbs": []
            },
            {
                "discos": [],
                "image_full": "./feedback",
                "name": "feedback",
                "image": "./feedback",
                "buses": [],
                "gates": [],
                "depends_on": [
                    "db"
                ],
                "monitors": [],
                "servers": [],
                "dbs": []
            }
        ]
    },
    "images": [
        "mongo",
        "node"
    ],
    "size": 107,
    "servers": [
        "node",
        "mongoose",
        "express"
    ],
    "languages": [
        "javascript"
    ],
    "langs": [
        "javascript"
    ],
    "commiters": 2,
    "shared_dbs": true,
    "num_buses": 0,
    "num_services": 3,
    "monitors": [],
    "num_dockers": 4,
    "url": "git://github.com/sacwchiri/MicroserviceExample.git",
    "name": "sacwchiri/MicroserviceExample",
    "buses": [],
    "gates": [
        "nginx"
    ],
    "files": [
        {
            "discos": [],
            "buses": [],
            "gates": [],
            "monitors": [],
            "path": "/package.json",
            "servers": [],
            "dbs": []
        },
        {
            "discos": [],
            "buses": [],
            "gates": [],
            "monitors": [],
            "path": "/users/package.json",
            "servers": [],
            "dbs": []
        },
        {
            "discos": [],
            "buses": [],
            "gates": [],
            "monitors": [],
            "path": "/feedback/package.json",
            "servers": [
                "node",
                "mongoose",
                "express"
            ],
            "dbs": []
        },
        {
            "discos": [],
            "buses": [],
            "gates": [],
            "monitors": [],
            "path": "/web/package.json",
            "servers": [],
            "dbs": []
        }
    ],
    "num_discos": 0,
    "num_files": 9
}