{
    "buses": [
        "artemis"
    ],
    "langs": [
        "java"
    ],
    "num_gates": 0,
    "num_buses": 1,
    "num_discos": 0,
    "num_dockers": 1,
    "images": [
        "openjdk"
    ],
    "num_servers": 1,
    "num_monitors": 0,
    "files": [
        {
            "buses": [
                "artemis"
            ],
            "discos": [],
            "gates": [],
            "dbs": [
                "mysql"
            ],
            "monitors": [],
            "path": "/CoursesMicroservice/pom.xml",
            "servers": [
                "spring"
            ]
        },
        {
            "buses": [
                "artemis"
            ],
            "discos": [],
            "gates": [],
            "dbs": [
                "mysql"
            ],
            "monitors": [],
            "path": "/StudentMicroservice/pom.xml",
            "servers": [
                "spring"
            ]
        },
        {
            "buses": [
                "artemis"
            ],
            "discos": [],
            "gates": [],
            "dbs": [
                "mysql"
            ],
            "monitors": [],
            "path": "/TAMicroservice/pom.xml",
            "servers": [
                "spring"
            ]
        }
    ],
    "avg_size_service": 268.0,
    "dbs": [
        "mysql"
    ],
    "num_langs": 1,
    "num_services": 0,
    "size": 268,
    "structure": {
        "services": [],
        "num_services": 0,
        "detected_dbs": {
            "services": [],
            "shared_dbs": false,
            "names": [],
            "num": 0
        },
        "path": []
    },
    "commiters": 1,
    "num_dbs": 1,
    "shared_dbs": false,
    "languages": [
        "java"
    ],
    "url": "git://github.com/saeeeeed2613/OLE-D2.git",
    "servers": [
        "spring"
    ],
    "discos": [],
    "dockers": [
        {
            "from_full": "openjdk:12",
            "buses": [],
            "langs": [],
            "gates": [],
            "path": "/CoursesMicroservice/Dockerfile",
            "servers": [],
            "discos": [],
            "cmd_keywords": [],
            "monitors": [],
            "keywords": [],
            "dbs": [],
            "cmd": "",
            "from": "openjdk"
        }
    ],
    "num_files": 5,
    "monitors": [],
    "name": "saeeeeed2613/OLE-D2",
    "gates": []
}