{
    "discos": [],
    "files": [
        {
            "discos": [],
            "dbs": [],
            "path": "/src/Web/WebMVC/package.json",
            "gates": [],
            "buses": [],
            "servers": [
                "asp"
            ],
            "monitors": []
        },
        {
            "discos": [],
            "dbs": [],
            "path": "/src/Web/WebSPA/package.json",
            "gates": [],
            "buses": [],
            "servers": [
                "node"
            ],
            "monitors": []
        }
    ],
    "dbs": [
        "mongo",
        "redis"
    ],
    "num_monitors": 0,
    "url": "git://github.com/saketjambh/Experiment.git",
    "languages": [
        "c#",
        "javascript"
    ],
    "images": [
        "microsoft/aspnetcore",
        "base"
    ],
    "servers": [
        "node",
        "asp"
    ],
    "num_files": 21,
    "commiters": 119,
    "num_buses": 1,
    "dockers": [
        {
            "discos": [],
            "from": "base",
            "dbs": [],
            "path": "/src/Services/Webhooks/Webhooks.API/Dockerfile",
            "langs": [],
            "servers": [],
            "cmd_keywords": [],
            "cmd": "",
            "gates": [],
            "from_full": "base",
            "buses": [],
            "monitors": [],
            "keywords": [
                "webhooks",
                "api",
                "csproj",
                "dotnet",
                "release"
            ]
        },
        {
            "discos": [],
            "from": "base",
            "dbs": [],
            "path": "/src/Services/Payment/Payment.API/Dockerfile",
            "langs": [],
            "servers": [],
            "cmd_keywords": [],
            "cmd": "",
            "gates": [],
            "from_full": "base",
            "buses": [],
            "monitors": [],
            "keywords": [
                "restore",
                "dotnet",
                "release",
                "app",
                "build"
            ]
        },
        {
            "discos": [],
            "from": "base",
            "dbs": [],
            "path": "/src/Services/Marketing/Marketing.API/Dockerfile",
            "langs": [],
            "servers": [],
            "cmd_keywords": [],
            "cmd": "",
            "gates": [],
            "from_full": "base",
            "buses": [],
            "monitors": [],
            "keywords": [
                "restore",
                "dotnet",
                "release",
                "app",
                "build"
            ]
        },
        {
            "discos": [],
            "from": "base",
            "dbs": [],
            "path": "/src/Services/Ordering/Ordering.BackgroundTasks/Dockerfile",
            "langs": [],
            "servers": [],
            "cmd_keywords": [],
            "cmd": "",
            "gates": [],
            "from_full": "base",
            "buses": [],
            "monitors": [],
            "keywords": [
                "restore",
                "dotnet",
                "release",
                "app",
                "build"
            ]
        },
        {
            "discos": [],
            "from": "base",
            "dbs": [],
            "path": "/src/Services/Ordering/Ordering.API/Dockerfile",
            "langs": [],
            "servers": [],
            "cmd_keywords": [],
            "cmd": "",
            "gates": [],
            "from_full": "base",
            "buses": [],
            "monitors": [],
            "keywords": [
                "restore",
                "dotnet",
                "release",
                "app",
                "build"
            ]
        },
        {
            "discos": [],
            "from": "base",
            "dbs": [],
            "path": "/src/Services/Ordering/Ordering.SignalrHub/Dockerfile",
            "langs": [],
            "servers": [],
            "cmd_keywords": [],
            "cmd": "",
            "gates": [],
            "from_full": "base",
            "buses": [],
            "monitors": [],
            "keywords": [
                "restore",
                "dotnet",
                "signalrhub",
                "release",
                "csproj"
            ]
        },
        {
            "discos": [],
            "from": "base",
            "dbs": [],
            "path": "/src/Services/Location/Locations.API/Dockerfile",
            "langs": [],
            "servers": [],
            "cmd_keywords": [],
            "cmd": "",
            "gates": [],
            "from_full": "base",
            "buses": [],
            "monitors": [],
            "keywords": [
                "restore",
                "dotnet",
                "release",
                "app",
                "build"
            ]
        },
        {
            "discos": [],
            "from": "base",
            "dbs": [],
            "path": "/src/Services/Basket/Basket.API/Dockerfile",
            "langs": [],
            "servers": [],
            "cmd_keywords": [],
            "cmd": "",
            "gates": [],
            "from_full": "base",
            "buses": [],
            "monitors": [],
            "keywords": [
                "restore",
                "dotnet",
                "release",
                "app",
                "build"
            ]
        },
        {
            "discos": [],
            "from": "base",
            "dbs": [],
            "path": "/src/Services/Identity/Identity.API/Dockerfile",
            "langs": [],
            "servers": [],
            "cmd_keywords": [],
            "cmd": "",
            "gates": [],
            "from_full": "base",
            "buses": [],
            "monitors": [],
            "keywords": [
                "restore",
                "dotnet",
                "release",
                "app",
                "build"
            ]
        },
        {
            "discos": [],
            "from": "base",
            "dbs": [],
            "path": "/src/Services/Catalog/Catalog.API/Dockerfile",
            "langs": [],
            "servers": [],
            "cmd_keywords": [],
            "cmd": "",
            "gates": [],
            "from_full": "base",
            "buses": [],
            "monitors": [],
            "keywords": [
                "restore",
                "dotnet",
                "release",
                "app",
                "build"
            ]
        },
        {
            "discos": [],
            "from": "base",
            "dbs": [],
            "path": "/src/ApiGateways/Mobile.Bff.Shopping/aggregator/Dockerfile",
            "langs": [],
            "servers": [],
            "cmd_keywords": [],
            "cmd": "",
            "gates": [],
            "from_full": "base",
            "buses": [],
            "monitors": [],
            "keywords": [
                "restore",
                "dotnet",
                "release",
                "app",
                "build"
            ]
        },
        {
            "discos": [],
            "from": "base",
            "dbs": [],
            "path": "/src/ApiGateways/ApiGw-Base/Dockerfile",
            "langs": [],
            "servers": [],
            "cmd_keywords": [],
            "cmd": "",
            "gates": [],
            "from_full": "base",
            "buses": [],
            "monitors": [],
            "keywords": [
                "dotnet",
                "release",
                "app",
                "restore",
                "build"
            ]
        },
        {
            "discos": [],
            "from": "base",
            "dbs": [],
            "path": "/src/ApiGateways/Web.Bff.Shopping/aggregator/Dockerfile",
            "langs": [],
            "servers": [],
            "cmd_keywords": [],
            "cmd": "",
            "gates": [],
            "from_full": "base",
            "buses": [],
            "monitors": [],
            "keywords": [
                "restore",
                "dotnet",
                "release",
                "app",
                "build"
            ]
        },
        {
            "discos": [],
            "from": "base",
            "dbs": [],
            "path": "/src/Web/WebhookClient/Dockerfile",
            "langs": [],
            "servers": [],
            "cmd_keywords": [],
            "cmd": "",
            "gates": [],
            "from_full": "base",
            "buses": [],
            "monitors": [],
            "keywords": [
                "webhookclient",
                "csproj",
                "dotnet",
                "release",
                "app"
            ]
        },
        {
            "discos": [],
            "from": "base",
            "dbs": [],
            "path": "/src/Web/WebMVC/Dockerfile",
            "langs": [],
            "servers": [],
            "cmd_keywords": [],
            "cmd": "",
            "gates": [],
            "from_full": "base",
            "buses": [],
            "monitors": [],
            "keywords": [
                "restore",
                "dotnet",
                "release",
                "nowarn",
                "publish"
            ]
        },
        {
            "discos": [],
            "from": "base",
            "dbs": [],
            "path": "/src/Web/WebStatus/Dockerfile",
            "langs": [],
            "servers": [],
            "cmd_keywords": [],
            "cmd": "",
            "gates": [],
            "from_full": "base",
            "buses": [],
            "monitors": [],
            "keywords": [
                "restore",
                "dotnet",
                "release",
                "app",
                "build"
            ]
        },
        {
            "discos": [],
            "from": "base",
            "dbs": [],
            "path": "/src/Web/WebSPA/Dockerfile",
            "langs": [],
            "servers": [],
            "cmd_keywords": [],
            "keywords": [
                "npm",
                "install",
                "release",
                "build",
                "run"
            ],
            "gates": [],
            "from_full": "base",
            "buses": [],
            "monitors": [],
            "cmd": ""
        },
        {
            "discos": [],
            "from": "microsoft/aspnetcore",
            "dbs": [],
            "path": "/src/Web/WebMonolithic/eShopWeb/Dockerfile",
            "langs": [],
            "servers": [],
            "cmd_keywords": [],
            "cmd": "",
            "gates": [],
            "from_full": "microsoft/aspnetcore:1.1",
            "buses": [],
            "monitors": [],
            "keywords": []
        }
    ],
    "buses": [
        "rabbitmq"
    ],
    "num_dbs": 2,
    "num_dockers": 18,
    "langs": [
        "c#",
        "javascript"
    ],
    "shared_dbs": true,
    "num_services": 25,
    "structure": {
        "num_services": 25,
        "detected_dbs": {
            "num": 2,
            "names": [
                "mongo",
                "redis"
            ],
            "shared_dbs": true,
            "services": [
                "nosql.data",
                "basket.data"
            ]
        },
        "path": "/docker-compose.yml",
        "services": [
            {
                "discos": [],
                "image": "microsoft/mssql-server-linux",
                "dbs": [],
                "name": "sql.data",
                "depends_on": [],
                "gates": [],
                "image_full": "microsoft/mssql-server-linux:2017-latest",
                "buses": [],
                "servers": [],
                "monitors": []
            },
            {
                "discos": [],
                "image": "mongo",
                "dbs": [
                    "mongo"
                ],
                "name": "nosql.data",
                "depends_on": [],
                "gates": [],
                "image_full": "mongo",
                "buses": [],
                "servers": [],
                "monitors": []
            },
            {
                "discos": [],
                "image": "${REGISTRY",
                "dbs": [],
                "name": "locations.api",
                "depends_on": [
                    "nosql.data",
                    "rabbitmq"
                ],
                "gates": [],
                "image_full": "${REGISTRY:-eshop}/locations.api:${TAG:-latest}",
                "buses": [],
                "servers": [],
                "monitors": []
            },
            {
                "discos": [],
                "image": "${REGISTRY",
                "dbs": [],
                "name": "basket.api",
                "depends_on": [
                    "basket.data",
                    "identity.api",
                    "rabbitmq"
                ],
                "gates": [],
                "image_full": "${REGISTRY:-eshop}/basket.api:${TAG:-latest}",
                "buses": [],
                "servers": [],
                "monitors": []
            },
            {
                "discos": [],
                "image": "redis",
                "dbs": [
                    "redis"
                ],
                "name": "basket.data",
                "depends_on": [],
                "gates": [],
                "image_full": "redis:alpine",
                "buses": [],
                "servers": [],
                "monitors": []
            },
            {
                "discos": [],
                "image": "rabbitmq",
                "dbs": [],
                "name": "rabbitmq",
                "depends_on": [],
                "gates": [],
                "image_full": "rabbitmq:3-management-alpine",
                "buses": [
                    "rabbitmq"
                ],
                "servers": [],
                "monitors": []
            },
            {
                "discos": [],
                "image": "${REGISTRY",
                "dbs": [],
                "name": "ordering.backgroundtasks",
                "depends_on": [
                    "sql.data",
                    "rabbitmq"
                ],
                "gates": [],
                "image_full": "${REGISTRY:-eshop}/ordering.backgroundtasks:${TAG:-latest}",
                "buses": [],
                "servers": [],
                "monitors": []
            },
            {
                "discos": [],
                "image": "${REGISTRY",
                "dbs": [],
                "name": "payment.api",
                "depends_on": [
                    "rabbitmq"
                ],
                "gates": [],
                "image_full": "${REGISTRY:-eshop}/payment.api:${TAG:-latest}",
                "buses": [],
                "servers": [],
                "monitors": []
            },
            {
                "discos": [],
                "image": "${REGISTRY",
                "dbs": [],
                "name": "identity.api",
                "depends_on": [
                    "sql.data"
                ],
                "gates": [],
                "image_full": "${REGISTRY:-eshop}/identity.api:${TAG:-latest}",
                "buses": [],
                "servers": [],
                "monitors": []
            },
            {
                "discos": [],
                "image": "${REGISTRY",
                "dbs": [],
                "name": "webspa",
                "depends_on": [],
                "gates": [],
                "image_full": "${REGISTRY:-eshop}/webspa:${TAG:-latest}",
                "buses": [],
                "servers": [],
                "monitors": []
            },
            {
                "discos": [],
                "image": "${REGISTRY",
                "dbs": [],
                "name": "mobileshoppingagg",
                "depends_on": [
                    "nosql.data",
                    "sql.data",
                    "identity.api",
                    "rabbitmq",
                    "ordering.api",
                    "marketing.api",
                    "catalog.api",
                    "basket.api"
                ],
                "gates": [],
                "image_full": "${REGISTRY:-eshop}/mobileshoppingagg:${TAG:-latest}",
                "buses": [],
                "servers": [],
                "monitors": []
            },
            {
                "discos": [],
                "image": "${REGISTRY",
                "dbs": [],
                "name": "mobileshoppingapigw",
                "depends_on": [
                    "nosql.data",
                    "sql.data",
                    "identity.api",
                    "rabbitmq",
                    "ordering.api",
                    "marketing.api",
                    "catalog.api",
                    "basket.api"
                ],
                "gates": [],
                "image_full": "${REGISTRY:-eshop}/ocelotapigw:${TAG:-latest}",
                "buses": [],
                "servers": [],
                "monitors": []
            },
            {
                "discos": [],
                "image": "datalust/seq",
                "dbs": [],
                "name": "seq",
                "depends_on": [],
                "gates": [],
                "image_full": "datalust/seq:latest",
                "buses": [],
                "servers": [],
                "monitors": []
            },
            {
                "discos": [],
                "image": "${REGISTRY",
                "dbs": [],
                "name": "webshoppingapigw",
                "depends_on": [
                    "nosql.data",
                    "sql.data",
                    "identity.api",
                    "rabbitmq",
                    "ordering.api",
                    "marketing.api",
                    "catalog.api",
                    "basket.api"
                ],
                "gates": [],
                "image_full": "${REGISTRY:-eshop}/ocelotapigw:${TAG:-latest}",
                "buses": [],
                "servers": [],
                "monitors": []
            },
            {
                "discos": [],
                "image": "${REGISTRY",
                "dbs": [],
                "name": "webhooks.api",
                "depends_on": [
                    "sql.data"
                ],
                "gates": [],
                "image_full": "${REGISTRY:-eshop}/webhooks.api:${TAG:-latest}",
                "buses": [],
                "servers": [],
                "monitors": []
            },
            {
                "discos": [],
                "image": "${REGISTRY",
                "dbs": [],
                "name": "webshoppingagg",
                "depends_on": [
                    "nosql.data",
                    "sql.data",
                    "identity.api",
                    "rabbitmq",
                    "ordering.api",
                    "marketing.api",
                    "catalog.api",
                    "basket.api"
                ],
                "gates": [],
                "image_full": "${REGISTRY:-eshop}/webshoppingagg:${TAG:-latest}",
                "buses": [],
                "servers": [],
                "monitors": []
            },
            {
                "discos": [],
                "image": "${REGISTRY",
                "dbs": [],
                "name": "mobilemarketingapigw",
                "depends_on": [
                    "nosql.data",
                    "sql.data",
                    "identity.api",
                    "rabbitmq",
                    "ordering.api",
                    "marketing.api",
                    "catalog.api",
                    "basket.api"
                ],
                "gates": [],
                "image_full": "${REGISTRY:-eshop}/ocelotapigw:${TAG:-latest}",
                "buses": [],
                "servers": [],
                "monitors": []
            },
            {
                "discos": [],
                "image": "${REGISTRY",
                "dbs": [],
                "name": "webhooks.client",
                "depends_on": [
                    "webhooks.api"
                ],
                "gates": [],
                "image_full": "${REGISTRY:-eshop}/webhooks.client:${TAG:-latest}",
                "buses": [],
                "servers": [],
                "monitors": []
            },
            {
                "discos": [],
                "image": "${REGISTRY",
                "dbs": [],
                "name": "catalog.api",
                "depends_on": [
                    "sql.data",
                    "rabbitmq"
                ],
                "gates": [],
                "image_full": "${REGISTRY:-eshop}/catalog.api:${TAG:-latest}",
                "buses": [],
                "servers": [],
                "monitors": []
            },
            {
                "discos": [],
                "image": "${REGISTRY",
                "dbs": [],
                "name": "ordering.api",
                "depends_on": [
                    "sql.data",
                    "rabbitmq"
                ],
                "gates": [],
                "image_full": "${REGISTRY:-eshop}/ordering.api:${TAG:-latest}",
                "buses": [],
                "servers": [],
                "monitors": []
            },
            {
                "discos": [],
                "image": "${REGISTRY",
                "dbs": [],
                "name": "webstatus",
                "depends_on": [],
                "gates": [],
                "image_full": "${REGISTRY:-eshop}/webstatus:${TAG:-latest}",
                "buses": [],
                "servers": [],
                "monitors": []
            },
            {
                "discos": [],
                "image": "${REGISTRY",
                "dbs": [],
                "name": "marketing.api",
                "depends_on": [
                    "sql.data",
                    "nosql.data",
                    "identity.api",
                    "rabbitmq"
                ],
                "gates": [],
                "image_full": "${REGISTRY:-eshop}/marketing.api:${TAG:-latest}",
                "buses": [],
                "servers": [],
                "monitors": []
            },
            {
                "discos": [],
                "image": "${REGISTRY",
                "dbs": [],
                "name": "webmvc",
                "depends_on": [
                    "webshoppingagg",
                    "webshoppingapigw",
                    "webmarketingapigw"
                ],
                "gates": [],
                "image_full": "${REGISTRY:-eshop}/webmvc:${TAG:-latest}",
                "buses": [],
                "servers": [],
                "monitors": []
            },
            {
                "discos": [],
                "image": "${REGISTRY",
                "dbs": [],
                "name": "ordering.signalrhub",
                "depends_on": [
                    "nosql.data",
                    "sql.data",
                    "identity.api",
                    "rabbitmq",
                    "ordering.api",
                    "marketing.api",
                    "catalog.api",
                    "basket.api"
                ],
                "gates": [],
                "image_full": "${REGISTRY:-eshop}/ordering.signalrhub:${TAG:-latest}",
                "buses": [],
                "servers": [],
                "monitors": []
            },
            {
                "discos": [],
                "image": "${REGISTRY",
                "dbs": [],
                "name": "webmarketingapigw",
                "depends_on": [
                    "nosql.data",
                    "sql.data",
                    "identity.api",
                    "rabbitmq",
                    "ordering.api",
                    "marketing.api",
                    "catalog.api",
                    "basket.api"
                ],
                "gates": [],
                "image_full": "${REGISTRY:-eshop}/ocelotapigw:${TAG:-latest}",
                "buses": [],
                "servers": [],
                "monitors": []
            }
        ]
    },
    "num_discos": 0,
    "num_langs": 2,
    "avg_size_service": 36634.166666666664,
    "name": "saketjambh/Experiment",
    "num_gates": 0,
    "gates": [],
    "num_servers": 2,
    "monitors": [],
    "size": 659415
}