{
    "structure": {
        "detected_dbs": {
            "num": 0,
            "services": [],
            "shared_dbs": false,
            "names": []
        },
        "path": "/docker-compose.yml",
        "services": [],
        "num_services": 0
    },
    "url": "git://github.com/saksdirect/play-scala-mongo-casbah.git",
    "monitors": [],
    "num_gates": 0,
    "shared_dbs": false,
    "num_buses": 0,
    "num_dbs": 1,
    "dbs": [
        "mongo"
    ],
    "commiters": 35,
    "languages": [
        "scala"
    ],
    "num_services": 0,
    "num_discos": 0,
    "num_dockers": 1,
    "gates": [],
    "langs": [
        "scala"
    ],
    "dockers": [
        {
            "langs": [],
            "keywords": [
                "opt",
                "microservice",
                "mongo",
                "template",
                "chmod"
            ],
            "buses": [],
            "cmd": "nohup /opt/microservice-mongo-template-0.1/bin/microservice-mongo-template -Dhttp.port=9000 -Dpidfile.path=/dev/null -Dconfig.file=${CONFIG_FILE} -Dlogger.file=conf/docker-logger.xml",
            "monitors": [],
            "path": "/docker/Dockerfile",
            "dbs": [
                "mongo"
            ],
            "from_full": "sd1pgo01lx.saksdirect.com/rhel7:3",
            "gates": [],
            "discos": [],
            "cmd_keywords": [
                "file",
                "microservice",
                "mongo",
                "template",
                "nohup"
            ],
            "from": "sd1pgo01lx.saksdirect.com/rhel7",
            "servers": []
        }
    ],
    "buses": [],
    "name": "saksdirect/play-scala-mongo-casbah",
    "images": [
        "sd1pgo01lx.saksdirect.com/rhel7"
    ],
    "num_langs": 1,
    "num_servers": 0,
    "num_files": 2,
    "discos": [],
    "num_monitors": 0,
    "avg_size_service": 115.0,
    "size": 115,
    "files": [],
    "servers": []
}