{
    "num_services": 2,
    "buses": [],
    "structure": {
        "services": [
            {
                "gates": [],
                "depends_on": [],
                "discos": [],
                "buses": [],
                "dbs": [],
                "servers": [],
                "image": "mcr.microsoft.com/mssql/server",
                "name": "mssql",
                "monitors": [],
                "image_full": "mcr.microsoft.com/mssql/server:latest"
            },
            {
                "gates": [],
                "depends_on": [
                    "mssql"
                ],
                "discos": [],
                "buses": [],
                "dbs": [],
                "servers": [],
                "image": "${DOCKER_REGISTRY-}microserviceprodutoswebapi",
                "name": "microservice.produtos.webapi",
                "monitors": [],
                "image_full": "${DOCKER_REGISTRY-}microserviceprodutoswebapi"
            }
        ],
        "num_services": 2,
        "path": "/docker-compose.yml",
        "detected_dbs": {
            "services": [],
            "shared_dbs": false,
            "names": [],
            "num": 0
        }
    },
    "num_buses": 0,
    "num_langs": 1,
    "num_files": 2,
    "num_discos": 0,
    "servers": [],
    "avg_size_service": 90.0,
    "url": "git://github.com/sampaiobrenner/Microservice.Produtos.git",
    "num_gates": 0,
    "name": "sampaiobrenner/Microservice.Produtos",
    "langs": [
        "c#"
    ],
    "num_dockers": 1,
    "num_dbs": 0,
    "dbs": [],
    "dockers": [
        {
            "gates": [],
            "from_full": "base",
            "cmd": "",
            "dbs": [],
            "discos": [],
            "monitors": [],
            "from": "base",
            "cmd_keywords": [],
            "keywords": [
                "produtos",
                "microservice",
                "webapi",
                "csproj",
                "dotnet"
            ],
            "servers": [],
            "buses": [],
            "path": "/Microservice.Produtos.WebApi/Dockerfile",
            "langs": []
        }
    ],
    "discos": [],
    "num_servers": 0,
    "monitors": [],
    "commiters": 3,
    "shared_dbs": false,
    "size": 90,
    "gates": [],
    "languages": [
        "c#"
    ],
    "files": [],
    "images": [
        "base"
    ],
    "num_monitors": 0
}