{
    "files": [
        {
            "gates": [],
            "discos": [],
            "servers": [
                "node"
            ],
            "monitors": [],
            "buses": [],
            "dbs": [],
            "path": "/src/client/package.json"
        }
    ],
    "num_services": 0,
    "languages": [
        "typescript",
        "html",
        "c#"
    ],
    "shared_dbs": false,
    "num_discos": 0,
    "num_dbs": 0,
    "gates": [],
    "num_files": 2,
    "num_langs": 3,
    "avg_size_service": 2945.0,
    "num_monitors": 0,
    "dockers": [],
    "size": 2945,
    "langs": [
        "typescript",
        "c#",
        "html"
    ],
    "num_buses": 0,
    "images": [],
    "servers": [
        "node"
    ],
    "commiters": 2,
    "buses": [],
    "dbs": [],
    "name": "samuelnettey/Ng-Xpand-Lite",
    "discos": [],
    "url": "git://github.com/samuelnettey/Ng-Xpand-Lite.git",
    "num_servers": 1,
    "monitors": [],
    "num_gates": 0,
    "structure": {
        "detected_dbs": {
            "names": [],
            "services": [],
            "num": 0,
            "shared_dbs": false
        },
        "services": [],
        "num_services": 0,
        "path": []
    },
    "num_dockers": 0
}