{
    "num_services": 0,
    "images": [
        "frolvlad/alpine-oraclejdk8"
    ],
    "num_langs": 1,
    "files": [
        {
            "servers": [
                "jetty",
                "spring"
            ],
            "dbs": [],
            "path": "/pom.xml",
            "buses": [
                "amqp"
            ],
            "discos": [],
            "gates": [],
            "monitors": []
        }
    ],
    "num_dockers": 1,
    "monitors": [],
    "commiters": 2,
    "size": 206,
    "servers": [
        "jetty",
        "spring"
    ],
    "discos": [],
    "num_discos": 0,
    "gates": [],
    "url": "git://github.com/sdasari-pk/sri-frist.git",
    "num_dbs": 0,
    "avg_size_service": 206.0,
    "name": "sdasari-pk/sri-frist",
    "num_gates": 0,
    "dockers": [
        {
            "cmd_keywords": [],
            "from": "frolvlad/alpine-oraclejdk8",
            "monitors": [],
            "servers": [],
            "discos": [],
            "path": "/Dockerfile",
            "cmd": "",
            "buses": [],
            "from_full": "frolvlad/alpine-oraclejdk8:slim",
            "dbs": [],
            "keywords": [],
            "gates": [],
            "langs": []
        }
    ],
    "num_monitors": 0,
    "languages": [
        "java"
    ],
    "shared_dbs": false,
    "buses": [
        "amqp"
    ],
    "structure": {
        "num_services": 0,
        "detected_dbs": {
            "names": [],
            "services": [],
            "num": 0,
            "shared_dbs": false
        },
        "path": [],
        "services": []
    },
    "dbs": [],
    "num_buses": 1,
    "num_files": 3,
    "langs": [
        "java"
    ],
    "num_servers": 2
}