{
    "num_gates": 0,
    "discos": [],
    "num_dbs": 0,
    "num_monitors": 0,
    "dockers": [
        {
            "langs": [
                "cpp"
            ],
            "cmd_keywords": [],
            "from_full": "$BASE_IMAGE",
            "path": "/pytorch/moviesentiment_roberta/inference/kfserving/Dockerfile",
            "monitors": [],
            "discos": [],
            "cmd": "",
            "buses": [],
            "gates": [],
            "dbs": [],
            "from": "$BASE_IMAGE",
            "keywords": [
                "pip",
                "apex",
                "install",
                "kfserving",
                "git"
            ],
            "servers": []
        },
        {
            "langs": [
                "cpp"
            ],
            "cmd_keywords": [
                "type",
                "service",
                "persistence",
                "model",
                "seldon"
            ],
            "from_full": "$BASE_IMAGE",
            "path": "/pytorch/moviesentiment_roberta/inference/seldon/Dockerfile",
            "monitors": [],
            "discos": [],
            "cmd": "exec seldon-core-microservice $MODEL_NAME $API_TYPE --service-type $SERVICE_TYPE --persistence $PERSISTENCE",
            "buses": [],
            "gates": [],
            "dbs": [],
            "from": "$BASE_IMAGE",
            "keywords": [
                "apex",
                "pip",
                "uninstall",
                "option",
                "ext"
            ],
            "servers": []
        }
    ],
    "dbs": [],
    "num_langs": 2,
    "num_servers": 0,
    "avg_size_service": 137.0,
    "structure": {
        "detected_dbs": {
            "num": 0,
            "shared_dbs": false,
            "names": [],
            "services": []
        },
        "num_services": 0,
        "path": [],
        "services": []
    },
    "images": [
        "$BASE_IMAGE"
    ],
    "size": 274,
    "servers": [],
    "languages": [
        "jupyternotebook"
    ],
    "langs": [
        "cpp",
        "jupyternotebook"
    ],
    "commiters": 4,
    "shared_dbs": false,
    "num_buses": 0,
    "num_services": 0,
    "monitors": [],
    "num_dockers": 2,
    "url": "git://github.com/SeldonIO/seldon-models.git",
    "name": "SeldonIO/seldon-models",
    "buses": [],
    "gates": [],
    "files": [
        {
            "discos": [],
            "buses": [],
            "gates": [],
            "monitors": [],
            "path": "/pytorch/moviesentiment_roberta/training/requirements.txt",
            "servers": [],
            "dbs": []
        },
        {
            "discos": [],
            "buses": [],
            "gates": [],
            "monitors": [],
            "path": "/pytorch/moviesentiment_roberta/inference/kfserving/requirements.txt",
            "servers": [],
            "dbs": []
        },
        {
            "discos": [],
            "buses": [],
            "gates": [],
            "monitors": [],
            "path": "/pytorch/moviesentiment_roberta/inference/seldon/requirements.txt",
            "servers": [],
            "dbs": []
        }
    ],
    "num_discos": 0,
    "num_files": 6
}