{
    "num_services": 3,
    "buses": [],
    "structure": {
        "services": [
            {
                "gates": [],
                "depends_on": [
                    "react-microservice",
                    "angular-microservice"
                ],
                "discos": [],
                "buses": [],
                "dbs": [],
                "servers": [],
                "image": ".",
                "name": "microservices",
                "monitors": [],
                "image_full": "."
            },
            {
                "gates": [],
                "depends_on": [],
                "discos": [],
                "buses": [],
                "dbs": [],
                "servers": [],
                "image": "angular-microservice/.",
                "name": "angular-microservice",
                "monitors": [],
                "image_full": "angular-microservice/."
            },
            {
                "gates": [],
                "depends_on": [],
                "discos": [],
                "buses": [],
                "dbs": [],
                "servers": [],
                "image": "react-microservice/.",
                "name": "react-microservice",
                "monitors": [],
                "image_full": "react-microservice/."
            }
        ],
        "num_services": 3,
        "path": "/docker-compose.yml",
        "detected_dbs": {
            "services": [],
            "shared_dbs": false,
            "names": [],
            "num": 0
        }
    },
    "num_buses": 0,
    "num_langs": 3,
    "num_files": 6,
    "num_discos": 0,
    "servers": [
        "node"
    ],
    "avg_size_service": 374.3333333333333,
    "url": "git://github.com/senssei/microservices-on-frontend-docker.git",
    "num_gates": 1,
    "name": "senssei/microservices-on-frontend-docker",
    "langs": [
        "html",
        "javascript",
        "typescript"
    ],
    "num_dockers": 3,
    "num_dbs": 0,
    "dbs": [],
    "dockers": [
        {
            "gates": [
                "nginx"
            ],
            "from_full": "nginx",
            "cmd": "nginx -g daemon off;",
            "dbs": [],
            "discos": [],
            "monitors": [],
            "from": "nginx",
            "cmd_keywords": [
                "off",
                "daemon",
                "nginx"
            ],
            "keywords": [],
            "servers": [],
            "buses": [],
            "path": "/Dockerfile",
            "langs": []
        },
        {
            "gates": [
                "nginx"
            ],
            "from_full": "nginx",
            "cmd": "nginx -g daemon off;",
            "dbs": [],
            "discos": [],
            "monitors": [],
            "from": "nginx",
            "cmd_keywords": [
                "off",
                "daemon",
                "nginx"
            ],
            "keywords": [
                "npm",
                "app",
                "run",
                "prod",
                "build"
            ],
            "servers": [],
            "buses": [],
            "path": "/angular-microservice/Dockerfile",
            "langs": []
        },
        {
            "gates": [
                "nginx"
            ],
            "from_full": "nginx",
            "cmd": "nginx -g daemon off;",
            "dbs": [],
            "discos": [],
            "monitors": [],
            "from": "nginx",
            "cmd_keywords": [
                "off",
                "daemon",
                "nginx"
            ],
            "keywords": [
                "npm",
                "silent",
                "install",
                "app",
                "run"
            ],
            "servers": [],
            "buses": [],
            "path": "/react-microservice/Dockerfile",
            "langs": []
        }
    ],
    "discos": [],
    "num_servers": 1,
    "monitors": [],
    "commiters": 1,
    "shared_dbs": false,
    "size": 1123,
    "gates": [
        "nginx"
    ],
    "languages": [
        "typescript",
        "html",
        "javascript"
    ],
    "files": [
        {
            "buses": [],
            "dbs": [],
            "gates": [],
            "path": "/angular-microservice/package.json",
            "discos": [],
            "monitors": [],
            "servers": [
                "node"
            ]
        },
        {
            "buses": [],
            "dbs": [],
            "gates": [],
            "path": "/react-microservice/package.json",
            "discos": [],
            "monitors": [],
            "servers": []
        }
    ],
    "images": [
        "nginx"
    ],
    "num_monitors": 0
}