{
    "num_dbs": 1,
    "langs": [
        "java",
        "shell"
    ],
    "gates": [
        "zuul"
    ],
    "num_servers": 1,
    "num_dockers": 9,
    "num_buses": 0,
    "num_files": 17,
    "num_discos": 1,
    "num_services": 0,
    "dbs": [
        "mysql"
    ],
    "servers": [
        "spring"
    ],
    "num_langs": 2,
    "structure": {
        "detected_dbs": {
            "num": 0,
            "shared_dbs": false,
            "services": [],
            "names": []
        },
        "services": [],
        "num_services": 0,
        "path": "/tasks-service/docker/tasks-service-staging/docker-compose.yml"
    },
    "commiters": 1,
    "languages": [
        "java",
        "shell"
    ],
    "files": [
        {
            "path": "/pom.xml",
            "dbs": [],
            "servers": [
                "spring"
            ],
            "buses": [],
            "monitors": [],
            "discos": [],
            "gates": []
        },
        {
            "path": "/discovery-service/pom.xml",
            "dbs": [],
            "servers": [
                "spring"
            ],
            "buses": [],
            "monitors": [],
            "discos": [
                "eureka"
            ],
            "gates": []
        },
        {
            "path": "/config-service/pom.xml",
            "dbs": [],
            "servers": [
                "spring"
            ],
            "buses": [],
            "monitors": [],
            "discos": [],
            "gates": []
        },
        {
            "path": "/tasks-client/pom.xml",
            "dbs": [],
            "servers": [
                "spring"
            ],
            "buses": [],
            "monitors": [],
            "discos": [
                "eureka"
            ],
            "gates": []
        },
        {
            "path": "/routing-service/pom.xml",
            "dbs": [],
            "servers": [
                "spring"
            ],
            "buses": [],
            "monitors": [],
            "discos": [
                "eureka"
            ],
            "gates": [
                "zuul",
                "gateway"
            ]
        },
        {
            "path": "/tasks-service/pom.xml",
            "dbs": [
                "mysql"
            ],
            "servers": [
                "spring"
            ],
            "buses": [],
            "monitors": [],
            "discos": [
                "eureka"
            ],
            "gates": []
        },
        {
            "path": "/oauth-service/pom.xml",
            "dbs": [],
            "servers": [
                "spring"
            ],
            "buses": [],
            "monitors": [],
            "discos": [
                "eureka"
            ],
            "gates": []
        }
    ],
    "shared_dbs": false,
    "monitors": [],
    "discos": [
        "eureka"
    ],
    "dockers": [
        {
            "cmd_keywords": [],
            "from_full": "openjdk:8-jdk-alpine",
            "gates": [],
            "monitors": [],
            "discos": [],
            "langs": [],
            "from": "openjdk",
            "path": "/discovery-service/docker/Dockerfile",
            "dbs": [],
            "servers": [],
            "buses": [],
            "cmd": "",
            "keywords": []
        },
        {
            "cmd_keywords": [],
            "from_full": "openjdk:8-jdk-alpine",
            "gates": [],
            "monitors": [],
            "discos": [],
            "langs": [],
            "from": "openjdk",
            "path": "/config-service/docker/Dockerfile",
            "dbs": [],
            "servers": [],
            "buses": [],
            "cmd": "",
            "keywords": []
        },
        {
            "cmd_keywords": [
                "jar",
                "timeout",
                "finalname",
                "java",
                "for"
            ],
            "from_full": "openjdk:8-jdk-alpine",
            "gates": [],
            "monitors": [],
            "discos": [],
            "langs": [
                "java"
            ],
            "from": "openjdk",
            "path": "/tasks-client/docker/Dockerfile",
            "dbs": [],
            "servers": [],
            "buses": [],
            "cmd": "./wait-for-it.sh --timeout=10 routing-service:5555 -- java -jar @project.build.finalName@.jar",
            "keywords": [
                "bash",
                "apk",
                "cache",
                "add"
            ]
        },
        {
            "cmd_keywords": [],
            "from_full": "openjdk:8-jdk-alpine",
            "gates": [],
            "monitors": [],
            "discos": [],
            "langs": [],
            "from": "openjdk",
            "path": "/routing-service/docker/Dockerfile",
            "dbs": [],
            "servers": [],
            "buses": [],
            "cmd": "",
            "keywords": []
        },
        {
            "cmd_keywords": [
                "jar",
                "finalname",
                "timeout",
                "wait",
                "java"
            ],
            "from_full": "openjdk:8-jdk-alpine",
            "gates": [],
            "monitors": [],
            "discos": [],
            "langs": [
                "java"
            ],
            "from": "openjdk",
            "path": "/tasks-service/docker/Dockerfile",
            "dbs": [],
            "servers": [],
            "buses": [],
            "cmd": "./wait-for-it.sh --timeout=10 config-service:8888 -- java -jar @project.build.finalName@.jar",
            "keywords": [
                "bash",
                "apk",
                "cache",
                "add"
            ]
        },
        {
            "cmd_keywords": [],
            "from_full": "haproxy:1.7",
            "gates": [],
            "monitors": [],
            "discos": [],
            "langs": [],
            "from": "haproxy",
            "path": "/tasks-service/docker/haproxy/Dockerfile",
            "dbs": [],
            "servers": [],
            "buses": [],
            "cmd": "",
            "keywords": []
        },
        {
            "cmd_keywords": [],
            "from_full": "java:8",
            "gates": [],
            "monitors": [],
            "discos": [],
            "langs": [
                "java"
            ],
            "from": "java",
            "path": "/tasks-service/docker/tasks-service-staging/Dockerfile",
            "dbs": [],
            "servers": [],
            "buses": [],
            "cmd": "",
            "keywords": []
        },
        {
            "cmd_keywords": [],
            "from_full": "mysql:5.7",
            "gates": [],
            "monitors": [],
            "discos": [],
            "langs": [],
            "from": "mysql",
            "path": "/tasks-service/docker/mysql/Dockerfile",
            "dbs": [
                "mysql"
            ],
            "servers": [],
            "buses": [],
            "cmd": "",
            "keywords": []
        },
        {
            "cmd_keywords": [],
            "from_full": "openjdk:8-jdk-alpine",
            "gates": [],
            "monitors": [],
            "discos": [],
            "langs": [],
            "from": "openjdk",
            "path": "/oauth-service/docker/Dockerfile",
            "dbs": [],
            "servers": [],
            "buses": [],
            "cmd": "",
            "keywords": []
        }
    ],
    "num_monitors": 0,
    "images": [
        "haproxy",
        "java",
        "openjdk",
        "mysql"
    ],
    "avg_size_service": 14.444444444444445,
    "num_gates": 1,
    "size": 130,
    "buses": [],
    "url": "git://github.com/sergeikh/cloud-enabled-microservice.git",
    "name": "sergeikh/cloud-enabled-microservice"
}