{
    "num_servers": 0,
    "num_monitors": 0,
    "commiters": 1,
    "num_discos": 0,
    "files": [],
    "url": "git://github.com/shahidhk/placeholder.git",
    "discos": [],
    "num_langs": 3,
    "langs": [
        "dockerfile",
        "go",
        "scratch"
    ],
    "num_services": 0,
    "shared_dbs": false,
    "images": [
        "scratch"
    ],
    "avg_size_service": 2.0,
    "num_gates": 0,
    "num_buses": 0,
    "dbs": [],
    "servers": [],
    "structure": {
        "services": [],
        "num_services": 0,
        "detected_dbs": {
            "num": 0,
            "shared_dbs": false,
            "names": [],
            "services": []
        },
        "path": []
    },
    "num_dockers": 1,
    "num_files": 2,
    "name": "shahidhk/placeholder",
    "dockers": [
        {
            "dbs": [],
            "servers": [],
            "keywords": [
                "upx",
                "main",
                "apt",
                "linux",
                "get"
            ],
            "from_full": "scratch",
            "cmd_keywords": [
                "main"
            ],
            "cmd": "./main",
            "langs": [
                "scratch"
            ],
            "buses": [],
            "monitors": [],
            "gates": [],
            "discos": [],
            "from": "scratch",
            "path": "/Dockerfile"
        }
    ],
    "buses": [],
    "monitors": [],
    "gates": [],
    "size": 2,
    "languages": [
        "dockerfile",
        "go"
    ],
    "num_dbs": 0
}