{
    "num_discos": 0,
    "structure": {
        "detected_dbs": {
            "num": 0,
            "shared_dbs": false,
            "names": [],
            "services": []
        },
        "num_services": 0,
        "path": [],
        "services": []
    },
    "buses": [],
    "servers": [
        "spring",
        "tomcat"
    ],
    "name": "sibsankarb4/Digital-BankTransactionListApp",
    "num_gates": 0,
    "gates": [],
    "num_dbs": 0,
    "discos": [],
    "num_servers": 2,
    "num_dockers": 0,
    "dockers": [],
    "dbs": [],
    "images": [],
    "commiters": 1,
    "monitors": [],
    "files": [
        {
            "dbs": [],
            "buses": [],
            "servers": [
                "spring",
                "tomcat"
            ],
            "discos": [],
            "monitors": [],
            "gates": [],
            "path": "/BankTransactionListApp/pom.xml"
        }
    ],
    "langs": [
        "java"
    ],
    "url": "git://github.com/sibsankarb4/Digital-BankTransactionListApp.git",
    "num_monitors": 0,
    "shared_dbs": false,
    "size": 822,
    "languages": [
        "java"
    ],
    "num_langs": 1,
    "num_buses": 0,
    "avg_size_service": 822.0,
    "num_files": 2,
    "num_services": 0
}