{
    "num_gates": 0,
    "discos": [],
    "num_dbs": 0,
    "num_monitors": 0,
    "dockers": [],
    "dbs": [],
    "num_langs": 2,
    "num_servers": 1,
    "avg_size_service": 913.0,
    "structure": {
        "detected_dbs": {
            "num": 0,
            "shared_dbs": false,
            "names": [],
            "services": []
        },
        "num_services": 0,
        "path": [],
        "services": []
    },
    "images": [],
    "size": 913,
    "servers": [
        "express"
    ],
    "languages": [
        "javascript",
        "html"
    ],
    "langs": [
        "javascript",
        "html"
    ],
    "commiters": 1,
    "shared_dbs": false,
    "num_buses": 0,
    "num_services": 0,
    "monitors": [],
    "num_dockers": 0,
    "url": "git://github.com/Sihong31/React-Node-Microservices.git",
    "name": "Sihong31/React-Node-Microservices",
    "buses": [],
    "gates": [],
    "files": [
        {
            "discos": [],
            "buses": [],
            "gates": [],
            "monitors": [],
            "path": "/blog/comments/package.json",
            "servers": [
                "express"
            ],
            "dbs": []
        },
        {
            "discos": [],
            "buses": [],
            "gates": [],
            "monitors": [],
            "path": "/blog/posts/package.json",
            "servers": [
                "express"
            ],
            "dbs": []
        },
        {
            "discos": [],
            "buses": [],
            "gates": [],
            "monitors": [],
            "path": "/blog/moderation/package.json",
            "servers": [
                "express"
            ],
            "dbs": []
        },
        {
            "discos": [],
            "buses": [],
            "gates": [],
            "monitors": [],
            "path": "/blog/client/package.json",
            "servers": [],
            "dbs": []
        },
        {
            "discos": [],
            "buses": [],
            "gates": [],
            "monitors": [],
            "path": "/blog/event-bus/package.json",
            "servers": [
                "express"
            ],
            "dbs": []
        },
        {
            "discos": [],
            "buses": [],
            "gates": [],
            "monitors": [],
            "path": "/blog/query/package.json",
            "servers": [
                "express"
            ],
            "dbs": []
        }
    ],
    "num_discos": 0,
    "num_files": 7
}