{
    "monitors": [],
    "servers": [],
    "num_discos": 0,
    "discos": [],
    "shared_dbs": false,
    "name": "skateonrails/job_import",
    "gates": [],
    "buses": [
        "rabbitmq"
    ],
    "images": [
        "rabbitmq"
    ],
    "avg_size_service": 6.0,
    "langs": [
        "dockerfile"
    ],
    "dockers": [
        {
            "keywords": [
                "apt",
                "get",
                "curl",
                "install",
                "update"
            ],
            "cmd_keywords": [],
            "monitors": [],
            "langs": [],
            "servers": [],
            "dbs": [],
            "from_full": "rabbitmq:3-management",
            "from": "rabbitmq",
            "cmd": "",
            "discos": [],
            "buses": [
                "rabbitmq"
            ],
            "gates": [],
            "path": "/rabbitmq/Dockerfile"
        }
    ],
    "structure": {
        "detected_dbs": {
            "num": 0,
            "services": [],
            "names": [],
            "shared_dbs": false
        },
        "services": [
            {
                "gates": [],
                "image_full": "rabbitmq/.",
                "monitors": [],
                "name": "rabbitmq",
                "discos": [],
                "servers": [],
                "buses": [
                    "rabbitmq"
                ],
                "dbs": [],
                "depends_on": [],
                "image": "rabbitmq/."
            },
            {
                "gates": [],
                "image_full": "./job_queue",
                "monitors": [],
                "name": "job_queue",
                "discos": [],
                "servers": [],
                "buses": [],
                "dbs": [],
                "depends_on": [
                    "rabbitmq",
                    "sneakers_job"
                ],
                "image": "./job_queue"
            },
            {
                "gates": [],
                "image_full": "./job_api",
                "monitors": [],
                "name": "job_api",
                "discos": [],
                "servers": [],
                "buses": [],
                "dbs": [],
                "depends_on": [
                    "postgres"
                ],
                "image": "./job_api"
            },
            {
                "gates": [],
                "image_full": "./job_api",
                "monitors": [],
                "name": "sneakers_job",
                "discos": [],
                "servers": [],
                "buses": [],
                "dbs": [],
                "depends_on": [
                    "rabbitmq",
                    "postgres"
                ],
                "image": "./job_api"
            },
            {
                "gates": [],
                "image_full": "postgres",
                "monitors": [],
                "name": "postgres",
                "discos": [],
                "servers": [],
                "buses": [],
                "dbs": [],
                "depends_on": [],
                "image": "postgres"
            }
        ],
        "path": "/docker-compose.yml",
        "num_services": 5
    },
    "commiters": 1,
    "num_monitors": 0,
    "num_servers": 0,
    "num_dbs": 0,
    "num_buses": 1,
    "num_langs": 1,
    "dbs": [],
    "num_gates": 0,
    "num_files": 2,
    "num_services": 5,
    "size": 6,
    "languages": [
        "dockerfile"
    ],
    "url": "git://github.com/skateonrails/job_import.git",
    "num_dockers": 1,
    "files": []
}