{
    "monitors": [],
    "name": "Skydipper/Composite",
    "size": 49,
    "num_monitors": 0,
    "images": [
        "python"
    ],
    "dbs": [],
    "commiters": 3,
    "langs": [
        "python"
    ],
    "url": "git://github.com/Skydipper/Composite.git",
    "num_buses": 0,
    "shared_dbs": false,
    "buses": [],
    "gates": [],
    "languages": [
        "python"
    ],
    "num_files": 3,
    "files": [
        {
            "monitors": [],
            "discos": [],
            "servers": [
                "flask"
            ],
            "buses": [],
            "path": "/requirements.txt",
            "dbs": [],
            "gates": []
        }
    ],
    "num_gates": 0,
    "num_discos": 0,
    "num_services": 0,
    "num_langs": 1,
    "structure": {
        "detected_dbs": {
            "num": 0,
            "shared_dbs": false,
            "names": [],
            "services": []
        },
        "num_services": 0,
        "path": "/docker-compose.yml",
        "services": []
    },
    "num_dbs": 0,
    "num_dockers": 1,
    "dockers": [
        {
            "monitors": [],
            "keywords": [
                "user",
                "dev",
                "name",
                "opt",
                "install"
            ],
            "path": "/Dockerfile",
            "dbs": [],
            "cmd": "",
            "from_full": "python:3.7.4-stretch",
            "servers": [],
            "langs": [
                "python"
            ],
            "from": "python",
            "discos": [],
            "buses": [],
            "cmd_keywords": [],
            "gates": []
        }
    ],
    "servers": [
        "flask"
    ],
    "discos": [],
    "avg_size_service": 49.0,
    "num_servers": 1
}