{
    "num_gates": 0,
    "discos": [],
    "num_dbs": 0,
    "num_monitors": 0,
    "dockers": [
        {
            "langs": [
                "python"
            ],
            "cmd_keywords": [],
            "from_full": "python:3.7.4-stretch",
            "path": "/Dockerfile",
            "monitors": [],
            "discos": [],
            "cmd": "",
            "buses": [],
            "gates": [],
            "dbs": [],
            "from": "python",
            "keywords": [
                "dev",
                "install",
                "user",
                "pip",
                "name"
            ],
            "servers": []
        }
    ],
    "dbs": [],
    "num_langs": 1,
    "num_servers": 1,
    "avg_size_service": 41.0,
    "structure": {
        "detected_dbs": {
            "num": 0,
            "shared_dbs": false,
            "names": [],
            "services": []
        },
        "num_services": 0,
        "path": "/docker-compose.yml",
        "services": []
    },
    "images": [
        "python"
    ],
    "size": 41,
    "servers": [
        "flask"
    ],
    "languages": [
        "python"
    ],
    "langs": [
        "python"
    ],
    "commiters": 2,
    "shared_dbs": false,
    "num_buses": 0,
    "num_services": 0,
    "monitors": [],
    "num_dockers": 1,
    "url": "git://github.com/Skydipper/GeoAI.git",
    "name": "Skydipper/GeoAI",
    "buses": [],
    "gates": [],
    "files": [
        {
            "discos": [],
            "buses": [],
            "gates": [],
            "monitors": [],
            "path": "/requirements.txt",
            "servers": [
                "flask"
            ],
            "dbs": []
        }
    ],
    "num_discos": 0,
    "num_files": 3
}