{
    "num_servers": 1,
    "num_monitors": 0,
    "commiters": 2,
    "num_discos": 0,
    "files": [],
    "url": "git://github.com/SkypLabs/webprotege-dockerfile.git",
    "discos": [],
    "num_langs": 2,
    "langs": [
        "dockerfile",
        "java"
    ],
    "num_services": 2,
    "shared_dbs": false,
    "images": [
        "tomcat"
    ],
    "avg_size_service": 10.0,
    "num_gates": 0,
    "num_buses": 0,
    "dbs": [
        "mongo"
    ],
    "servers": [
        "tomcat"
    ],
    "structure": {
        "services": [
            {
                "name": "mongodb",
                "buses": [],
                "dbs": [
                    "mongo"
                ],
                "servers": [],
                "image_full": "mongo:3",
                "gates": [],
                "discos": [],
                "depends_on": [],
                "image": "mongo",
                "monitors": []
            },
            {
                "name": "webprotege",
                "buses": [],
                "dbs": [],
                "servers": [],
                "image_full": "skyplabs/webprotege",
                "gates": [],
                "discos": [],
                "depends_on": [
                    "mongodb"
                ],
                "image": "skyplabs/webprotege",
                "monitors": []
            }
        ],
        "num_services": 2,
        "detected_dbs": {
            "num": 1,
            "shared_dbs": false,
            "names": [
                "mongo"
            ],
            "services": [
                "mongodb"
            ]
        },
        "path": "/docker-compose.yml"
    },
    "num_dockers": 1,
    "num_files": 2,
    "name": "SkypLabs/webprotege-dockerfile",
    "dockers": [
        {
            "dbs": [],
            "servers": [
                "tomcat"
            ],
            "keywords": [
                "webprotege",
                "mkdir",
                "dir",
                "war",
                "download"
            ],
            "from_full": "tomcat:8-alpine",
            "cmd_keywords": [
                "run",
                "catalina"
            ],
            "cmd": "catalina.sh run",
            "langs": [
                "java"
            ],
            "buses": [],
            "monitors": [],
            "gates": [],
            "discos": [],
            "from": "tomcat",
            "path": "/Dockerfile"
        }
    ],
    "buses": [],
    "monitors": [],
    "gates": [],
    "size": 10,
    "languages": [
        "dockerfile"
    ],
    "num_dbs": 1
}