{
    "gates": [],
    "num_dockers": 3,
    "languages": [
        "shell",
        "dockerfile"
    ],
    "num_gates": 0,
    "structure": {
        "services": [
            {
                "gates": [],
                "monitors": [],
                "dbs": [
                    "mongo"
                ],
                "buses": [],
                "depends_on": [],
                "servers": [],
                "discos": [],
                "image": "mongo",
                "name": "mongo",
                "image_full": "mongo:3.3.15"
            },
            {
                "gates": [],
                "monitors": [],
                "dbs": [],
                "buses": [],
                "depends_on": [
                    "mysql"
                ],
                "servers": [],
                "discos": [],
                "image": "./docker-configs/golang",
                "name": "golang",
                "image_full": "./docker-configs/golang"
            },
            {
                "gates": [],
                "monitors": [],
                "dbs": [
                    "mysql"
                ],
                "buses": [],
                "depends_on": [],
                "servers": [],
                "discos": [],
                "image": "./docker-configs/mysql",
                "name": "mysql",
                "image_full": "./docker-configs/mysql"
            },
            {
                "gates": [],
                "monitors": [],
                "dbs": [],
                "buses": [],
                "depends_on": [
                    "golang"
                ],
                "servers": [
                    "node"
                ],
                "discos": [],
                "image": "./docker-configs/node",
                "name": "node",
                "image_full": "./docker-configs/node"
            }
        ],
        "detected_dbs": {
            "shared_dbs": false,
            "names": [
                "mongo",
                "mysql"
            ],
            "services": [
                "mongo",
                "mysql"
            ],
            "num": 2
        },
        "num_services": 4,
        "path": "/docker-compose.yml"
    },
    "num_langs": 3,
    "dockers": [
        {
            "keywords": [
                "entrypoint"
            ],
            "gates": [],
            "dbs": [
                "mysql"
            ],
            "cmd_keywords": [],
            "path": "/docker-configs/mysql/Dockerfile",
            "discos": [],
            "cmd": "",
            "from": "mysql",
            "monitors": [],
            "from_full": "mysql:5.7",
            "servers": [],
            "buses": [],
            "langs": []
        },
        {
            "keywords": [
                "node",
                "shasums",
                "txt",
                "version",
                "tar"
            ],
            "gates": [],
            "dbs": [],
            "cmd_keywords": [
                "node"
            ],
            "path": "/docker-configs/node/Dockerfile",
            "discos": [],
            "cmd": "node",
            "from": "buildpack-deps",
            "monitors": [],
            "from_full": "buildpack-deps:jessie",
            "servers": [
                "node"
            ],
            "buses": [],
            "langs": []
        },
        {
            "keywords": [
                "golang",
                "get",
                "tar",
                "apt",
                "gopath"
            ],
            "gates": [],
            "dbs": [
                "sql"
            ],
            "cmd_keywords": [],
            "path": "/docker-configs/golang/Dockerfile",
            "discos": [],
            "cmd": "",
            "from": "buildpack-deps",
            "monitors": [],
            "from_full": "buildpack-deps:jessie-scm",
            "servers": [],
            "buses": [],
            "langs": [
                "gcc"
            ]
        }
    ],
    "images": [
        "buildpack-deps",
        "mysql"
    ],
    "num_servers": 1,
    "num_monitors": 0,
    "langs": [
        "gcc",
        "dockerfile",
        "shell"
    ],
    "buses": [],
    "num_services": 4,
    "commiters": 1,
    "avg_size_service": 2.0,
    "dbs": [
        "sql",
        "mongo",
        "mysql"
    ],
    "files": [],
    "num_buses": 0,
    "discos": [],
    "size": 6,
    "monitors": [],
    "shared_dbs": false,
    "url": "git://github.com/smith-30/docker-golang-microservices.git",
    "num_dbs": 3,
    "name": "smith-30/docker-golang-microservices",
    "num_files": 4,
    "num_discos": 0,
    "servers": [
        "node"
    ]
}