{
    "num_servers": 1,
    "num_monitors": 0,
    "commiters": 4,
    "num_discos": 0,
    "files": [
        {
            "buses": [],
            "dbs": [],
            "servers": [
                "flask"
            ],
            "monitors": [],
            "gates": [],
            "discos": [],
            "path": "/requirements.txt"
        }
    ],
    "url": "git://github.com/sourabhgupta385/operationalize-ml-microservice-api.git",
    "discos": [],
    "num_langs": 3,
    "langs": [
        "makefile",
        "shell",
        "python"
    ],
    "num_services": 0,
    "shared_dbs": false,
    "images": [
        "python"
    ],
    "avg_size_service": 1682.0,
    "num_gates": 0,
    "num_buses": 0,
    "dbs": [],
    "servers": [
        "flask"
    ],
    "structure": {
        "services": [],
        "num_services": 0,
        "detected_dbs": {
            "num": 0,
            "shared_dbs": false,
            "names": [],
            "services": []
        },
        "path": []
    },
    "num_dockers": 1,
    "num_files": 3,
    "name": "sourabhgupta385/operationalize-ml-microservice-api",
    "dockers": [
        {
            "dbs": [],
            "servers": [],
            "keywords": [
                "pip",
                "install",
                "upgrade",
                "host",
                "trusted"
            ],
            "from_full": "python:3.7.3-stretch",
            "cmd_keywords": [
                "app",
                "python"
            ],
            "cmd": "python app.py",
            "langs": [
                "python"
            ],
            "buses": [],
            "monitors": [],
            "gates": [],
            "discos": [],
            "from": "python",
            "path": "/Dockerfile"
        }
    ],
    "buses": [],
    "monitors": [],
    "gates": [],
    "size": 1682,
    "languages": [
        "python",
        "shell",
        "makefile"
    ],
    "num_dbs": 0
}