{
    "num_servers": 1,
    "num_monitors": 0,
    "commiters": 5,
    "num_discos": 1,
    "files": [
        {
            "buses": [],
            "dbs": [
                "mysql"
            ],
            "servers": [
                "spring"
            ],
            "monitors": [],
            "gates": [],
            "discos": [
                "eureka"
            ],
            "path": "/pom.xml"
        }
    ],
    "url": "git://github.com/spring-microservices-demo/order-ms.git",
    "discos": [
        "eureka"
    ],
    "num_langs": 2,
    "langs": [
        "html",
        "java"
    ],
    "num_services": 0,
    "shared_dbs": false,
    "images": [
        "frolvlad/alpine-oraclejdk8"
    ],
    "avg_size_service": 168.0,
    "num_gates": 0,
    "num_buses": 0,
    "dbs": [
        "mysql"
    ],
    "servers": [
        "spring"
    ],
    "structure": {
        "services": [],
        "num_services": 0,
        "detected_dbs": {
            "num": 0,
            "shared_dbs": false,
            "names": [],
            "services": []
        },
        "path": []
    },
    "num_dockers": 1,
    "num_files": 3,
    "name": "spring-microservices-demo/order-ms",
    "dockers": [
        {
            "dbs": [],
            "servers": [],
            "keywords": [
                "app",
                "touch",
                "jar"
            ],
            "from_full": "frolvlad/alpine-oraclejdk8:slim",
            "cmd_keywords": [],
            "cmd": "",
            "langs": [],
            "buses": [],
            "monitors": [],
            "gates": [],
            "discos": [],
            "from": "frolvlad/alpine-oraclejdk8",
            "path": "/Dockerfile"
        }
    ],
    "buses": [],
    "monitors": [],
    "gates": [],
    "size": 168,
    "languages": [
        "java",
        "html"
    ],
    "num_dbs": 1
}