{
    "num_discos": 1,
    "structure": {
        "detected_dbs": {
            "num": 0,
            "shared_dbs": false,
            "names": [],
            "services": []
        },
        "num_services": 10,
        "path": "/docker-compose.yml",
        "services": [
            {
                "dbs": [],
                "buses": [],
                "servers": [
                    "spring"
                ],
                "discos": [],
                "monitors": [],
                "image_full": "springcommunity/spring-petclinic-api-gateway",
                "depends_on": [
                    "config-server",
                    "discovery-server"
                ],
                "name": "api-gateway",
                "gates": [
                    "gateway"
                ],
                "image": "springcommunity/spring-petclinic-api-gateway"
            },
            {
                "dbs": [],
                "buses": [],
                "servers": [
                    "spring"
                ],
                "discos": [],
                "monitors": [],
                "image_full": "springcommunity/spring-petclinic-discovery-server",
                "depends_on": [
                    "config-server"
                ],
                "name": "discovery-server",
                "gates": [],
                "image": "springcommunity/spring-petclinic-discovery-server"
            },
            {
                "dbs": [],
                "buses": [],
                "servers": [
                    "spring"
                ],
                "discos": [],
                "monitors": [],
                "image_full": "springcommunity/spring-petclinic-visits-service",
                "depends_on": [
                    "config-server",
                    "discovery-server"
                ],
                "name": "visits-service",
                "gates": [],
                "image": "springcommunity/spring-petclinic-visits-service"
            },
            {
                "dbs": [],
                "buses": [],
                "servers": [
                    "spring"
                ],
                "discos": [],
                "monitors": [],
                "image_full": "springcommunity/spring-petclinic-admin-server",
                "depends_on": [
                    "config-server",
                    "discovery-server"
                ],
                "name": "admin-server",
                "gates": [],
                "image": "springcommunity/spring-petclinic-admin-server"
            },
            {
                "dbs": [],
                "buses": [],
                "servers": [],
                "discos": [],
                "monitors": [
                    "prometheus"
                ],
                "image_full": "./docker/prometheus",
                "depends_on": [],
                "name": "prometheus-server",
                "gates": [],
                "image": "./docker/prometheus"
            },
            {
                "dbs": [],
                "buses": [],
                "servers": [],
                "discos": [],
                "monitors": [],
                "image_full": "openzipkin/zipkin",
                "depends_on": [],
                "name": "tracing-server",
                "gates": [],
                "image": "openzipkin/zipkin"
            },
            {
                "dbs": [],
                "buses": [],
                "servers": [
                    "spring"
                ],
                "discos": [],
                "monitors": [],
                "image_full": "springcommunity/spring-petclinic-customers-service",
                "depends_on": [
                    "config-server",
                    "discovery-server"
                ],
                "name": "customers-service",
                "gates": [],
                "image": "springcommunity/spring-petclinic-customers-service"
            },
            {
                "dbs": [],
                "buses": [],
                "servers": [
                    "spring"
                ],
                "discos": [],
                "monitors": [],
                "image_full": "springcommunity/spring-petclinic-vets-service",
                "depends_on": [
                    "config-server",
                    "discovery-server"
                ],
                "name": "vets-service",
                "gates": [],
                "image": "springcommunity/spring-petclinic-vets-service"
            },
            {
                "dbs": [],
                "buses": [],
                "servers": [],
                "discos": [],
                "monitors": [
                    "grafana"
                ],
                "image_full": "./docker/grafana",
                "depends_on": [],
                "name": "grafana-server",
                "gates": [],
                "image": "./docker/grafana"
            },
            {
                "dbs": [],
                "buses": [],
                "servers": [
                    "spring"
                ],
                "discos": [],
                "monitors": [],
                "image_full": "springcommunity/spring-petclinic-config-server",
                "depends_on": [],
                "name": "config-server",
                "gates": [],
                "image": "springcommunity/spring-petclinic-config-server"
            }
        ]
    },
    "buses": [],
    "servers": [
        "spring",
        "glassfish"
    ],
    "name": "spring-petclinic/spring-petclinic-microservices",
    "num_gates": 1,
    "gates": [
        "gateway"
    ],
    "num_dbs": 1,
    "discos": [
        "eureka"
    ],
    "num_servers": 2,
    "num_dockers": 3,
    "dockers": [
        {
            "cmd": "",
            "dbs": [],
            "cmd_keywords": [],
            "buses": [],
            "monitors": [],
            "from": "adoptopenjdk",
            "langs": [
                "java"
            ],
            "keywords": [
                "dockerize",
                "tar",
                "jar",
                "version",
                "com"
            ],
            "gates": [],
            "from_full": "adoptopenjdk:11-jre-hotspot",
            "discos": [],
            "path": "/docker/Dockerfile",
            "servers": []
        },
        {
            "cmd": "",
            "dbs": [],
            "cmd_keywords": [],
            "buses": [],
            "monitors": [
                "grafana"
            ],
            "from": "grafana/grafana",
            "langs": [],
            "keywords": [],
            "gates": [],
            "from_full": "grafana/grafana:5.2.4",
            "discos": [],
            "path": "/docker/grafana/Dockerfile",
            "servers": []
        },
        {
            "cmd": "",
            "dbs": [],
            "cmd_keywords": [],
            "buses": [],
            "monitors": [
                "prometheus"
            ],
            "from": "prom/prometheus",
            "langs": [],
            "keywords": [],
            "gates": [],
            "from_full": "prom/prometheus:v2.4.2",
            "discos": [],
            "path": "/docker/prometheus/Dockerfile",
            "servers": []
        }
    ],
    "dbs": [
        "mysql"
    ],
    "images": [
        "grafana/grafana",
        "prom/prometheus",
        "adoptopenjdk"
    ],
    "commiters": 35,
    "monitors": [
        "grafana",
        "prometheus"
    ],
    "files": [
        {
            "dbs": [],
            "buses": [],
            "servers": [
                "spring"
            ],
            "discos": [],
            "monitors": [],
            "gates": [
                "gateway"
            ],
            "path": "/pom.xml"
        },
        {
            "dbs": [],
            "buses": [],
            "servers": [
                "spring"
            ],
            "discos": [],
            "monitors": [],
            "gates": [],
            "path": "/spring-petclinic-config-server/pom.xml"
        },
        {
            "dbs": [
                "mysql",
                "hsqldb"
            ],
            "buses": [],
            "servers": [
                "spring"
            ],
            "discos": [
                "eureka"
            ],
            "monitors": [
                "prometheus"
            ],
            "gates": [],
            "path": "/spring-petclinic-customers-service/pom.xml"
        },
        {
            "dbs": [
                "mysql",
                "hsqldb"
            ],
            "buses": [],
            "servers": [
                "spring"
            ],
            "discos": [
                "eureka"
            ],
            "monitors": [
                "prometheus"
            ],
            "gates": [],
            "path": "/spring-petclinic-visits-service/pom.xml"
        },
        {
            "dbs": [],
            "buses": [],
            "servers": [
                "spring"
            ],
            "discos": [
                "eureka"
            ],
            "monitors": [],
            "gates": [],
            "path": "/spring-petclinic-admin-server/pom.xml"
        },
        {
            "dbs": [],
            "buses": [],
            "servers": [
                "spring",
                "glassfish"
            ],
            "discos": [
                "eureka"
            ],
            "monitors": [],
            "gates": [],
            "path": "/spring-petclinic-discovery-server/pom.xml"
        },
        {
            "dbs": [],
            "buses": [],
            "servers": [
                "spring"
            ],
            "discos": [
                "eureka"
            ],
            "monitors": [
                "prometheus"
            ],
            "gates": [
                "gateway"
            ],
            "path": "/spring-petclinic-api-gateway/pom.xml"
        },
        {
            "dbs": [
                "mysql",
                "hsqldb"
            ],
            "buses": [],
            "servers": [
                "spring"
            ],
            "discos": [
                "eureka"
            ],
            "monitors": [
                "prometheus"
            ],
            "gates": [],
            "path": "/spring-petclinic-vets-service/pom.xml"
        }
    ],
    "langs": [
        "java",
        "html"
    ],
    "url": "git://github.com/spring-petclinic/spring-petclinic-microservices.git",
    "num_monitors": 2,
    "shared_dbs": false,
    "size": 1667,
    "languages": [
        "java",
        "html"
    ],
    "num_langs": 2,
    "num_buses": 0,
    "avg_size_service": 555.6666666666666,
    "num_files": 12,
    "num_services": 10
}