{
    "num_discos": 0,
    "structure": {
        "detected_dbs": {
            "num": 2,
            "shared_dbs": false,
            "names": [
                "mysql"
            ],
            "services": [
                "users-service-db",
                "listings-service-db"
            ]
        },
        "num_services": 5,
        "path": "/docker-compose.yml",
        "services": [
            {
                "dbs": [],
                "buses": [],
                "servers": [],
                "discos": [],
                "monitors": [],
                "image_full": "./listings-service",
                "depends_on": [
                    "listings-service-db"
                ],
                "name": "listings-service",
                "gates": [],
                "image": "./listings-service"
            },
            {
                "dbs": [
                    "mysql"
                ],
                "buses": [],
                "servers": [],
                "discos": [],
                "monitors": [],
                "image_full": "mysql:5.7.20",
                "depends_on": [],
                "name": "users-service-db",
                "gates": [],
                "image": "mysql"
            },
            {
                "dbs": [
                    "mysql"
                ],
                "buses": [],
                "servers": [],
                "discos": [],
                "monitors": [],
                "image_full": "mysql:5.7.20",
                "depends_on": [],
                "name": "listings-service-db",
                "gates": [],
                "image": "mysql"
            },
            {
                "dbs": [],
                "buses": [],
                "servers": [],
                "discos": [],
                "monitors": [],
                "image_full": "./users-service",
                "depends_on": [
                    "users-service-db"
                ],
                "name": "users-service",
                "gates": [],
                "image": "./users-service"
            },
            {
                "dbs": [],
                "buses": [],
                "servers": [],
                "discos": [],
                "monitors": [],
                "image_full": "./api-gateway",
                "depends_on": [
                    "listings-service",
                    "users-service"
                ],
                "name": "api-gateway",
                "gates": [
                    "gateway"
                ],
                "image": "./api-gateway"
            }
        ]
    },
    "buses": [],
    "servers": [
        "express",
        "node"
    ],
    "name": "srlyttle/microservices-Node-GraphQL-React-Docker",
    "num_gates": 1,
    "gates": [
        "gateway"
    ],
    "num_dbs": 1,
    "discos": [],
    "num_servers": 2,
    "num_dockers": 3,
    "dockers": [
        {
            "cmd": "yarn watch",
            "dbs": [],
            "cmd_keywords": [
                "watch",
                "yarn"
            ],
            "buses": [],
            "monitors": [],
            "from": "node",
            "langs": [],
            "keywords": [
                "yarn"
            ],
            "gates": [],
            "from_full": "node:12",
            "discos": [],
            "path": "/api-gateway/Dockerfile",
            "servers": [
                "node"
            ]
        },
        {
            "cmd": "yarn watch",
            "dbs": [],
            "cmd_keywords": [
                "watch",
                "yarn"
            ],
            "buses": [],
            "monitors": [],
            "from": "node",
            "langs": [],
            "keywords": [
                "yarn"
            ],
            "gates": [],
            "from_full": "node:12",
            "discos": [],
            "path": "/listings-service/Dockerfile",
            "servers": [
                "node"
            ]
        },
        {
            "cmd": "yarn watch",
            "dbs": [],
            "cmd_keywords": [
                "watch",
                "yarn"
            ],
            "buses": [],
            "monitors": [],
            "from": "node",
            "langs": [],
            "keywords": [
                "yarn"
            ],
            "gates": [],
            "from_full": "node:12",
            "discos": [],
            "path": "/users-service/Dockerfile",
            "servers": [
                "node"
            ]
        }
    ],
    "dbs": [
        "mysql"
    ],
    "images": [
        "node"
    ],
    "commiters": 1,
    "monitors": [],
    "files": [
        {
            "dbs": [
                "mysql"
            ],
            "buses": [],
            "servers": [],
            "discos": [],
            "monitors": [],
            "gates": [],
            "path": "/package.json"
        },
        {
            "dbs": [],
            "buses": [],
            "servers": [
                "express"
            ],
            "discos": [],
            "monitors": [],
            "gates": [
                "gateway"
            ],
            "path": "/api-gateway/package.json"
        },
        {
            "dbs": [
                "mysql"
            ],
            "buses": [],
            "servers": [
                "express"
            ],
            "discos": [],
            "monitors": [],
            "gates": [],
            "path": "/listings-service/package.json"
        },
        {
            "dbs": [
                "mysql"
            ],
            "buses": [],
            "servers": [
                "express"
            ],
            "discos": [],
            "monitors": [],
            "gates": [],
            "path": "/users-service/package.json"
        }
    ],
    "langs": [
        "javascript"
    ],
    "url": "git://github.com/srlyttle/microservices-Node-GraphQL-React-Docker.git",
    "num_monitors": 0,
    "shared_dbs": false,
    "size": 614,
    "languages": [
        "javascript"
    ],
    "num_langs": 1,
    "num_buses": 0,
    "avg_size_service": 204.66666666666666,
    "num_files": 8,
    "num_services": 5
}