{
    "num_servers": 0,
    "num_monitors": 0,
    "commiters": 2,
    "num_discos": 0,
    "files": [],
    "url": "git://github.com/ssemichev/eagle.git",
    "discos": [],
    "num_langs": 3,
    "langs": [
        "jupyternotebook",
        "shell",
        "scala"
    ],
    "num_services": 0,
    "shared_dbs": false,
    "images": [],
    "avg_size_service": 267.0,
    "num_gates": 0,
    "num_buses": 0,
    "dbs": [],
    "servers": [],
    "structure": {
        "services": [],
        "num_services": 0,
        "detected_dbs": {
            "num": 0,
            "shared_dbs": false,
            "names": [],
            "services": []
        },
        "path": []
    },
    "num_dockers": 0,
    "num_files": 1,
    "name": "ssemichev/eagle",
    "dockers": [],
    "buses": [],
    "monitors": [],
    "gates": [],
    "size": 267,
    "languages": [
        "scala",
        "jupyternotebook",
        "shell"
    ],
    "num_dbs": 0
}