{
    "gates": [
        "zuul"
    ],
    "num_dockers": 9,
    "languages": [
        "tsql",
        "java"
    ],
    "num_gates": 1,
    "structure": {
        "services": [],
        "detected_dbs": {
            "shared_dbs": false,
            "names": [],
            "services": [],
            "num": 0
        },
        "num_services": 0,
        "path": []
    },
    "num_langs": 2,
    "dockers": [
        {
            "keywords": [],
            "gates": [],
            "dbs": [],
            "cmd_keywords": [
                "jar",
                "java",
                "microservice",
                "server",
                "opt"
            ],
            "path": "/asn-instrumentsearch-microservice-server/Dockerfile",
            "discos": [],
            "cmd": "java -jar /opt/asn-instrumentsearch-microservice-server.jar",
            "from": "tomcat",
            "monitors": [],
            "from_full": "tomcat:8.5",
            "servers": [
                "tomcat"
            ],
            "buses": [],
            "langs": [
                "java"
            ]
        },
        {
            "keywords": [],
            "gates": [],
            "dbs": [],
            "cmd_keywords": [
                "jar",
                "java",
                "microservice",
                "port",
                "server"
            ],
            "path": "/asn-discovery-microservice-server/Dockerfile",
            "discos": [],
            "cmd": "java -jar -Dserver.port=10007 /opt/asn-discovery-microservice-server.jar",
            "from": "tomcat",
            "monitors": [],
            "from_full": "tomcat:8.5",
            "servers": [
                "tomcat"
            ],
            "buses": [],
            "langs": [
                "java"
            ]
        },
        {
            "keywords": [],
            "gates": [],
            "dbs": [],
            "cmd_keywords": [
                "jar",
                "java",
                "regulation",
                "server",
                "opt"
            ],
            "path": "/asn-regulation-microservice-server/Dockerfile",
            "discos": [],
            "cmd": "java -jar /opt/asn-regulation-microservice-server.jar",
            "from": "tomcat",
            "monitors": [],
            "from_full": "tomcat:8.5",
            "servers": [
                "tomcat"
            ],
            "buses": [],
            "langs": [
                "java"
            ]
        },
        {
            "keywords": [],
            "gates": [],
            "dbs": [],
            "cmd_keywords": [
                "jar",
                "java",
                "microservice",
                "port",
                "server"
            ],
            "path": "/asn-proxy-microservice-server/Dockerfile",
            "discos": [],
            "cmd": "java -jar -Dserver.port=10006 /opt/asn-proxy-microservice-server.jar",
            "from": "tomcat",
            "monitors": [],
            "from_full": "tomcat:8.5",
            "servers": [
                "tomcat"
            ],
            "buses": [],
            "langs": [
                "java"
            ]
        },
        {
            "keywords": [],
            "gates": [],
            "dbs": [],
            "cmd_keywords": [
                "jar",
                "java",
                "microservice",
                "server",
                "opt"
            ],
            "path": "/asn-accountsearch-microservice-server/Dockerfile",
            "discos": [],
            "cmd": "java -jar /opt/asn-accountsearch-microservice-server.jar",
            "from": "tomcat",
            "monitors": [],
            "from_full": "tomcat:8.5",
            "servers": [
                "tomcat"
            ],
            "buses": [],
            "langs": [
                "java"
            ]
        },
        {
            "keywords": [],
            "gates": [],
            "dbs": [],
            "cmd_keywords": [
                "jar",
                "java",
                "datasource",
                "microservice",
                "server"
            ],
            "path": "/asn-datasource-microservice-server/Dockerfile",
            "discos": [],
            "cmd": "java -jar /opt/asn-datasource-microservice-server.jar",
            "from": "tomcat",
            "monitors": [],
            "from_full": "tomcat:8.5",
            "servers": [
                "tomcat"
            ],
            "buses": [],
            "langs": [
                "java"
            ]
        },
        {
            "keywords": [],
            "gates": [],
            "dbs": [],
            "cmd_keywords": [
                "jar",
                "java",
                "microservice",
                "server",
                "opt"
            ],
            "path": "/asn-ecl-microservice-server/Dockerfile",
            "discos": [],
            "cmd": "java -jar /opt/asn-ecl-microservice-server.jar",
            "from": "tomcat",
            "monitors": [],
            "from_full": "tomcat:8.5",
            "servers": [
                "tomcat"
            ],
            "buses": [],
            "langs": [
                "java"
            ]
        },
        {
            "keywords": [],
            "gates": [],
            "dbs": [],
            "cmd_keywords": [
                "jar",
                "java",
                "microservice",
                "server",
                "opt"
            ],
            "path": "/asn-organization-microservice-server/Dockerfile",
            "discos": [],
            "cmd": "java -jar /opt/asn-organization-microservice-server.jar",
            "from": "tomcat",
            "monitors": [],
            "from_full": "tomcat:8.5",
            "servers": [
                "tomcat"
            ],
            "buses": [],
            "langs": [
                "java"
            ]
        },
        {
            "keywords": [],
            "gates": [],
            "dbs": [],
            "cmd_keywords": [
                "jar",
                "java",
                "microservice",
                "server",
                "opt"
            ],
            "path": "/asn-riskprofile-microservice-server/Dockerfile",
            "discos": [],
            "cmd": "java -jar /opt/asn-riskprofile-microservice-server.jar",
            "from": "tomcat",
            "monitors": [],
            "from_full": "tomcat:8.5",
            "servers": [
                "tomcat"
            ],
            "buses": [],
            "langs": [
                "java"
            ]
        }
    ],
    "images": [
        "tomcat"
    ],
    "num_servers": 2,
    "num_monitors": 0,
    "langs": [
        "java",
        "tsql"
    ],
    "buses": [],
    "num_services": 0,
    "commiters": 2,
    "avg_size_service": 132.0,
    "dbs": [
        "mysql"
    ],
    "files": [
        {
            "gates": [],
            "monitors": [],
            "dbs": [],
            "path": "/asn-instrumentsearch-microservice-server/pom.xml",
            "servers": [
                "spring"
            ],
            "discos": [
                "eureka"
            ],
            "buses": []
        },
        {
            "gates": [],
            "monitors": [],
            "dbs": [],
            "path": "/asn-discovery-microservice-server/pom.xml",
            "servers": [
                "spring"
            ],
            "discos": [
                "eureka"
            ],
            "buses": []
        },
        {
            "gates": [],
            "monitors": [],
            "dbs": [],
            "path": "/asn-regulation-microservice-server/pom.xml",
            "servers": [
                "spring"
            ],
            "discos": [
                "eureka"
            ],
            "buses": []
        },
        {
            "gates": [
                "zuul"
            ],
            "monitors": [],
            "dbs": [],
            "path": "/asn-proxy-microservice-server/pom.xml",
            "servers": [
                "spring"
            ],
            "discos": [
                "eureka"
            ],
            "buses": []
        },
        {
            "gates": [],
            "monitors": [],
            "dbs": [],
            "path": "/asn-accountsearch-microservice-server/pom.xml",
            "servers": [
                "spring"
            ],
            "discos": [
                "eureka"
            ],
            "buses": []
        },
        {
            "gates": [],
            "monitors": [],
            "dbs": [
                "mysql"
            ],
            "path": "/asn-datasource-microservice-server/pom.xml",
            "servers": [
                "spring"
            ],
            "discos": [
                "eureka"
            ],
            "buses": []
        },
        {
            "gates": [],
            "monitors": [],
            "dbs": [],
            "path": "/asn-ecl-microservice-server/pom.xml",
            "servers": [
                "spring"
            ],
            "discos": [
                "eureka"
            ],
            "buses": []
        },
        {
            "gates": [],
            "monitors": [],
            "dbs": [],
            "path": "/asn-organization-microservice-server/pom.xml",
            "servers": [
                "spring"
            ],
            "discos": [
                "eureka"
            ],
            "buses": []
        },
        {
            "gates": [],
            "monitors": [],
            "dbs": [],
            "path": "/asn-riskprofile-microservice-server/pom.xml",
            "servers": [
                "spring"
            ],
            "discos": [
                "eureka"
            ],
            "buses": []
        }
    ],
    "num_buses": 0,
    "discos": [
        "eureka"
    ],
    "size": 1188,
    "monitors": [],
    "shared_dbs": false,
    "url": "git://github.com/subhajitgoswami/microservice-practice.git",
    "num_dbs": 1,
    "name": "subhajitgoswami/microservice-practice",
    "num_files": 19,
    "num_discos": 1,
    "servers": [
        "tomcat",
        "spring"
    ]
}