{
    "files": [
        {
            "gates": [],
            "discos": [],
            "servers": [
                "tomcat"
            ],
            "monitors": [],
            "buses": [],
            "dbs": [],
            "path": "/build.gradle"
        },
        {
            "gates": [],
            "discos": [],
            "servers": [],
            "monitors": [],
            "buses": [],
            "dbs": [],
            "path": "/settings.gradle"
        }
    ],
    "num_services": 0,
    "languages": [
        "java",
        "dockerfile"
    ],
    "shared_dbs": false,
    "num_discos": 0,
    "num_dbs": 0,
    "gates": [],
    "num_files": 4,
    "num_langs": 2,
    "avg_size_service": 67.0,
    "num_monitors": 0,
    "dockers": [
        {
            "cmd": "java -Dcom.sun.management.jmxremote -Xmx128m -XX:+IdleTuningGcOnIdle -Xtune:virtualized -jar mn-microservice.jar",
            "from": "adoptopenjdk/openjdk13-openj9",
            "from_full": "adoptopenjdk/openjdk13-openj9:jdk-13.0.2_8_openj9-0.18.0-alpine-slim",
            "servers": [],
            "buses": [],
            "dbs": [],
            "path": "/Dockerfile",
            "gates": [],
            "discos": [],
            "keywords": [],
            "cmd_keywords": [
                "jar",
                "idletuninggconidle",
                "java",
                "microservice",
                "management"
            ],
            "langs": [
                "java"
            ],
            "monitors": []
        }
    ],
    "size": 67,
    "langs": [
        "dockerfile",
        "java"
    ],
    "num_buses": 0,
    "images": [
        "adoptopenjdk/openjdk13-openj9"
    ],
    "servers": [
        "tomcat"
    ],
    "commiters": 2,
    "buses": [],
    "dbs": [],
    "name": "sutin1234/micronuat-microservice",
    "discos": [],
    "url": "git://github.com/sutin1234/micronuat-microservice.git",
    "num_servers": 1,
    "monitors": [],
    "num_gates": 0,
    "structure": {
        "detected_dbs": {
            "names": [],
            "services": [],
            "num": 0,
            "shared_dbs": false
        },
        "services": [],
        "num_services": 0,
        "path": []
    },
    "num_dockers": 1
}