{
    "num_discos": 0,
    "structure": {
        "detected_dbs": {
            "num": 0,
            "shared_dbs": false,
            "names": [],
            "services": []
        },
        "num_services": 0,
        "path": [],
        "services": []
    },
    "buses": [],
    "servers": [
        "spring"
    ],
    "name": "sveen12/api-gateway-microservice",
    "num_gates": 1,
    "gates": [
        "zuul"
    ],
    "num_dbs": 0,
    "discos": [],
    "num_servers": 1,
    "num_dockers": 1,
    "dockers": [
        {
            "cmd": "",
            "dbs": [],
            "cmd_keywords": [],
            "buses": [],
            "monitors": [],
            "from": "java",
            "langs": [
                "java"
            ],
            "keywords": [
                "jar",
                "touch",
                "app",
                "bash"
            ],
            "gates": [],
            "from_full": "java:8",
            "discos": [],
            "path": "/src/main/docker/Dockerfile",
            "servers": []
        }
    ],
    "dbs": [],
    "images": [
        "java"
    ],
    "commiters": 1,
    "monitors": [],
    "files": [
        {
            "dbs": [],
            "buses": [],
            "servers": [
                "spring"
            ],
            "discos": [],
            "monitors": [],
            "gates": [
                "gateway",
                "zuul"
            ],
            "path": "/pom.xml"
        }
    ],
    "langs": [
        "dockerfile",
        "java"
    ],
    "url": "git://github.com/sveen12/api-gateway-microservice.git",
    "num_monitors": 0,
    "shared_dbs": false,
    "size": 5,
    "languages": [
        "java",
        "dockerfile"
    ],
    "num_langs": 2,
    "num_buses": 0,
    "avg_size_service": 5.0,
    "num_files": 3,
    "num_services": 0
}