{
    "num_services": 0,
    "buses": [],
    "structure": {
        "services": [],
        "num_services": 0,
        "path": "/demo_layout/docker-compose.yml",
        "detected_dbs": {
            "services": [],
            "shared_dbs": false,
            "names": [],
            "num": 0
        }
    },
    "num_buses": 0,
    "num_langs": 2,
    "num_files": 4,
    "num_discos": 1,
    "servers": [
        "spring"
    ],
    "avg_size_service": 14.0,
    "url": "git://github.com/syuukawa/springcloud_docker.git",
    "num_gates": 0,
    "name": "syuukawa/springcloud_docker",
    "langs": [
        "java",
        "shell"
    ],
    "num_dockers": 1,
    "num_dbs": 0,
    "dbs": [],
    "dockers": [
        {
            "gates": [],
            "from_full": "java:8",
            "cmd": "",
            "dbs": [],
            "discos": [],
            "monitors": [],
            "from": "java",
            "cmd_keywords": [],
            "keywords": [
                "app",
                "touch",
                "bash",
                "jar"
            ],
            "servers": [],
            "buses": [],
            "path": "/demo_layout/discovery/src/main/docker/Dockerfile",
            "langs": [
                "java"
            ]
        }
    ],
    "discos": [
        "eureka"
    ],
    "num_servers": 1,
    "monitors": [],
    "commiters": 1,
    "shared_dbs": false,
    "size": 14,
    "gates": [],
    "languages": [
        "shell",
        "java"
    ],
    "files": [
        {
            "buses": [],
            "dbs": [],
            "gates": [],
            "path": "/demo_layout/pom.xml",
            "discos": [],
            "monitors": [],
            "servers": [
                "spring"
            ]
        },
        {
            "buses": [],
            "dbs": [],
            "gates": [],
            "path": "/demo_layout/discovery/pom.xml",
            "discos": [
                "eureka"
            ],
            "monitors": [],
            "servers": [
                "spring"
            ]
        }
    ],
    "images": [
        "java"
    ],
    "num_monitors": 0
}