{
    "num_gates": 0,
    "discos": [],
    "num_dbs": 0,
    "num_monitors": 0,
    "dockers": [],
    "dbs": [],
    "num_langs": 4,
    "num_servers": 0,
    "avg_size_service": 233.0,
    "structure": {
        "detected_dbs": {
            "num": 0,
            "shared_dbs": false,
            "names": [],
            "services": []
        },
        "num_services": 0,
        "path": [],
        "services": []
    },
    "images": [],
    "size": 233,
    "servers": [],
    "languages": [
        "c#",
        "typescript",
        "javascript",
        "html"
    ],
    "langs": [
        "typescript",
        "javascript",
        "c#",
        "html"
    ],
    "commiters": 1,
    "shared_dbs": false,
    "num_buses": 0,
    "num_services": 0,
    "monitors": [],
    "num_dockers": 0,
    "url": "git://github.com/t13ka/MassTransit_microservice.git",
    "name": "t13ka/MassTransit_microservice",
    "buses": [],
    "gates": [],
    "files": [
        {
            "discos": [],
            "buses": [],
            "gates": [],
            "monitors": [],
            "path": "/microservices_rabbit/package.json",
            "servers": [],
            "dbs": []
        }
    ],
    "num_discos": 0,
    "num_files": 2
}