{
    "url": "git://github.com/TBouder/fizzBuzz-Challenge.git",
    "num_monitors": 0,
    "num_dbs": 0,
    "num_langs": 2,
    "num_files": 2,
    "num_buses": 0,
    "num_servers": 0,
    "images": [
        "golang"
    ],
    "langs": [
        "golang",
        "go"
    ],
    "size": 44,
    "structure": {
        "path": "/docker-compose.yml",
        "detected_dbs": {
            "num": 0,
            "shared_dbs": false,
            "services": [],
            "names": []
        },
        "services": [
            {
                "dbs": [],
                "buses": [],
                "name": "fizzbuzz",
                "monitors": [],
                "image_full": ".",
                "depends_on": [],
                "gates": [],
                "servers": [],
                "image": ".",
                "discos": []
            }
        ],
        "num_services": 1
    },
    "buses": [],
    "discos": [],
    "monitors": [],
    "gates": [],
    "dbs": [],
    "avg_size_service": 44.0,
    "num_gates": 0,
    "languages": [
        "go"
    ],
    "dockers": [
        {
            "buses": [],
            "path": "/Dockerfile",
            "keywords": [
                "cgo",
                "download",
                "linux",
                "enabled",
                "fizzbuzz"
            ],
            "from": "golang",
            "servers": [],
            "langs": [
                "golang"
            ],
            "discos": [],
            "dbs": [],
            "monitors": [],
            "cmd_keywords": [],
            "cmd": "",
            "gates": [],
            "from_full": "golang:1.13.3"
        }
    ],
    "num_services": 1,
    "servers": [],
    "num_dockers": 1,
    "name": "TBouder/fizzBuzz-Challenge",
    "commiters": 1,
    "shared_dbs": false,
    "num_discos": 0,
    "files": []
}