{
    "structure": {
        "detected_dbs": {
            "num": 0,
            "services": [],
            "shared_dbs": false,
            "names": []
        },
        "path": [],
        "services": [],
        "num_services": 0
    },
    "url": "git://github.com/testcnc/sample.microservicebuilder.session.git",
    "monitors": [],
    "num_gates": 0,
    "shared_dbs": false,
    "num_buses": 0,
    "num_dbs": 0,
    "dbs": [],
    "commiters": 1,
    "languages": [
        "java"
    ],
    "num_services": 0,
    "num_discos": 0,
    "num_dockers": 1,
    "gates": [],
    "langs": [
        "java"
    ],
    "dockers": [
        {
            "langs": [],
            "keywords": [
                "installutility",
                "acceptlicense",
                "install",
                "logstashcollector",
                "defaultserver"
            ],
            "buses": [],
            "cmd": "",
            "monitors": [],
            "path": "/Dockerfile",
            "dbs": [],
            "from_full": "websphere-liberty:microProfile",
            "gates": [],
            "discos": [],
            "cmd_keywords": [],
            "from": "websphere-liberty",
            "servers": []
        }
    ],
    "buses": [],
    "name": "testcnc/sample.microservicebuilder.session",
    "images": [
        "websphere-liberty"
    ],
    "num_langs": 1,
    "num_servers": 2,
    "num_files": 3,
    "discos": [],
    "num_monitors": 0,
    "avg_size_service": 62.0,
    "size": 62,
    "files": [
        {
            "dbs": [],
            "buses": [],
            "gates": [],
            "discos": [],
            "monitors": [],
            "path": "/pom.xml",
            "servers": [
                "express",
                "jboss"
            ]
        }
    ],
    "servers": [
        "express",
        "jboss"
    ]
}