{
    "files": [],
    "servers": [],
    "discos": [],
    "num_buses": 1,
    "buses": [
        "rabbitmq"
    ],
    "langs": [],
    "num_files": 1,
    "dbs": [
        "mongo"
    ],
    "languages": [],
    "num_servers": 0,
    "num_langs": 0,
    "avg_size_service": 1.0,
    "shared_dbs": true,
    "num_gates": 1,
    "gates": [
        "gateway"
    ],
    "size": 1,
    "url": "git://github.com/thecodeworkers/pix-api.git",
    "name": "thecodeworkers/pix-api",
    "num_services": 6,
    "structure": {
        "services": [
            {
                "depends_on": [
                    "mongodb",
                    "rabbit_server"
                ],
                "name": "resources_microservice",
                "monitors": [],
                "discos": [],
                "servers": [],
                "buses": [],
                "image_full": "./microservices/resources-microservice",
                "image": "./microservices/resources-microservice",
                "dbs": [],
                "gates": []
            },
            {
                "depends_on": [],
                "name": "pix_wallet_app_gateway",
                "monitors": [],
                "discos": [],
                "servers": [],
                "buses": [],
                "image_full": "./gateways/pix-wallet-app-gateway",
                "image": "./gateways/pix-wallet-app-gateway",
                "dbs": [],
                "gates": [
                    "gateway"
                ]
            },
            {
                "depends_on": [
                    "mongodb",
                    "rabbit_server"
                ],
                "name": "countries_microservice",
                "monitors": [],
                "discos": [],
                "servers": [],
                "buses": [],
                "image_full": "./microservices/countries-microservice",
                "image": "./microservices/countries-microservice",
                "dbs": [],
                "gates": []
            },
            {
                "depends_on": [
                    "mongodb",
                    "rabbit_server"
                ],
                "name": "providers_microservice",
                "monitors": [],
                "discos": [],
                "servers": [],
                "buses": [],
                "image_full": "./microservices/providers-microservice",
                "image": "./microservices/providers-microservice",
                "dbs": [],
                "gates": []
            },
            {
                "depends_on": [],
                "name": "rabbit_server",
                "monitors": [],
                "discos": [],
                "servers": [],
                "buses": [
                    "rabbitmq"
                ],
                "image_full": "rabbitmq:3.8-management-alpine",
                "image": "rabbitmq",
                "dbs": [],
                "gates": []
            },
            {
                "depends_on": [],
                "name": "mongodb",
                "monitors": [],
                "discos": [],
                "servers": [],
                "buses": [],
                "image_full": "mongo:4.2.8-bionic",
                "image": "mongo",
                "dbs": [
                    "mongo"
                ],
                "gates": []
            }
        ],
        "path": "/docker-compose.yml",
        "detected_dbs": {
            "shared_dbs": true,
            "names": [
                "mongo"
            ],
            "num": 1,
            "services": [
                "mongodb"
            ]
        },
        "num_services": 6
    },
    "commiters": 1,
    "num_dbs": 1,
    "images": [],
    "num_monitors": 0,
    "dockers": [],
    "monitors": [],
    "num_discos": 0,
    "num_dockers": 0
}