{
    "num_servers": 2,
    "num_monitors": 0,
    "commiters": 1,
    "num_discos": 0,
    "files": [
        {
            "buses": [],
            "dbs": [],
            "servers": [
                "spring"
            ],
            "monitors": [],
            "gates": [],
            "discos": [],
            "path": "/saavarni-core/pom.xml"
        },
        {
            "buses": [],
            "dbs": [],
            "servers": [
                "glassfish"
            ],
            "monitors": [],
            "gates": [],
            "discos": [],
            "path": "/sample/pom.xml"
        }
    ],
    "url": "git://github.com/tkamalakar/sample.git",
    "discos": [],
    "num_langs": 1,
    "langs": [
        "tsql"
    ],
    "num_services": 0,
    "shared_dbs": false,
    "images": [
        "openliberty/open-liberty"
    ],
    "avg_size_service": 995.5,
    "num_gates": 0,
    "num_buses": 0,
    "dbs": [],
    "servers": [
        "spring",
        "glassfish"
    ],
    "structure": {
        "services": [],
        "num_services": 0,
        "detected_dbs": {
            "num": 0,
            "shared_dbs": false,
            "names": [],
            "services": []
        },
        "path": []
    },
    "num_dockers": 2,
    "num_files": 5,
    "name": "tkamalakar/sample",
    "dockers": [
        {
            "dbs": [],
            "servers": [],
            "keywords": [
                "xml",
                "docker",
                "mvn",
                "usr",
                "maven"
            ],
            "from_full": "openliberty/open-liberty:kernel-java8-openj9-ubi",
            "cmd_keywords": [],
            "cmd": "",
            "langs": [],
            "buses": [],
            "monitors": [],
            "gates": [],
            "discos": [],
            "from": "openliberty/open-liberty",
            "path": "/saavarni-core/Dockerfile"
        },
        {
            "dbs": [],
            "servers": [],
            "keywords": [
                "xml",
                "docker",
                "mvn",
                "usr",
                "maven"
            ],
            "from_full": "openliberty/open-liberty:kernel-java8-openj9-ubi",
            "cmd_keywords": [],
            "cmd": "",
            "langs": [],
            "buses": [],
            "monitors": [],
            "gates": [],
            "discos": [],
            "from": "openliberty/open-liberty",
            "path": "/sample/Dockerfile"
        }
    ],
    "buses": [],
    "monitors": [],
    "gates": [],
    "size": 1991,
    "languages": [
        "tsql"
    ],
    "num_dbs": 0
}