{
    "files": [
        {
            "gates": [],
            "discos": [],
            "servers": [],
            "monitors": [],
            "buses": [],
            "dbs": [],
            "path": "/restapi/java-osv/pom.xml"
        },
        {
            "gates": [],
            "discos": [],
            "servers": [],
            "monitors": [],
            "buses": [],
            "dbs": [],
            "path": "/restapi/java-osv-mt/pom.xml"
        },
        {
            "gates": [],
            "discos": [],
            "servers": [],
            "monitors": [],
            "buses": [],
            "dbs": [],
            "path": "/workload/java-osv/pom.xml"
        }
    ],
    "num_services": 0,
    "languages": [
        "python"
    ],
    "shared_dbs": false,
    "num_discos": 0,
    "num_dbs": 0,
    "gates": [],
    "num_files": 13,
    "num_langs": 3,
    "avg_size_service": 1690.2222222222222,
    "num_monitors": 0,
    "dockers": [
        {
            "cmd": "java -jar app.jar",
            "from": "openjdk",
            "from_full": "openjdk:8-alpine",
            "servers": [],
            "buses": [],
            "dbs": [],
            "path": "/restapi/java-osv/Dockerfile",
            "gates": [],
            "discos": [],
            "keywords": [],
            "cmd_keywords": [
                "jar",
                "java",
                "app"
            ],
            "langs": [
                "java"
            ],
            "monitors": []
        },
        {
            "cmd": "python server.py",
            "from": "python",
            "from_full": "python:2.7-alpine",
            "servers": [],
            "buses": [],
            "dbs": [],
            "path": "/restapi/python-osv/Dockerfile",
            "gates": [],
            "discos": [],
            "keywords": [],
            "cmd_keywords": [
                "python",
                "server"
            ],
            "langs": [
                "python"
            ],
            "monitors": []
        },
        {
            "cmd": "java -jar app.jar",
            "from": "openjdk",
            "from_full": "openjdk:8-alpine",
            "servers": [],
            "buses": [],
            "dbs": [],
            "path": "/restapi/java-osv-mt/Dockerfile",
            "gates": [],
            "discos": [],
            "keywords": [],
            "cmd_keywords": [
                "jar",
                "java",
                "app"
            ],
            "langs": [
                "java"
            ],
            "monitors": []
        },
        {
            "cmd": "python server.py",
            "from": "python",
            "from_full": "python:2.7-alpine",
            "servers": [],
            "buses": [],
            "dbs": [],
            "path": "/restapi/python-osv-mt/Dockerfile",
            "gates": [],
            "discos": [],
            "keywords": [],
            "cmd_keywords": [
                "python",
                "server"
            ],
            "langs": [
                "python"
            ],
            "monitors": []
        },
        {
            "cmd": "/app/rest",
            "from": "scratch",
            "from_full": "scratch",
            "servers": [],
            "buses": [],
            "dbs": [],
            "path": "/restapi/go-osv-pie/Dockerfile",
            "gates": [],
            "discos": [],
            "keywords": [],
            "cmd_keywords": [
                "rest",
                "app"
            ],
            "langs": [
                "scratch"
            ],
            "monitors": []
        },
        {
            "cmd": "/app/restapi",
            "from": "scratch",
            "from_full": "scratch",
            "servers": [],
            "buses": [],
            "dbs": [],
            "path": "/restapi/go-osv/Dockerfile",
            "gates": [],
            "discos": [],
            "keywords": [],
            "cmd_keywords": [
                "app",
                "restapi"
            ],
            "langs": [
                "scratch"
            ],
            "monitors": []
        },
        {
            "cmd": "java -jar app.jar",
            "from": "openjdk",
            "from_full": "openjdk:8-alpine",
            "servers": [],
            "buses": [],
            "dbs": [],
            "path": "/workload/java-osv/Dockerfile",
            "gates": [],
            "discos": [],
            "keywords": [],
            "cmd_keywords": [
                "jar",
                "java",
                "app"
            ],
            "langs": [
                "java"
            ],
            "monitors": []
        },
        {
            "cmd": "python server.py",
            "from": "python",
            "from_full": "python:2.7-alpine",
            "servers": [],
            "buses": [],
            "dbs": [],
            "path": "/workload/python-osv/Dockerfile",
            "gates": [],
            "discos": [],
            "keywords": [],
            "cmd_keywords": [
                "python",
                "server"
            ],
            "langs": [
                "python"
            ],
            "monitors": []
        },
        {
            "cmd": "/app/workload",
            "from": "scratch",
            "from_full": "scratch",
            "servers": [],
            "buses": [],
            "dbs": [],
            "path": "/workload/go-osv/Dockerfile",
            "gates": [],
            "discos": [],
            "keywords": [],
            "cmd_keywords": [
                "app",
                "workload"
            ],
            "langs": [
                "scratch"
            ],
            "monitors": []
        }
    ],
    "size": 15212,
    "langs": [
        "python",
        "java",
        "scratch"
    ],
    "num_buses": 0,
    "images": [
        "python",
        "openjdk",
        "scratch"
    ],
    "servers": [],
    "commiters": 1,
    "buses": [],
    "dbs": [],
    "name": "togoetha/unikernels-v-containers",
    "discos": [],
    "url": "git://github.com/togoetha/unikernels-v-containers.git",
    "num_servers": 0,
    "monitors": [],
    "num_gates": 0,
    "structure": {
        "detected_dbs": {
            "names": [],
            "services": [],
            "num": 0,
            "shared_dbs": false
        },
        "services": [],
        "num_services": 0,
        "path": []
    },
    "num_dockers": 9
}