{
    "num_servers": 0,
    "num_monitors": 0,
    "commiters": 1,
    "num_discos": 0,
    "files": [],
    "url": "git://github.com/tomi-vanek/microts-upload.git",
    "discos": [],
    "num_langs": 0,
    "langs": [],
    "num_services": 0,
    "shared_dbs": false,
    "images": [],
    "avg_size_service": 2.0,
    "num_gates": 0,
    "num_buses": 0,
    "dbs": [],
    "servers": [],
    "structure": {
        "services": [],
        "num_services": 0,
        "detected_dbs": {
            "num": 0,
            "shared_dbs": false,
            "names": [],
            "services": []
        },
        "path": []
    },
    "num_dockers": 0,
    "num_files": 1,
    "name": "tomi-vanek/microts-upload",
    "dockers": [],
    "buses": [],
    "monitors": [],
    "gates": [],
    "size": 2,
    "languages": [],
    "num_dbs": 0
}