{
    "num_files": 20,
    "dbs": [
        "mongo",
        "redis"
    ],
    "structure": {
        "services": [
            {
                "depends_on": [],
                "servers": [],
                "dbs": [],
                "buses": [],
                "monitors": [],
                "name": "webmarketingapigw",
                "gates": [],
                "image_full": "eshop/ocelotapigw:${TAG:-latest}",
                "discos": [],
                "image": "eshop/ocelotapigw"
            },
            {
                "depends_on": [],
                "servers": [],
                "dbs": [
                    "redis"
                ],
                "buses": [],
                "monitors": [],
                "name": "basket.data",
                "gates": [],
                "image_full": "redis:alpine",
                "discos": [],
                "image": "redis"
            },
            {
                "depends_on": [
                    "sql.data",
                    "nosql.data",
                    "identity.api",
                    "rabbitmq"
                ],
                "servers": [],
                "dbs": [],
                "buses": [],
                "monitors": [],
                "name": "marketing.api",
                "gates": [],
                "image_full": "eshop/marketing.api:${TAG:-latest}",
                "discos": [],
                "image": "eshop/marketing.api"
            },
            {
                "depends_on": [],
                "servers": [],
                "dbs": [],
                "buses": [],
                "monitors": [],
                "name": "webshoppingagg",
                "gates": [],
                "image_full": "eshop/webshoppingagg:${TAG:-latest}",
                "discos": [],
                "image": "eshop/webshoppingagg"
            },
            {
                "depends_on": [],
                "servers": [],
                "dbs": [
                    "mongo"
                ],
                "buses": [],
                "monitors": [],
                "name": "nosql.data",
                "gates": [],
                "image_full": "mongo",
                "discos": [],
                "image": "mongo"
            },
            {
                "depends_on": [
                    "rabbitmq"
                ],
                "servers": [],
                "dbs": [],
                "buses": [],
                "monitors": [],
                "name": "payment.api",
                "gates": [],
                "image_full": "eshop/payment.api:${TAG:-latest}",
                "discos": [],
                "image": "eshop/payment.api"
            },
            {
                "depends_on": [],
                "servers": [],
                "dbs": [],
                "buses": [
                    "rabbitmq"
                ],
                "monitors": [],
                "name": "rabbitmq",
                "gates": [],
                "image_full": "rabbitmq:3-management-alpine",
                "discos": [],
                "image": "rabbitmq"
            },
            {
                "depends_on": [
                    "basket.data",
                    "identity.api",
                    "rabbitmq"
                ],
                "servers": [],
                "dbs": [],
                "buses": [],
                "monitors": [],
                "name": "basket.api",
                "gates": [],
                "image_full": "eshop/basket.api:${TAG:-latest}",
                "discos": [],
                "image": "eshop/basket.api"
            },
            {
                "depends_on": [],
                "servers": [],
                "dbs": [],
                "buses": [],
                "monitors": [],
                "name": "webshoppingapigw",
                "gates": [],
                "image_full": "eshop/ocelotapigw:${TAG:-latest}",
                "discos": [],
                "image": "eshop/ocelotapigw"
            },
            {
                "depends_on": [],
                "servers": [],
                "dbs": [],
                "buses": [],
                "monitors": [],
                "name": "mobileshoppingapigw",
                "gates": [],
                "image_full": "eshop/ocelotapigw:${TAG:-latest}",
                "discos": [],
                "image": "eshop/ocelotapigw"
            },
            {
                "depends_on": [],
                "servers": [],
                "dbs": [],
                "buses": [],
                "monitors": [],
                "name": "sql.data",
                "gates": [],
                "image_full": "microsoft/mssql-server-linux:2017-latest",
                "discos": [],
                "image": "microsoft/mssql-server-linux"
            },
            {
                "depends_on": [],
                "servers": [],
                "dbs": [],
                "buses": [],
                "monitors": [],
                "name": "mobileshoppingagg",
                "gates": [],
                "image_full": "eshop/mobileshoppingagg:${TAG:-latest}",
                "discos": [],
                "image": "eshop/mobileshoppingagg"
            },
            {
                "depends_on": [
                    "sql.data",
                    "rabbitmq"
                ],
                "servers": [],
                "dbs": [],
                "buses": [],
                "monitors": [],
                "name": "ordering.backgroundtasks",
                "gates": [],
                "image_full": "eshop/ordering.backgroundtasks:${TAG:-latest}",
                "discos": [],
                "image": "eshop/ordering.backgroundtasks"
            },
            {
                "depends_on": [],
                "servers": [],
                "dbs": [],
                "buses": [],
                "monitors": [],
                "name": "ordering.signalrhub",
                "gates": [],
                "image_full": "eshop/ordering.signalrhub:${TAG:-latest}",
                "discos": [],
                "image": "eshop/ordering.signalrhub"
            },
            {
                "depends_on": [
                    "sql.data"
                ],
                "servers": [],
                "dbs": [],
                "buses": [],
                "monitors": [],
                "name": "identity.api",
                "gates": [],
                "image_full": "eshop/identity.api:${TAG:-latest}",
                "discos": [],
                "image": "eshop/identity.api"
            },
            {
                "depends_on": [
                    "catalog.api",
                    "ordering.api",
                    "identity.api",
                    "basket.api",
                    "marketing.api"
                ],
                "servers": [],
                "dbs": [],
                "buses": [],
                "monitors": [],
                "name": "webmvc",
                "gates": [],
                "image_full": "eshop/webmvc:${TAG:-latest}",
                "discos": [],
                "image": "eshop/webmvc"
            },
            {
                "depends_on": [
                    "sql.data",
                    "rabbitmq"
                ],
                "servers": [],
                "dbs": [],
                "buses": [],
                "monitors": [],
                "name": "catalog.api",
                "gates": [],
                "image_full": "eshop/catalog.api:${TAG:-latest}",
                "discos": [],
                "image": "eshop/catalog.api"
            },
            {
                "depends_on": [
                    "nosql.data",
                    "rabbitmq"
                ],
                "servers": [],
                "dbs": [],
                "buses": [],
                "monitors": [],
                "name": "locations.api",
                "gates": [],
                "image_full": "eshop/locations.api:${TAG:-latest}",
                "discos": [],
                "image": "eshop/locations.api"
            },
            {
                "depends_on": [
                    "catalog.api",
                    "ordering.api",
                    "identity.api",
                    "basket.api",
                    "marketing.api"
                ],
                "servers": [],
                "dbs": [],
                "buses": [],
                "monitors": [],
                "name": "webspa",
                "gates": [],
                "image_full": "eshop/webspa:${TAG:-latest}",
                "discos": [],
                "image": "eshop/webspa"
            },
            {
                "depends_on": [
                    "sql.data",
                    "rabbitmq"
                ],
                "servers": [],
                "dbs": [],
                "buses": [],
                "monitors": [],
                "name": "ordering.api",
                "gates": [],
                "image_full": "eshop/ordering.api:${TAG:-latest}",
                "discos": [],
                "image": "eshop/ordering.api"
            },
            {
                "depends_on": [],
                "servers": [],
                "dbs": [],
                "buses": [],
                "monitors": [],
                "name": "webstatus",
                "gates": [],
                "image_full": "eshop/webstatus:${TAG:-latest}",
                "discos": [],
                "image": "eshop/webstatus"
            },
            {
                "depends_on": [],
                "servers": [],
                "dbs": [],
                "buses": [],
                "monitors": [],
                "name": "mobilemarketingapigw",
                "gates": [],
                "image_full": "eshop/ocelotapigw:${TAG:-latest}",
                "discos": [],
                "image": "eshop/ocelotapigw"
            }
        ],
        "path": "/docker-compose.yml",
        "detected_dbs": {
            "names": [
                "mongo",
                "redis"
            ],
            "num": 2,
            "shared_dbs": true,
            "services": [
                "basket.data",
                "nosql.data"
            ]
        },
        "num_services": 22
    },
    "commiters": 85,
    "num_services": 22,
    "num_buses": 1,
    "images": [
        "microsoft/dotnet",
        "base",
        "microsoft/aspnetcore"
    ],
    "url": "git://github.com/tomya/eshoponcontainer.git",
    "num_langs": 2,
    "num_monitors": 0,
    "num_dockers": 17,
    "name": "tomya/eshoponcontainer",
    "size": 325850,
    "num_dbs": 2,
    "avg_size_service": 19167.647058823528,
    "num_gates": 0,
    "num_discos": 0,
    "dockers": [
        {
            "dbs": [],
            "path": "/test/Services/UnitTest/Dockerfile",
            "from": "microsoft/dotnet",
            "discos": [],
            "from_full": "microsoft/dotnet:2.0-sdk",
            "servers": [],
            "cmd_keywords": [],
            "buses": [],
            "cmd": "",
            "langs": [],
            "gates": [],
            "monitors": [],
            "keywords": [
                "dotnet",
                "nowarn",
                "release",
                "restore",
                "msb"
            ]
        },
        {
            "dbs": [],
            "path": "/src/Services/Payment/Payment.API/Dockerfile",
            "from": "base",
            "discos": [],
            "from_full": "base",
            "servers": [],
            "cmd_keywords": [],
            "buses": [],
            "cmd": "",
            "langs": [],
            "gates": [],
            "monitors": [],
            "keywords": [
                "dotnet",
                "restore",
                "release",
                "app",
                "nowarn"
            ]
        },
        {
            "dbs": [],
            "path": "/src/Services/Marketing/Marketing.API/Dockerfile",
            "from": "base",
            "discos": [],
            "from_full": "base",
            "servers": [],
            "cmd_keywords": [],
            "buses": [],
            "cmd": "",
            "langs": [],
            "gates": [],
            "monitors": [],
            "keywords": [
                "dotnet",
                "restore",
                "release",
                "app",
                "nowarn"
            ]
        },
        {
            "dbs": [],
            "path": "/src/Services/Ordering/Ordering.BackgroundTasks/Dockerfile",
            "from": "base",
            "discos": [],
            "from_full": "base",
            "servers": [],
            "cmd_keywords": [],
            "buses": [],
            "cmd": "",
            "langs": [],
            "gates": [],
            "monitors": [],
            "keywords": [
                "dotnet",
                "restore",
                "release",
                "app",
                "nowarn"
            ]
        },
        {
            "dbs": [],
            "path": "/src/Services/Ordering/Ordering.API/Dockerfile",
            "from": "base",
            "discos": [],
            "from_full": "base",
            "servers": [],
            "cmd_keywords": [],
            "buses": [],
            "cmd": "",
            "langs": [],
            "gates": [],
            "monitors": [],
            "keywords": [
                "dotnet",
                "restore",
                "release",
                "app",
                "nowarn"
            ]
        },
        {
            "dbs": [],
            "path": "/src/Services/Ordering/Ordering.SignalrHub/Dockerfile",
            "from": "base",
            "discos": [],
            "from_full": "base",
            "servers": [],
            "cmd_keywords": [],
            "buses": [],
            "cmd": "",
            "langs": [],
            "gates": [],
            "monitors": [],
            "keywords": [
                "dotnet",
                "app",
                "release",
                "ordering",
                "csproj"
            ]
        },
        {
            "dbs": [],
            "path": "/src/Services/Location/Locations.API/Dockerfile",
            "from": "base",
            "discos": [],
            "from_full": "base",
            "servers": [],
            "cmd_keywords": [],
            "buses": [],
            "cmd": "",
            "langs": [],
            "gates": [],
            "monitors": [],
            "keywords": [
                "dotnet",
                "restore",
                "release",
                "app",
                "nowarn"
            ]
        },
        {
            "dbs": [],
            "path": "/src/Services/Basket/Basket.API/Dockerfile",
            "from": "base",
            "discos": [],
            "from_full": "base",
            "servers": [],
            "cmd_keywords": [],
            "buses": [],
            "cmd": "",
            "langs": [],
            "gates": [],
            "monitors": [],
            "keywords": [
                "dotnet",
                "restore",
                "release",
                "app",
                "nowarn"
            ]
        },
        {
            "dbs": [],
            "path": "/src/Services/Identity/Identity.API/Dockerfile",
            "from": "base",
            "discos": [],
            "from_full": "base",
            "servers": [],
            "cmd_keywords": [],
            "buses": [],
            "cmd": "",
            "langs": [],
            "gates": [],
            "monitors": [],
            "keywords": [
                "dotnet",
                "restore",
                "release",
                "app",
                "nowarn"
            ]
        },
        {
            "dbs": [],
            "path": "/src/Services/Catalog/Catalog.API/Dockerfile",
            "from": "base",
            "discos": [],
            "from_full": "base",
            "servers": [],
            "cmd_keywords": [],
            "buses": [],
            "cmd": "",
            "langs": [],
            "gates": [],
            "monitors": [],
            "keywords": [
                "dotnet",
                "restore",
                "release",
                "app",
                "nowarn"
            ]
        },
        {
            "dbs": [],
            "path": "/src/ApiGateways/Mobile.Bff.Shopping/aggregator/Dockerfile",
            "from": "base",
            "discos": [],
            "from_full": "base",
            "servers": [],
            "cmd_keywords": [],
            "buses": [],
            "cmd": "",
            "langs": [],
            "gates": [],
            "monitors": [],
            "keywords": [
                "dotnet",
                "restore",
                "release",
                "app",
                "nowarn"
            ]
        },
        {
            "dbs": [],
            "path": "/src/ApiGateways/ApiGw-Base/Dockerfile",
            "from": "base",
            "discos": [],
            "from_full": "base",
            "servers": [],
            "cmd_keywords": [],
            "buses": [],
            "cmd": "",
            "langs": [],
            "gates": [],
            "monitors": [],
            "keywords": [
                "dotnet",
                "app",
                "release",
                "src",
                "base"
            ]
        },
        {
            "dbs": [],
            "path": "/src/ApiGateways/Web.Bff.Shopping/aggregator/Dockerfile",
            "from": "base",
            "discos": [],
            "from_full": "base",
            "servers": [],
            "cmd_keywords": [],
            "buses": [],
            "cmd": "",
            "langs": [],
            "gates": [],
            "monitors": [],
            "keywords": [
                "dotnet",
                "restore",
                "release",
                "app",
                "nowarn"
            ]
        },
        {
            "dbs": [],
            "path": "/src/Web/WebMVC/Dockerfile",
            "from": "base",
            "discos": [],
            "from_full": "base",
            "servers": [],
            "cmd_keywords": [],
            "buses": [],
            "cmd": "",
            "langs": [],
            "gates": [],
            "monitors": [],
            "keywords": [
                "dotnet",
                "restore",
                "release",
                "app",
                "nowarn"
            ]
        },
        {
            "dbs": [],
            "path": "/src/Web/WebStatus/Dockerfile",
            "from": "base",
            "discos": [],
            "from_full": "base",
            "servers": [],
            "cmd_keywords": [],
            "buses": [],
            "cmd": "",
            "langs": [],
            "gates": [],
            "monitors": [],
            "keywords": [
                "dotnet",
                "restore",
                "release",
                "app",
                "nowarn"
            ]
        },
        {
            "dbs": [],
            "path": "/src/Web/WebSPA/Dockerfile",
            "from": "base",
            "discos": [],
            "from_full": "base",
            "servers": [],
            "cmd_keywords": [],
            "buses": [],
            "cmd": "",
            "langs": [],
            "gates": [],
            "monitors": [],
            "keywords": [
                "dotnet",
                "restore",
                "release",
                "app",
                "nowarn"
            ]
        },
        {
            "dbs": [],
            "path": "/src/Web/WebMonolithic/eShopWeb/Dockerfile",
            "from": "microsoft/aspnetcore",
            "discos": [],
            "from_full": "microsoft/aspnetcore:1.1",
            "servers": [],
            "cmd_keywords": [],
            "buses": [],
            "cmd": "",
            "langs": [],
            "gates": [],
            "monitors": [],
            "keywords": []
        }
    ],
    "languages": [
        "c#",
        "javascript"
    ],
    "gates": [],
    "discos": [],
    "servers": [
        "node",
        "asp"
    ],
    "buses": [
        "rabbitmq"
    ],
    "monitors": [],
    "langs": [
        "javascript",
        "c#"
    ],
    "shared_dbs": true,
    "num_servers": 2,
    "files": [
        {
            "servers": [
                "asp"
            ],
            "dbs": [],
            "buses": [],
            "monitors": [],
            "gates": [],
            "path": "/src/Web/WebMVC/package.json",
            "discos": []
        },
        {
            "servers": [
                "node"
            ],
            "dbs": [],
            "buses": [],
            "monitors": [],
            "gates": [],
            "path": "/src/Web/WebSPA/package.json",
            "discos": []
        }
    ]
}