{
    "monitors": [],
    "servers": [
        "node"
    ],
    "num_discos": 0,
    "discos": [],
    "shared_dbs": false,
    "name": "topcoder-platform/legacy-challenge-processor",
    "gates": [],
    "buses": [
        "kafka"
    ],
    "images": [
        "ibmcom/informix-innovator-c"
    ],
    "avg_size_service": 492.0,
    "langs": [
        "javascript",
        "gcc",
        "shell"
    ],
    "dockers": [
        {
            "keywords": [
                "apt",
                "etc",
                "tar",
                "node",
                "list"
            ],
            "cmd_keywords": [],
            "monitors": [],
            "langs": [
                "gcc"
            ],
            "servers": [
                "node"
            ],
            "dbs": [
                "informix"
            ],
            "from_full": "ibmcom/informix-innovator-c:12.10.FC12W1IE",
            "from": "ibmcom/informix-innovator-c",
            "cmd": "",
            "discos": [],
            "buses": [],
            "gates": [],
            "path": "/docker/Dockerfile"
        }
    ],
    "structure": {
        "detected_dbs": {
            "num": 0,
            "services": [],
            "names": [],
            "shared_dbs": false
        },
        "services": [
            {
                "gates": [],
                "image_full": "legacy-challenge-processor:latest",
                "monitors": [],
                "name": "legacy-challenge-processor",
                "discos": [],
                "servers": [],
                "buses": [],
                "dbs": [],
                "depends_on": [],
                "image": "legacy-challenge-processor"
            }
        ],
        "path": "/docker/docker-compose.yml",
        "num_services": 1
    },
    "commiters": 5,
    "num_monitors": 0,
    "num_servers": 1,
    "num_dbs": 1,
    "num_buses": 1,
    "num_langs": 3,
    "dbs": [
        "informix"
    ],
    "num_gates": 0,
    "num_files": 3,
    "num_services": 1,
    "size": 492,
    "languages": [
        "javascript",
        "shell"
    ],
    "url": "git://github.com/topcoder-platform/legacy-challenge-processor.git",
    "num_dockers": 1,
    "files": [
        {
            "monitors": [],
            "discos": [],
            "servers": [
                "node"
            ],
            "path": "/package.json",
            "gates": [],
            "buses": [
                "kafka"
            ],
            "dbs": []
        }
    ]
}