{
    "num_gates": 1,
    "discos": [
        "eureka"
    ],
    "num_dbs": 2,
    "num_monitors": 0,
    "dockers": [
        {
            "langs": [],
            "cmd_keywords": [],
            "from_full": "openjdk:latest",
            "path": "/netflixzuul/Dockerfile",
            "monitors": [],
            "discos": [],
            "cmd": "",
            "buses": [],
            "gates": [],
            "dbs": [],
            "from": "openjdk",
            "keywords": [],
            "servers": []
        },
        {
            "langs": [],
            "cmd_keywords": [],
            "from_full": "openjdk:latest",
            "path": "/configserver/Dockerfile",
            "monitors": [],
            "discos": [],
            "cmd": "",
            "buses": [],
            "gates": [],
            "dbs": [],
            "from": "openjdk",
            "keywords": [],
            "servers": []
        },
        {
            "langs": [],
            "cmd_keywords": [],
            "from_full": "openjdk:latest",
            "path": "/DockerSpringBootAssignmentTwo/Dockerfile",
            "monitors": [],
            "discos": [],
            "cmd": "",
            "buses": [],
            "gates": [],
            "dbs": [],
            "from": "openjdk",
            "keywords": [],
            "servers": []
        },
        {
            "langs": [],
            "cmd_keywords": [],
            "from_full": "openjdk:latest",
            "path": "/eurekaserver/Dockerfile",
            "monitors": [],
            "discos": [],
            "cmd": "",
            "buses": [],
            "gates": [],
            "dbs": [],
            "from": "openjdk",
            "keywords": [],
            "servers": []
        }
    ],
    "dbs": [
        "mysql",
        "mongo"
    ],
    "num_langs": 1,
    "num_servers": 1,
    "avg_size_service": 71.75,
    "structure": {
        "detected_dbs": {
            "num": 2,
            "shared_dbs": false,
            "names": [
                "mongo"
            ],
            "services": [
                "mongo",
                "spring"
            ]
        },
        "num_services": 5,
        "path": "/docker-compose.yml",
        "services": [
            {
                "discos": [
                    "eureka"
                ],
                "image_full": "eureka-docker",
                "name": "eureka",
                "image": "eureka-docker",
                "buses": [],
                "gates": [],
                "depends_on": [
                    "config"
                ],
                "monitors": [],
                "servers": [],
                "dbs": []
            },
            {
                "discos": [],
                "image_full": "mongo:latest",
                "name": "mongo",
                "image": "mongo",
                "buses": [],
                "gates": [],
                "depends_on": [],
                "monitors": [],
                "servers": [],
                "dbs": [
                    "mongo"
                ]
            },
            {
                "discos": [],
                "image_full": "config-docker",
                "name": "config",
                "image": "config-docker",
                "buses": [],
                "gates": [],
                "depends_on": [],
                "monitors": [],
                "servers": [],
                "dbs": []
            },
            {
                "discos": [],
                "image_full": "zuul-docker",
                "name": "zuul",
                "image": "zuul-docker",
                "buses": [],
                "gates": [
                    "zuul"
                ],
                "depends_on": [
                    "config",
                    "eureka"
                ],
                "monitors": [],
                "servers": [],
                "dbs": []
            },
            {
                "discos": [],
                "image_full": "spring-mongo",
                "name": "spring",
                "image": "spring-mongo",
                "buses": [],
                "gates": [],
                "depends_on": [
                    "mongo",
                    "eureka",
                    "config"
                ],
                "monitors": [],
                "servers": [
                    "spring"
                ],
                "dbs": [
                    "mongo"
                ]
            }
        ]
    },
    "images": [
        "openjdk"
    ],
    "size": 287,
    "servers": [
        "spring"
    ],
    "languages": [
        "java"
    ],
    "langs": [
        "java"
    ],
    "commiters": 1,
    "shared_dbs": false,
    "num_buses": 0,
    "num_services": 5,
    "monitors": [],
    "num_dockers": 4,
    "url": "git://github.com/umeshdhakedCGI/microServicesDockerCompose.git",
    "name": "umeshdhakedCGI/microServicesDockerCompose",
    "buses": [],
    "gates": [
        "zuul"
    ],
    "files": [
        {
            "discos": [
                "eureka"
            ],
            "buses": [],
            "gates": [
                "zuul"
            ],
            "monitors": [],
            "path": "/netflixzuul/pom.xml",
            "servers": [
                "spring"
            ],
            "dbs": []
        },
        {
            "discos": [],
            "buses": [],
            "gates": [],
            "monitors": [],
            "path": "/configserver/pom.xml",
            "servers": [
                "spring"
            ],
            "dbs": []
        },
        {
            "discos": [
                "eureka"
            ],
            "buses": [],
            "gates": [],
            "monitors": [],
            "path": "/DockerSpringBootAssignmentTwo/pom.xml",
            "servers": [
                "spring"
            ],
            "dbs": [
                "mysql",
                "mongodb"
            ]
        },
        {
            "discos": [
                "eureka"
            ],
            "buses": [],
            "gates": [],
            "monitors": [],
            "path": "/eurekaserver/pom.xml",
            "servers": [
                "spring"
            ],
            "dbs": []
        }
    ],
    "num_discos": 1,
    "num_files": 9
}