{
    "monitors": [],
    "servers": [
        "express",
        "node"
    ],
    "num_discos": 0,
    "discos": [],
    "shared_dbs": true,
    "name": "UNArqui17i-B/API-gateway",
    "gates": [
        "gateway"
    ],
    "buses": [],
    "images": [
        "klaemo/couchdb",
        "node"
    ],
    "avg_size_service": 28.666666666666668,
    "langs": [
        "raml",
        "javascript"
    ],
    "dockers": [
        {
            "keywords": [
                "production",
                "npm",
                "install"
            ],
            "cmd_keywords": [
                "npm",
                "start"
            ],
            "monitors": [],
            "langs": [],
            "servers": [
                "node"
            ],
            "dbs": [],
            "from_full": "node:7.6-slim",
            "from": "node",
            "cmd": "npm start",
            "discos": [],
            "buses": [],
            "gates": [],
            "path": "/Dockerfile"
        },
        {
            "keywords": [],
            "cmd_keywords": [],
            "monitors": [],
            "langs": [],
            "servers": [],
            "dbs": [
                "couchdb"
            ],
            "from_full": "klaemo/couchdb:2.0-single",
            "from": "klaemo/couchdb",
            "cmd": "",
            "discos": [],
            "buses": [],
            "gates": [],
            "path": "/files_db/Dockerfile"
        },
        {
            "keywords": [],
            "cmd_keywords": [],
            "monitors": [],
            "langs": [],
            "servers": [],
            "dbs": [
                "couchdb"
            ],
            "from_full": "klaemo/couchdb:2.0-single",
            "from": "klaemo/couchdb",
            "cmd": "",
            "discos": [],
            "buses": [],
            "gates": [],
            "path": "/users_db/Dockerfile"
        }
    ],
    "structure": {
        "detected_dbs": {
            "num": 1,
            "services": [
                "couch_db"
            ],
            "names": [
                "couchdb"
            ],
            "shared_dbs": true
        },
        "services": [
            {
                "gates": [],
                "image_full": "blinkbox/notification",
                "monitors": [],
                "name": "notification_ms",
                "discos": [],
                "servers": [],
                "buses": [],
                "dbs": [],
                "depends_on": [],
                "image": "blinkbox/notification"
            },
            {
                "gates": [],
                "image_full": "blinkbox/fileaccess",
                "monitors": [],
                "name": "file_access_ms",
                "discos": [],
                "servers": [],
                "buses": [],
                "dbs": [],
                "depends_on": [
                    "couch_db"
                ],
                "image": "blinkbox/fileaccess"
            },
            {
                "gates": [],
                "image_full": "blinkbox/upload",
                "monitors": [],
                "name": "upload_ms",
                "discos": [],
                "servers": [],
                "buses": [],
                "dbs": [],
                "depends_on": [
                    "couch_db"
                ],
                "image": "blinkbox/upload"
            },
            {
                "gates": [],
                "image_full": ".",
                "monitors": [],
                "name": "api_gateway",
                "discos": [],
                "servers": [],
                "buses": [],
                "dbs": [],
                "depends_on": [
                    "user_ms",
                    "auth_ms",
                    "notification_ms",
                    "update_ms",
                    "delete_ms",
                    "upload_ms",
                    "file_access_ms"
                ],
                "image": "."
            },
            {
                "gates": [],
                "image_full": "blinkbox/authentication",
                "monitors": [],
                "name": "auth_ms",
                "discos": [],
                "servers": [],
                "buses": [],
                "dbs": [],
                "depends_on": [
                    "couch_db"
                ],
                "image": "blinkbox/authentication"
            },
            {
                "gates": [],
                "image_full": "blinkbox/user-crud",
                "monitors": [],
                "name": "user_ms",
                "discos": [],
                "servers": [],
                "buses": [],
                "dbs": [],
                "depends_on": [
                    "couch_db"
                ],
                "image": "blinkbox/user-crud"
            },
            {
                "gates": [],
                "image_full": "klaemo/couchdb:2.0-single",
                "monitors": [],
                "name": "couch_db",
                "discos": [],
                "servers": [],
                "buses": [],
                "dbs": [
                    "couchdb"
                ],
                "depends_on": [],
                "image": "klaemo/couchdb"
            },
            {
                "gates": [],
                "image_full": "blinkbox/delete",
                "monitors": [],
                "name": "delete_ms",
                "discos": [],
                "servers": [],
                "buses": [],
                "dbs": [],
                "depends_on": [
                    "couch_db"
                ],
                "image": "blinkbox/delete"
            },
            {
                "gates": [],
                "image_full": "blinkbox/update",
                "monitors": [],
                "name": "update_ms",
                "discos": [],
                "servers": [],
                "buses": [],
                "dbs": [],
                "depends_on": [
                    "couch_db"
                ],
                "image": "blinkbox/update"
            }
        ],
        "path": "/docker-compose.yml",
        "num_services": 9
    },
    "commiters": 4,
    "num_monitors": 0,
    "num_servers": 2,
    "num_dbs": 1,
    "num_buses": 0,
    "num_langs": 2,
    "dbs": [
        "db"
    ],
    "num_gates": 1,
    "num_files": 5,
    "num_services": 9,
    "size": 86,
    "languages": [
        "javascript",
        "raml"
    ],
    "url": "git://github.com/UNArqui17i-B/API-gateway.git",
    "num_dockers": 3,
    "files": [
        {
            "monitors": [],
            "discos": [],
            "servers": [
                "express",
                "node"
            ],
            "path": "/package.json",
            "gates": [
                "gateway"
            ],
            "buses": [],
            "dbs": []
        }
    ]
}