{
    "files": [
        {
            "gates": [],
            "discos": [],
            "servers": [
                "spring"
            ],
            "monitors": [
                "jaeger"
            ],
            "buses": [],
            "dbs": [],
            "path": "/ecommerce-gke-app/order-service/pom.xml"
        },
        {
            "gates": [],
            "discos": [],
            "servers": [
                "spring"
            ],
            "monitors": [
                "jaeger"
            ],
            "buses": [],
            "dbs": [
                "mysql"
            ],
            "path": "/ecommerce-gke-app/user-service/pom.xml"
        },
        {
            "gates": [],
            "discos": [],
            "servers": [
                "spring"
            ],
            "monitors": [
                "jaeger"
            ],
            "buses": [],
            "dbs": [],
            "path": "/ecommerce-gke-app/aggregator-service/pom.xml"
        },
        {
            "gates": [],
            "discos": [],
            "servers": [
                "spring"
            ],
            "monitors": [],
            "buses": [],
            "dbs": [],
            "path": "/ecommerce-gke-app/aggregator-service/bin/pom.xml"
        }
    ],
    "num_services": 0,
    "languages": [
        "java"
    ],
    "shared_dbs": false,
    "num_discos": 0,
    "num_dbs": 1,
    "gates": [],
    "num_files": 8,
    "num_langs": 1,
    "avg_size_service": 111.0,
    "num_monitors": 1,
    "dockers": [
        {
            "cmd": "",
            "from": "java",
            "from_full": "java:8",
            "servers": [],
            "buses": [],
            "dbs": [],
            "path": "/ecommerce-gke-app/order-service/Dockerfile",
            "gates": [],
            "discos": [],
            "keywords": [],
            "cmd_keywords": [],
            "langs": [
                "java"
            ],
            "monitors": []
        },
        {
            "cmd": "",
            "from": "java",
            "from_full": "java:8",
            "servers": [],
            "buses": [],
            "dbs": [],
            "path": "/ecommerce-gke-app/user-service/Dockerfile",
            "gates": [],
            "discos": [],
            "keywords": [],
            "cmd_keywords": [],
            "langs": [
                "java"
            ],
            "monitors": []
        },
        {
            "cmd": "",
            "from": "java",
            "from_full": "java:8",
            "servers": [],
            "buses": [],
            "dbs": [],
            "path": "/ecommerce-gke-app/aggregator-service/Dockerfile",
            "gates": [],
            "discos": [],
            "keywords": [],
            "cmd_keywords": [],
            "langs": [
                "java"
            ],
            "monitors": []
        }
    ],
    "size": 333,
    "langs": [
        "java"
    ],
    "num_buses": 0,
    "images": [
        "java"
    ],
    "servers": [
        "spring"
    ],
    "commiters": 3,
    "buses": [],
    "dbs": [
        "mysql"
    ],
    "name": "veerpalk/NAGP-MicroservicesAdvance-GKE-",
    "discos": [],
    "url": "git://github.com/veerpalk/NAGP-MicroservicesAdvance-GKE-.git",
    "num_servers": 1,
    "monitors": [
        "jaeger"
    ],
    "num_gates": 0,
    "structure": {
        "detected_dbs": {
            "names": [],
            "services": [],
            "num": 0,
            "shared_dbs": false
        },
        "services": [],
        "num_services": 0,
        "path": []
    },
    "num_dockers": 3
}