{
    "files": [],
    "num_services": 7,
    "languages": [
        "c#",
        "tsql",
        "html"
    ],
    "shared_dbs": false,
    "num_discos": 0,
    "num_dbs": 1,
    "gates": [],
    "num_files": 2,
    "num_langs": 4,
    "avg_size_service": 2431.0,
    "num_monitors": 0,
    "dockers": [
        {
            "cmd": "/bin/bash ./entrypoint.sh",
            "from": "microsoft/mssql-server-linux",
            "from_full": "microsoft/mssql-server-linux:2017-latest",
            "servers": [],
            "buses": [],
            "dbs": [],
            "path": "/Database/Dockerfile",
            "gates": [],
            "discos": [],
            "keywords": [
                "chmod",
                "sqlcmdstartup"
            ],
            "cmd_keywords": [
                "bash",
                "bin",
                "entrypoint"
            ],
            "langs": [
                "bash"
            ],
            "monitors": []
        }
    ],
    "size": 2431,
    "langs": [
        "html",
        "bash",
        "tsql",
        "c#"
    ],
    "num_buses": 1,
    "images": [
        "microsoft/mssql-server-linux"
    ],
    "servers": [],
    "commiters": 4,
    "buses": [
        "rabbitmq"
    ],
    "dbs": [
        "redis"
    ],
    "name": "venkatschinthakindi/ASPNETCoreDockerMicroservices",
    "discos": [],
    "url": "git://github.com/venkatschinthakindi/ASPNETCoreDockerMicroservices.git",
    "num_servers": 0,
    "monitors": [],
    "num_gates": 0,
    "structure": {
        "detected_dbs": {
            "names": [
                "redis"
            ],
            "services": [
                "user.data"
            ],
            "num": 1,
            "shared_dbs": false
        },
        "services": [
            {
                "gates": [],
                "buses": [],
                "discos": [],
                "image": "mssql-linux",
                "monitors": [],
                "servers": [],
                "image_full": "mssql-linux",
                "dbs": [],
                "name": "sql.data",
                "depends_on": []
            },
            {
                "gates": [],
                "buses": [],
                "discos": [],
                "image": "web",
                "monitors": [],
                "servers": [],
                "image_full": "web",
                "dbs": [],
                "name": "webmvc",
                "depends_on": [
                    "applicants.api",
                    "identity.api",
                    "jobs.api"
                ]
            },
            {
                "gates": [],
                "buses": [],
                "discos": [],
                "image": "applicants.api",
                "monitors": [],
                "servers": [],
                "image_full": "applicants.api",
                "dbs": [],
                "name": "applicants.api",
                "depends_on": [
                    "sql.data",
                    "rabbitmq"
                ]
            },
            {
                "gates": [],
                "buses": [],
                "discos": [],
                "image": "identity.api",
                "monitors": [],
                "servers": [],
                "image_full": "identity.api",
                "dbs": [],
                "name": "identity.api",
                "depends_on": [
                    "user.data"
                ]
            },
            {
                "gates": [],
                "buses": [],
                "discos": [],
                "image": "jobs.api",
                "monitors": [],
                "servers": [],
                "image_full": "jobs.api",
                "dbs": [],
                "name": "jobs.api",
                "depends_on": [
                    "sql.data",
                    "rabbitmq"
                ]
            },
            {
                "gates": [],
                "buses": [
                    "rabbitmq"
                ],
                "discos": [],
                "image": "rabbitmq",
                "monitors": [],
                "servers": [],
                "image_full": "rabbitmq:3-management",
                "dbs": [],
                "name": "rabbitmq",
                "depends_on": []
            },
            {
                "gates": [],
                "buses": [],
                "discos": [],
                "image": "redis",
                "monitors": [],
                "servers": [],
                "image_full": "redis",
                "dbs": [
                    "redis"
                ],
                "name": "user.data",
                "depends_on": []
            }
        ],
        "num_services": 7,
        "path": "/docker-compose.yml"
    },
    "num_dockers": 1
}