{
    "num_dbs": 0,
    "langs": [],
    "gates": [],
    "num_servers": 1,
    "num_dockers": 0,
    "num_buses": 0,
    "num_files": 2,
    "num_discos": 0,
    "num_services": 0,
    "dbs": [],
    "servers": [
        "node"
    ],
    "num_langs": 0,
    "structure": {
        "detected_dbs": {
            "num": 0,
            "shared_dbs": false,
            "services": [],
            "names": []
        },
        "services": [],
        "num_services": 0,
        "path": []
    },
    "commiters": 2,
    "languages": [],
    "files": [
        {
            "path": "/package.json",
            "dbs": [],
            "servers": [
                "node"
            ],
            "buses": [],
            "monitors": [],
            "discos": [],
            "gates": []
        }
    ],
    "shared_dbs": false,
    "monitors": [],
    "discos": [],
    "dockers": [],
    "num_monitors": 0,
    "images": [],
    "avg_size_service": 5.0,
    "num_gates": 0,
    "size": 5,
    "buses": [],
    "url": "git://github.com/vicky002/nodejs-ts-docker-microservice-generator.git",
    "name": "vicky002/nodejs-ts-docker-microservice-generator"
}