{
    "num_files": 41,
    "dbs": [
        "cassandra",
        "redis",
        "zookeeper",
        "mongo",
        "mysql",
        "neo4j"
    ],
    "structure": {
        "services": [
            {
                "depends_on": [],
                "servers": [],
                "dbs": [
                    "cassandra"
                ],
                "buses": [],
                "monitors": [],
                "name": "cassandra",
                "gates": [],
                "image_full": "cassandra:latest",
                "discos": [],
                "image": "cassandra"
            },
            {
                "depends_on": [
                    "mongo",
                    "eureka-server",
                    "config-server",
                    "kafka",
                    "splunkforwarder"
                ],
                "servers": [],
                "dbs": [],
                "buses": [],
                "monitors": [],
                "name": "google-search",
                "gates": [],
                "image_full": "google-search",
                "discos": [],
                "image": "google-search"
            },
            {
                "depends_on": [],
                "servers": [],
                "dbs": [],
                "buses": [],
                "monitors": [
                    "prometheus"
                ],
                "name": "prometheus",
                "gates": [],
                "image_full": "prom/prometheus",
                "discos": [],
                "image": "prom/prometheus"
            },
            {
                "depends_on": [
                    "kafka",
                    "config-server",
                    "eureka-server",
                    "splunkforwarder"
                ],
                "servers": [],
                "dbs": [],
                "buses": [],
                "monitors": [],
                "name": "notification-service",
                "gates": [],
                "image_full": "notification-service",
                "discos": [],
                "image": "notification-service"
            },
            {
                "depends_on": [
                    "redis",
                    "kafka",
                    "splunkforwarder"
                ],
                "servers": [
                    "spring"
                ],
                "dbs": [
                    "redis"
                ],
                "buses": [],
                "monitors": [],
                "name": "redis-spring",
                "gates": [],
                "image_full": "redis-spring:1.0.0",
                "discos": [],
                "image": "redis-spring"
            },
            {
                "depends_on": [],
                "servers": [],
                "dbs": [],
                "buses": [],
                "monitors": [],
                "name": "neo4j-apoc",
                "gates": [],
                "image_full": "neo4j-apoc:1.0.0",
                "discos": [],
                "image": "neo4j-apoc"
            },
            {
                "depends_on": [
                    "eureka-server",
                    "config-server",
                    "kafka",
                    "splunkforwarder"
                ],
                "servers": [],
                "dbs": [],
                "buses": [],
                "monitors": [],
                "name": "queryservice",
                "gates": [],
                "image_full": "queryservice",
                "discos": [],
                "image": "queryservice"
            },
            {
                "depends_on": [
                    "neo4j-apoc",
                    "kafka",
                    "eureka-server",
                    "config-server",
                    "splunkforwarder"
                ],
                "servers": [],
                "dbs": [],
                "buses": [],
                "monitors": [],
                "name": "data-populator",
                "gates": [],
                "image_full": "data-populator:1.0.0",
                "discos": [],
                "image": "data-populator"
            },
            {
                "depends_on": [
                    "zookeeper"
                ],
                "servers": [],
                "dbs": [],
                "buses": [
                    "kafka"
                ],
                "monitors": [],
                "name": "kafka",
                "gates": [],
                "image_full": "wurstmeister/kafka:latest",
                "discos": [],
                "image": "wurstmeister/kafka"
            },
            {
                "depends_on": [],
                "servers": [],
                "dbs": [
                    "mongo"
                ],
                "buses": [],
                "monitors": [],
                "name": "mongo",
                "gates": [],
                "image_full": "mongo",
                "discos": [],
                "image": "mongo"
            },
            {
                "depends_on": [
                    "config-server",
                    "eureka-server"
                ],
                "servers": [],
                "dbs": [],
                "buses": [],
                "monitors": [],
                "name": "api-gateway",
                "gates": [
                    "gateway"
                ],
                "image_full": "api-gateway/",
                "discos": [],
                "image": "api-gateway/"
            },
            {
                "depends_on": [
                    "mongo"
                ],
                "servers": [
                    "express"
                ],
                "dbs": [
                    "mongo"
                ],
                "buses": [],
                "monitors": [],
                "name": "mongo-express",
                "gates": [],
                "image_full": "mongo-express",
                "discos": [],
                "image": "mongo-express"
            },
            {
                "depends_on": [],
                "servers": [],
                "dbs": [
                    "mysql"
                ],
                "buses": [],
                "monitors": [],
                "name": "mysql",
                "gates": [],
                "image_full": "mysql:5.7",
                "discos": [],
                "image": "mysql"
            },
            {
                "depends_on": [],
                "servers": [],
                "dbs": [
                    "zookeeper"
                ],
                "buses": [],
                "monitors": [],
                "name": "zookeeper",
                "gates": [],
                "image_full": "wurstmeister/zookeeper",
                "discos": [
                    "zookeeper"
                ],
                "image": "wurstmeister/zookeeper"
            },
            {
                "depends_on": [],
                "servers": [],
                "dbs": [
                    "redis"
                ],
                "buses": [],
                "monitors": [],
                "name": "redis",
                "gates": [],
                "image_full": "redis",
                "discos": [],
                "image": "redis"
            },
            {
                "depends_on": [
                    "mysql",
                    "config-server",
                    "eureka-server",
                    "splunkforwarder"
                ],
                "servers": [],
                "dbs": [],
                "buses": [],
                "monitors": [],
                "name": "user",
                "gates": [],
                "image_full": "user-service",
                "discos": [],
                "image": "user-service"
            },
            {
                "depends_on": [],
                "servers": [],
                "dbs": [],
                "buses": [],
                "monitors": [],
                "name": "frontend",
                "gates": [],
                "image_full": "angular-image:1.0.0",
                "discos": [],
                "image": "angular-image"
            },
            {
                "depends_on": [
                    "kafka",
                    "config-server",
                    "eureka-server",
                    "splunkforwarder"
                ],
                "servers": [],
                "dbs": [],
                "buses": [],
                "monitors": [],
                "name": "wikiScrapperMovie-service",
                "gates": [],
                "image_full": "wikiscrappermovie-service",
                "discos": [],
                "image": "wikiscrappermovie-service"
            },
            {
                "depends_on": [],
                "servers": [],
                "dbs": [],
                "buses": [],
                "monitors": [],
                "name": "eureka-server",
                "gates": [],
                "image_full": "eureka-server/",
                "discos": [
                    "eureka"
                ],
                "image": "eureka-server/"
            },
            {
                "depends_on": [],
                "servers": [],
                "dbs": [],
                "buses": [],
                "monitors": [],
                "name": "config-server",
                "gates": [],
                "image_full": "config-server/",
                "discos": [],
                "image": "config-server/"
            },
            {
                "depends_on": [
                    "cassandra",
                    "eureka-server",
                    "config-server",
                    "splunkforwarder"
                ],
                "servers": [],
                "dbs": [],
                "buses": [],
                "monitors": [],
                "name": "analytics",
                "gates": [],
                "image_full": "analytics-service",
                "discos": [],
                "image": "analytics-service"
            },
            {
                "depends_on": [
                    "neo4j-apoc",
                    "kafka",
                    "config-server",
                    "eureka-server",
                    "splunkforwarder"
                ],
                "servers": [],
                "dbs": [],
                "buses": [],
                "monitors": [],
                "name": "result-fetcher",
                "gates": [],
                "image_full": "result-fetcher:1.0.0",
                "discos": [],
                "image": "result-fetcher"
            },
            {
                "depends_on": [
                    "mongo",
                    "eureka-server",
                    "config-server",
                    "kafka",
                    "splunkforwarder"
                ],
                "servers": [],
                "dbs": [],
                "buses": [],
                "monitors": [],
                "name": "nlp-microservice",
                "gates": [],
                "image_full": "nlp-microservice",
                "discos": [],
                "image": "nlp-microservice"
            },
            {
                "depends_on": [
                    "prometheus"
                ],
                "servers": [],
                "dbs": [],
                "buses": [],
                "monitors": [
                    "grafana"
                ],
                "name": "grafana",
                "gates": [],
                "image_full": "grafana/grafana",
                "discos": [],
                "image": "grafana/grafana"
            },
            {
                "depends_on": [
                    "splunk"
                ],
                "servers": [],
                "dbs": [],
                "buses": [],
                "monitors": [],
                "name": "splunkforwarder",
                "gates": [],
                "image_full": "splunk/universalforwarder:7.0.3",
                "discos": [],
                "image": "splunk/universalforwarder"
            },
            {
                "depends_on": [],
                "servers": [],
                "dbs": [],
                "buses": [],
                "monitors": [],
                "name": "portainer",
                "gates": [],
                "image_full": "portainer/portainer",
                "discos": [],
                "image": "portainer/portainer"
            },
            {
                "depends_on": [
                    "kafka",
                    "config-server",
                    "eureka-server",
                    "splunkforwarder"
                ],
                "servers": [],
                "dbs": [],
                "buses": [],
                "monitors": [],
                "name": "quartz-scheduler",
                "gates": [],
                "image_full": "quartz-scheduler",
                "discos": [],
                "image": "quartz-scheduler"
            },
            {
                "depends_on": [
                    "kafka",
                    "config-server",
                    "eureka-server",
                    "splunkforwarder"
                ],
                "servers": [],
                "dbs": [],
                "buses": [],
                "monitors": [],
                "name": "webcrawler-service",
                "gates": [],
                "image_full": "webcrawler-service",
                "discos": [],
                "image": "webcrawler-service"
            },
            {
                "depends_on": [
                    "kafka",
                    "config-server",
                    "eureka-server",
                    "splunkforwarder"
                ],
                "servers": [],
                "dbs": [],
                "buses": [],
                "monitors": [],
                "name": "wikiScrapperMedical-service",
                "gates": [],
                "image_full": "wikiscrappermedical-service",
                "discos": [],
                "image": "wikiscrappermedical-service"
            },
            {
                "depends_on": [],
                "servers": [],
                "dbs": [],
                "buses": [],
                "monitors": [],
                "name": "splunk",
                "gates": [],
                "image_full": "splunk/splunk",
                "discos": [],
                "image": "splunk/splunk"
            }
        ],
        "path": "/docker-compose.yml",
        "detected_dbs": {
            "names": [
                "cassandra",
                "mysql",
                "mongo",
                "redis",
                "zookeeper"
            ],
            "num": 7,
            "shared_dbs": true,
            "services": [
                "cassandra",
                "redis-spring",
                "mongo",
                "mongo-express",
                "mysql",
                "zookeeper",
                "redis"
            ]
        },
        "num_services": 30
    },
    "commiters": 1,
    "num_services": 30,
    "num_buses": 1,
    "images": [
        "nginx",
        "adoptopenjdk/openjdk11-openj9",
        "neo4j",
        "openjdk"
    ],
    "url": "git://github.com/vinodkalamati/knowablyFinal.git",
    "num_langs": 3,
    "num_monitors": 2,
    "num_dockers": 19,
    "name": "vinodkalamati/knowablyFinal",
    "size": 63610,
    "num_dbs": 6,
    "avg_size_service": 3347.8947368421054,
    "num_gates": 2,
    "num_discos": 2,
    "dockers": [
        {
            "dbs": [],
            "path": "/quartz-scheduler/Dockerfile",
            "from": "adoptopenjdk/openjdk11-openj9",
            "discos": [],
            "from_full": "adoptopenjdk/openjdk11-openj9:alpine-jre",
            "servers": [],
            "cmd_keywords": [],
            "buses": [],
            "cmd": "",
            "langs": [],
            "gates": [],
            "monitors": [],
            "keywords": []
        },
        {
            "dbs": [],
            "path": "/analytics-service/Dockerfile",
            "from": "openjdk",
            "discos": [],
            "from_full": "openjdk:11",
            "servers": [],
            "cmd_keywords": [],
            "buses": [],
            "cmd": "",
            "langs": [],
            "gates": [],
            "monitors": [],
            "keywords": []
        },
        {
            "dbs": [],
            "path": "/api-gateway/Dockerfile",
            "from": "adoptopenjdk/openjdk11-openj9",
            "discos": [],
            "from_full": "adoptopenjdk/openjdk11-openj9:alpine-jre",
            "servers": [],
            "cmd_keywords": [],
            "buses": [],
            "cmd": "",
            "langs": [],
            "gates": [],
            "monitors": [],
            "keywords": []
        },
        {
            "dbs": [],
            "path": "/queryservice/Dockerfile",
            "from": "openjdk",
            "discos": [],
            "from_full": "openjdk:11",
            "servers": [],
            "cmd_keywords": [],
            "buses": [],
            "cmd": "",
            "langs": [],
            "gates": [],
            "monitors": [],
            "keywords": []
        },
        {
            "dbs": [],
            "path": "/eureka-server/Dockerfile",
            "from": "adoptopenjdk/openjdk11-openj9",
            "discos": [],
            "from_full": "adoptopenjdk/openjdk11-openj9:alpine-jre",
            "servers": [],
            "cmd_keywords": [],
            "buses": [],
            "cmd": "",
            "langs": [],
            "gates": [],
            "monitors": [],
            "keywords": []
        },
        {
            "dbs": [],
            "path": "/track-service/Dockerfile",
            "from": "openjdk",
            "discos": [],
            "from_full": "openjdk:11",
            "servers": [],
            "cmd_keywords": [],
            "buses": [],
            "cmd": "",
            "langs": [],
            "gates": [],
            "monitors": [],
            "keywords": []
        },
        {
            "dbs": [],
            "path": "/user-service/Dockerfile",
            "from": "adoptopenjdk/openjdk11-openj9",
            "discos": [],
            "from_full": "adoptopenjdk/openjdk11-openj9:alpine-jre",
            "servers": [],
            "cmd_keywords": [],
            "buses": [],
            "cmd": "",
            "langs": [],
            "gates": [],
            "monitors": [],
            "keywords": []
        },
        {
            "dbs": [],
            "path": "/data-populator-service/Dockerfile",
            "from": "adoptopenjdk/openjdk11-openj9",
            "discos": [],
            "from_full": "adoptopenjdk/openjdk11-openj9:alpine-jre",
            "servers": [],
            "cmd_keywords": [],
            "buses": [],
            "cmd": "",
            "langs": [],
            "gates": [],
            "monitors": [],
            "keywords": []
        },
        {
            "dbs": [],
            "path": "/web-crawler-service/Dockerfile",
            "from": "openjdk",
            "discos": [],
            "from_full": "openjdk:11",
            "servers": [],
            "cmd_keywords": [],
            "buses": [],
            "cmd": "",
            "langs": [],
            "gates": [],
            "monitors": [],
            "keywords": []
        },
        {
            "dbs": [],
            "path": "/result-fetcher/Dockerfile",
            "from": "adoptopenjdk/openjdk11-openj9",
            "discos": [],
            "from_full": "adoptopenjdk/openjdk11-openj9:alpine-jre",
            "servers": [],
            "cmd_keywords": [],
            "buses": [],
            "cmd": "",
            "langs": [],
            "gates": [],
            "monitors": [],
            "keywords": []
        },
        {
            "dbs": [],
            "path": "/wiki-scrapper-medical-service/Dockerfile",
            "from": "adoptopenjdk/openjdk11-openj9",
            "discos": [],
            "from_full": "adoptopenjdk/openjdk11-openj9:alpine-jre",
            "servers": [],
            "cmd_keywords": [],
            "buses": [],
            "cmd": "",
            "langs": [],
            "gates": [],
            "monitors": [],
            "keywords": []
        },
        {
            "dbs": [],
            "path": "/wiki-scrapper-movie-service/Dockerfile",
            "from": "openjdk",
            "discos": [],
            "from_full": "openjdk:11",
            "servers": [],
            "cmd_keywords": [],
            "buses": [],
            "cmd": "",
            "langs": [],
            "gates": [],
            "monitors": [],
            "keywords": []
        },
        {
            "dbs": [],
            "path": "/notification-service/Dockerfile",
            "from": "adoptopenjdk/openjdk11-openj9",
            "discos": [],
            "from_full": "adoptopenjdk/openjdk11-openj9:alpine-jre",
            "servers": [],
            "cmd_keywords": [],
            "buses": [],
            "cmd": "",
            "langs": [],
            "gates": [],
            "monitors": [],
            "keywords": []
        },
        {
            "dbs": [],
            "path": "/config-server/Dockerfile",
            "from": "adoptopenjdk/openjdk11-openj9",
            "discos": [],
            "from_full": "adoptopenjdk/openjdk11-openj9:alpine-jre",
            "servers": [],
            "cmd_keywords": [],
            "buses": [],
            "cmd": "",
            "langs": [],
            "gates": [],
            "monitors": [],
            "keywords": []
        },
        {
            "dbs": [],
            "path": "/redis-service/Dockerfile",
            "from": "adoptopenjdk/openjdk11-openj9",
            "discos": [],
            "from_full": "adoptopenjdk/openjdk11-openj9:alpine-jre",
            "servers": [],
            "cmd_keywords": [],
            "buses": [],
            "cmd": "",
            "langs": [],
            "gates": [],
            "monitors": [],
            "keywords": []
        },
        {
            "dbs": [
                "neo4j"
            ],
            "path": "/neo4j-apoc-service/Dockerfile",
            "from": "neo4j",
            "discos": [],
            "from_full": "neo4j:3.4.4",
            "servers": [],
            "cmd_keywords": [
                "neo"
            ],
            "buses": [],
            "cmd": "neo4j",
            "langs": [],
            "gates": [],
            "monitors": [],
            "keywords": [
                "apoc",
                "version",
                "jar",
                "all",
                "uri"
            ]
        },
        {
            "dbs": [],
            "path": "/nlp-microservice/Dockerfile",
            "from": "adoptopenjdk/openjdk11-openj9",
            "discos": [],
            "from_full": "adoptopenjdk/openjdk11-openj9:alpine-jre",
            "servers": [],
            "cmd_keywords": [],
            "buses": [],
            "cmd": "",
            "langs": [],
            "gates": [],
            "monitors": [],
            "keywords": []
        },
        {
            "dbs": [],
            "path": "/google-search-api-service/Dockerfile",
            "from": "adoptopenjdk/openjdk11-openj9",
            "discos": [],
            "from_full": "adoptopenjdk/openjdk11-openj9:alpine-jre",
            "servers": [],
            "cmd_keywords": [],
            "buses": [],
            "cmd": "",
            "langs": [],
            "gates": [],
            "monitors": [],
            "keywords": []
        },
        {
            "dbs": [],
            "path": "/frontend/Dockerfile",
            "from": "nginx",
            "discos": [],
            "from_full": "nginx:stable-alpine",
            "servers": [],
            "cmd_keywords": [],
            "buses": [],
            "cmd": "",
            "langs": [],
            "gates": [
                "nginx"
            ],
            "monitors": [],
            "keywords": []
        }
    ],
    "languages": [
        "java",
        "javascript",
        "css"
    ],
    "gates": [
        "nginx",
        "zuul"
    ],
    "discos": [
        "zookeeper",
        "eureka"
    ],
    "servers": [
        "node",
        "spring",
        "express"
    ],
    "buses": [
        "kafka"
    ],
    "monitors": [
        "grafana",
        "prometheus"
    ],
    "langs": [
        "javascript",
        "java",
        "css"
    ],
    "shared_dbs": true,
    "num_servers": 3,
    "files": [
        {
            "servers": [
                "spring"
            ],
            "dbs": [
                "redis"
            ],
            "buses": [],
            "monitors": [
                "prometheus"
            ],
            "gates": [
                "gateway"
            ],
            "path": "/pom.xml",
            "discos": [
                "eureka"
            ]
        },
        {
            "servers": [
                "spring"
            ],
            "dbs": [],
            "buses": [
                "kafka"
            ],
            "monitors": [],
            "gates": [],
            "path": "/quartz-scheduler/pom.xml",
            "discos": [
                "eureka"
            ]
        },
        {
            "servers": [
                "spring"
            ],
            "dbs": [
                "cassandra"
            ],
            "buses": [],
            "monitors": [],
            "gates": [],
            "path": "/analytics-service/pom.xml",
            "discos": [
                "eureka"
            ]
        },
        {
            "servers": [
                "spring"
            ],
            "dbs": [],
            "buses": [],
            "monitors": [],
            "gates": [
                "zuul",
                "gateway"
            ],
            "path": "/api-gateway/pom.xml",
            "discos": [
                "eureka"
            ]
        },
        {
            "servers": [
                "spring"
            ],
            "dbs": [
                "mongodb"
            ],
            "buses": [
                "kafka"
            ],
            "monitors": [],
            "gates": [],
            "path": "/queryservice/pom.xml",
            "discos": []
        },
        {
            "servers": [
                "spring"
            ],
            "dbs": [],
            "buses": [],
            "monitors": [],
            "gates": [],
            "path": "/eureka-server/pom.xml",
            "discos": [
                "eureka"
            ]
        },
        {
            "servers": [
                "spring"
            ],
            "dbs": [
                "mongodb"
            ],
            "buses": [],
            "monitors": [],
            "gates": [],
            "path": "/track-service/pom.xml",
            "discos": []
        },
        {
            "servers": [
                "spring"
            ],
            "dbs": [
                "mysql"
            ],
            "buses": [],
            "monitors": [],
            "gates": [],
            "path": "/user-service/pom.xml",
            "discos": [
                "eureka"
            ]
        },
        {
            "servers": [
                "spring"
            ],
            "dbs": [],
            "buses": [
                "kafka"
            ],
            "monitors": [],
            "gates": [],
            "path": "/data-populator-service/pom.xml",
            "discos": [
                "eureka"
            ]
        },
        {
            "servers": [
                "spring"
            ],
            "dbs": [],
            "buses": [
                "kafka"
            ],
            "monitors": [],
            "gates": [],
            "path": "/web-crawler-service/pom.xml",
            "discos": [
                "eureka"
            ]
        },
        {
            "servers": [
                "spring"
            ],
            "dbs": [],
            "buses": [
                "kafka"
            ],
            "monitors": [],
            "gates": [],
            "path": "/result-fetcher/pom.xml",
            "discos": [
                "eureka"
            ]
        },
        {
            "servers": [
                "spring"
            ],
            "dbs": [],
            "buses": [
                "kafka"
            ],
            "monitors": [],
            "gates": [],
            "path": "/wiki-scrapper-medical-service/pom.xml",
            "discos": [
                "eureka"
            ]
        },
        {
            "servers": [
                "spring"
            ],
            "dbs": [],
            "buses": [
                "kafka"
            ],
            "monitors": [],
            "gates": [],
            "path": "/wiki-scrapper-movie-service/pom.xml",
            "discos": [
                "eureka"
            ]
        },
        {
            "servers": [
                "spring"
            ],
            "dbs": [],
            "buses": [
                "kafka"
            ],
            "monitors": [],
            "gates": [
                "zuul"
            ],
            "path": "/notification-service/pom.xml",
            "discos": [
                "eureka"
            ]
        },
        {
            "servers": [
                "spring"
            ],
            "dbs": [],
            "buses": [],
            "monitors": [],
            "gates": [],
            "path": "/config-server/pom.xml",
            "discos": []
        },
        {
            "servers": [
                "spring"
            ],
            "dbs": [
                "redis"
            ],
            "buses": [
                "kafka"
            ],
            "monitors": [],
            "gates": [],
            "path": "/redis-service/pom.xml",
            "discos": [
                "eureka"
            ]
        },
        {
            "servers": [],
            "dbs": [],
            "buses": [],
            "monitors": [],
            "gates": [],
            "path": "/neo4j-apoc-service/pom.xml",
            "discos": []
        },
        {
            "servers": [
                "spring"
            ],
            "dbs": [
                "mongodb",
                "mongo"
            ],
            "buses": [
                "kafka"
            ],
            "monitors": [],
            "gates": [],
            "path": "/nlp-microservice/pom.xml",
            "discos": [
                "eureka"
            ]
        },
        {
            "servers": [
                "spring"
            ],
            "dbs": [
                "mongodb"
            ],
            "buses": [
                "kafka"
            ],
            "monitors": [],
            "gates": [],
            "path": "/google-search-api-service/pom.xml",
            "discos": [
                "eureka"
            ]
        },
        {
            "servers": [
                "node"
            ],
            "dbs": [],
            "buses": [],
            "monitors": [],
            "gates": [],
            "path": "/frontend/package.json",
            "discos": []
        },
        {
            "servers": [
                "node"
            ],
            "dbs": [],
            "buses": [],
            "monitors": [],
            "gates": [],
            "path": "/frontend/src/assets/searchjs/vendor/fontawesome-free/package.json",
            "discos": []
        }
    ]
}