{
    "num_servers": 2,
    "num_monitors": 0,
    "commiters": 2,
    "num_discos": 1,
    "files": [
        {
            "buses": [],
            "dbs": [],
            "servers": [
                "spring"
            ],
            "monitors": [],
            "gates": [
                "zuul",
                "gateway"
            ],
            "discos": [
                "eureka"
            ],
            "path": "/zuul/pom.xml"
        },
        {
            "buses": [],
            "dbs": [],
            "servers": [
                "spring"
            ],
            "monitors": [],
            "gates": [],
            "discos": [
                "eureka"
            ],
            "path": "/report/pom.xml"
        },
        {
            "buses": [],
            "dbs": [],
            "servers": [
                "spring"
            ],
            "monitors": [],
            "gates": [],
            "discos": [],
            "path": "/spring-cloud-config/pom.xml"
        },
        {
            "buses": [],
            "dbs": [],
            "servers": [
                "spring"
            ],
            "monitors": [],
            "gates": [],
            "discos": [
                "eureka"
            ],
            "path": "/eureka/pom.xml"
        },
        {
            "buses": [],
            "dbs": [
                "postgresql"
            ],
            "servers": [
                "spring"
            ],
            "monitors": [],
            "gates": [],
            "discos": [
                "eureka"
            ],
            "path": "/faculty/pom.xml"
        },
        {
            "buses": [],
            "dbs": [],
            "servers": [
                "node"
            ],
            "monitors": [],
            "gates": [],
            "discos": [],
            "path": "/frontend/package.json"
        }
    ],
    "url": "git://github.com/vukmanovicmilos/web-app.git",
    "discos": [
        "eureka"
    ],
    "num_langs": 3,
    "langs": [
        "typescript",
        "html",
        "java"
    ],
    "num_services": 5,
    "shared_dbs": false,
    "images": [
        "openjdk"
    ],
    "avg_size_service": 649.6,
    "num_gates": 1,
    "num_buses": 0,
    "dbs": [
        "postgresql"
    ],
    "servers": [
        "node",
        "spring"
    ],
    "structure": {
        "services": [
            {
                "name": "faculty",
                "buses": [],
                "dbs": [],
                "servers": [],
                "image_full": "faculty:1.0",
                "gates": [],
                "discos": [],
                "depends_on": [
                    "spring-cloud-config",
                    "netflix-eureka"
                ],
                "image": "faculty",
                "monitors": []
            },
            {
                "name": "spring-cloud-config",
                "buses": [],
                "dbs": [],
                "servers": [
                    "spring"
                ],
                "image_full": "spring-cloud-config:1.0",
                "gates": [],
                "discos": [],
                "depends_on": [],
                "image": "spring-cloud-config",
                "monitors": []
            },
            {
                "name": "netflix-eureka",
                "buses": [],
                "dbs": [],
                "servers": [],
                "image_full": "eureka:1.0",
                "gates": [],
                "discos": [
                    "eureka"
                ],
                "depends_on": [
                    "spring-cloud-config"
                ],
                "image": "eureka",
                "monitors": []
            },
            {
                "name": "report",
                "buses": [],
                "dbs": [],
                "servers": [],
                "image_full": "report:1.0",
                "gates": [],
                "discos": [],
                "depends_on": [
                    "spring-cloud-config",
                    "netflix-eureka",
                    "faculty"
                ],
                "image": "report",
                "monitors": []
            },
            {
                "name": "zuul",
                "buses": [],
                "dbs": [],
                "servers": [],
                "image_full": "zuul:1.0",
                "gates": [
                    "zuul"
                ],
                "discos": [],
                "depends_on": [
                    "spring-cloud-config",
                    "netflix-eureka",
                    "faculty"
                ],
                "image": "zuul",
                "monitors": []
            }
        ],
        "num_services": 5,
        "detected_dbs": {
            "num": 0,
            "shared_dbs": false,
            "names": [],
            "services": []
        },
        "path": "/spring-cloud-config/docker-compose.yml"
    },
    "num_dockers": 5,
    "num_files": 12,
    "name": "vukmanovicmilos/web-app",
    "dockers": [
        {
            "dbs": [],
            "servers": [],
            "keywords": [],
            "from_full": "openjdk:8-jdk-alpine",
            "cmd_keywords": [],
            "cmd": "",
            "langs": [],
            "buses": [],
            "monitors": [],
            "gates": [],
            "discos": [],
            "from": "openjdk",
            "path": "/zuul/Dockerfile"
        },
        {
            "dbs": [],
            "servers": [],
            "keywords": [],
            "from_full": "openjdk:8-jdk-alpine",
            "cmd_keywords": [],
            "cmd": "",
            "langs": [],
            "buses": [],
            "monitors": [],
            "gates": [],
            "discos": [],
            "from": "openjdk",
            "path": "/report/Dockerfile"
        },
        {
            "dbs": [],
            "servers": [],
            "keywords": [],
            "from_full": "openjdk:8-jdk-alpine",
            "cmd_keywords": [],
            "cmd": "",
            "langs": [],
            "buses": [],
            "monitors": [],
            "gates": [],
            "discos": [],
            "from": "openjdk",
            "path": "/spring-cloud-config/Dockerfile"
        },
        {
            "dbs": [],
            "servers": [],
            "keywords": [],
            "from_full": "openjdk:8-jdk-alpine",
            "cmd_keywords": [],
            "cmd": "",
            "langs": [],
            "buses": [],
            "monitors": [],
            "gates": [],
            "discos": [],
            "from": "openjdk",
            "path": "/eureka/Dockerfile"
        },
        {
            "dbs": [],
            "servers": [],
            "keywords": [],
            "from_full": "openjdk:8-jdk-alpine",
            "cmd_keywords": [],
            "cmd": "",
            "langs": [],
            "buses": [],
            "monitors": [],
            "gates": [],
            "discos": [],
            "from": "openjdk",
            "path": "/faculty/Dockerfile"
        }
    ],
    "buses": [],
    "monitors": [],
    "gates": [
        "zuul"
    ],
    "size": 3248,
    "languages": [
        "java",
        "typescript",
        "html"
    ],
    "num_dbs": 1
}