{
    "monitors": [],
    "name": "weslleyrosalem/microservices-docker",
    "size": 292198,
    "num_monitors": 0,
    "images": [
        "jboss/wildfly"
    ],
    "dbs": [
        "mysql"
    ],
    "commiters": 1,
    "langs": [
        "tsql",
        "bash",
        "dockerfile",
        "java"
    ],
    "url": "git://github.com/weslleyrosalem/microservices-docker.git",
    "num_buses": 0,
    "shared_dbs": false,
    "buses": [],
    "gates": [],
    "languages": [
        "java",
        "tsql",
        "dockerfile"
    ],
    "num_files": 5,
    "files": [
        {
            "monitors": [],
            "discos": [],
            "servers": [],
            "buses": [],
            "path": "/Source-code/RestauranteApp/pom.xml",
            "dbs": [],
            "gates": []
        },
        {
            "path": "/Source-code/RestauranteApp/RestauranteAppAPI/pom.xml"
        },
        {
            "monitors": [],
            "discos": [],
            "servers": [],
            "buses": [],
            "path": "/Source-code/RestauranteApp/RestauranteAppEAR/pom.xml",
            "dbs": [],
            "gates": []
        }
    ],
    "num_gates": 0,
    "num_discos": 0,
    "num_services": 2,
    "num_langs": 4,
    "structure": {
        "detected_dbs": {
            "num": 1,
            "shared_dbs": false,
            "names": [
                "mysql"
            ],
            "services": [
                "db"
            ]
        },
        "num_services": 2,
        "path": "/docker-compose.yml",
        "services": [
            {
                "monitors": [],
                "depends_on": [],
                "servers": [],
                "name": "db",
                "image": "mysql",
                "discos": [],
                "image_full": "mysql:latest",
                "buses": [],
                "dbs": [
                    "mysql"
                ],
                "gates": []
            },
            {
                "monitors": [],
                "depends_on": [
                    "db"
                ],
                "servers": [],
                "name": "app",
                "image": ".",
                "discos": [],
                "image_full": ".",
                "buses": [],
                "dbs": [],
                "gates": []
            }
        ]
    },
    "num_dbs": 1,
    "num_dockers": 1,
    "dockers": [
        {
            "monitors": [],
            "keywords": [
                "mysql",
                "name",
                "jboss",
                "echo",
                "driver"
            ],
            "path": "/Dockerfile",
            "dbs": [
                "mysql"
            ],
            "cmd": "/opt/jboss/wildfly/bin/standalone.sh -b 0.0.0.0 -bmanagement 0.0.0.0",
            "from_full": "jboss/wildfly:latest",
            "servers": [
                "jboss"
            ],
            "langs": [
                "bash"
            ],
            "from": "jboss/wildfly",
            "discos": [],
            "buses": [],
            "cmd_keywords": [
                "opt",
                "bmanagement",
                "bin",
                "standalone",
                "jboss"
            ],
            "gates": []
        }
    ],
    "servers": [
        "jboss"
    ],
    "discos": [],
    "avg_size_service": 292198.0,
    "num_servers": 1
}