{
    "structure": {
        "detected_dbs": {
            "num": 0,
            "services": [],
            "shared_dbs": false,
            "names": []
        },
        "path": [],
        "services": [],
        "num_services": 0
    },
    "url": "git://github.com/weswu8/policycontroller.git",
    "monitors": [],
    "num_gates": 0,
    "shared_dbs": false,
    "num_buses": 0,
    "num_dbs": 1,
    "dbs": [
        "memcached"
    ],
    "commiters": 1,
    "languages": [
        "java"
    ],
    "num_services": 0,
    "num_discos": 1,
    "num_dockers": 0,
    "gates": [],
    "langs": [
        "java"
    ],
    "dockers": [],
    "buses": [],
    "name": "weswu8/policycontroller",
    "images": [],
    "num_langs": 1,
    "num_servers": 1,
    "num_files": 2,
    "discos": [
        "eureka"
    ],
    "num_monitors": 0,
    "avg_size_service": 170.0,
    "size": 170,
    "files": [
        {
            "dbs": [
                "memcached"
            ],
            "buses": [],
            "gates": [],
            "discos": [
                "eureka"
            ],
            "monitors": [],
            "path": "/pom.xml",
            "servers": [
                "spring"
            ]
        }
    ],
    "servers": [
        "spring"
    ]
}