{
    "gates": [],
    "num_dockers": 1,
    "languages": [
        "java",
        "dockerfile"
    ],
    "num_gates": 0,
    "structure": {
        "services": [],
        "detected_dbs": {
            "shared_dbs": false,
            "names": [],
            "services": [],
            "num": 0
        },
        "num_services": 0,
        "path": []
    },
    "num_langs": 2,
    "dockers": [
        {
            "keywords": [],
            "gates": [],
            "dbs": [],
            "cmd_keywords": [],
            "path": "/Dockerfile",
            "discos": [],
            "cmd": "",
            "from": "openjdk",
            "monitors": [],
            "from_full": "openjdk:jre-alpine",
            "servers": [],
            "buses": [],
            "langs": []
        }
    ],
    "images": [
        "openjdk"
    ],
    "num_servers": 0,
    "num_monitors": 0,
    "langs": [
        "java",
        "dockerfile"
    ],
    "buses": [],
    "num_services": 0,
    "commiters": 2,
    "avg_size_service": 3.0,
    "dbs": [],
    "files": [
        {
            "gates": [],
            "monitors": [],
            "dbs": [],
            "path": "/pom.xml",
            "servers": [],
            "discos": [],
            "buses": []
        }
    ],
    "num_buses": 0,
    "discos": [],
    "size": 3,
    "monitors": [],
    "shared_dbs": false,
    "url": "git://github.com/wilferraciolli/WildFlySwarmDocker.git",
    "num_dbs": 0,
    "name": "wilferraciolli/WildFlySwarmDocker",
    "num_files": 3,
    "num_discos": 0,
    "servers": []
}