{
    "gates": [
        "nginx"
    ],
    "num_dockers": 1,
    "languages": [
        "javascript",
        "dockerfile"
    ],
    "num_gates": 1,
    "structure": {
        "services": [],
        "detected_dbs": {
            "shared_dbs": false,
            "names": [],
            "services": [],
            "num": 0
        },
        "num_services": 0,
        "path": "/docker-compose.yml"
    },
    "num_langs": 3,
    "dockers": [
        {
            "keywords": [
                "nginx",
                "etc",
                "deb",
                "apt",
                "install"
            ],
            "gates": [
                "nginx"
            ],
            "dbs": [],
            "cmd_keywords": [
                "bash",
                "start",
                "bin"
            ],
            "path": "/Dockerfile",
            "discos": [],
            "cmd": "/bin/bash /start.sh",
            "from": "debian",
            "monitors": [],
            "from_full": "debian:jessie",
            "servers": [
                "node"
            ],
            "buses": [],
            "langs": [
                "bash"
            ]
        }
    ],
    "images": [
        "debian"
    ],
    "num_servers": 2,
    "num_monitors": 0,
    "langs": [
        "bash",
        "javascript",
        "dockerfile"
    ],
    "buses": [],
    "num_services": 0,
    "commiters": 1,
    "avg_size_service": 23.0,
    "dbs": [],
    "files": [
        {
            "gates": [],
            "monitors": [],
            "dbs": [],
            "path": "/package.json",
            "servers": [
                "express",
                "node"
            ],
            "discos": [],
            "buses": []
        }
    ],
    "num_buses": 0,
    "discos": [],
    "size": 23,
    "monitors": [],
    "shared_dbs": false,
    "url": "git://github.com/WinterWindSoftware/micro-express.git",
    "num_dbs": 0,
    "name": "WinterWindSoftware/micro-express",
    "num_files": 3,
    "num_discos": 0,
    "servers": [
        "express",
        "node"
    ]
}