{
    "num_servers": 0,
    "num_monitors": 0,
    "commiters": 1,
    "num_discos": 0,
    "files": [],
    "url": "git://github.com/wodeamd/dockerimage.git",
    "discos": [],
    "num_langs": 3,
    "langs": [
        "dockerfile",
        "java",
        "shell"
    ],
    "num_services": 0,
    "shared_dbs": false,
    "images": [
        "centos",
        "openshift/base-centos7",
        "wodeamd/s2i-centos7-java8"
    ],
    "avg_size_service": 2.3333333333333335,
    "num_gates": 0,
    "num_buses": 0,
    "dbs": [
        "oracle"
    ],
    "servers": [],
    "structure": {
        "services": [],
        "num_services": 0,
        "detected_dbs": {
            "num": 0,
            "shared_dbs": false,
            "names": [],
            "services": []
        },
        "path": []
    },
    "num_dockers": 3,
    "num_files": 4,
    "name": "wodeamd/dockerimage",
    "dockers": [
        {
            "dbs": [
                "oracle"
            ],
            "servers": [],
            "keywords": [
                "java",
                "home",
                "lib",
                "jre",
                "amd"
            ],
            "from_full": "centos:7",
            "cmd_keywords": [],
            "cmd": "",
            "langs": [
                "java"
            ],
            "buses": [],
            "monitors": [],
            "gates": [],
            "discos": [],
            "from": "centos",
            "path": "/centos7-java8/Dockerfile"
        },
        {
            "dbs": [],
            "servers": [],
            "keywords": [
                "maven",
                "apache",
                "bin",
                "usr",
                "local"
            ],
            "from_full": "wodeamd/s2i-centos7-java8:latest",
            "cmd_keywords": [
                "scripts",
                "path",
                "usage",
                "sti"
            ],
            "cmd": "$STI_SCRIPTS_PATH/usage",
            "langs": [
                "java"
            ],
            "buses": [],
            "monitors": [],
            "gates": [],
            "discos": [],
            "from": "wodeamd/s2i-centos7-java8",
            "path": "/ms-builder-centos7-java8/Dockerfile"
        },
        {
            "dbs": [
                "oracle"
            ],
            "servers": [],
            "keywords": [
                "java",
                "home",
                "lib",
                "jre",
                "amd"
            ],
            "from_full": "openshift/base-centos7",
            "cmd_keywords": [],
            "cmd": "",
            "langs": [
                "java"
            ],
            "buses": [],
            "monitors": [],
            "gates": [],
            "discos": [],
            "from": "openshift/base-centos7",
            "path": "/s2i-centos7-java8/Dockerfile"
        }
    ],
    "buses": [],
    "monitors": [],
    "gates": [],
    "size": 7,
    "languages": [
        "dockerfile",
        "shell"
    ],
    "num_dbs": 1
}