{
    "num_dbs": 0,
    "langs": [
        "c#"
    ],
    "gates": [],
    "num_servers": 0,
    "num_dockers": 4,
    "num_buses": 1,
    "num_files": 5,
    "num_discos": 0,
    "num_services": 3,
    "dbs": [],
    "servers": [],
    "num_langs": 1,
    "structure": {
        "detected_dbs": {
            "num": 0,
            "shared_dbs": false,
            "services": [],
            "names": []
        },
        "services": [
            {
                "depends_on": [],
                "image": "rabbitmq",
                "gates": [],
                "dbs": [],
                "servers": [],
                "buses": [
                    "rabbitmq"
                ],
                "monitors": [],
                "name": "rabbitmq",
                "discos": [],
                "image_full": "rabbitmq:3-management"
            },
            {
                "depends_on": [
                    "rabbitmq"
                ],
                "image": "wolfgangofner/customerapi",
                "gates": [],
                "dbs": [],
                "servers": [],
                "buses": [],
                "monitors": [],
                "name": "customerapi",
                "discos": [],
                "image_full": "wolfgangofner/customerapi"
            },
            {
                "depends_on": [
                    "rabbitmq"
                ],
                "image": "wolfgangofner/orderapi",
                "gates": [],
                "dbs": [],
                "servers": [],
                "buses": [],
                "monitors": [],
                "name": "orderapi",
                "discos": [],
                "image_full": "wolfgangofner/orderapi"
            }
        ],
        "num_services": 3,
        "path": "/docker-compose.yml"
    },
    "commiters": 2,
    "languages": [
        "c#"
    ],
    "files": [],
    "shared_dbs": false,
    "monitors": [],
    "discos": [],
    "dockers": [
        {
            "cmd_keywords": [],
            "from_full": "base",
            "gates": [],
            "monitors": [],
            "discos": [],
            "langs": [],
            "from": "base",
            "path": "/CustomerApi/Dockerfile",
            "dbs": [],
            "servers": [],
            "buses": [],
            "cmd": "",
            "keywords": [
                "customerapi",
                "csproj",
                "dotnet",
                "release",
                "app"
            ]
        },
        {
            "cmd_keywords": [],
            "from_full": "base",
            "gates": [],
            "monitors": [],
            "discos": [],
            "langs": [],
            "from": "base",
            "path": "/CustomerApi/Solution/CustomerApi/Dockerfile",
            "dbs": [],
            "servers": [],
            "buses": [],
            "cmd": "",
            "keywords": [
                "customerapi",
                "csproj",
                "dotnet",
                "release",
                "app"
            ]
        },
        {
            "cmd_keywords": [],
            "from_full": "base",
            "gates": [],
            "monitors": [],
            "discos": [],
            "langs": [],
            "from": "base",
            "path": "/OrderApi/Dockerfile",
            "dbs": [],
            "servers": [],
            "buses": [],
            "cmd": "",
            "keywords": [
                "orderapi",
                "csproj",
                "dotnet",
                "release",
                "app"
            ]
        },
        {
            "cmd_keywords": [],
            "from_full": "base",
            "gates": [],
            "monitors": [],
            "discos": [],
            "langs": [],
            "from": "base",
            "path": "/OrderApi/Solution/OrderApi/Dockerfile",
            "dbs": [],
            "servers": [],
            "buses": [],
            "cmd": "",
            "keywords": [
                "orderapi",
                "csproj",
                "dotnet",
                "release",
                "app"
            ]
        }
    ],
    "num_monitors": 0,
    "images": [
        "base"
    ],
    "avg_size_service": 39.5,
    "num_gates": 0,
    "size": 158,
    "buses": [
        "rabbitmq"
    ],
    "url": "git://github.com/WolfgangOfner/MicroserviceDemo.git",
    "name": "WolfgangOfner/MicroserviceDemo"
}