{
    "num_discos": 0,
    "structure": {
        "detected_dbs": {
            "num": 0,
            "shared_dbs": false,
            "names": [],
            "services": []
        },
        "num_services": 0,
        "path": [],
        "services": []
    },
    "buses": [],
    "servers": [
        "spring"
    ],
    "name": "Wraan/kub-micro",
    "num_gates": 0,
    "gates": [],
    "num_dbs": 1,
    "discos": [],
    "num_servers": 1,
    "num_dockers": 2,
    "dockers": [
        {
            "cmd": "exec java -jar $APP_FILE",
            "dbs": [],
            "cmd_keywords": [
                "file",
                "jar",
                "java",
                "app",
                "exec"
            ],
            "buses": [],
            "monitors": [],
            "from": "openjdk",
            "langs": [
                "java"
            ],
            "keywords": [],
            "gates": [],
            "from_full": "openjdk:8-jre-alpine",
            "discos": [],
            "path": "/authorization-server/Dockerfile",
            "servers": []
        },
        {
            "cmd": "exec java -jar $APP_FILE",
            "dbs": [],
            "cmd_keywords": [
                "file",
                "jar",
                "java",
                "app",
                "exec"
            ],
            "buses": [],
            "monitors": [],
            "from": "openjdk",
            "langs": [
                "java"
            ],
            "keywords": [],
            "gates": [],
            "from_full": "openjdk:8-jre-alpine",
            "discos": [],
            "path": "/link-shortener/Dockerfile",
            "servers": []
        }
    ],
    "dbs": [
        "postgresql"
    ],
    "images": [
        "openjdk"
    ],
    "commiters": 2,
    "monitors": [],
    "files": [
        {
            "dbs": [
                "postgresql"
            ],
            "buses": [],
            "servers": [
                "spring"
            ],
            "discos": [],
            "monitors": [],
            "gates": [],
            "path": "/authorization-server/pom.xml"
        },
        {
            "dbs": [
                "mongodb"
            ],
            "buses": [],
            "servers": [
                "spring"
            ],
            "discos": [],
            "monitors": [],
            "gates": [],
            "path": "/link-shortener/pom.xml"
        }
    ],
    "langs": [
        "java"
    ],
    "url": "git://github.com/Wraan/kub-micro.git",
    "num_monitors": 0,
    "shared_dbs": false,
    "size": 395,
    "languages": [
        "java"
    ],
    "num_langs": 1,
    "num_buses": 0,
    "avg_size_service": 197.5,
    "num_files": 5,
    "num_services": 0
}