{
    "gates": [],
    "num_dockers": 1,
    "languages": [
        "python"
    ],
    "num_gates": 0,
    "structure": {
        "services": [],
        "detected_dbs": {
            "shared_dbs": false,
            "names": [],
            "services": [],
            "num": 0
        },
        "num_services": 0,
        "path": []
    },
    "num_langs": 1,
    "dockers": [
        {
            "keywords": [],
            "gates": [],
            "dbs": [],
            "cmd_keywords": [
                "usr",
                "supervisord",
                "bin"
            ],
            "path": "/server/Dockerfile",
            "discos": [],
            "cmd": "/usr/bin/supervisord",
            "from": "microservice",
            "monitors": [],
            "from_full": "microservice",
            "servers": [],
            "buses": [],
            "langs": []
        }
    ],
    "images": [
        "microservice"
    ],
    "num_servers": 0,
    "num_monitors": 0,
    "langs": [
        "python"
    ],
    "buses": [],
    "num_services": 0,
    "commiters": 1,
    "avg_size_service": 40.0,
    "dbs": [],
    "files": [
        {
            "gates": [],
            "monitors": [],
            "dbs": [],
            "path": "/server/requirements.txt",
            "servers": [],
            "discos": [],
            "buses": []
        }
    ],
    "num_buses": 0,
    "discos": [],
    "size": 40,
    "monitors": [],
    "shared_dbs": false,
    "url": "git://github.com/xmayeur/crypto_helpers.git",
    "num_dbs": 0,
    "name": "xmayeur/crypto_helpers",
    "num_files": 3,
    "num_discos": 0,
    "servers": []
}