{
    "num_servers": 2,
    "num_monitors": 0,
    "commiters": 2,
    "num_discos": 0,
    "files": [
        {
            "buses": [],
            "dbs": [
                "mongodb"
            ],
            "servers": [
                "node",
                "express"
            ],
            "monitors": [],
            "gates": [],
            "discos": [],
            "path": "/package.json"
        }
    ],
    "url": "git://github.com/yanniskonstas/microvideo.git",
    "discos": [],
    "num_langs": 1,
    "langs": [
        "javascript"
    ],
    "num_services": 3,
    "shared_dbs": false,
    "images": [
        "node"
    ],
    "avg_size_service": 1107.0,
    "num_gates": 0,
    "num_buses": 0,
    "dbs": [
        "mongo"
    ],
    "servers": [
        "node",
        "express"
    ],
    "structure": {
        "services": [
            {
                "name": "azure-storage",
                "buses": [],
                "dbs": [],
                "servers": [],
                "image_full": "azure-storage:ver1",
                "gates": [],
                "discos": [],
                "depends_on": [],
                "image": "azure-storage",
                "monitors": []
            },
            {
                "name": "db",
                "buses": [],
                "dbs": [
                    "mongo"
                ],
                "servers": [],
                "image_full": "mongo:4.2.0",
                "gates": [],
                "discos": [],
                "depends_on": [],
                "image": "mongo",
                "monitors": []
            },
            {
                "name": "microvideo",
                "buses": [],
                "dbs": [],
                "servers": [],
                "image_full": "microvideo:ver1",
                "gates": [],
                "discos": [],
                "depends_on": [],
                "image": "microvideo",
                "monitors": []
            }
        ],
        "num_services": 3,
        "detected_dbs": {
            "num": 1,
            "shared_dbs": false,
            "names": [
                "mongo"
            ],
            "services": [
                "db"
            ]
        },
        "path": "/docker-compose.yml"
    },
    "num_dockers": 1,
    "num_files": 3,
    "name": "yanniskonstas/microvideo",
    "dockers": [
        {
            "dbs": [],
            "servers": [
                "node"
            ],
            "keywords": [
                "production",
                "install",
                "only",
                "npm"
            ],
            "from_full": "node:12.13.1-alpine",
            "cmd_keywords": [
                "start",
                "npm"
            ],
            "cmd": "npm start",
            "langs": [],
            "buses": [],
            "monitors": [],
            "gates": [],
            "discos": [],
            "from": "node",
            "path": "/Dockerfile"
        }
    ],
    "buses": [],
    "monitors": [],
    "gates": [],
    "size": 1107,
    "languages": [
        "javascript"
    ],
    "num_dbs": 1
}