{
    "gates": [
        "zuul"
    ],
    "num_dockers": 8,
    "languages": [
        "java"
    ],
    "num_gates": 1,
    "structure": {
        "services": [
            {
                "gates": [],
                "monitors": [],
                "dbs": [],
                "buses": [],
                "depends_on": [
                    "service-registry",
                    "turbine-server"
                ],
                "servers": [],
                "discos": [],
                "image": "192.168.99.100",
                "name": "monitor-dashboard",
                "image_full": "192.168.99.100:5000/monitor-dashboard"
            },
            {
                "gates": [],
                "monitors": [],
                "dbs": [],
                "buses": [],
                "depends_on": [
                    "rabbitmq"
                ],
                "servers": [],
                "discos": [],
                "image": "192.168.99.100",
                "name": "config-server",
                "image_full": "192.168.99.100:5000/config-server"
            },
            {
                "gates": [],
                "monitors": [],
                "dbs": [],
                "buses": [],
                "depends_on": [
                    "rabbitmq"
                ],
                "servers": [],
                "discos": [],
                "image": "192.168.99.100",
                "name": "zipkin",
                "image_full": "192.168.99.100:5000/zipkin"
            },
            {
                "gates": [],
                "monitors": [],
                "dbs": [],
                "buses": [],
                "depends_on": [
                    "config-server"
                ],
                "servers": [],
                "discos": [],
                "image": "192.168.99.100",
                "name": "service-registry",
                "image_full": "192.168.99.100:5000/service-registry"
            },
            {
                "gates": [],
                "monitors": [],
                "dbs": [],
                "buses": [],
                "depends_on": [
                    "service-registry"
                ],
                "servers": [],
                "discos": [],
                "image": "192.168.99.100",
                "name": "turbine-server",
                "image_full": "192.168.99.100:5000/turbine-server"
            },
            {
                "gates": [],
                "monitors": [],
                "dbs": [],
                "buses": [],
                "depends_on": [
                    "service-registry"
                ],
                "servers": [],
                "discos": [],
                "image": "192.168.99.100",
                "name": "account-service",
                "image_full": "192.168.99.100:5000/account-service"
            },
            {
                "gates": [],
                "monitors": [],
                "dbs": [],
                "buses": [],
                "depends_on": [
                    "service-registry"
                ],
                "servers": [],
                "discos": [],
                "image": "192.168.99.100",
                "name": "api-gateway",
                "image_full": "192.168.99.100:5000/cloud-gateway"
            },
            {
                "gates": [],
                "monitors": [],
                "dbs": [],
                "buses": [],
                "depends_on": [],
                "servers": [],
                "discos": [],
                "image": "192.168.99.100",
                "name": "rabbitmq",
                "image_full": "192.168.99.100:5000/rabbitmq:management"
            },
            {
                "gates": [],
                "monitors": [],
                "dbs": [],
                "buses": [],
                "depends_on": [
                    "service-registry"
                ],
                "servers": [],
                "discos": [],
                "image": "192.168.99.100",
                "name": "auth-service",
                "image_full": "192.168.99.100:5000/auth-service"
            }
        ],
        "detected_dbs": {
            "shared_dbs": false,
            "names": [],
            "services": [],
            "num": 0
        },
        "num_services": 9,
        "path": "/docker-compose.yml"
    },
    "num_langs": 1,
    "dockers": [
        {
            "keywords": [
                "zone",
                "etc",
                "time",
                "apk",
                "add"
            ],
            "gates": [],
            "dbs": [],
            "cmd_keywords": [
                "jar",
                "java",
                "security",
                "djava",
                "service"
            ],
            "path": "/auth-service/Dockerfile",
            "discos": [],
            "cmd": "java -Djava.security.egd=file:/dev/./urandom -jar auth-service.jar",
            "from": "openjdk",
            "monitors": [],
            "from_full": "openjdk:8-jdk-alpine",
            "servers": [],
            "buses": [],
            "langs": [
                "java"
            ]
        },
        {
            "keywords": [
                "zone",
                "etc",
                "time",
                "apk",
                "add"
            ],
            "gates": [
                "gateway"
            ],
            "dbs": [],
            "cmd_keywords": [
                "jar",
                "java",
                "security",
                "cloud",
                "djava"
            ],
            "path": "/cloud-gateway/Dockerfile",
            "discos": [],
            "cmd": "java -Djava.security.egd=file:/dev/./urandom -jar cloud-gateway.jar",
            "from": "openjdk",
            "monitors": [],
            "from_full": "openjdk:8-jdk-alpine",
            "servers": [],
            "buses": [],
            "langs": [
                "java"
            ]
        },
        {
            "keywords": [
                "zone",
                "etc",
                "time",
                "apk",
                "add"
            ],
            "gates": [
                "gateway"
            ],
            "dbs": [],
            "cmd_keywords": [
                "jar",
                "java",
                "api",
                "security",
                "djava"
            ],
            "path": "/api-gateway/Dockerfile",
            "discos": [],
            "cmd": "java -Djava.security.egd=file:/dev/./urandom -jar api-gateway.jar",
            "from": "openjdk",
            "monitors": [],
            "from_full": "openjdk:8-jdk-alpine",
            "servers": [],
            "buses": [],
            "langs": [
                "java"
            ]
        },
        {
            "keywords": [
                "zone",
                "etc",
                "time",
                "apk",
                "add"
            ],
            "gates": [],
            "dbs": [],
            "cmd_keywords": [
                "jar",
                "config",
                "java",
                "server",
                "security"
            ],
            "path": "/config-server/Dockerfile",
            "discos": [],
            "cmd": "java -Djava.security.egd=file:/dev/./urandom -jar config-server.jar",
            "from": "openjdk",
            "monitors": [],
            "from_full": "openjdk:8-jdk-alpine",
            "servers": [],
            "buses": [],
            "langs": [
                "java"
            ]
        },
        {
            "keywords": [
                "zone",
                "etc",
                "time",
                "apk",
                "add"
            ],
            "gates": [],
            "dbs": [],
            "cmd_keywords": [
                "jar",
                "java",
                "server",
                "security",
                "turbine"
            ],
            "path": "/turbine-server/Dockerfile",
            "discos": [],
            "cmd": "java -Djava.security.egd=file:/dev/./urandom -jar turbine-server.jar",
            "from": "openjdk",
            "monitors": [
                "turbine"
            ],
            "from_full": "openjdk:8-jdk-alpine",
            "servers": [],
            "buses": [],
            "langs": [
                "java"
            ]
        },
        {
            "keywords": [
                "zone",
                "etc",
                "time",
                "apk",
                "add"
            ],
            "gates": [],
            "dbs": [],
            "cmd_keywords": [
                "jar",
                "java",
                "security",
                "account",
                "djava"
            ],
            "path": "/account-service/Dockerfile",
            "discos": [],
            "cmd": "java -Djava.security.egd=file:/dev/./urandom -jar account-service.jar",
            "from": "openjdk",
            "monitors": [],
            "from_full": "openjdk:8-jdk-alpine",
            "servers": [],
            "buses": [],
            "langs": [
                "java"
            ]
        },
        {
            "keywords": [
                "zone",
                "etc",
                "time",
                "apk",
                "add"
            ],
            "gates": [],
            "dbs": [],
            "cmd_keywords": [
                "jar",
                "java",
                "security",
                "djava",
                "service"
            ],
            "path": "/service-registry/Dockerfile",
            "discos": [],
            "cmd": "java -Djava.security.egd=file:/dev/./urandom -jar service-registry.jar",
            "from": "openjdk",
            "monitors": [],
            "from_full": "openjdk:8-jdk-alpine",
            "servers": [],
            "buses": [],
            "langs": [
                "java"
            ]
        },
        {
            "keywords": [
                "zone",
                "etc",
                "time",
                "apk",
                "add"
            ],
            "gates": [],
            "dbs": [],
            "cmd_keywords": [
                "jar",
                "java",
                "monitor",
                "security",
                "djava"
            ],
            "path": "/monitor-dashboard/Dockerfile",
            "discos": [],
            "cmd": "java -Djava.security.egd=file:/dev/./urandom -jar monitor-dashboard.jar",
            "from": "openjdk",
            "monitors": [],
            "from_full": "openjdk:8-jdk-alpine",
            "servers": [],
            "buses": [],
            "langs": [
                "java"
            ]
        }
    ],
    "images": [
        "openjdk"
    ],
    "num_servers": 1,
    "num_monitors": 1,
    "langs": [
        "java"
    ],
    "buses": [
        "amqp"
    ],
    "num_services": 9,
    "commiters": 2,
    "avg_size_service": 10.75,
    "dbs": [],
    "files": [
        {
            "gates": [
                "gateway"
            ],
            "monitors": [
                "turbine"
            ],
            "dbs": [],
            "path": "/pom.xml",
            "servers": [
                "spring"
            ],
            "discos": [],
            "buses": []
        },
        {
            "gates": [],
            "monitors": [],
            "dbs": [],
            "path": "/auth-service/pom.xml",
            "servers": [
                "spring"
            ],
            "discos": [
                "eureka"
            ],
            "buses": [
                "amqp"
            ]
        },
        {
            "gates": [
                "gateway"
            ],
            "monitors": [],
            "dbs": [],
            "path": "/cloud-gateway/pom.xml",
            "servers": [
                "spring"
            ],
            "discos": [
                "eureka"
            ],
            "buses": [
                "amqp"
            ]
        },
        {
            "gates": [
                "gateway",
                "zuul"
            ],
            "monitors": [],
            "dbs": [],
            "path": "/api-gateway/pom.xml",
            "servers": [
                "spring"
            ],
            "discos": [
                "eureka"
            ],
            "buses": [
                "amqp"
            ]
        },
        {
            "gates": [],
            "monitors": [],
            "dbs": [],
            "path": "/config-server/pom.xml",
            "servers": [
                "spring"
            ],
            "discos": [],
            "buses": [
                "amqp"
            ]
        },
        {
            "gates": [],
            "monitors": [
                "turbine"
            ],
            "dbs": [],
            "path": "/turbine-server/pom.xml",
            "servers": [
                "spring"
            ],
            "discos": [
                "eureka"
            ],
            "buses": [
                "amqp"
            ]
        },
        {
            "gates": [],
            "monitors": [],
            "dbs": [],
            "path": "/account-service/pom.xml",
            "servers": [
                "spring"
            ],
            "discos": [
                "eureka"
            ],
            "buses": [
                "amqp"
            ]
        },
        {
            "gates": [],
            "monitors": [],
            "dbs": [],
            "path": "/service-registry/pom.xml",
            "servers": [
                "spring"
            ],
            "discos": [
                "eureka"
            ],
            "buses": [
                "amqp"
            ]
        },
        {
            "gates": [],
            "monitors": [],
            "dbs": [],
            "path": "/monitor-dashboard/pom.xml",
            "servers": [
                "spring"
            ],
            "discos": [
                "eureka"
            ],
            "buses": [
                "amqp"
            ]
        }
    ],
    "num_buses": 1,
    "discos": [
        "eureka"
    ],
    "size": 86,
    "monitors": [
        "turbine"
    ],
    "shared_dbs": false,
    "url": "git://github.com/Yenchu/microservices-demo.git",
    "num_dbs": 0,
    "name": "Yenchu/microservices-demo",
    "num_files": 18,
    "num_discos": 1,
    "servers": [
        "spring"
    ]
}