{
    "num_services": 6,
    "buses": [
        "rabbitmq",
        "amqp"
    ],
    "structure": {
        "services": [
            {
                "gates": [],
                "depends_on": [],
                "discos": [],
                "buses": [],
                "dbs": [],
                "servers": [],
                "image": "phpmyadmin/phpmyadmin",
                "name": "myadmin",
                "monitors": [],
                "image_full": "phpmyadmin/phpmyadmin"
            },
            {
                "gates": [],
                "depends_on": [
                    "rabbitmq",
                    "cloudconfigserver"
                ],
                "discos": [],
                "buses": [],
                "dbs": [],
                "servers": [],
                "image": "skt/management-app",
                "name": "magementapp",
                "monitors": [],
                "image_full": "skt/management-app:latest"
            },
            {
                "gates": [],
                "depends_on": [],
                "discos": [],
                "buses": [
                    "rabbitmq"
                ],
                "dbs": [],
                "servers": [],
                "image": "rabbitmq",
                "name": "rabbitmq",
                "monitors": [],
                "image_full": "rabbitmq:3.7.13-management-alpine"
            },
            {
                "gates": [],
                "depends_on": [],
                "discos": [],
                "buses": [],
                "dbs": [],
                "servers": [],
                "image": "skt/cloud-config-server",
                "name": "cloudconfigserver",
                "monitors": [],
                "image_full": "skt/cloud-config-server:latest"
            },
            {
                "gates": [],
                "depends_on": [],
                "discos": [],
                "buses": [],
                "dbs": [
                    "mysql"
                ],
                "servers": [],
                "image": "mysql",
                "name": "mysql",
                "monitors": [],
                "image_full": "mysql:8.0.15"
            },
            {
                "gates": [],
                "depends_on": [
                    "rabbitmq",
                    "cloudconfigserver",
                    "mysql"
                ],
                "discos": [],
                "buses": [],
                "dbs": [],
                "servers": [],
                "image": "skt/microservice-app",
                "name": "microserviceapp",
                "monitors": [],
                "image_full": "skt/microservice-app:latest"
            }
        ],
        "num_services": 6,
        "path": "/docker-compose.yml",
        "detected_dbs": {
            "services": [
                "mysql"
            ],
            "shared_dbs": false,
            "names": [
                "mysql"
            ],
            "num": 1
        }
    },
    "num_buses": 2,
    "num_langs": 1,
    "num_files": 9,
    "num_discos": 0,
    "servers": [
        "tomcat",
        "spring"
    ],
    "avg_size_service": 18.333333333333332,
    "url": "git://github.com/yuninho2005/skt-task.git",
    "num_gates": 0,
    "name": "yuninho2005/skt-task",
    "langs": [
        "java"
    ],
    "num_dockers": 3,
    "num_dbs": 1,
    "dbs": [
        "mysql"
    ],
    "dockers": [
        {
            "gates": [],
            "from_full": "tomcat:8.5-alpine",
            "cmd": "",
            "dbs": [],
            "discos": [],
            "monitors": [],
            "from": "tomcat",
            "cmd_keywords": [],
            "keywords": [
                "app",
                "webapps",
                "tomcat",
                "war",
                "usr"
            ],
            "servers": [
                "tomcat"
            ],
            "buses": [],
            "path": "/microservice-app/src/main/resources/docker/Dockerfile",
            "langs": []
        },
        {
            "gates": [],
            "from_full": "tomcat:8.5-alpine",
            "cmd": "",
            "dbs": [],
            "discos": [],
            "monitors": [],
            "from": "tomcat",
            "cmd_keywords": [],
            "keywords": [
                "app",
                "webapps",
                "tomcat",
                "war",
                "usr"
            ],
            "servers": [
                "tomcat"
            ],
            "buses": [],
            "path": "/management-app/src/main/resources/docker/Dockerfile",
            "langs": []
        },
        {
            "gates": [],
            "from_full": "tomcat:8.5-alpine",
            "cmd": "sh -c java -Xmx512m -Djava.security.egd=file:/dev/./urandom -Dserver.port=$PORT -jar /usr/local/tomcat/webapps/app.war",
            "dbs": [],
            "discos": [],
            "monitors": [],
            "from": "tomcat",
            "cmd_keywords": [
                "port",
                "java",
                "security",
                "file",
                "app"
            ],
            "keywords": [
                "app",
                "webapps",
                "tomcat",
                "war",
                "usr"
            ],
            "servers": [
                "tomcat"
            ],
            "buses": [],
            "path": "/cloud-config-server/src/main/resources/docker/Dockerfile",
            "langs": [
                "java"
            ]
        }
    ],
    "discos": [],
    "num_servers": 2,
    "monitors": [],
    "commiters": 2,
    "shared_dbs": false,
    "size": 55,
    "gates": [],
    "languages": [
        "java"
    ],
    "files": [
        {
            "buses": [],
            "dbs": [],
            "gates": [],
            "path": "/pom.xml",
            "discos": [],
            "monitors": [],
            "servers": [
                "spring"
            ]
        },
        {
            "buses": [
                "amqp"
            ],
            "dbs": [
                "mysql"
            ],
            "gates": [],
            "path": "/microservice-app/pom.xml",
            "discos": [],
            "monitors": [],
            "servers": [
                "tomcat",
                "spring"
            ]
        },
        {
            "buses": [],
            "dbs": [],
            "gates": [],
            "path": "/common-library/pom.xml",
            "discos": [],
            "monitors": [],
            "servers": [
                "spring"
            ]
        },
        {
            "buses": [
                "amqp"
            ],
            "dbs": [],
            "gates": [],
            "path": "/management-app/pom.xml",
            "discos": [],
            "monitors": [],
            "servers": [
                "tomcat",
                "spring"
            ]
        },
        {
            "buses": [],
            "dbs": [],
            "gates": [],
            "path": "/cloud-config-server/pom.xml",
            "discos": [],
            "monitors": [],
            "servers": [
                "tomcat",
                "spring"
            ]
        }
    ],
    "images": [
        "tomcat"
    ],
    "num_monitors": 0
}