{
    "num_gates": 0,
    "discos": [],
    "num_dbs": 1,
    "num_monitors": 0,
    "dockers": [
        {
            "langs": [
                "java"
            ],
            "cmd_keywords": [
                "init",
                "sbin"
            ],
            "from_full": "phusion/baseimage:0.9.17",
            "path": "/Dockerfile",
            "monitors": [],
            "discos": [],
            "cmd": "/sbin/my_init",
            "buses": [],
            "gates": [],
            "dbs": [
                "oracle"
            ],
            "from": "phusion/baseimage",
            "keywords": [
                "apt",
                "get",
                "java",
                "oracle",
                "sudo"
            ],
            "servers": []
        }
    ],
    "dbs": [
        "oracle"
    ],
    "num_langs": 3,
    "num_servers": 0,
    "avg_size_service": 10503.0,
    "structure": {
        "detected_dbs": {
            "num": 0,
            "shared_dbs": false,
            "names": [],
            "services": []
        },
        "num_services": 0,
        "path": "/docker-compose.yml",
        "services": []
    },
    "images": [
        "phusion/baseimage"
    ],
    "size": 10503,
    "servers": [],
    "languages": [
        "clojure",
        "shell"
    ],
    "langs": [
        "shell",
        "clojure",
        "java"
    ],
    "commiters": 1,
    "shared_dbs": false,
    "num_buses": 0,
    "num_services": 0,
    "monitors": [],
    "num_dockers": 1,
    "url": "git://github.com/zamaterian/Onyx-kafka-writer.git",
    "name": "zamaterian/Onyx-kafka-writer",
    "buses": [],
    "gates": [],
    "files": [],
    "num_discos": 0,
    "num_files": 2
}