{
    "structure": {
        "detected_dbs": {
            "num": 0,
            "services": [],
            "shared_dbs": false,
            "names": []
        },
        "path": [],
        "services": [],
        "num_services": 0
    },
    "url": "git://github.com/zhoufanz/spring-cloud.git",
    "monitors": [],
    "num_gates": 0,
    "shared_dbs": false,
    "num_buses": 0,
    "num_dbs": 1,
    "dbs": [
        "mysql"
    ],
    "commiters": 1,
    "languages": [
        "richtextformat",
        "tsql"
    ],
    "num_services": 0,
    "num_discos": 1,
    "num_dockers": 6,
    "gates": [],
    "langs": [
        "bash",
        "richtextformat",
        "tsql"
    ],
    "dockers": [
        {
            "langs": [
                "bash"
            ],
            "keywords": [
                "bash",
                "jar",
                "app",
                "touch"
            ],
            "buses": [],
            "cmd": "",
            "monitors": [],
            "path": "/InventoryService/src/main/docker/Dockerfile",
            "dbs": [],
            "from_full": "openjdk:8-jre",
            "gates": [],
            "discos": [],
            "cmd_keywords": [],
            "from": "openjdk",
            "servers": []
        },
        {
            "langs": [
                "bash"
            ],
            "keywords": [
                "bash",
                "jar",
                "app",
                "touch"
            ],
            "buses": [],
            "cmd": "",
            "monitors": [],
            "path": "/PriceService/src/main/docker/Dockerfile",
            "dbs": [],
            "from_full": "openjdk:8-jre",
            "gates": [],
            "discos": [],
            "cmd_keywords": [],
            "from": "openjdk",
            "servers": []
        },
        {
            "langs": [
                "bash"
            ],
            "keywords": [
                "bash",
                "jar",
                "app",
                "touch"
            ],
            "buses": [],
            "cmd": "",
            "monitors": [],
            "path": "/StorageTransferService/src/main/docker/Dockerfile",
            "dbs": [],
            "from_full": "openjdk:8-jre",
            "gates": [],
            "discos": [],
            "cmd_keywords": [],
            "from": "openjdk",
            "servers": []
        },
        {
            "langs": [
                "bash"
            ],
            "keywords": [
                "bash",
                "jar",
                "app",
                "touch"
            ],
            "buses": [],
            "cmd": "",
            "monitors": [],
            "path": "/SparePartsService/src/main/docker/Dockerfile",
            "dbs": [],
            "from_full": "openjdk:8-jre",
            "gates": [],
            "discos": [],
            "cmd_keywords": [],
            "from": "openjdk",
            "servers": []
        },
        {
            "langs": [
                "bash"
            ],
            "keywords": [
                "bash",
                "jar",
                "app",
                "touch"
            ],
            "buses": [],
            "cmd": "",
            "monitors": [],
            "path": "/WarehouseService/src/main/docker/Dockerfile",
            "dbs": [],
            "from_full": "openjdk:8-jre",
            "gates": [],
            "discos": [],
            "cmd_keywords": [],
            "from": "openjdk",
            "servers": []
        },
        {
            "langs": [
                "bash"
            ],
            "keywords": [
                "bash",
                "jar",
                "app",
                "touch"
            ],
            "buses": [],
            "cmd": "",
            "monitors": [],
            "path": "/StorageInService/src/main/docker/Dockerfile",
            "dbs": [],
            "from_full": "openjdk:8-jre",
            "gates": [],
            "discos": [],
            "cmd_keywords": [],
            "from": "openjdk",
            "servers": []
        }
    ],
    "buses": [],
    "name": "zhoufanz/spring-cloud",
    "images": [
        "openjdk"
    ],
    "num_langs": 3,
    "num_servers": 1,
    "num_files": 15,
    "discos": [
        "eureka"
    ],
    "num_monitors": 0,
    "avg_size_service": 15718.666666666666,
    "size": 94312,
    "files": [
        {
            "dbs": [],
            "buses": [],
            "gates": [],
            "discos": [],
            "monitors": [],
            "path": "/pom.xml",
            "servers": [
                "spring"
            ]
        },
        {
            "dbs": [
                "mysql"
            ],
            "buses": [],
            "gates": [],
            "discos": [
                "eureka"
            ],
            "monitors": [],
            "path": "/InventoryService/pom.xml",
            "servers": [
                "spring"
            ]
        },
        {
            "dbs": [
                "mysql"
            ],
            "buses": [],
            "gates": [],
            "discos": [
                "eureka"
            ],
            "monitors": [],
            "path": "/PriceService/pom.xml",
            "servers": [
                "spring"
            ]
        },
        {
            "dbs": [
                "mysql"
            ],
            "buses": [],
            "gates": [],
            "discos": [
                "eureka"
            ],
            "monitors": [],
            "path": "/StorageTransferService/pom.xml",
            "servers": [
                "spring"
            ]
        },
        {
            "dbs": [
                "mysql"
            ],
            "buses": [],
            "gates": [],
            "discos": [
                "eureka"
            ],
            "monitors": [],
            "path": "/SparePartsService/pom.xml",
            "servers": [
                "spring"
            ]
        },
        {
            "dbs": [
                "mysql"
            ],
            "buses": [],
            "gates": [],
            "discos": [
                "eureka"
            ],
            "monitors": [],
            "path": "/CodeTemplateService/pom.xml",
            "servers": [
                "spring"
            ]
        },
        {
            "dbs": [
                "mysql"
            ],
            "buses": [],
            "gates": [],
            "discos": [
                "eureka"
            ],
            "monitors": [],
            "path": "/WarehouseService/pom.xml",
            "servers": [
                "spring"
            ]
        },
        {
            "dbs": [
                "mysql"
            ],
            "buses": [],
            "gates": [],
            "discos": [
                "eureka"
            ],
            "monitors": [],
            "path": "/StorageInService/pom.xml",
            "servers": [
                "spring"
            ]
        }
    ],
    "servers": [
        "spring"
    ]
}