{
    "num_dbs": 0,
    "langs": [
        "python",
        "javascript"
    ],
    "gates": [],
    "num_servers": 1,
    "num_dockers": 3,
    "num_buses": 0,
    "num_files": 9,
    "num_discos": 0,
    "num_services": 0,
    "dbs": [],
    "servers": [
        "flask"
    ],
    "num_langs": 2,
    "structure": {
        "detected_dbs": {
            "num": 0,
            "shared_dbs": false,
            "services": [],
            "names": []
        },
        "services": [],
        "num_services": 0,
        "path": []
    },
    "commiters": 1,
    "languages": [
        "python",
        "javascript"
    ],
    "files": [
        {
            "path": "/services/users/requirements.txt",
            "dbs": [],
            "servers": [
                "flask"
            ],
            "buses": [],
            "monitors": [],
            "discos": [],
            "gates": []
        },
        {
            "path": "/services/exercises/requirements.txt",
            "dbs": [],
            "servers": [
                "flask"
            ],
            "buses": [],
            "monitors": [],
            "discos": [],
            "gates": []
        },
        {
            "path": "/services/scores/requirements.txt",
            "dbs": [],
            "servers": [
                "flask"
            ],
            "buses": [],
            "monitors": [],
            "discos": [],
            "gates": []
        },
        {
            "path": "/package.json",
            "dbs": [],
            "servers": [],
            "buses": [],
            "monitors": [],
            "discos": [],
            "gates": []
        },
        {
            "path": "/services/client/package.json",
            "dbs": [],
            "servers": [],
            "buses": [],
            "monitors": [],
            "discos": [],
            "gates": []
        }
    ],
    "shared_dbs": false,
    "monitors": [],
    "discos": [],
    "dockers": [
        {
            "cmd_keywords": [],
            "from_full": "postgres:10.4-alpine",
            "gates": [],
            "monitors": [],
            "discos": [],
            "langs": [],
            "from": "postgres",
            "path": "/services/users/project/db/Dockerfile",
            "dbs": [],
            "servers": [],
            "buses": [],
            "cmd": "",
            "keywords": []
        },
        {
            "cmd_keywords": [],
            "from_full": "postgres:11.1-alpine",
            "gates": [],
            "monitors": [],
            "discos": [],
            "langs": [],
            "from": "postgres",
            "path": "/services/exercises/project/db/Dockerfile",
            "dbs": [],
            "servers": [],
            "buses": [],
            "cmd": "",
            "keywords": []
        },
        {
            "cmd_keywords": [],
            "from_full": "postgres:11.1-alpine",
            "gates": [],
            "monitors": [],
            "discos": [],
            "langs": [],
            "from": "postgres",
            "path": "/services/scores/project/db/Dockerfile",
            "dbs": [],
            "servers": [],
            "buses": [],
            "cmd": "",
            "keywords": []
        }
    ],
    "num_monitors": 0,
    "images": [
        "postgres"
    ],
    "avg_size_service": 69.0,
    "num_gates": 0,
    "size": 207,
    "buses": [],
    "url": "git://github.com/zxy-zxy/testdriven-app.git",
    "name": "zxy-zxy/testdriven-app"
}