{
    "servers": [
        "node",
        "express"
    ],
    "name": "2muchcoffeecom/nestjs-microservices-queues-example",
    "num_gates": 1,
    "avg_size_service": 1169.0,
    "structure": {
        "services": [
            {
                "gates": [
                    "nginx"
                ],
                "buses": [],
                "image_full": "nginx:latest",
                "servers": [],
                "depends_on": [
                    "app"
                ],
                "name": "nginx",
                "dbs": [],
                "image": "nginx",
                "monitors": [],
                "discos": []
            },
            {
                "gates": [],
                "buses": [],
                "image_full": ".",
                "servers": [],
                "depends_on": [
                    "redis",
                    "microservice"
                ],
                "name": "app",
                "dbs": [],
                "image": ".",
                "monitors": [],
                "discos": []
            },
            {
                "gates": [],
                "buses": [],
                "image_full": "redis:alpine",
                "servers": [],
                "depends_on": [],
                "name": "redis",
                "dbs": [
                    "redis"
                ],
                "image": "redis",
                "monitors": [],
                "discos": []
            },
            {
                "gates": [],
                "buses": [],
                "image_full": ".",
                "servers": [],
                "depends_on": [
                    "redis"
                ],
                "name": "microservice",
                "dbs": [],
                "image": ".",
                "monitors": [],
                "discos": []
            }
        ],
        "num_services": 4,
        "path": "/docker-compose.yml",
        "detected_dbs": {
            "num": 1,
            "names": [
                "redis"
            ],
            "services": [
                "redis"
            ],
            "shared_dbs": true
        }
    },
    "num_dbs": 1,
    "buses": [],
    "langs": [
        "typescript"
    ],
    "shared_dbs": true,
    "files": [
        {
            "gates": [],
            "buses": [],
            "path": "/microservice/package.json",
            "servers": [
                "node",
                "express"
            ],
            "dbs": [
                "redis"
            ],
            "monitors": [],
            "discos": []
        },
        {
            "gates": [],
            "buses": [],
            "path": "/app/package.json",
            "servers": [
                "node",
                "express"
            ],
            "dbs": [
                "redis"
            ],
            "monitors": [],
            "discos": []
        }
    ],
    "size": 1169,
    "num_dockers": 1,
    "url": "git://github.com/2muchcoffeecom/nestjs-microservices-queues-example.git",
    "gates": [
        "nginx"
    ],
    "num_servers": 2,
    "images": [
        "node"
    ],
    "num_services": 4,
    "languages": [
        "typescript"
    ],
    "num_files": 4,
    "discos": [],
    "dockers": [
        {
            "gates": [],
            "from_full": "node:10",
            "cmd_keywords": [],
            "path": "/Dockerfile",
            "servers": [
                "node"
            ],
            "cmd": "",
            "from": "node",
            "buses": [],
            "langs": [],
            "dbs": [],
            "discos": [],
            "monitors": [],
            "keywords": [
                "npm",
                "add",
                "nodemon",
                "node",
                "run"
            ]
        }
    ],
    "num_langs": 1,
    "num_monitors": 0,
    "num_buses": 0,
    "dbs": [
        "redis"
    ],
    "monitors": [],
    "num_discos": 0
}