{
    "structure": {
        "path": "/docker-compose.yml",
        "services": [
            {
                "servers": [],
                "buses": [],
                "gates": [],
                "monitors": [],
                "name": "server",
                "dbs": [],
                "depends_on": [],
                "image": "aakashk291/microservice",
                "image_full": "aakashk291/microservice:server",
                "discos": []
            },
            {
                "servers": [],
                "buses": [],
                "gates": [],
                "monitors": [],
                "name": "product-price-service",
                "dbs": [],
                "depends_on": [],
                "image": "aakashk291/microservice",
                "image_full": "aakashk291/microservice:productprice",
                "discos": []
            },
            {
                "servers": [],
                "buses": [],
                "gates": [],
                "monitors": [],
                "name": "product-descp-service",
                "dbs": [],
                "depends_on": [],
                "image": "aakashk291/microservice",
                "image_full": "aakashk291/microservice:productdescp",
                "discos": []
            },
            {
                "servers": [],
                "buses": [],
                "gates": [],
                "monitors": [],
                "name": "hello-world-service",
                "dbs": [],
                "depends_on": [],
                "image": "aakashk291/microservice",
                "image_full": "aakashk291/microservice:hello",
                "discos": []
            }
        ],
        "num_services": 4,
        "detected_dbs": {
            "names": [],
            "num": 0,
            "services": [],
            "shared_dbs": false
        }
    },
    "discos": [],
    "size": 17255,
    "num_gates": 2,
    "num_langs": 1,
    "servers": [
        "node",
        "express"
    ],
    "gates": [
        "zuul",
        "nginx"
    ],
    "num_servers": 2,
    "num_buses": 0,
    "files": [
        {
            "servers": [
                "node"
            ],
            "buses": [],
            "gates": [],
            "monitors": [],
            "discos": [],
            "path": "/product-descp-service/package.json",
            "dbs": []
        },
        {
            "servers": [
                "node",
                "express"
            ],
            "buses": [],
            "gates": [],
            "monitors": [],
            "discos": [],
            "path": "/server/package.json",
            "dbs": []
        },
        {
            "servers": [
                "node"
            ],
            "buses": [],
            "gates": [],
            "monitors": [],
            "discos": [],
            "path": "/server/node_modules/ndjson/package.json",
            "dbs": [
                "max"
            ]
        },
        {
            "servers": [
                "node"
            ],
            "buses": [],
            "gates": [],
            "monitors": [],
            "discos": [],
            "path": "/server/node_modules/bluebird/package.json",
            "dbs": []
        },
        {
            "servers": [
                "node"
            ],
            "buses": [],
            "gates": [],
            "monitors": [],
            "discos": [],
            "path": "/server/node_modules/nid/package.json",
            "dbs": []
        },
        {
            "servers": [
                "node",
                "express"
            ],
            "buses": [],
            "gates": [],
            "monitors": [],
            "discos": [],
            "path": "/server/node_modules/cookie/package.json",
            "dbs": []
        },
        {
            "servers": [
                "node"
            ],
            "buses": [],
            "gates": [],
            "monitors": [],
            "discos": [],
            "path": "/server/node_modules/isarray/package.json",
            "dbs": []
        },
        {
            "servers": [
                "node"
            ],
            "buses": [],
            "gates": [],
            "monitors": [],
            "discos": [],
            "path": "/server/node_modules/readable-stream/package.json",
            "dbs": []
        },
        {
            "servers": [
                "node"
            ],
            "buses": [],
            "gates": [],
            "monitors": [],
            "discos": [],
            "path": "/server/node_modules/wreck/package.json",
            "dbs": []
        },
        {
            "servers": [
                "node"
            ],
            "buses": [],
            "gates": [],
            "monitors": [],
            "discos": [],
            "path": "/server/node_modules/wreck/node_modules/boom/package.json",
            "dbs": []
        },
        {
            "servers": [
                "node",
                "express"
            ],
            "buses": [],
            "gates": [],
            "monitors": [],
            "discos": [],
            "path": "/server/node_modules/finalhandler/package.json",
            "dbs": []
        },
        {
            "servers": [
                "node"
            ],
            "buses": [],
            "gates": [],
            "monitors": [],
            "discos": [],
            "path": "/server/node_modules/norma/package.json",
            "dbs": []
        },
        {
            "servers": [
                "node"
            ],
            "buses": [],
            "gates": [],
            "monitors": [],
            "discos": [],
            "path": "/server/node_modules/norma/node_modules/lodash/package.json",
            "dbs": []
        },
        {
            "servers": [
                "node"
            ],
            "buses": [],
            "gates": [],
            "monitors": [],
            "discos": [],
            "path": "/server/node_modules/pseudomap/package.json",
            "dbs": []
        },
        {
            "servers": [
                "node"
            ],
            "buses": [],
            "gates": [],
            "monitors": [],
            "discos": [],
            "path": "/server/node_modules/forwarded/package.json",
            "dbs": []
        },
        {
            "servers": [
                "node"
            ],
            "buses": [],
            "gates": [],
            "monitors": [],
            "discos": [],
            "path": "/server/node_modules/minimist/package.json",
            "dbs": []
        },
        {
            "servers": [
                "node"
            ],
            "buses": [],
            "gates": [],
            "monitors": [],
            "discos": [],
            "path": "/server/node_modules/xtend/package.json",
            "dbs": []
        },
        {
            "servers": [
                "node"
            ],
            "buses": [],
            "gates": [],
            "monitors": [],
            "discos": [],
            "path": "/server/node_modules/destroy/package.json",
            "dbs": []
        },
        {
            "servers": [
                "node"
            ],
            "buses": [],
            "gates": [],
            "monitors": [],
            "discos": [],
            "path": "/server/node_modules/eraro/package.json",
            "dbs": []
        },
        {
            "servers": [
                "node"
            ],
            "buses": [],
            "gates": [],
            "monitors": [],
            "discos": [],
            "path": "/server/node_modules/eraro/node_modules/lodash/package.json",
            "dbs": []
        },
        {
            "servers": [
                "node"
            ],
            "buses": [],
            "gates": [],
            "monitors": [],
            "discos": [],
            "path": "/server/node_modules/archy/package.json",
            "dbs": []
        },
        {
            "servers": [
                "node"
            ],
            "buses": [],
            "gates": [],
            "monitors": [],
            "discos": [],
            "path": "/server/node_modules/through2/package.json",
            "dbs": []
        },
        {
            "servers": [
                "node"
            ],
            "buses": [],
            "gates": [],
            "monitors": [],
            "discos": [],
            "path": "/server/node_modules/unpipe/package.json",
            "dbs": []
        },
        {
            "servers": [
                "node"
            ],
            "buses": [],
            "gates": [],
            "monitors": [],
            "discos": [],
            "path": "/server/node_modules/backoff/package.json",
            "dbs": []
        },
        {
            "servers": [
                "node",
                "express"
            ],
            "buses": [],
            "gates": [],
            "monitors": [],
            "discos": [],
            "path": "/server/node_modules/on-finished/package.json",
            "dbs": []
        },
        {
            "servers": [
                "node",
                "express"
            ],
            "buses": [],
            "gates": [],
            "monitors": [],
            "discos": [],
            "path": "/server/node_modules/serve-static/package.json",
            "dbs": []
        },
        {
            "servers": [
                "node",
                "express"
            ],
            "buses": [],
            "gates": [],
            "monitors": [],
            "discos": [],
            "path": "/server/node_modules/fresh/package.json",
            "dbs": []
        },
        {
            "servers": [
                "node"
            ],
            "buses": [],
            "gates": [],
            "monitors": [],
            "discos": [],
            "path": "/server/node_modules/precond/package.json",
            "dbs": []
        },
        {
            "servers": [
                "node"
            ],
            "buses": [],
            "gates": [],
            "monitors": [],
            "discos": [],
            "path": "/server/node_modules/gate-executor/package.json",
            "dbs": []
        },
        {
            "servers": [
                "node",
                "express"
            ],
            "buses": [],
            "gates": [],
            "monitors": [],
            "discos": [],
            "path": "/server/node_modules/cookie-signature/package.json",
            "dbs": []
        },
        {
            "servers": [
                "node"
            ],
            "buses": [],
            "gates": [],
            "monitors": [],
            "discos": [],
            "path": "/server/node_modules/reconnect-core/package.json",
            "dbs": []
        },
        {
            "servers": [
                "node"
            ],
            "buses": [],
            "gates": [],
            "monitors": [],
            "discos": [],
            "path": "/server/node_modules/semver/package.json",
            "dbs": []
        },
        {
            "servers": [
                "node"
            ],
            "buses": [],
            "gates": [],
            "monitors": [],
            "discos": [],
            "path": "/server/node_modules/use-plugin/package.json",
            "dbs": []
        },
        {
            "servers": [
                "node"
            ],
            "buses": [],
            "gates": [],
            "monitors": [],
            "discos": [],
            "path": "/server/node_modules/use-plugin/node_modules/lodash/package.json",
            "dbs": []
        },
        {
            "servers": [
                "node",
                "express"
            ],
            "buses": [],
            "gates": [],
            "monitors": [],
            "discos": [],
            "path": "/server/node_modules/body-parser/package.json",
            "dbs": []
        },
        {
            "servers": [
                "node"
            ],
            "buses": [],
            "gates": [],
            "monitors": [],
            "discos": [],
            "path": "/server/node_modules/yallist/package.json",
            "dbs": []
        },
        {
            "servers": [
                "node",
                "express"
            ],
            "buses": [],
            "gates": [],
            "monitors": [],
            "discos": [],
            "path": "/server/node_modules/content-disposition/package.json",
            "dbs": []
        },
        {
            "servers": [
                "node"
            ],
            "buses": [],
            "gates": [],
            "monitors": [],
            "discos": [],
            "path": "/server/node_modules/inherits/package.json",
            "dbs": []
        },
        {
            "servers": [
                "node",
                "express"
            ],
            "buses": [],
            "gates": [],
            "monitors": [],
            "discos": [],
            "path": "/server/node_modules/setprototypeof/package.json",
            "dbs": []
        },
        {
            "servers": [
                "node",
                "express"
            ],
            "buses": [],
            "gates": [],
            "monitors": [],
            "discos": [],
            "path": "/server/node_modules/proxy-addr/package.json",
            "dbs": []
        },
        {
            "servers": [
                "node"
            ],
            "buses": [],
            "gates": [],
            "monitors": [],
            "discos": [],
            "path": "/server/node_modules/seneca-transport/package.json",
            "dbs": []
        },
        {
            "servers": [
                "node"
            ],
            "buses": [],
            "gates": [],
            "monitors": [],
            "discos": [],
            "path": "/server/node_modules/seneca-transport/node_modules/wreck/package.json",
            "dbs": []
        },
        {
            "servers": [
                "node"
            ],
            "buses": [],
            "gates": [],
            "monitors": [],
            "discos": [],
            "path": "/server/node_modules/seneca-transport/node_modules/qs/package.json",
            "dbs": []
        },
        {
            "servers": [
                "node"
            ],
            "buses": [],
            "gates": [],
            "monitors": [],
            "discos": [],
            "path": "/server/node_modules/seneca-transport/node_modules/patrun/package.json",
            "dbs": []
        },
        {
            "servers": [
                "node"
            ],
            "buses": [],
            "gates": [],
            "monitors": [],
            "discos": [],
            "path": "/server/node_modules/seneca-transport/node_modules/patrun/node_modules/lodash/package.json",
            "dbs": []
        },
        {
            "servers": [
                "node"
            ],
            "buses": [],
            "gates": [],
            "monitors": [],
            "discos": [],
            "path": "/server/node_modules/seneca-transport/node_modules/lodash/package.json",
            "dbs": []
        },
        {
            "servers": [
                "node"
            ],
            "buses": [],
            "gates": [],
            "monitors": [],
            "discos": [],
            "path": "/server/node_modules/seneca-transport/node_modules/jsonic/package.json",
            "dbs": []
        },
        {
            "servers": [
                "node"
            ],
            "buses": [],
            "gates": [
                "nginx"
            ],
            "monitors": [],
            "discos": [],
            "path": "/server/node_modules/mime-db/package.json",
            "dbs": []
        },
        {
            "servers": [
                "node"
            ],
            "buses": [],
            "gates": [],
            "monitors": [],
            "discos": [],
            "path": "/server/node_modules/hoek/package.json",
            "dbs": []
        },
        {
            "servers": [
                "node",
                "express"
            ],
            "buses": [],
            "gates": [],
            "monitors": [],
            "discos": [],
            "path": "/server/node_modules/encodeurl/package.json",
            "dbs": []
        },
        {
            "path": "/server/node_modules/send/package.json"
        },
        {
            "servers": [
                "node"
            ],
            "buses": [],
            "gates": [],
            "monitors": [],
            "discos": [],
            "path": "/server/node_modules/core-util-is/package.json",
            "dbs": []
        },
        {
            "servers": [
                "node"
            ],
            "buses": [],
            "gates": [],
            "monitors": [],
            "discos": [],
            "path": "/server/node_modules/ordu/package.json",
            "dbs": []
        },
        {
            "servers": [
                "node"
            ],
            "buses": [],
            "gates": [],
            "monitors": [],
            "discos": [],
            "path": "/server/node_modules/boom/package.json",
            "dbs": []
        },
        {
            "servers": [
                "node",
                "express"
            ],
            "buses": [],
            "gates": [],
            "monitors": [],
            "discos": [],
            "path": "/server/node_modules/path-to-regexp/package.json",
            "dbs": []
        },
        {
            "servers": [
                "node"
            ],
            "buses": [],
            "gates": [],
            "monitors": [],
            "discos": [],
            "path": "/server/node_modules/seneca-log-filter/package.json",
            "dbs": []
        },
        {
            "servers": [
                "node"
            ],
            "buses": [],
            "gates": [],
            "monitors": [],
            "discos": [],
            "path": "/server/node_modules/seneca-log-filter/node_modules/lodash/package.json",
            "dbs": []
        },
        {
            "servers": [
                "node",
                "express"
            ],
            "buses": [],
            "gates": [],
            "monitors": [],
            "discos": [],
            "path": "/server/node_modules/type-is/package.json",
            "dbs": []
        },
        {
            "servers": [
                "node"
            ],
            "buses": [],
            "gates": [],
            "monitors": [],
            "discos": [],
            "path": "/server/node_modules/lru-cache/package.json",
            "dbs": []
        },
        {
            "servers": [
                "node",
                "express"
            ],
            "buses": [],
            "gates": [],
            "monitors": [],
            "discos": [],
            "path": "/server/node_modules/merge-descriptors/package.json",
            "dbs": []
        },
        {
            "servers": [
                "node",
                "express"
            ],
            "buses": [],
            "gates": [],
            "monitors": [],
            "discos": [],
            "path": "/server/node_modules/accepts/package.json",
            "dbs": []
        },
        {
            "path": "/server/node_modules/bytes/package.json"
        },
        {
            "servers": [
                "node"
            ],
            "buses": [],
            "gates": [],
            "monitors": [],
            "discos": [],
            "path": "/server/node_modules/ee-first/package.json",
            "dbs": []
        },
        {
            "servers": [
                "node",
                "express"
            ],
            "buses": [],
            "gates": [],
            "monitors": [],
            "discos": [],
            "path": "/server/node_modules/methods/package.json",
            "dbs": []
        },
        {
            "servers": [
                "node"
            ],
            "buses": [],
            "gates": [],
            "monitors": [],
            "discos": [],
            "path": "/server/node_modules/gex/package.json",
            "dbs": []
        },
        {
            "servers": [
                "node"
            ],
            "buses": [],
            "gates": [],
            "monitors": [],
            "discos": [],
            "path": "/server/node_modules/gex/node_modules/lodash/package.json",
            "dbs": []
        },
        {
            "servers": [
                "node",
                "express"
            ],
            "buses": [],
            "gates": [],
            "monitors": [],
            "discos": [],
            "path": "/server/node_modules/debug/package.json",
            "dbs": []
        },
        {
            "servers": [
                "node"
            ],
            "buses": [],
            "gates": [],
            "monitors": [],
            "discos": [],
            "path": "/server/node_modules/string_decoder/package.json",
            "dbs": []
        },
        {
            "servers": [
                "node",
                "express"
            ],
            "buses": [],
            "gates": [],
            "monitors": [],
            "discos": [],
            "path": "/server/node_modules/range-parser/package.json",
            "dbs": []
        },
        {
            "servers": [
                "node"
            ],
            "buses": [],
            "gates": [],
            "monitors": [],
            "discos": [],
            "path": "/server/node_modules/media-typer/package.json",
            "dbs": []
        },
        {
            "servers": [
                "node",
                "express"
            ],
            "buses": [],
            "gates": [],
            "monitors": [],
            "discos": [],
            "path": "/server/node_modules/depd/package.json",
            "dbs": []
        },
        {
            "servers": [
                "node",
                "express"
            ],
            "buses": [],
            "gates": [],
            "monitors": [],
            "discos": [],
            "path": "/server/node_modules/utils-merge/package.json",
            "dbs": []
        },
        {
            "path": "/server/node_modules/etag/package.json"
        },
        {
            "servers": [
                "node"
            ],
            "buses": [],
            "gates": [],
            "monitors": [],
            "discos": [],
            "path": "/server/node_modules/iconv-lite/package.json",
            "dbs": []
        },
        {
            "servers": [
                "node"
            ],
            "buses": [],
            "gates": [],
            "monitors": [],
            "discos": [],
            "path": "/server/node_modules/mime/package.json",
            "dbs": []
        },
        {
            "servers": [
                "node",
                "express"
            ],
            "buses": [],
            "gates": [],
            "monitors": [],
            "discos": [],
            "path": "/server/node_modules/array-flatten/package.json",
            "dbs": []
        },
        {
            "path": "/server/node_modules/seneca/package.json"
        },
        {
            "servers": [
                "node"
            ],
            "buses": [],
            "gates": [],
            "monitors": [],
            "discos": [],
            "path": "/server/node_modules/seneca/node_modules/qs/package.json",
            "dbs": []
        },
        {
            "servers": [
                "node",
                "express"
            ],
            "buses": [],
            "gates": [],
            "monitors": [],
            "discos": [],
            "path": "/server/node_modules/escape-html/package.json",
            "dbs": []
        },
        {
            "servers": [
                "node"
            ],
            "buses": [],
            "gates": [],
            "monitors": [],
            "discos": [],
            "path": "/server/node_modules/negotiator/package.json",
            "dbs": []
        },
        {
            "servers": [
                "node",
                "express"
            ],
            "buses": [],
            "gates": [],
            "monitors": [],
            "discos": [],
            "path": "/server/node_modules/statuses/package.json",
            "dbs": []
        },
        {
            "servers": [
                "node",
                "express"
            ],
            "buses": [],
            "gates": [],
            "monitors": [],
            "discos": [],
            "path": "/server/node_modules/qs/package.json",
            "dbs": []
        },
        {
            "servers": [
                "node"
            ],
            "buses": [],
            "gates": [],
            "monitors": [],
            "discos": [],
            "path": "/server/node_modules/split2/package.json",
            "dbs": []
        },
        {
            "servers": [
                "node"
            ],
            "buses": [],
            "gates": [],
            "monitors": [],
            "discos": [],
            "path": "/server/node_modules/patrun/package.json",
            "dbs": []
        },
        {
            "servers": [
                "node"
            ],
            "buses": [],
            "gates": [],
            "monitors": [],
            "discos": [],
            "path": "/server/node_modules/patrun/node_modules/lodash/package.json",
            "dbs": []
        },
        {
            "servers": [
                "node"
            ],
            "buses": [],
            "gates": [],
            "monitors": [],
            "discos": [],
            "path": "/server/node_modules/rolling-stats/package.json",
            "dbs": []
        },
        {
            "servers": [
                "node"
            ],
            "buses": [],
            "gates": [],
            "monitors": [],
            "discos": [],
            "path": "/server/node_modules/lodash/package.json",
            "dbs": []
        },
        {
            "servers": [
                "node"
            ],
            "buses": [],
            "gates": [],
            "monitors": [],
            "discos": [],
            "path": "/server/node_modules/mime-types/package.json",
            "dbs": []
        },
        {
            "servers": [
                "node",
                "express"
            ],
            "buses": [],
            "gates": [],
            "monitors": [],
            "discos": [],
            "path": "/server/node_modules/vary/package.json",
            "dbs": []
        },
        {
            "servers": [
                "node",
                "express"
            ],
            "buses": [],
            "gates": [],
            "monitors": [],
            "discos": [],
            "path": "/server/node_modules/express/package.json",
            "dbs": [
                "redis"
            ]
        },
        {
            "servers": [
                "node"
            ],
            "buses": [],
            "gates": [],
            "monitors": [],
            "discos": [],
            "path": "/server/node_modules/http-errors/package.json",
            "dbs": []
        },
        {
            "servers": [
                "node"
            ],
            "buses": [],
            "gates": [],
            "monitors": [],
            "discos": [],
            "path": "/server/node_modules/http-errors/node_modules/setprototypeof/package.json",
            "dbs": []
        },
        {
            "servers": [
                "node",
                "express"
            ],
            "buses": [],
            "gates": [
                "zuul"
            ],
            "monitors": [],
            "discos": [],
            "path": "/server/node_modules/safe-buffer/package.json",
            "dbs": []
        },
        {
            "servers": [
                "node",
                "express"
            ],
            "buses": [],
            "gates": [],
            "monitors": [],
            "discos": [],
            "path": "/server/node_modules/parseurl/package.json",
            "dbs": []
        },
        {
            "servers": [
                "node"
            ],
            "buses": [],
            "gates": [],
            "monitors": [],
            "discos": [],
            "path": "/server/node_modules/ms/package.json",
            "dbs": []
        },
        {
            "servers": [
                "node"
            ],
            "buses": [],
            "gates": [],
            "monitors": [],
            "discos": [],
            "path": "/server/node_modules/raw-body/package.json",
            "dbs": []
        },
        {
            "path": "/server/node_modules/json-stringify-safe/package.json"
        },
        {
            "servers": [
                "node",
                "express"
            ],
            "buses": [],
            "gates": [],
            "monitors": [],
            "discos": [],
            "path": "/server/node_modules/content-type/package.json",
            "dbs": []
        },
        {
            "servers": [
                "node"
            ],
            "buses": [],
            "gates": [],
            "monitors": [],
            "discos": [],
            "path": "/server/node_modules/ipaddr.js/package.json",
            "dbs": []
        },
        {
            "servers": [
                "node"
            ],
            "buses": [],
            "gates": [],
            "monitors": [],
            "discos": [],
            "path": "/server/node_modules/jsonic/package.json",
            "dbs": []
        },
        {
            "servers": [
                "node"
            ],
            "buses": [],
            "gates": [],
            "monitors": [],
            "discos": [],
            "path": "/hello-world-service/package.json",
            "dbs": []
        },
        {
            "servers": [
                "node"
            ],
            "buses": [],
            "gates": [],
            "monitors": [],
            "discos": [],
            "path": "/product-price-service/package.json",
            "dbs": []
        }
    ],
    "num_dockers": 4,
    "buses": [],
    "languages": [
        "javascript"
    ],
    "monitors": [],
    "dbs": [
        "max",
        "redis"
    ],
    "num_monitors": 0,
    "num_files": 107,
    "num_dbs": 2,
    "num_services": 4,
    "images": [
        "alpine"
    ],
    "url": "git://github.com/aakashk2910/CC3.git",
    "dockers": [
        {
            "cmd": "npm start",
            "servers": [],
            "monitors": [],
            "discos": [],
            "buses": [],
            "path": "/product-descp-service/Dockerfile",
            "cmd_keywords": [
                "npm",
                "start"
            ],
            "keywords": [
                "apk",
                "update",
                "nodejs",
                "cache",
                "src"
            ],
            "from_full": "alpine:latest",
            "gates": [],
            "from": "alpine",
            "langs": [],
            "dbs": []
        },
        {
            "cmd": "npm start",
            "servers": [],
            "monitors": [],
            "discos": [],
            "buses": [],
            "path": "/server/Dockerfile",
            "cmd_keywords": [
                "npm",
                "start"
            ],
            "keywords": [
                "apk",
                "update",
                "nodejs",
                "cache",
                "src"
            ],
            "from_full": "alpine:latest",
            "gates": [],
            "from": "alpine",
            "langs": [],
            "dbs": []
        },
        {
            "cmd": "npm start",
            "servers": [],
            "monitors": [],
            "discos": [],
            "buses": [],
            "path": "/hello-world-service/Dockerfile",
            "cmd_keywords": [
                "npm",
                "start"
            ],
            "keywords": [
                "apk",
                "update",
                "nodejs",
                "cache",
                "src"
            ],
            "from_full": "alpine:latest",
            "gates": [],
            "from": "alpine",
            "langs": [],
            "dbs": []
        },
        {
            "cmd": "npm start",
            "servers": [],
            "monitors": [],
            "discos": [],
            "buses": [],
            "path": "/product-price-service/Dockerfile",
            "cmd_keywords": [
                "npm",
                "start"
            ],
            "keywords": [
                "apk",
                "update",
                "nodejs",
                "cache",
                "src"
            ],
            "from_full": "alpine:latest",
            "gates": [],
            "from": "alpine",
            "langs": [],
            "dbs": []
        }
    ],
    "avg_size_service": 4313.75,
    "shared_dbs": false,
    "num_discos": 0,
    "langs": [
        "javascript"
    ],
    "name": "aakashk2910/CC3"
}