{
    "dbs": [],
    "num_langs": 2,
    "buses": [],
    "monitors": [],
    "num_services": 4,
    "num_dbs": 0,
    "num_servers": 1,
    "discos": [],
    "dockers": [
        {
            "servers": [],
            "buses": [],
            "monitors": [],
            "cmd_keywords": [],
            "from_full": "nginx:1.15.9-alpine",
            "gates": [
                "nginx"
            ],
            "dbs": [],
            "from": "nginx",
            "cmd": "",
            "discos": [],
            "langs": [],
            "path": "/services/nginx/Dockerfile",
            "keywords": [
                "conf",
                "etc",
                "default",
                "nginx"
            ]
        },
        {
            "servers": [],
            "buses": [],
            "monitors": [],
            "cmd_keywords": [
                "entrypoint",
                "usr",
                "app",
                "src"
            ],
            "from_full": "python:3.7.2-slim",
            "gates": [],
            "dbs": [],
            "from": "python",
            "cmd": "/usr/src/app/entrypoint.sh",
            "discos": [],
            "langs": [
                "python"
            ],
            "path": "/services/users/Dockerfile",
            "keywords": [
                "apt",
                "get",
                "install",
                "netcat",
                "src"
            ]
        },
        {
            "servers": [],
            "buses": [],
            "monitors": [],
            "cmd_keywords": [],
            "from_full": "postgres:11.2-alpine",
            "gates": [],
            "dbs": [],
            "from": "postgres",
            "cmd": "",
            "discos": [],
            "langs": [],
            "path": "/services/users/project/db/Dockerfile",
            "keywords": []
        }
    ],
    "num_files": 6,
    "num_dockers": 3,
    "images": [
        "python",
        "postgres",
        "nginx"
    ],
    "size": 1105,
    "servers": [
        "flask"
    ],
    "structure": {
        "detected_dbs": {
            "names": [],
            "shared_dbs": false,
            "services": [],
            "num": 0
        },
        "num_services": 4,
        "path": "/docker-compose.yml",
        "services": [
            {
                "discos": [],
                "servers": [],
                "image_full": "Dockerfile",
                "name": "users",
                "depends_on": [
                    "users-db"
                ],
                "dbs": [],
                "buses": [],
                "image": "Dockerfile",
                "gates": [],
                "monitors": []
            },
            {
                "discos": [],
                "servers": [],
                "image_full": "Dockerfile",
                "name": "client",
                "depends_on": [
                    "users"
                ],
                "dbs": [],
                "buses": [],
                "image": "Dockerfile",
                "gates": [],
                "monitors": []
            },
            {
                "discos": [],
                "servers": [],
                "image_full": "Dockerfile",
                "name": "users-db",
                "depends_on": [],
                "dbs": [],
                "buses": [],
                "image": "Dockerfile",
                "gates": [],
                "monitors": []
            },
            {
                "discos": [],
                "servers": [],
                "image_full": "Dockerfile",
                "name": "nginx",
                "depends_on": [
                    "users",
                    "client"
                ],
                "dbs": [],
                "buses": [],
                "image": "Dockerfile",
                "gates": [],
                "monitors": []
            }
        ]
    },
    "num_discos": 0,
    "files": [
        {
            "servers": [
                "flask"
            ],
            "gates": [],
            "dbs": [],
            "buses": [],
            "monitors": [],
            "discos": [],
            "path": "/services/users/requirements.txt"
        },
        {
            "servers": [],
            "gates": [],
            "dbs": [],
            "buses": [],
            "monitors": [],
            "discos": [],
            "path": "/services/client/package.json"
        }
    ],
    "num_monitors": 0,
    "num_buses": 0,
    "num_gates": 1,
    "gates": [
        "nginx"
    ],
    "name": "abodacs/codecademy-clone-app",
    "avg_size_service": 368.3333333333333,
    "url": "git://github.com/abodacs/codecademy-clone-app.git",
    "shared_dbs": false,
    "langs": [
        "python",
        "javascript"
    ],
    "languages": [
        "python",
        "javascript"
    ]
}