{
    "avg_size_service": 19.666666666666668,
    "buses": [],
    "num_dbs": 1,
    "files": [],
    "num_dockers": 3,
    "num_langs": 1,
    "num_servers": 0,
    "num_buses": 0,
    "num_discos": 0,
    "gates": [],
    "images": [
        "ruby"
    ],
    "size": 59,
    "structure": {
        "path": "/docker-compose.yml",
        "num_services": 4,
        "services": [
            {
                "buses": [],
                "name": "collect",
                "dbs": [],
                "monitors": [],
                "servers": [],
                "image": "adamkov/ufacollect",
                "image_full": "adamkov/ufacollect",
                "discos": [],
                "gates": [],
                "depends_on": [
                    "redis"
                ]
            },
            {
                "buses": [],
                "name": "notify",
                "dbs": [],
                "monitors": [],
                "servers": [],
                "image": "adamkov/ufanotify",
                "image_full": "adamkov/ufanotify",
                "discos": [],
                "gates": [],
                "depends_on": [
                    "redis"
                ]
            },
            {
                "buses": [],
                "name": "serve",
                "dbs": [],
                "monitors": [],
                "servers": [],
                "image": "adamkov/ufaserve",
                "image_full": "adamkov/ufaserve",
                "discos": [],
                "gates": [],
                "depends_on": [
                    "redis"
                ]
            },
            {
                "buses": [],
                "name": "redis",
                "dbs": [
                    "redis"
                ],
                "monitors": [],
                "servers": [],
                "image": "redis",
                "image_full": "redis:alpine",
                "discos": [],
                "gates": [],
                "depends_on": []
            }
        ],
        "detected_dbs": {
            "shared_dbs": true,
            "num": 1,
            "names": [
                "redis"
            ],
            "services": [
                "redis"
            ]
        }
    },
    "num_files": 4,
    "servers": [],
    "url": "git://github.com/adamkovesdi/ufascraper.git",
    "dbs": [
        "redis"
    ],
    "monitors": [],
    "dockers": [
        {
            "from_full": "ruby:latest",
            "buses": [],
            "dbs": [],
            "monitors": [],
            "gates": [],
            "path": "/serve/Dockerfile",
            "from": "ruby",
            "cmd": "ruby serveufa.rb -o 0.0.0.0",
            "cmd_keywords": [
                "ruby",
                "serveufa"
            ],
            "servers": [],
            "keywords": [
                "install",
                "apt",
                "get",
                "update",
                "bundle"
            ],
            "discos": [],
            "langs": [
                "ruby"
            ]
        },
        {
            "from_full": "ruby:latest",
            "buses": [],
            "dbs": [],
            "monitors": [],
            "gates": [],
            "path": "/notify/Dockerfile",
            "from": "ruby",
            "cmd": "ruby ufanotifier.rb",
            "cmd_keywords": [
                "ruby",
                "ufanotifier"
            ],
            "servers": [],
            "keywords": [
                "install",
                "apt",
                "get",
                "update",
                "bundle"
            ],
            "discos": [],
            "langs": [
                "ruby"
            ]
        },
        {
            "from_full": "ruby:latest",
            "buses": [],
            "dbs": [],
            "monitors": [],
            "gates": [],
            "path": "/collect/Dockerfile",
            "from": "ruby",
            "cmd": "ruby collect.rb",
            "cmd_keywords": [
                "ruby",
                "collect"
            ],
            "servers": [],
            "keywords": [
                "install",
                "apt",
                "get",
                "update",
                "bundle"
            ],
            "discos": [],
            "langs": [
                "ruby"
            ]
        }
    ],
    "languages": [
        "ruby"
    ],
    "num_services": 4,
    "num_gates": 0,
    "name": "adamkovesdi/ufascraper",
    "shared_dbs": true,
    "langs": [
        "ruby"
    ],
    "discos": [],
    "num_monitors": 0
}