{
    "dbs": [],
    "num_langs": 1,
    "buses": [],
    "monitors": [],
    "num_services": 0,
    "num_dbs": 0,
    "num_servers": 0,
    "discos": [],
    "dockers": [
        {
            "servers": [],
            "buses": [],
            "monitors": [],
            "cmd_keywords": [
                "credentials",
                "python"
            ],
            "from_full": "python:3-slim",
            "gates": [],
            "dbs": [],
            "from": "python",
            "cmd": "python ./ms_credentials.py",
            "discos": [],
            "langs": [
                "python"
            ],
            "path": "/mscredentials/Dockerfile",
            "keywords": [
                "install",
                "pip",
                "requests",
                "tornado"
            ]
        },
        {
            "servers": [],
            "buses": [],
            "monitors": [],
            "cmd_keywords": [
                "python",
                "usercredentials"
            ],
            "from_full": "python:3-slim",
            "gates": [],
            "dbs": [],
            "from": "python",
            "cmd": "python ./usercredentials.py",
            "discos": [],
            "langs": [
                "python"
            ],
            "path": "/userCredentials/Dockerfile",
            "keywords": [
                "install",
                "pip",
                "requests",
                "tornado"
            ]
        },
        {
            "servers": [],
            "buses": [],
            "monitors": [],
            "cmd_keywords": [
                "python",
                "logenvvar"
            ],
            "from_full": "python:3-slim",
            "gates": [],
            "dbs": [],
            "from": "python",
            "cmd": "python ./logenvvar.py",
            "discos": [],
            "langs": [
                "python"
            ],
            "path": "/logenvvar_v1/Dockerfile",
            "keywords": [
                "install",
                "pip",
                "requests",
                "tornado"
            ]
        }
    ],
    "num_files": 4,
    "num_dockers": 3,
    "images": [
        "python"
    ],
    "size": 22,
    "servers": [],
    "structure": {
        "detected_dbs": {
            "names": [],
            "shared_dbs": false,
            "services": [],
            "num": 0
        },
        "num_services": 0,
        "path": [],
        "services": []
    },
    "num_discos": 0,
    "files": [],
    "num_monitors": 0,
    "num_buses": 0,
    "num_gates": 0,
    "gates": [],
    "name": "ADAMOS-PUBLIC/Tutorial-Python-Microservice",
    "avg_size_service": 7.333333333333333,
    "url": "git://github.com/ADAMOS-PUBLIC/Tutorial-Python-Microservice.git",
    "shared_dbs": false,
    "langs": [
        "python"
    ],
    "languages": [
        "python"
    ]
}