{
    "size": 18,
    "num_dockers": 3,
    "discos": [],
    "num_files": 4,
    "avg_size_service": 6.0,
    "buses": [],
    "num_gates": 1,
    "langs": [
        "shell",
        "dockerfile",
        "php"
    ],
    "num_discos": 0,
    "num_monitors": 0,
    "dockers": [
        {
            "monitors": [],
            "cmd": "",
            "discos": [],
            "servers": [],
            "cmd_keywords": [],
            "from": "symfony/worker-base",
            "path": "/worker-dev/Dockerfile",
            "keywords": [
                "fastcgi",
                "php",
                "xdebug",
                "apt",
                "install"
            ],
            "buses": [],
            "langs": [
                "php"
            ],
            "gates": [
                "nginx"
            ],
            "dbs": [],
            "from_full": "symfony/worker-base"
        },
        {
            "monitors": [],
            "cmd": "/usr/bin/supervisord -c /etc/supervisor/conf.d/supervisord.conf",
            "discos": [],
            "servers": [],
            "cmd_keywords": [
                "supervisord",
                "conf",
                "bin",
                "usr",
                "supervisor"
            ],
            "from": "ubuntu",
            "path": "/worker-base/Dockerfile",
            "keywords": [
                "php",
                "get",
                "nginx",
                "etc",
                "apt"
            ],
            "buses": [],
            "langs": [
                "php"
            ],
            "gates": [
                "nginx"
            ],
            "dbs": [
                "mysql"
            ],
            "from_full": "ubuntu:14.04"
        },
        {
            "monitors": [],
            "cmd": "",
            "discos": [],
            "servers": [],
            "cmd_keywords": [],
            "from": "symfony/worker-base",
            "path": "/worker-prod/Dockerfile",
            "keywords": [
                "app",
                "www",
                "var",
                "data",
                "logs"
            ],
            "buses": [],
            "langs": [],
            "gates": [],
            "dbs": [],
            "from_full": "symfony/worker-base"
        }
    ],
    "num_dbs": 1,
    "monitors": [],
    "shared_dbs": false,
    "structure": {
        "services": [],
        "detected_dbs": {
            "num": 0,
            "names": [],
            "services": [],
            "shared_dbs": false
        },
        "num_services": 0,
        "path": "/docker-compose.yml"
    },
    "num_buses": 0,
    "servers": [],
    "url": "git://github.com/advancingu/SfDocker.git",
    "num_services": 0,
    "gates": [
        "nginx"
    ],
    "files": [],
    "name": "advancingu/SfDocker",
    "languages": [
        "shell",
        "dockerfile"
    ],
    "images": [
        "ubuntu",
        "symfony/worker-base"
    ],
    "dbs": [
        "mysql"
    ],
    "num_servers": 0,
    "num_langs": 3
}