{
    "structure": {
        "path": [],
        "services": [],
        "num_services": 0,
        "detected_dbs": {
            "names": [],
            "num": 0,
            "services": [],
            "shared_dbs": false
        }
    },
    "discos": [
        "eureka"
    ],
    "size": 9,
    "num_gates": 0,
    "num_langs": 2,
    "servers": [
        "spring"
    ],
    "gates": [],
    "num_servers": 1,
    "num_buses": 0,
    "files": [
        {
            "servers": [
                "spring"
            ],
            "buses": [],
            "gates": [],
            "monitors": [],
            "discos": [
                "eureka"
            ],
            "path": "/pom.xml",
            "dbs": []
        }
    ],
    "num_dockers": 1,
    "buses": [],
    "languages": [
        "java",
        "dockerfile"
    ],
    "monitors": [],
    "dbs": [],
    "num_monitors": 0,
    "num_files": 3,
    "num_dbs": 0,
    "num_services": 0,
    "images": [
        "java"
    ],
    "url": "git://github.com/afermon/PiggyMetrics-registry-service.git",
    "dockers": [
        {
            "cmd": "java -Xmx200m -jar /app/registry.jar",
            "servers": [],
            "monitors": [],
            "discos": [],
            "buses": [],
            "path": "/Dockerfile",
            "cmd_keywords": [
                "jar",
                "app",
                "java",
                "xmx",
                "registry"
            ],
            "keywords": [],
            "from_full": "java:8-jre-alpine",
            "gates": [],
            "from": "java",
            "langs": [
                "java"
            ],
            "dbs": []
        }
    ],
    "avg_size_service": 9.0,
    "shared_dbs": false,
    "num_discos": 1,
    "langs": [
        "java",
        "dockerfile"
    ],
    "name": "afermon/PiggyMetrics-registry-service"
}