{
    "size": 112,
    "avg_size_service": 112.0,
    "name": "akashkatakam/webapp-backend",
    "languages": [
        "java"
    ],
    "servers": [
        "tomcat",
        "spring"
    ],
    "num_dbs": 2,
    "images": [
        "openjdk"
    ],
    "structure": {
        "path": [],
        "num_services": 0,
        "services": [],
        "detected_dbs": {
            "services": [],
            "names": [],
            "shared_dbs": false,
            "num": 0
        }
    },
    "num_dockers": 1,
    "num_buses": 0,
    "num_services": 0,
    "dockers": [
        {
            "path": "/Dockerfile",
            "from": "openjdk",
            "langs": [],
            "cmd": "",
            "servers": [],
            "from_full": "openjdk:8-jdk-alpine",
            "keywords": [],
            "cmd_keywords": [],
            "monitors": [],
            "buses": [],
            "dbs": [],
            "gates": [],
            "discos": []
        }
    ],
    "num_langs": 1,
    "langs": [
        "java"
    ],
    "discos": [],
    "num_gates": 0,
    "num_monitors": 1,
    "num_files": 3,
    "files": [
        {
            "path": "/pom.xml",
            "monitors": [
                "prometheus"
            ],
            "dbs": [
                "redis",
                "mariadb",
                "mysql"
            ],
            "buses": [],
            "servers": [
                "tomcat",
                "spring"
            ],
            "gates": [],
            "discos": []
        }
    ],
    "shared_dbs": false,
    "monitors": [
        "prometheus"
    ],
    "num_servers": 2,
    "url": "git://github.com/akashkatakam/webapp-backend.git",
    "dbs": [
        "redis",
        "mysql"
    ],
    "num_discos": 0,
    "gates": [],
    "buses": []
}