{
    "num_langs": 1,
    "dbs": [
        "mysql"
    ],
    "num_servers": 1,
    "languages": [
        "javascript"
    ],
    "num_discos": 0,
    "avg_size_service": 22.5,
    "dockers": [
        {
            "gates": [],
            "dbs": [],
            "monitors": [],
            "cmd": "yarn start",
            "servers": [
                "node"
            ],
            "keywords": [
                "frozen",
                "yarn",
                "install",
                "lockfile"
            ],
            "from": "node",
            "cmd_keywords": [
                "start",
                "yarn"
            ],
            "from_full": "node:12-alpine",
            "path": "/api/Dockerfile",
            "buses": [],
            "langs": [],
            "discos": []
        },
        {
            "gates": [],
            "dbs": [],
            "monitors": [],
            "cmd": "crond -f -L /dev/stdout",
            "servers": [
                "node"
            ],
            "keywords": [
                "status",
                "albion",
                "check",
                "etc",
                "cron"
            ],
            "from": "node",
            "cmd_keywords": [
                "dev",
                "stdout",
                "crond"
            ],
            "from_full": "node:12-alpine",
            "path": "/scrape-and-tweet/Dockerfile",
            "buses": [],
            "langs": [],
            "discos": []
        }
    ],
    "num_gates": 0,
    "buses": [],
    "langs": [
        "javascript"
    ],
    "num_buses": 0,
    "discos": [],
    "num_dbs": 1,
    "num_files": 4,
    "url": "git://github.com/albionstatus/albionstatus-backend.git",
    "shared_dbs": true,
    "monitors": [],
    "num_services": 3,
    "files": [
        {
            "dbs": [
                "mysql"
            ],
            "monitors": [],
            "buses": [],
            "path": "/src/package.json",
            "servers": [],
            "gates": [],
            "discos": []
        }
    ],
    "servers": [
        "node"
    ],
    "num_monitors": 0,
    "gates": [],
    "size": 45,
    "num_dockers": 2,
    "images": [
        "node"
    ],
    "structure": {
        "path": "/docker-compose.yml",
        "services": [
            {
                "image": ".",
                "depends_on": [
                    "db"
                ],
                "dbs": [],
                "name": "api",
                "image_full": ".",
                "discos": [],
                "buses": [],
                "servers": [],
                "gates": [],
                "monitors": []
            },
            {
                "image": ".",
                "depends_on": [
                    "db"
                ],
                "dbs": [],
                "name": "scraper",
                "image_full": ".",
                "discos": [],
                "buses": [],
                "servers": [],
                "gates": [],
                "monitors": []
            },
            {
                "image": "mysql",
                "depends_on": [],
                "dbs": [
                    "mysql"
                ],
                "name": "db",
                "image_full": "mysql:5.7",
                "discos": [],
                "buses": [],
                "servers": [],
                "gates": [],
                "monitors": []
            }
        ],
        "detected_dbs": {
            "names": [
                "mysql"
            ],
            "shared_dbs": true,
            "num": 1,
            "services": [
                "db"
            ]
        },
        "num_services": 3
    },
    "name": "albionstatus/albionstatus-backend"
}