{
    "files": [
        {
            "monitors": [],
            "discos": [],
            "buses": [],
            "gates": [],
            "path": "/TelegramBot/requirements.txt",
            "dbs": [
                "mysql"
            ],
            "servers": [
                "flask"
            ]
        },
        {
            "monitors": [],
            "discos": [],
            "buses": [],
            "gates": [],
            "path": "/TelegramPoll/requirements.txt",
            "dbs": [
                "mysql"
            ],
            "servers": [
                "flask"
            ]
        },
        {
            "monitors": [],
            "discos": [],
            "buses": [],
            "gates": [],
            "path": "/purchase_microservice/requirements.txt",
            "dbs": [
                "mysql"
            ],
            "servers": [
                "flask"
            ]
        },
        {
            "monitors": [],
            "discos": [],
            "buses": [],
            "gates": [],
            "path": "/paypal_microservice/requirements.txt",
            "dbs": [
                "mysql"
            ],
            "servers": [
                "flask"
            ]
        },
        {
            "monitors": [],
            "discos": [],
            "buses": [],
            "gates": [],
            "path": "/furniture_microservice/requirements.txt",
            "dbs": [
                "mysql"
            ],
            "servers": [
                "flask"
            ]
        },
        {
            "monitors": [],
            "discos": [],
            "buses": [],
            "gates": [],
            "path": "/customer_microservice/requirements.txt",
            "dbs": [
                "mysql"
            ],
            "servers": [
                "flask"
            ]
        },
        {
            "monitors": [],
            "discos": [],
            "buses": [],
            "gates": [],
            "path": "/start_up/requirements.txt",
            "dbs": [],
            "servers": []
        },
        {
            "monitors": [],
            "discos": [],
            "buses": [],
            "gates": [],
            "path": "/routing_microservice/requirements.txt",
            "dbs": [
                "mysql"
            ],
            "servers": [
                "flask"
            ]
        }
    ],
    "num_services": 12,
    "discos": [],
    "dbs": [
        "mysql"
    ],
    "avg_size_service": 1863.3,
    "name": "alch-1/delivery-enterprise-solution",
    "num_buses": 1,
    "num_langs": 4,
    "monitors": [],
    "num_files": 19,
    "langs": [
        "css",
        "php",
        "html",
        "python"
    ],
    "num_gates": 0,
    "dockers": [
        {
            "monitors": [],
            "discos": [],
            "dbs": [],
            "gates": [],
            "path": "/Dockerfile",
            "cmd_keywords": [],
            "from_full": "php:7.3.3-apache",
            "servers": [],
            "buses": [],
            "langs": [
                "php"
            ],
            "cmd": "",
            "from": "php",
            "keywords": [
                "get",
                "apt",
                "php",
                "install",
                "update"
            ]
        },
        {
            "monitors": [],
            "discos": [],
            "dbs": [],
            "gates": [],
            "path": "/TelegramBot/Dockerfile",
            "cmd_keywords": [
                "telegrambot",
                "python"
            ],
            "from_full": "python:3",
            "servers": [],
            "buses": [],
            "langs": [
                "python"
            ],
            "cmd": "python ./telegramBot.py",
            "from": "python",
            "keywords": [
                "install",
                "cache",
                "requirements",
                "dir",
                "pip"
            ]
        },
        {
            "monitors": [],
            "discos": [],
            "dbs": [],
            "gates": [],
            "path": "/TelegramPoll/Dockerfile",
            "cmd_keywords": [
                "telegrampoll",
                "python"
            ],
            "from_full": "python:3",
            "servers": [],
            "buses": [],
            "langs": [
                "python"
            ],
            "cmd": "python ./telegramPoll.py",
            "from": "python",
            "keywords": [
                "install",
                "cache",
                "requirements",
                "dir",
                "pip"
            ]
        },
        {
            "monitors": [],
            "discos": [],
            "dbs": [],
            "gates": [],
            "path": "/purchase_microservice/Dockerfile",
            "cmd_keywords": [
                "purchase",
                "python"
            ],
            "from_full": "python:3",
            "servers": [],
            "buses": [],
            "langs": [
                "python"
            ],
            "cmd": "python ./purchase.py",
            "from": "python",
            "keywords": [
                "install",
                "cache",
                "requirements",
                "dir",
                "pip"
            ]
        },
        {
            "monitors": [],
            "discos": [],
            "dbs": [],
            "gates": [],
            "path": "/paypal_microservice/Dockerfile",
            "cmd_keywords": [
                "payment",
                "python"
            ],
            "from_full": "python:3",
            "servers": [],
            "buses": [],
            "langs": [
                "python"
            ],
            "cmd": "python ./payment.py",
            "from": "python",
            "keywords": [
                "install",
                "cache",
                "requirements",
                "dir",
                "pip"
            ]
        },
        {
            "monitors": [],
            "discos": [],
            "dbs": [],
            "gates": [],
            "path": "/furniture_microservice/Dockerfile",
            "cmd_keywords": [
                "furniture",
                "python"
            ],
            "from_full": "python:3",
            "servers": [],
            "buses": [],
            "langs": [
                "python"
            ],
            "cmd": "python ./furniture.py",
            "from": "python",
            "keywords": [
                "install",
                "cache",
                "requirements",
                "dir",
                "pip"
            ]
        },
        {
            "monitors": [],
            "discos": [],
            "dbs": [],
            "gates": [],
            "path": "/customer_microservice/Dockerfile",
            "cmd_keywords": [
                "customer",
                "python"
            ],
            "from_full": "python:3",
            "servers": [],
            "buses": [],
            "langs": [
                "python"
            ],
            "cmd": "python ./customer.py",
            "from": "python",
            "keywords": [
                "install",
                "cache",
                "requirements",
                "dir",
                "pip"
            ]
        },
        {
            "monitors": [],
            "discos": [],
            "dbs": [],
            "gates": [],
            "path": "/start_up/Dockerfile",
            "cmd_keywords": [
                "start",
                "python"
            ],
            "from_full": "python:3",
            "servers": [],
            "buses": [],
            "langs": [
                "python"
            ],
            "cmd": "python ./start_up.py",
            "from": "python",
            "keywords": [
                "install",
                "cache",
                "requirements",
                "dir",
                "pip"
            ]
        },
        {
            "monitors": [],
            "discos": [],
            "dbs": [
                "mysql"
            ],
            "gates": [],
            "path": "/database/Dockerfile",
            "cmd_keywords": [],
            "from_full": "mysql:latest",
            "servers": [],
            "buses": [],
            "langs": [],
            "cmd": "",
            "from": "mysql",
            "keywords": []
        },
        {
            "monitors": [],
            "discos": [],
            "dbs": [],
            "gates": [],
            "path": "/routing_microservice/Dockerfile",
            "cmd_keywords": [
                "routing",
                "python"
            ],
            "from_full": "python:3",
            "servers": [],
            "buses": [],
            "langs": [
                "python"
            ],
            "cmd": "python ./routing.py",
            "from": "python",
            "keywords": [
                "install",
                "cache",
                "requirements",
                "dir",
                "pip"
            ]
        }
    ],
    "structure": {
        "path": "/docker-compose.yml",
        "detected_dbs": {
            "names": [],
            "services": [],
            "num": 0,
            "shared_dbs": false
        },
        "num_services": 12,
        "services": [
            {
                "monitors": [],
                "image": "./start_up",
                "discos": [],
                "buses": [],
                "gates": [],
                "name": "start_up",
                "depends_on": [
                    "routing",
                    "telegram_poll"
                ],
                "dbs": [],
                "servers": [],
                "image_full": "./start_up"
            },
            {
                "monitors": [],
                "image": "./furniture_microservice",
                "discos": [],
                "buses": [],
                "gates": [],
                "name": "product",
                "depends_on": [
                    "mysql"
                ],
                "dbs": [],
                "servers": [],
                "image_full": "./furniture_microservice"
            },
            {
                "monitors": [],
                "image": "./",
                "discos": [],
                "buses": [],
                "gates": [],
                "name": "web",
                "depends_on": [
                    "mysql",
                    "rabbitmq",
                    "customer",
                    "product"
                ],
                "dbs": [],
                "servers": [],
                "image_full": "./"
            },
            {
                "monitors": [],
                "image": "shkoliar/ngrok",
                "discos": [],
                "buses": [],
                "gates": [],
                "name": "ngrok",
                "depends_on": [],
                "dbs": [],
                "servers": [],
                "image_full": "shkoliar/ngrok:latest"
            },
            {
                "monitors": [],
                "image": "./database",
                "discos": [],
                "buses": [],
                "gates": [],
                "name": "mysql",
                "depends_on": [],
                "dbs": [],
                "servers": [],
                "image_full": "./database"
            },
            {
                "monitors": [],
                "image": "./purchase_microservice",
                "discos": [],
                "buses": [],
                "gates": [],
                "name": "purchase",
                "depends_on": [
                    "rabbitmq",
                    "mysql"
                ],
                "dbs": [],
                "servers": [],
                "image_full": "./purchase_microservice"
            },
            {
                "monitors": [],
                "image": "rabbitmq",
                "discos": [],
                "buses": [
                    "rabbitmq"
                ],
                "gates": [],
                "name": "rabbitmq",
                "depends_on": [],
                "dbs": [],
                "servers": [],
                "image_full": "rabbitmq:3-management"
            },
            {
                "monitors": [],
                "image": "./customer_microservice",
                "discos": [],
                "buses": [],
                "gates": [],
                "name": "customer",
                "depends_on": [
                    "mysql"
                ],
                "dbs": [],
                "servers": [],
                "image_full": "./customer_microservice"
            },
            {
                "monitors": [],
                "image": "./TelegramBot",
                "discos": [],
                "buses": [],
                "gates": [],
                "name": "telegram_bot",
                "depends_on": [
                    "paypal",
                    "purchase",
                    "rabbitmq",
                    "mysql"
                ],
                "dbs": [],
                "servers": [],
                "image_full": "./TelegramBot"
            },
            {
                "monitors": [],
                "image": "./paypal_microservice",
                "discos": [],
                "buses": [],
                "gates": [],
                "name": "paypal",
                "depends_on": [
                    "rabbitmq",
                    "mysql"
                ],
                "dbs": [],
                "servers": [],
                "image_full": "./paypal_microservice"
            },
            {
                "monitors": [],
                "image": "./routing_microservice",
                "discos": [],
                "buses": [],
                "gates": [],
                "name": "routing",
                "depends_on": [
                    "rabbitmq",
                    "mysql",
                    "purchase"
                ],
                "dbs": [],
                "servers": [],
                "image_full": "./routing_microservice"
            },
            {
                "monitors": [],
                "image": "./TelegramPoll",
                "discos": [],
                "buses": [],
                "gates": [],
                "name": "telegram_poll",
                "depends_on": [
                    "paypal",
                    "purchase",
                    "rabbitmq",
                    "mysql"
                ],
                "dbs": [],
                "servers": [],
                "image_full": "./TelegramPoll"
            }
        ]
    },
    "size": 18633,
    "num_discos": 0,
    "languages": [
        "html",
        "css"
    ],
    "url": "git://github.com/alch-1/delivery-enterprise-solution.git",
    "buses": [
        "rabbitmq"
    ],
    "gates": [],
    "shared_dbs": false,
    "servers": [
        "flask"
    ],
    "images": [
        "mysql",
        "php",
        "python"
    ],
    "num_servers": 1,
    "num_dockers": 10,
    "num_monitors": 0,
    "num_dbs": 1
}