{
    "size": 211,
    "num_dockers": 9,
    "discos": [],
    "num_files": 11,
    "avg_size_service": 23.444444444444443,
    "buses": [],
    "num_gates": 1,
    "langs": [
        "makefile",
        "python",
        "shell",
        "dockerfile"
    ],
    "num_discos": 0,
    "num_monitors": 1,
    "dockers": [
        {
            "monitors": [],
            "cmd": "supervisord -c /app/supervisord.conf",
            "discos": [],
            "servers": [],
            "cmd_keywords": [
                "supervisord",
                "app",
                "conf"
            ],
            "from": "python",
            "path": "/Dockerfile",
            "keywords": [
                "apt",
                "dev",
                "venv",
                "install",
                "org"
            ],
            "buses": [],
            "langs": [
                "python"
            ],
            "gates": [
                "nginx"
            ],
            "dbs": [
                "mongodb"
            ],
            "from_full": "python:3.7"
        },
        {
            "monitors": [],
            "cmd": "nginx -g daemon off;",
            "discos": [],
            "servers": [],
            "cmd_keywords": [
                "daemon",
                "nginx",
                "off"
            ],
            "from": "nginx",
            "path": "/examples/apache/webui/Dockerfile",
            "keywords": [
                "tar",
                "npm",
                "webui",
                "components",
                "install"
            ],
            "buses": [],
            "langs": [],
            "gates": [
                "nginx"
            ],
            "dbs": [],
            "from_full": "nginx:stable-alpine"
        },
        {
            "monitors": [],
            "cmd": "nginx -g daemon off;",
            "discos": [],
            "servers": [],
            "cmd_keywords": [
                "daemon",
                "nginx",
                "off"
            ],
            "from": "nginx",
            "path": "/examples/envoy/webui/Dockerfile",
            "keywords": [
                "tar",
                "npm",
                "webui",
                "components",
                "install"
            ],
            "buses": [],
            "langs": [],
            "gates": [
                "nginx"
            ],
            "dbs": [],
            "from_full": "nginx:stable-alpine"
        },
        {
            "monitors": [],
            "cmd": "snmptrapd -f -Lo -n -m+ALL -Dtrap",
            "discos": [],
            "servers": [],
            "cmd_keywords": [
                "all",
                "snmptrapd",
                "dtrap"
            ],
            "from": "ubuntu",
            "path": "/examples/snmptrap/Dockerfile",
            "keywords": [
                "git",
                "install",
                "get",
                "alerta",
                "snmptrapd"
            ],
            "buses": [],
            "langs": [
                "python"
            ],
            "gates": [],
            "dbs": [],
            "from_full": "ubuntu"
        },
        {
            "monitors": [],
            "cmd": "nginx -g daemon off;",
            "discos": [],
            "servers": [],
            "cmd_keywords": [
                "daemon",
                "nginx",
                "off"
            ],
            "from": "nginx",
            "path": "/examples/nginx/webui/Dockerfile",
            "keywords": [
                "tar",
                "npm",
                "webui",
                "components",
                "install"
            ],
            "buses": [],
            "langs": [],
            "gates": [
                "nginx"
            ],
            "dbs": [],
            "from_full": "nginx:stable-alpine"
        },
        {
            "monitors": [
                "nagios"
            ],
            "cmd": "",
            "discos": [],
            "servers": [],
            "cmd_keywords": [],
            "from": "jasonrivers/nagios",
            "path": "/examples/nagios/Dockerfile",
            "keywords": [
                "nagios",
                "get",
                "apt",
                "key",
                "alerta"
            ],
            "buses": [],
            "langs": [],
            "gates": [],
            "dbs": [],
            "from_full": "jasonrivers/nagios"
        },
        {
            "monitors": [],
            "cmd": "nginx -g daemon off;",
            "discos": [],
            "servers": [],
            "cmd_keywords": [
                "daemon",
                "nginx",
                "off"
            ],
            "from": "nginx",
            "path": "/examples/traefik/webui/Dockerfile",
            "keywords": [
                "tar",
                "npm",
                "webui",
                "components",
                "install"
            ],
            "buses": [],
            "langs": [],
            "gates": [
                "nginx"
            ],
            "dbs": [],
            "from_full": "nginx:stable-alpine"
        },
        {
            "monitors": [],
            "cmd": "uwsgi --ini /app/uwsgi.ini",
            "discos": [],
            "servers": [],
            "cmd_keywords": [
                "uwsgi",
                "ini",
                "app"
            ],
            "from": "python",
            "path": "/contrib/kubernetes/backend/Dockerfile",
            "keywords": [
                "venv",
                "install",
                "alerta",
                "get",
                "apt"
            ],
            "buses": [],
            "langs": [
                "python"
            ],
            "gates": [],
            "dbs": [
                "mongodb"
            ],
            "from_full": "python:3.6"
        },
        {
            "monitors": [],
            "cmd": "nginx -g daemon off;",
            "discos": [],
            "servers": [],
            "cmd_keywords": [
                "daemon",
                "nginx",
                "off"
            ],
            "from": "nginx",
            "path": "/contrib/kubernetes/frontend/Dockerfile",
            "keywords": [
                "share",
                "usr",
                "html",
                "nginx",
                "tmp"
            ],
            "buses": [],
            "langs": [],
            "gates": [
                "nginx"
            ],
            "dbs": [],
            "from_full": "nginx:1.13"
        }
    ],
    "num_dbs": 1,
    "monitors": [
        "nagios"
    ],
    "shared_dbs": false,
    "structure": {
        "services": [
            {
                "monitors": [],
                "buses": [],
                "image": ".",
                "image_full": ".",
                "discos": [],
                "name": "web",
                "depends_on": [
                    "db"
                ],
                "dbs": [],
                "servers": [],
                "gates": []
            },
            {
                "monitors": [],
                "buses": [],
                "image": "postgres",
                "image_full": "postgres",
                "discos": [],
                "name": "db",
                "depends_on": [],
                "dbs": [],
                "servers": [],
                "gates": []
            }
        ],
        "detected_dbs": {
            "num": 0,
            "names": [],
            "services": [],
            "shared_dbs": false
        },
        "num_services": 2,
        "path": "/docker-compose.yml"
    },
    "num_buses": 0,
    "servers": [
        "flask"
    ],
    "url": "git://github.com/alerta/docker-alerta.git",
    "num_services": 2,
    "gates": [
        "nginx"
    ],
    "files": [
        {
            "monitors": [],
            "buses": [],
            "discos": [],
            "gates": [],
            "dbs": [],
            "servers": [
                "flask"
            ],
            "path": "/requirements.txt"
        }
    ],
    "name": "alerta/docker-alerta",
    "languages": [
        "shell",
        "dockerfile",
        "makefile"
    ],
    "images": [
        "python",
        "ubuntu",
        "jasonrivers/nagios",
        "nginx"
    ],
    "dbs": [
        "db"
    ],
    "num_servers": 1,
    "num_langs": 4
}