{
    "num_discos": 0,
    "url": "git://github.com/AleSlabkov/matrix_microservice.git",
    "num_servers": 0,
    "discos": [],
    "dbs": [],
    "num_gates": 0,
    "name": "AleSlabkov/matrix_microservice",
    "num_langs": 1,
    "num_dockers": 1,
    "images": [
        "base"
    ],
    "size": 41,
    "langs": [
        "c#"
    ],
    "dockers": [
        {
            "cmd": "",
            "servers": [],
            "path": "/ClearStar.Microservice.Auth/Dockerfile",
            "discos": [],
            "dbs": [],
            "from": "base",
            "from_full": "base",
            "monitors": [],
            "cmd_keywords": [],
            "gates": [],
            "buses": [],
            "langs": [],
            "keywords": [
                "microservice",
                "clearstar",
                "auth",
                "csproj",
                "dotnet"
            ]
        }
    ],
    "num_services": 1,
    "shared_dbs": false,
    "languages": [
        "c#"
    ],
    "servers": [],
    "buses": [],
    "num_files": 2,
    "structure": {
        "services": [
            {
                "name": "clearstar.microservice.auth",
                "image": "${DOCKER_REGISTRY}clearstarmicroserviceauth",
                "image_full": "${DOCKER_REGISTRY}clearstarmicroserviceauth",
                "gates": [],
                "servers": [],
                "buses": [],
                "discos": [],
                "dbs": [],
                "monitors": [],
                "depends_on": []
            }
        ],
        "path": "/docker-compose.yml",
        "detected_dbs": {
            "names": [],
            "shared_dbs": false,
            "num": 0,
            "services": []
        },
        "num_services": 1
    },
    "avg_size_service": 41.0,
    "monitors": [],
    "gates": [],
    "num_monitors": 0,
    "num_dbs": 0,
    "num_buses": 0,
    "files": []
}