{
    "size": 0,
    "avg_size_service": 0.0,
    "name": "alokpsharma/microservice-docker-cart-config-master",
    "languages": [],
    "servers": [],
    "num_dbs": 0,
    "images": [],
    "structure": {
        "path": [],
        "num_services": 0,
        "services": [],
        "detected_dbs": {
            "services": [],
            "names": [],
            "shared_dbs": false,
            "num": 0
        }
    },
    "num_dockers": 0,
    "num_buses": 0,
    "num_services": 0,
    "dockers": [],
    "num_langs": 0,
    "langs": [],
    "discos": [],
    "num_gates": 0,
    "num_monitors": 0,
    "num_files": 1,
    "files": [],
    "shared_dbs": false,
    "monitors": [],
    "num_servers": 0,
    "url": "git://github.com/alokpsharma/microservice-docker-cart-config-master.git",
    "dbs": [],
    "num_discos": 0,
    "gates": [],
    "buses": []
}