{
    "size": 54,
    "num_dockers": 3,
    "discos": [],
    "num_files": 7,
    "avg_size_service": 18.0,
    "buses": [],
    "num_gates": 1,
    "langs": [
        "javascript",
        "dockerfile"
    ],
    "num_discos": 0,
    "num_monitors": 0,
    "dockers": [
        {
            "monitors": [],
            "cmd": "npm start",
            "discos": [],
            "servers": [
                "node"
            ],
            "cmd_keywords": [
                "start",
                "npm"
            ],
            "from": "node",
            "path": "/service/Dockerfile",
            "keywords": [
                "install",
                "npm"
            ],
            "buses": [],
            "langs": [],
            "gates": [],
            "dbs": [],
            "from_full": "node:10.16-alpine"
        },
        {
            "monitors": [],
            "cmd": "npm start",
            "discos": [],
            "servers": [
                "node"
            ],
            "cmd_keywords": [
                "start",
                "npm"
            ],
            "from": "node",
            "path": "/api_gateway/Dockerfile",
            "keywords": [
                "install",
                "npm"
            ],
            "buses": [],
            "langs": [],
            "gates": [],
            "dbs": [],
            "from_full": "node:10.16-alpine"
        },
        {
            "monitors": [],
            "cmd": "npm start",
            "discos": [],
            "servers": [
                "node"
            ],
            "cmd_keywords": [
                "start",
                "npm"
            ],
            "from": "node",
            "path": "/auth/Dockerfile",
            "keywords": [
                "install",
                "npm"
            ],
            "buses": [],
            "langs": [],
            "gates": [],
            "dbs": [],
            "from_full": "node:10.16-alpine"
        }
    ],
    "num_dbs": 0,
    "monitors": [],
    "shared_dbs": false,
    "structure": {
        "services": [
            {
                "monitors": [],
                "buses": [],
                "image": "node",
                "image_full": "node:10.16-alpine",
                "discos": [],
                "name": "api",
                "depends_on": [],
                "dbs": [],
                "servers": [
                    "node"
                ],
                "gates": []
            },
            {
                "monitors": [],
                "buses": [],
                "image": "node",
                "image_full": "node:10.16-alpine",
                "discos": [],
                "name": "service",
                "depends_on": [],
                "dbs": [],
                "servers": [
                    "node"
                ],
                "gates": []
            },
            {
                "monitors": [],
                "buses": [],
                "image": "node",
                "image_full": "node:10.16-alpine",
                "discos": [],
                "name": "auth",
                "depends_on": [],
                "dbs": [],
                "servers": [
                    "node"
                ],
                "gates": []
            }
        ],
        "detected_dbs": {
            "num": 0,
            "names": [],
            "services": [],
            "shared_dbs": false
        },
        "num_services": 3,
        "path": "/docker-compose.yml"
    },
    "num_buses": 0,
    "servers": [
        "node",
        "express"
    ],
    "url": "git://github.com/AlvesWesley/microservice-docker.git",
    "num_services": 3,
    "gates": [
        "gateway"
    ],
    "files": [
        {
            "monitors": [],
            "buses": [],
            "discos": [],
            "gates": [],
            "dbs": [],
            "servers": [
                "express",
                "node"
            ],
            "path": "/service/package.json"
        },
        {
            "monitors": [],
            "buses": [],
            "discos": [],
            "gates": [
                "gateway"
            ],
            "dbs": [],
            "servers": [
                "express",
                "node"
            ],
            "path": "/api_gateway/package.json"
        },
        {
            "monitors": [],
            "buses": [],
            "discos": [],
            "gates": [],
            "dbs": [],
            "servers": [
                "express",
                "node"
            ],
            "path": "/auth/package.json"
        }
    ],
    "name": "AlvesWesley/microservice-docker",
    "languages": [
        "javascript",
        "dockerfile"
    ],
    "images": [
        "node"
    ],
    "dbs": [],
    "num_servers": 2,
    "num_langs": 2
}