{
    "size": 144,
    "num_dockers": 0,
    "discos": [],
    "num_files": 1,
    "avg_size_service": 144.0,
    "buses": [],
    "num_gates": 0,
    "langs": [
        "jupyternotebook"
    ],
    "num_discos": 0,
    "num_monitors": 0,
    "dockers": [],
    "num_dbs": 0,
    "monitors": [],
    "shared_dbs": false,
    "structure": {
        "services": [],
        "detected_dbs": {
            "num": 0,
            "names": [],
            "services": [],
            "shared_dbs": false
        },
        "num_services": 0,
        "path": []
    },
    "num_buses": 0,
    "servers": [],
    "url": "git://github.com/anasuya23jul/dfki-assignment.git",
    "num_services": 0,
    "gates": [],
    "files": [],
    "name": "anasuya23jul/dfki-assignment",
    "languages": [
        "jupyternotebook"
    ],
    "images": [],
    "dbs": [],
    "num_servers": 0,
    "num_langs": 1
}