{
    "avg_size_service": 0.0,
    "discos": [],
    "images": [
        "scratch"
    ],
    "num_dockers": 1,
    "num_servers": 0,
    "langs": [
        "scratch",
        "go",
        "dockerfile"
    ],
    "languages": [
        "dockerfile",
        "go"
    ],
    "num_services": 0,
    "num_gates": 0,
    "num_langs": 3,
    "monitors": [],
    "gates": [],
    "servers": [],
    "num_monitors": 0,
    "structure": {
        "path": [],
        "services": [],
        "num_services": 0,
        "detected_dbs": {
            "names": [],
            "num": 0,
            "services": [],
            "shared_dbs": false
        }
    },
    "size": 0,
    "url": "git://github.com/anderfilth/microservices-dockergo.git",
    "num_buses": 0,
    "shared_dbs": false,
    "files": [],
    "num_discos": 0,
    "dockers": [
        {
            "path": "/Dockerfile",
            "from_full": "scratch",
            "from": "scratch",
            "cmd": "/app",
            "keywords": [
                "app",
                "main",
                "enabled",
                "build",
                "cgo"
            ],
            "servers": [],
            "gates": [],
            "langs": [
                "scratch"
            ],
            "discos": [],
            "monitors": [],
            "cmd_keywords": [
                "app"
            ],
            "dbs": [],
            "buses": []
        }
    ],
    "name": "anderfilth/microservices-dockergo",
    "buses": [],
    "num_files": 2,
    "dbs": [],
    "num_dbs": 0
}