{
    "size": 15191,
    "avg_size_service": 3797.75,
    "name": "andries-devwork/mono-to-micro",
    "languages": [
        "typescript"
    ],
    "servers": [
        "node",
        "express"
    ],
    "num_dbs": 0,
    "images": [
        "node",
        "nginx"
    ],
    "structure": {
        "path": [],
        "num_services": 0,
        "services": [],
        "detected_dbs": {
            "services": [],
            "names": [],
            "shared_dbs": false,
            "num": 0
        }
    },
    "num_dockers": 4,
    "num_buses": 0,
    "num_services": 0,
    "dockers": [
        {
            "path": "/udacity-c3-frontend/Dockerfile",
            "from": "nginx",
            "langs": [],
            "cmd": "",
            "servers": [],
            "from_full": "nginx:alpine",
            "keywords": [
                "npm",
                "build",
                "ionic"
            ],
            "cmd_keywords": [],
            "monitors": [],
            "buses": [],
            "dbs": [],
            "gates": [
                "nginx"
            ],
            "discos": []
        },
        {
            "path": "/udacity-c3-restapi-feed/Dockerfile",
            "from": "node",
            "langs": [],
            "cmd": "npm run prod",
            "servers": [
                "node"
            ],
            "from_full": "node:12",
            "keywords": [
                "npm"
            ],
            "cmd_keywords": [
                "run",
                "prod",
                "npm"
            ],
            "monitors": [],
            "buses": [],
            "dbs": [],
            "gates": [],
            "discos": []
        },
        {
            "path": "/udacity-c3-restapi-user/Dockerfile",
            "from": "node",
            "langs": [],
            "cmd": "npm run prod",
            "servers": [
                "node"
            ],
            "from_full": "node:12",
            "keywords": [
                "npm"
            ],
            "cmd_keywords": [
                "run",
                "prod",
                "npm"
            ],
            "monitors": [],
            "buses": [],
            "dbs": [],
            "gates": [],
            "discos": []
        },
        {
            "path": "/udacity-c3-deployment/docker/Dockerfile",
            "from": "nginx",
            "langs": [],
            "cmd": "",
            "servers": [],
            "from_full": "nginx:alpine",
            "keywords": [],
            "cmd_keywords": [],
            "monitors": [],
            "buses": [],
            "dbs": [],
            "gates": [
                "nginx"
            ],
            "discos": []
        }
    ],
    "num_langs": 1,
    "langs": [
        "typescript"
    ],
    "discos": [],
    "num_gates": 1,
    "num_monitors": 0,
    "num_files": 8,
    "files": [
        {
            "path": "/udacity-c3-frontend/package.json",
            "monitors": [],
            "dbs": [],
            "buses": [],
            "servers": [
                "node"
            ],
            "gates": [],
            "discos": []
        },
        {
            "path": "/udacity-c3-restapi-feed/package.json",
            "monitors": [],
            "dbs": [],
            "buses": [],
            "servers": [
                "node",
                "express"
            ],
            "gates": [],
            "discos": []
        },
        {
            "path": "/udacity-c3-restapi-user/package.json",
            "monitors": [],
            "dbs": [],
            "buses": [],
            "servers": [
                "node",
                "express"
            ],
            "gates": [],
            "discos": []
        }
    ],
    "shared_dbs": false,
    "monitors": [],
    "num_servers": 2,
    "url": "git://github.com/andries-devwork/mono-to-micro.git",
    "dbs": [],
    "num_discos": 0,
    "gates": [
        "nginx"
    ],
    "buses": []
}