{
    "dbs": [],
    "num_langs": 1,
    "buses": [],
    "monitors": [],
    "num_services": 0,
    "num_dbs": 0,
    "num_servers": 2,
    "discos": [],
    "dockers": [
        {
            "servers": [],
            "buses": [],
            "monitors": [],
            "cmd_keywords": [],
            "from_full": "openjdk",
            "gates": [],
            "dbs": [],
            "from": "openjdk",
            "cmd": "",
            "discos": [],
            "langs": [],
            "path": "/online-shop-backend/src/main/docker/Dockerfile",
            "keywords": [
                "online",
                "touch",
                "jar",
                "shop"
            ]
        }
    ],
    "num_files": 7,
    "num_dockers": 1,
    "images": [
        "openjdk"
    ],
    "size": 41215,
    "servers": [
        "node",
        "spring"
    ],
    "structure": {
        "detected_dbs": {
            "names": [],
            "shared_dbs": false,
            "services": [],
            "num": 0
        },
        "num_services": 0,
        "path": [],
        "services": []
    },
    "num_discos": 0,
    "files": [
        {
            "servers": [
                "spring"
            ],
            "gates": [],
            "dbs": [],
            "buses": [],
            "monitors": [],
            "discos": [],
            "path": "/pom.xml"
        },
        {
            "servers": [
                "spring"
            ],
            "gates": [],
            "dbs": [],
            "buses": [],
            "monitors": [],
            "discos": [],
            "path": "/online-shop-backend/pom.xml"
        },
        {
            "servers": [
                "node",
                "spring"
            ],
            "gates": [],
            "dbs": [],
            "buses": [],
            "monitors": [],
            "discos": [],
            "path": "/online-shop-frontend/pom.xml"
        },
        {
            "servers": [
                "node"
            ],
            "gates": [],
            "dbs": [],
            "buses": [],
            "monitors": [],
            "discos": [],
            "path": "/online-shop-frontend/package.json"
        },
        {
            "path": "/online-shop-frontend/node/yarn/dist/package.json"
        }
    ],
    "num_monitors": 0,
    "num_buses": 0,
    "num_gates": 0,
    "gates": [],
    "name": "andreaslanderer/online-shop",
    "avg_size_service": 41215.0,
    "url": "git://github.com/andreaslanderer/online-shop.git",
    "shared_dbs": false,
    "langs": [
        "typescript"
    ],
    "languages": [
        "typescript"
    ]
}