{
    "gates": [],
    "images": [
        "python"
    ],
    "num_dbs": 0,
    "structure": {
        "num_services": 2,
        "path": "/docker-compose.yml",
        "services": [
            {
                "image_full": "postgres",
                "gates": [],
                "image": "postgres",
                "depends_on": [],
                "dbs": [],
                "name": "db",
                "buses": [],
                "servers": [],
                "discos": [],
                "monitors": []
            },
            {
                "image_full": ".",
                "gates": [],
                "image": ".",
                "depends_on": [
                    "db"
                ],
                "dbs": [],
                "name": "web",
                "buses": [],
                "servers": [],
                "discos": [],
                "monitors": []
            }
        ],
        "detected_dbs": {
            "num": 0,
            "services": [],
            "shared_dbs": false,
            "names": []
        }
    },
    "num_files": 4,
    "num_gates": 0,
    "discos": [],
    "num_dockers": 1,
    "shared_dbs": false,
    "languages": [
        "javascript",
        "python",
        "html"
    ],
    "name": "anhlu8/microservice-full-stack",
    "num_langs": 3,
    "avg_size_service": 633.0,
    "monitors": [],
    "num_servers": 1,
    "num_services": 2,
    "dbs": [],
    "langs": [
        "html",
        "javascript",
        "python"
    ],
    "dockers": [
        {
            "gates": [],
            "path": "/Dockerfile",
            "langs": [
                "python"
            ],
            "dbs": [],
            "buses": [],
            "servers": [],
            "from": "python",
            "discos": [],
            "from_full": "python:3.7.3-stretch",
            "cmd": "python server.py",
            "monitors": [],
            "cmd_keywords": [
                "server",
                "python"
            ],
            "keywords": [
                "pip",
                "install",
                "cache",
                "txt",
                "requirements"
            ]
        }
    ],
    "buses": [],
    "servers": [
        "flask"
    ],
    "size": 633,
    "files": [
        {
            "gates": [],
            "path": "/server/requirements.txt",
            "discos": [],
            "dbs": [],
            "buses": [],
            "servers": [
                "flask"
            ],
            "monitors": []
        },
        {
            "gates": [],
            "path": "/client/package.json",
            "discos": [],
            "dbs": [],
            "buses": [],
            "servers": [],
            "monitors": []
        }
    ],
    "num_buses": 0,
    "num_monitors": 0,
    "url": "git://github.com/anhlu8/microservice-full-stack.git",
    "num_discos": 0
}