{
    "servers": [
        "node",
        "express",
        "mongoose"
    ],
    "name": "ansjin/apps",
    "num_gates": 0,
    "avg_size_service": 162.07142857142858,
    "structure": {
        "services": [
            {
                "gates": [],
                "buses": [],
                "image_full": "terminusimages/dummy_response_app:latest",
                "servers": [],
                "depends_on": [],
                "name": "movieapp",
                "dbs": [],
                "image": "terminusimages/dummy_response_app",
                "monitors": [],
                "discos": []
            },
            {
                "gates": [],
                "buses": [],
                "image_full": "ansjin/four_microservice:serveapp",
                "servers": [],
                "depends_on": [
                    "primeapp",
                    "movieapp",
                    "webacapp"
                ],
                "name": "serveapp",
                "dbs": [],
                "image": "ansjin/four_microservice",
                "monitors": [],
                "discos": []
            },
            {
                "gates": [],
                "buses": [],
                "image_full": "terminusimages/dummy_response_app:latest",
                "servers": [],
                "depends_on": [],
                "name": "webacapp",
                "dbs": [],
                "image": "terminusimages/dummy_response_app",
                "monitors": [],
                "discos": []
            },
            {
                "gates": [],
                "buses": [],
                "image_full": "terminusimages/dummy_response_app:latest",
                "servers": [],
                "depends_on": [],
                "name": "primeapp",
                "dbs": [],
                "image": "terminusimages/dummy_response_app",
                "monitors": [],
                "discos": []
            }
        ],
        "num_services": 4,
        "path": "/1_microservice/sandbox/serveapp/docker/docker-compose.yml",
        "detected_dbs": {
            "num": 0,
            "names": [],
            "services": [],
            "shared_dbs": false
        }
    },
    "num_dbs": 1,
    "buses": [],
    "langs": [
        "javascript",
        "dockerfile"
    ],
    "shared_dbs": false,
    "files": [
        {
            "gates": [],
            "buses": [],
            "path": "/1_microservice/sandbox/serveapp/src/primeapp/package.json",
            "servers": [
                "node",
                "express"
            ],
            "dbs": [],
            "monitors": [],
            "discos": []
        },
        {
            "gates": [],
            "buses": [],
            "path": "/1_microservice/sandbox/serveapp/src/serveapp/package.json",
            "servers": [
                "node",
                "express"
            ],
            "dbs": [],
            "monitors": [],
            "discos": []
        },
        {
            "gates": [],
            "buses": [],
            "path": "/1_microservice/sandbox/serveapp/src/webacapp/package.json",
            "servers": [
                "node",
                "express"
            ],
            "dbs": [],
            "monitors": [],
            "discos": []
        },
        {
            "gates": [],
            "buses": [],
            "path": "/1_microservice/sandbox/serveapp/src/movieapp/package.json",
            "servers": [
                "node",
                "express",
                "mongoose"
            ],
            "dbs": [
                "mongodb"
            ],
            "monitors": [],
            "discos": []
        },
        {
            "gates": [],
            "buses": [],
            "path": "/1_microservice/dbaccess/movieapp/src/package.json",
            "servers": [
                "node",
                "express",
                "mongoose"
            ],
            "dbs": [
                "mongodb"
            ],
            "monitors": [],
            "discos": []
        },
        {
            "gates": [],
            "buses": [],
            "path": "/1_microservice/compute/primeapp/src/package.json",
            "servers": [
                "node",
                "express"
            ],
            "dbs": [],
            "monitors": [],
            "discos": []
        },
        {
            "gates": [],
            "buses": [],
            "path": "/1_microservice/web/webacapp/src/package.json",
            "servers": [
                "node",
                "express"
            ],
            "dbs": [],
            "monitors": [],
            "discos": []
        },
        {
            "gates": [],
            "buses": [],
            "path": "/4_microservice/mix/mixalapp/src/primeapp/package.json",
            "servers": [
                "node",
                "express"
            ],
            "dbs": [],
            "monitors": [],
            "discos": []
        },
        {
            "gates": [],
            "buses": [],
            "path": "/4_microservice/mix/mixalapp/src/serveapp/package.json",
            "servers": [
                "node",
                "express"
            ],
            "dbs": [],
            "monitors": [],
            "discos": []
        },
        {
            "gates": [],
            "buses": [],
            "path": "/4_microservice/mix/mixalapp/src/webacapp/package.json",
            "servers": [
                "node",
                "express"
            ],
            "dbs": [],
            "monitors": [],
            "discos": []
        },
        {
            "gates": [],
            "buses": [],
            "path": "/4_microservice/mix/mixalapp/src/movieapp/package.json",
            "servers": [
                "node",
                "express",
                "mongoose"
            ],
            "dbs": [
                "mongodb"
            ],
            "monitors": [],
            "discos": []
        }
    ],
    "size": 2269,
    "num_dockers": 14,
    "url": "git://github.com/ansjin/apps.git",
    "gates": [],
    "num_servers": 3,
    "images": [
        "node",
        "mongo"
    ],
    "num_services": 4,
    "languages": [
        "javascript",
        "dockerfile"
    ],
    "num_files": 26,
    "discos": [],
    "dockers": [
        {
            "gates": [],
            "from_full": "node:boron",
            "cmd_keywords": [
                "node",
                "index"
            ],
            "path": "/1_microservice/sandbox/serveapp/src/primeapp/Dockerfile",
            "servers": [
                "node"
            ],
            "cmd": "node index.js",
            "from": "node",
            "buses": [],
            "langs": [],
            "dbs": [],
            "discos": [],
            "monitors": [],
            "keywords": [
                "sum",
                "install",
                "prime",
                "src",
                "mkdir"
            ]
        },
        {
            "gates": [],
            "from_full": "node:alpine",
            "cmd_keywords": [
                "start",
                "npm"
            ],
            "path": "/1_microservice/sandbox/serveapp/src/serveapp/Dockerfile",
            "servers": [
                "node"
            ],
            "cmd": "npm start",
            "from": "node",
            "buses": [],
            "langs": [],
            "dbs": [],
            "discos": [],
            "monitors": [],
            "keywords": [
                "install",
                "src",
                "mkdir",
                "app",
                "usr"
            ]
        },
        {
            "gates": [],
            "from_full": "node:boron",
            "cmd_keywords": [
                "node",
                "index"
            ],
            "path": "/1_microservice/sandbox/serveapp/src/webacapp/Dockerfile",
            "servers": [
                "node"
            ],
            "cmd": "node index.js",
            "from": "node",
            "buses": [],
            "langs": [],
            "dbs": [],
            "discos": [],
            "monitors": [],
            "keywords": [
                "webacapp",
                "src",
                "mkdir",
                "install",
                "usr"
            ]
        },
        {
            "gates": [],
            "from_full": "node:boron",
            "cmd_keywords": [
                "start",
                "npm"
            ],
            "path": "/1_microservice/sandbox/serveapp/src/movieapp/Dockerfile",
            "servers": [
                "node"
            ],
            "cmd": "npm start",
            "from": "node",
            "buses": [],
            "langs": [],
            "dbs": [],
            "discos": [],
            "monitors": [],
            "keywords": [
                "movies",
                "install",
                "src",
                "mkdir",
                "app"
            ]
        },
        {
            "gates": [],
            "from_full": "mongo:latest",
            "cmd_keywords": [
                "dbpath",
                "mongod"
            ],
            "path": "/1_microservice/sandbox/serveapp/src/movieapp/mongod/Dockerfile",
            "servers": [],
            "cmd": "mongod --dbpath=/db",
            "from": "mongo",
            "buses": [],
            "langs": [],
            "dbs": [
                "mongo"
            ],
            "discos": [],
            "monitors": [],
            "keywords": [
                "mongodb",
                "mkdir",
                "chown",
                "chmod"
            ]
        },
        {
            "gates": [],
            "from_full": "node:boron",
            "cmd_keywords": [
                "start",
                "npm"
            ],
            "path": "/1_microservice/dbaccess/movieapp/src/Dockerfile",
            "servers": [
                "node"
            ],
            "cmd": "npm start",
            "from": "node",
            "buses": [],
            "langs": [],
            "dbs": [],
            "discos": [],
            "monitors": [],
            "keywords": [
                "movies",
                "install",
                "src",
                "mkdir",
                "app"
            ]
        },
        {
            "gates": [],
            "from_full": "mongo:latest",
            "cmd_keywords": [
                "dbpath",
                "mongod"
            ],
            "path": "/1_microservice/dbaccess/movieapp/src/mongod/Dockerfile",
            "servers": [],
            "cmd": "mongod --dbpath=/db",
            "from": "mongo",
            "buses": [],
            "langs": [],
            "dbs": [
                "mongo"
            ],
            "discos": [],
            "monitors": [],
            "keywords": [
                "mongodb",
                "mkdir",
                "chown",
                "chmod"
            ]
        },
        {
            "gates": [],
            "from_full": "node:boron",
            "cmd_keywords": [
                "node",
                "index"
            ],
            "path": "/1_microservice/compute/primeapp/src/Dockerfile",
            "servers": [
                "node"
            ],
            "cmd": "node index.js",
            "from": "node",
            "buses": [],
            "langs": [],
            "dbs": [],
            "discos": [],
            "monitors": [],
            "keywords": [
                "sum",
                "install",
                "prime",
                "src",
                "mkdir"
            ]
        },
        {
            "gates": [],
            "from_full": "node:boron",
            "cmd_keywords": [
                "node",
                "index"
            ],
            "path": "/1_microservice/web/webacapp/src/Dockerfile",
            "servers": [
                "node"
            ],
            "cmd": "node index.js",
            "from": "node",
            "buses": [],
            "langs": [],
            "dbs": [],
            "discos": [],
            "monitors": [],
            "keywords": [
                "webacapp",
                "src",
                "mkdir",
                "install",
                "usr"
            ]
        },
        {
            "gates": [],
            "from_full": "node:boron",
            "cmd_keywords": [
                "node",
                "index"
            ],
            "path": "/4_microservice/mix/mixalapp/src/primeapp/Dockerfile",
            "servers": [
                "node"
            ],
            "cmd": "node index.js",
            "from": "node",
            "buses": [],
            "langs": [],
            "dbs": [],
            "discos": [],
            "monitors": [],
            "keywords": [
                "sum",
                "install",
                "prime",
                "src",
                "mkdir"
            ]
        },
        {
            "gates": [],
            "from_full": "node:alpine",
            "cmd_keywords": [
                "start",
                "npm"
            ],
            "path": "/4_microservice/mix/mixalapp/src/serveapp/Dockerfile",
            "servers": [
                "node"
            ],
            "cmd": "npm start",
            "from": "node",
            "buses": [],
            "langs": [],
            "dbs": [],
            "discos": [],
            "monitors": [],
            "keywords": [
                "install",
                "src",
                "mkdir",
                "app",
                "usr"
            ]
        },
        {
            "gates": [],
            "from_full": "node:boron",
            "cmd_keywords": [
                "node",
                "index"
            ],
            "path": "/4_microservice/mix/mixalapp/src/webacapp/Dockerfile",
            "servers": [
                "node"
            ],
            "cmd": "node index.js",
            "from": "node",
            "buses": [],
            "langs": [],
            "dbs": [],
            "discos": [],
            "monitors": [],
            "keywords": [
                "webacapp",
                "src",
                "mkdir",
                "install",
                "usr"
            ]
        },
        {
            "gates": [],
            "from_full": "node:boron",
            "cmd_keywords": [
                "start",
                "npm"
            ],
            "path": "/4_microservice/mix/mixalapp/src/movieapp/Dockerfile",
            "servers": [
                "node"
            ],
            "cmd": "npm start",
            "from": "node",
            "buses": [],
            "langs": [],
            "dbs": [],
            "discos": [],
            "monitors": [],
            "keywords": [
                "movies",
                "install",
                "src",
                "mkdir",
                "app"
            ]
        },
        {
            "gates": [],
            "from_full": "mongo:latest",
            "cmd_keywords": [
                "dbpath",
                "mongod"
            ],
            "path": "/4_microservice/mix/mixalapp/src/movieapp/mongod/Dockerfile",
            "servers": [],
            "cmd": "mongod --dbpath=/db",
            "from": "mongo",
            "buses": [],
            "langs": [],
            "dbs": [
                "mongo"
            ],
            "discos": [],
            "monitors": [],
            "keywords": [
                "mongodb",
                "mkdir",
                "chown",
                "chmod"
            ]
        }
    ],
    "num_langs": 2,
    "num_monitors": 0,
    "num_buses": 0,
    "dbs": [
        "mongo"
    ],
    "monitors": [],
    "num_discos": 0
}