{
    "avg_size_service": 3647.0,
    "discos": [],
    "images": [
        "nginx",
        "node"
    ],
    "num_dockers": 4,
    "num_servers": 2,
    "langs": [
        "typescript"
    ],
    "languages": [
        "typescript"
    ],
    "num_services": 0,
    "num_gates": 1,
    "num_langs": 1,
    "monitors": [],
    "gates": [
        "nginx"
    ],
    "servers": [
        "express",
        "node"
    ],
    "num_monitors": 0,
    "structure": {
        "path": [],
        "services": [],
        "num_services": 0,
        "detected_dbs": {
            "names": [],
            "num": 0,
            "services": [],
            "shared_dbs": false
        }
    },
    "size": 14588,
    "url": "git://github.com/anubhav13103738/udacity-udagram-microservices.git",
    "num_buses": 0,
    "shared_dbs": false,
    "files": [
        {
            "path": "/udagram-api-feed/package.json",
            "discos": [],
            "monitors": [],
            "gates": [],
            "servers": [
                "express",
                "node"
            ],
            "dbs": [],
            "buses": []
        },
        {
            "path": "/udagram-frontend/package.json",
            "discos": [],
            "monitors": [],
            "gates": [],
            "servers": [
                "node"
            ],
            "dbs": [],
            "buses": []
        },
        {
            "path": "/udagram-api-users/package.json",
            "discos": [],
            "monitors": [],
            "gates": [],
            "servers": [
                "express",
                "node"
            ],
            "dbs": [],
            "buses": []
        }
    ],
    "num_discos": 0,
    "dockers": [
        {
            "path": "/udagram-api-feed/Dockerfile",
            "from_full": "node:12",
            "from": "node",
            "cmd": "npm run dev",
            "keywords": [
                "npm"
            ],
            "servers": [
                "node"
            ],
            "gates": [],
            "langs": [],
            "discos": [],
            "monitors": [],
            "cmd_keywords": [
                "dev",
                "run",
                "npm"
            ],
            "dbs": [],
            "buses": []
        },
        {
            "path": "/udagram-deployment/docker/Dockerfile",
            "from_full": "nginx:alpine",
            "from": "nginx",
            "cmd": "",
            "keywords": [],
            "servers": [],
            "gates": [
                "nginx"
            ],
            "langs": [],
            "discos": [],
            "monitors": [],
            "cmd_keywords": [],
            "dbs": [],
            "buses": []
        },
        {
            "path": "/udagram-frontend/Dockerfile",
            "from_full": "nginx:alpine",
            "from": "nginx",
            "cmd": "",
            "keywords": [
                "ionic",
                "build",
                "npm"
            ],
            "servers": [],
            "gates": [
                "nginx"
            ],
            "langs": [],
            "discos": [],
            "monitors": [],
            "cmd_keywords": [],
            "dbs": [],
            "buses": []
        },
        {
            "path": "/udagram-api-users/Dockerfile",
            "from_full": "node:12",
            "from": "node",
            "cmd": "npm run dev",
            "keywords": [
                "npm"
            ],
            "servers": [
                "node"
            ],
            "gates": [],
            "langs": [],
            "discos": [],
            "monitors": [],
            "cmd_keywords": [
                "dev",
                "run",
                "npm"
            ],
            "dbs": [],
            "buses": []
        }
    ],
    "name": "anubhav13103738/udacity-udagram-microservices",
    "buses": [],
    "num_files": 8,
    "dbs": [],
    "num_dbs": 0
}