{
    "files": [],
    "size": 10,
    "url": "git://github.com/aptvision/docker-conquest.git",
    "num_monitors": 0,
    "languages": [
        "dockerfile",
        "shell"
    ],
    "langs": [
        "shell",
        "dockerfile",
        "lua"
    ],
    "discos": [],
    "gates": [],
    "num_servers": 0,
    "num_dockers": 1,
    "shared_dbs": false,
    "images": [
        "ubuntu"
    ],
    "structure": {
        "path": [],
        "detected_dbs": {
            "shared_dbs": false,
            "num": 0,
            "names": [],
            "services": []
        },
        "services": [],
        "num_services": 0
    },
    "num_gates": 0,
    "buses": [],
    "num_dbs": 0,
    "avg_size_service": 10.0,
    "num_discos": 0,
    "servers": [],
    "num_buses": 0,
    "dockers": [
        {
            "buses": [],
            "langs": [
                "lua"
            ],
            "dbs": [],
            "discos": [],
            "servers": [],
            "from": "ubuntu",
            "gates": [],
            "cmd_keywords": [
                "entrypoint"
            ],
            "cmd": "/entrypoint.sh",
            "path": "/Dockerfile",
            "monitors": [],
            "from_full": "ubuntu:20.04",
            "keywords": [
                "apt",
                "conquest",
                "get",
                "zip",
                "dev"
            ]
        }
    ],
    "monitors": [],
    "num_files": 2,
    "dbs": [],
    "name": "aptvision/docker-conquest",
    "num_langs": 3,
    "num_services": 0
}