{
    "langs": [],
    "languages": [],
    "url": "git://github.com/armand1m/microservices.git",
    "files": [],
    "gates": [],
    "discos": [],
    "num_monitors": 0,
    "num_dockers": 0,
    "num_dbs": 0,
    "avg_size_service": 2805.0,
    "num_gates": 0,
    "num_servers": 0,
    "name": "armand1m/microservices",
    "num_discos": 0,
    "num_files": 1,
    "num_buses": 0,
    "servers": [],
    "dbs": [],
    "structure": {
        "services": [
            {
                "monitors": [],
                "depends_on": [],
                "image": "",
                "servers": [],
                "gates": [],
                "image_full": "",
                "buses": [],
                "dbs": [],
                "discos": [],
                "name": "consul"
            },
            {
                "monitors": [],
                "depends_on": [
                    "users_database",
                    "consul"
                ],
                "image": "./users-service/service",
                "servers": [],
                "gates": [],
                "image_full": "./users-service/service",
                "buses": [],
                "dbs": [],
                "discos": [],
                "name": "users"
            },
            {
                "monitors": [],
                "depends_on": [
                    "consul"
                ],
                "image": "./hello-service/service",
                "servers": [],
                "gates": [],
                "image_full": "./hello-service/service",
                "buses": [],
                "dbs": [],
                "discos": [],
                "name": "hello"
            },
            {
                "monitors": [],
                "depends_on": [
                    "consul"
                ],
                "image": "",
                "servers": [],
                "gates": [],
                "image_full": "",
                "buses": [],
                "dbs": [],
                "discos": [],
                "name": "gateway"
            },
            {
                "monitors": [],
                "depends_on": [],
                "image": "",
                "servers": [],
                "gates": [],
                "image_full": "",
                "buses": [],
                "dbs": [],
                "discos": [],
                "name": "users_database"
            }
        ],
        "num_services": 5,
        "detected_dbs": {
            "names": [],
            "services": [],
            "shared_dbs": false,
            "num": 0
        },
        "path": "/docker-compose.yml"
    },
    "monitors": [],
    "size": 2805,
    "dockers": [],
    "images": [],
    "buses": [],
    "num_services": 5,
    "num_langs": 0,
    "shared_dbs": false
}