{
    "buses": [],
    "num_servers": 0,
    "languages": [
        "html",
        "c#"
    ],
    "dbs": [],
    "num_services": 0,
    "avg_size_service": 3384.0,
    "servers": [],
    "structure": {
        "num_services": 0,
        "detected_dbs": {
            "services": [],
            "shared_dbs": false,
            "num": 0,
            "names": []
        },
        "services": [],
        "path": []
    },
    "monitors": [],
    "num_buses": 0,
    "images": [
        "base"
    ],
    "gates": [],
    "num_gates": 0,
    "num_langs": 2,
    "langs": [
        "c#",
        "html"
    ],
    "url": "git://github.com/ashugcet/DockerContainerizedApi.git",
    "num_discos": 0,
    "num_files": 2,
    "files": [],
    "shared_dbs": false,
    "num_monitors": 0,
    "name": "ashugcet/DockerContainerizedApi",
    "num_dbs": 0,
    "discos": [],
    "dockers": [
        {
            "langs": [],
            "dbs": [],
            "path": "/ContainerizedApi/Dockerfile",
            "servers": [],
            "monitors": [],
            "keywords": [
                "containerizedapi",
                "dotnet",
                "csproj",
                "release",
                "app"
            ],
            "cmd": "",
            "buses": [],
            "from_full": "base",
            "from": "base",
            "discos": [],
            "cmd_keywords": [],
            "gates": []
        }
    ],
    "num_dockers": 1,
    "size": 3384
}