{
    "size": 16,
    "num_dockers": 1,
    "discos": [],
    "num_files": 3,
    "avg_size_service": 16.0,
    "buses": [],
    "num_gates": 0,
    "langs": [
        "javascript",
        "dockerfile"
    ],
    "num_discos": 0,
    "num_monitors": 0,
    "dockers": [
        {
            "monitors": [],
            "cmd": "npm start",
            "discos": [],
            "servers": [
                "node"
            ],
            "cmd_keywords": [
                "start",
                "npm"
            ],
            "from": "node",
            "path": "/Dockerfile",
            "keywords": [
                "install",
                "npm"
            ],
            "buses": [],
            "langs": [],
            "gates": [],
            "dbs": [],
            "from_full": "node:8"
        }
    ],
    "num_dbs": 0,
    "monitors": [],
    "shared_dbs": false,
    "structure": {
        "services": [],
        "detected_dbs": {
            "num": 0,
            "names": [],
            "services": [],
            "shared_dbs": false
        },
        "num_services": 0,
        "path": []
    },
    "num_buses": 0,
    "servers": [
        "node",
        "express"
    ],
    "url": "git://github.com/atahualpapena/nodejs-microservice-codepipeline-ecs.git",
    "num_services": 0,
    "gates": [],
    "files": [
        {
            "monitors": [],
            "buses": [],
            "discos": [],
            "gates": [],
            "dbs": [],
            "servers": [
                "express"
            ],
            "path": "/package.json"
        }
    ],
    "name": "atahualpapena/nodejs-microservice-codepipeline-ecs",
    "languages": [
        "javascript",
        "dockerfile"
    ],
    "images": [
        "node"
    ],
    "dbs": [],
    "num_servers": 2,
    "num_langs": 2
}