{
    "buses": [],
    "num_servers": 0,
    "languages": [
        "dockerfile"
    ],
    "dbs": [
        "oracle"
    ],
    "num_services": 0,
    "avg_size_service": 3.0,
    "servers": [],
    "structure": {
        "num_services": 0,
        "detected_dbs": {
            "services": [],
            "shared_dbs": false,
            "num": 0,
            "names": []
        },
        "services": [],
        "path": []
    },
    "monitors": [],
    "num_buses": 0,
    "images": [
        "ubuntu"
    ],
    "gates": [],
    "num_gates": 0,
    "num_langs": 2,
    "langs": [
        "dockerfile",
        "bash"
    ],
    "url": "git://github.com/austin-millan/oldschool-runescape-launcher.git",
    "num_discos": 0,
    "num_files": 2,
    "files": [],
    "shared_dbs": false,
    "num_monitors": 0,
    "name": "austin-millan/oldschool-runescape-launcher",
    "num_dbs": 1,
    "discos": [],
    "dockers": [
        {
            "langs": [
                "bash"
            ],
            "dbs": [
                "oracle"
            ],
            "path": "/Dockerfile",
            "servers": [],
            "monitors": [],
            "keywords": [
                "oldschool",
                "apt",
                "runescape",
                "get",
                "jagexappletviewer"
            ],
            "cmd": "/bin/bash oldschool",
            "buses": [],
            "from_full": "ubuntu:18.04",
            "from": "ubuntu",
            "discos": [],
            "cmd_keywords": [
                "oldschool",
                "bash",
                "bin"
            ],
            "gates": []
        }
    ],
    "num_dockers": 1,
    "size": 3
}