{
    "buses": [],
    "num_servers": 0,
    "languages": [
        "dockerfile"
    ],
    "dbs": [],
    "num_services": 0,
    "avg_size_service": 1.0,
    "servers": [],
    "structure": {
        "num_services": 0,
        "detected_dbs": {
            "services": [],
            "shared_dbs": false,
            "num": 0,
            "names": []
        },
        "services": [],
        "path": []
    },
    "monitors": [],
    "num_buses": 0,
    "images": [
        "debian",
        "raspbian/stretch"
    ],
    "gates": [],
    "num_gates": 0,
    "num_langs": 3,
    "langs": [
        "dockerfile",
        "cmake",
        "bash"
    ],
    "url": "git://github.com/AVIATR/cv_container.git",
    "num_discos": 0,
    "num_files": 3,
    "files": [],
    "shared_dbs": false,
    "num_monitors": 0,
    "name": "AVIATR/cv_container",
    "num_dbs": 0,
    "discos": [],
    "dockers": [
        {
            "langs": [
                "cmake"
            ],
            "dbs": [],
            "path": "/debian/Dockerfile",
            "servers": [],
            "monitors": [],
            "keywords": [
                "dev",
                "apt",
                "get",
                "install",
                "build"
            ],
            "cmd": "",
            "buses": [],
            "from_full": "debian:stable-slim",
            "from": "debian",
            "discos": [],
            "cmd_keywords": [],
            "gates": []
        },
        {
            "langs": [
                "bash"
            ],
            "dbs": [],
            "path": "/raspbian/Dockerfile",
            "servers": [],
            "monitors": [],
            "keywords": [
                "dev",
                "apt",
                "get",
                "install",
                "build"
            ],
            "cmd": "/bin/bash",
            "buses": [],
            "from_full": "raspbian/stretch",
            "from": "raspbian/stretch",
            "discos": [],
            "cmd_keywords": [
                "bash",
                "bin"
            ],
            "gates": []
        }
    ],
    "num_dockers": 2,
    "size": 2
}