{
    "avg_size_service": 327.0,
    "discos": [],
    "images": [],
    "num_dockers": 0,
    "num_servers": 0,
    "langs": [
        "python"
    ],
    "languages": [
        "python"
    ],
    "num_services": 0,
    "num_gates": 0,
    "num_langs": 1,
    "monitors": [],
    "gates": [],
    "servers": [],
    "num_monitors": 0,
    "structure": {
        "path": [],
        "services": [],
        "num_services": 0,
        "detected_dbs": {
            "names": [],
            "num": 0,
            "services": [],
            "shared_dbs": false
        }
    },
    "size": 327,
    "url": "git://github.com/AWS-Devops-Projects/Container-Demo.git",
    "num_buses": 0,
    "shared_dbs": false,
    "files": [
        {
            "path": "/requirements.txt",
            "discos": [],
            "monitors": [],
            "gates": [],
            "servers": [],
            "dbs": [],
            "buses": []
        },
        {
            "path": "/cdk/requirements.txt",
            "discos": [],
            "monitors": [],
            "gates": [],
            "servers": [],
            "dbs": [],
            "buses": []
        }
    ],
    "num_discos": 0,
    "dockers": [],
    "name": "AWS-Devops-Projects/Container-Demo",
    "buses": [],
    "num_files": 3,
    "dbs": [],
    "num_dbs": 0
}