{
    "discos": [],
    "avg_size_service": 4248.5,
    "buses": [],
    "num_gates": 0,
    "name": "Azure/acs-demos",
    "structure": {
        "path": "/BigLittleChallenge/docker-compose.yml",
        "services": [
            {
                "name": "engine",
                "dbs": [],
                "depends_on": [],
                "discos": [],
                "image_full": "biglittlechallenge/trials-engine",
                "image": "biglittlechallenge/trials-engine",
                "servers": [],
                "buses": [],
                "monitors": [],
                "gates": []
            },
            {
                "name": "dashboard",
                "dbs": [],
                "depends_on": [
                    "engine"
                ],
                "discos": [],
                "image_full": "biglittlechallenge/trials-engine-dashboard",
                "image": "biglittlechallenge/trials-engine-dashboard",
                "servers": [],
                "buses": [],
                "monitors": [],
                "gates": []
            },
            {
                "name": "aiplayer",
                "dbs": [],
                "depends_on": [
                    "engine"
                ],
                "discos": [],
                "image_full": "biglittlechallenge/trials-ai",
                "image": "biglittlechallenge/trials-ai",
                "servers": [],
                "buses": [],
                "monitors": [],
                "gates": []
            }
        ],
        "detected_dbs": {
            "names": [],
            "num": 0,
            "shared_dbs": false,
            "services": []
        },
        "num_services": 3
    },
    "dbs": [
        "rethink"
    ],
    "dockers": [
        {
            "langs": [],
            "cmd_keywords": [],
            "from_full": "maven:3.3.9-jdk-8",
            "buses": [],
            "monitors": [],
            "from": "maven",
            "keywords": [
                "install",
                "clean",
                "mvn"
            ],
            "gates": [],
            "path": "/BigLittleChallenge/core/Dockerfile",
            "dbs": [],
            "discos": [],
            "cmd": "",
            "servers": []
        },
        {
            "langs": [
                "python"
            ],
            "cmd_keywords": [],
            "from_full": "python",
            "buses": [],
            "monitors": [],
            "from": "python",
            "keywords": [
                "pip",
                "install",
                "txt",
                "requirements",
                "upgrade"
            ],
            "gates": [],
            "path": "/BigLittleChallenge/trials-engine-dashboard/Dockerfile",
            "dbs": [],
            "discos": [],
            "cmd": "",
            "servers": []
        }
    ],
    "gates": [],
    "size": 8497,
    "num_monitors": 0,
    "images": [
        "maven",
        "python"
    ],
    "num_buses": 0,
    "num_services": 3,
    "servers": [
        "flask",
        "glassfish",
        "spring"
    ],
    "shared_dbs": false,
    "monitors": [],
    "num_discos": 0,
    "languages": [
        "java"
    ],
    "url": "git://github.com/Azure/acs-demos.git",
    "langs": [
        "python",
        "java"
    ],
    "num_dbs": 1,
    "num_servers": 3,
    "num_langs": 2,
    "files": [
        {
            "path": "/BigLittleChallenge/trials-engine-dashboard/requirements.txt",
            "dbs": [],
            "discos": [],
            "servers": [
                "flask"
            ],
            "buses": [],
            "monitors": [],
            "gates": []
        },
        {
            "path": "/BigLittleChallenge/pom.xml",
            "dbs": [],
            "discos": [],
            "servers": [],
            "buses": [],
            "monitors": [],
            "gates": []
        },
        {
            "path": "/BigLittleChallenge/core/pom.xml",
            "dbs": [],
            "discos": [],
            "servers": [
                "glassfish"
            ],
            "buses": [],
            "monitors": [],
            "gates": []
        },
        {
            "path": "/BigLittleChallenge/trials-player/pom.xml",
            "dbs": [],
            "discos": [],
            "servers": [],
            "buses": [],
            "monitors": [],
            "gates": []
        },
        {
            "path": "/BigLittleChallenge/trials-engine/pom.xml",
            "dbs": [],
            "discos": [],
            "servers": [
                "glassfish"
            ],
            "buses": [],
            "monitors": [],
            "gates": []
        },
        {
            "path": "/BigLittleChallenge/trials-ai/pom.xml",
            "dbs": [],
            "discos": [],
            "servers": [
                "glassfish"
            ],
            "buses": [],
            "monitors": [],
            "gates": []
        },
        {
            "path": "/BigLittleChallenge/trials-model/pom.xml",
            "dbs": [],
            "discos": [],
            "servers": [
                "glassfish"
            ],
            "buses": [],
            "monitors": [],
            "gates": []
        },
        {
            "path": "/BigLittleChallenge/test/pom.xml",
            "dbs": [],
            "discos": [],
            "servers": [],
            "buses": [],
            "monitors": [],
            "gates": []
        },
        {
            "path": "/incubator/storage_demo/app/package.json",
            "dbs": [
                "rethink",
                "rethinkdb"
            ],
            "discos": [],
            "servers": [
                "spring"
            ],
            "buses": [],
            "monitors": [],
            "gates": []
        }
    ],
    "num_dockers": 2,
    "num_files": 12
}