{
    "servers": [
        "spring",
        "express",
        "node"
    ],
    "languages": [
        "java",
        "shell"
    ],
    "url": "git://github.com/babicamir/basic-microservices-docker.git",
    "gates": [],
    "langs": [
        "shell",
        "java"
    ],
    "discos": [],
    "files": [
        {
            "servers": [
                "spring"
            ],
            "dbs": [
                "postgresql"
            ],
            "path": "/spring-boot-app/pom.xml",
            "buses": [],
            "gates": [],
            "discos": [],
            "monitors": []
        },
        {
            "servers": [
                "express",
                "node"
            ],
            "dbs": [],
            "path": "/node-app/package.json",
            "buses": [],
            "gates": [],
            "discos": [],
            "monitors": []
        }
    ],
    "dockers": [
        {
            "servers": [
                "spring"
            ],
            "from": "openjdk",
            "gates": [],
            "langs": [
                "java"
            ],
            "buses": [],
            "keywords": [
                "get",
                "apt",
                "install",
                "package",
                "mvn"
            ],
            "discos": [],
            "cmd": "java -jar target/spring-boot-app-1.0-SNAPSHOT.jar",
            "cmd_keywords": [
                "jar",
                "target",
                "boot",
                "java",
                "spring"
            ],
            "dbs": [],
            "path": "/spring-boot-app/Dockerfile",
            "monitors": [],
            "from_full": "openjdk:8-jdk"
        },
        {
            "servers": [
                "node"
            ],
            "from": "node",
            "gates": [],
            "langs": [],
            "buses": [],
            "keywords": [
                "npm",
                "install"
            ],
            "discos": [],
            "cmd": "node index.js",
            "cmd_keywords": [
                "index",
                "node"
            ],
            "dbs": [],
            "path": "/node-app/Dockerfile",
            "monitors": [],
            "from_full": "node"
        }
    ],
    "images": [
        "openjdk",
        "node"
    ],
    "num_monitors": 0,
    "avg_size_service": 12.0,
    "size": 24,
    "num_dockers": 2,
    "num_servers": 3,
    "num_services": 3,
    "num_discos": 0,
    "name": "babicamir/basic-microservices-docker",
    "shared_dbs": false,
    "num_dbs": 1,
    "num_buses": 0,
    "num_langs": 2,
    "buses": [],
    "num_gates": 0,
    "dbs": [
        "postgresql"
    ],
    "num_files": 5,
    "monitors": [],
    "structure": {
        "services": [
            {
                "servers": [],
                "name": "node-app",
                "image": {
                    "context": "./node-app"
                },
                "buses": [],
                "depends_on": [],
                "gates": [],
                "discos": [],
                "image_full": {
                    "context": "./node-app"
                },
                "monitors": [],
                "dbs": []
            },
            {
                "servers": [],
                "name": "postgres",
                "image": "postgres",
                "buses": [],
                "depends_on": [],
                "gates": [],
                "discos": [],
                "image_full": "postgres:10",
                "monitors": [],
                "dbs": []
            },
            {
                "servers": [],
                "name": "spring-boot-app",
                "image": {
                    "context": "./spring-boot-app"
                },
                "buses": [],
                "depends_on": [],
                "gates": [],
                "discos": [],
                "image_full": {
                    "context": "./spring-boot-app"
                },
                "monitors": [],
                "dbs": []
            }
        ],
        "path": "/docker-compose.yml",
        "num_services": 3,
        "detected_dbs": {
            "services": [],
            "num": 0,
            "shared_dbs": false,
            "names": []
        }
    }
}