{
    "size": 1,
    "num_dockers": 1,
    "discos": [],
    "num_files": 2,
    "avg_size_service": 1.0,
    "buses": [],
    "num_gates": 0,
    "langs": [
        "shell",
        "dockerfile"
    ],
    "num_discos": 0,
    "num_monitors": 0,
    "dockers": [
        {
            "monitors": [],
            "cmd": "",
            "discos": [],
            "servers": [],
            "cmd_keywords": [],
            "from": "ubuntu",
            "path": "/Dockerfile",
            "keywords": [
                "apt",
                "get",
                "install",
                "sudo",
                "update"
            ],
            "buses": [],
            "langs": [],
            "gates": [],
            "dbs": [],
            "from_full": "ubuntu:14.04"
        }
    ],
    "num_dbs": 0,
    "monitors": [],
    "shared_dbs": false,
    "structure": {
        "services": [],
        "detected_dbs": {
            "num": 0,
            "names": [],
            "services": [],
            "shared_dbs": false
        },
        "num_services": 0,
        "path": []
    },
    "num_buses": 0,
    "servers": [],
    "url": "git://github.com/behance/elasticmq-docker.git",
    "num_services": 0,
    "gates": [],
    "files": [],
    "name": "behance/elasticmq-docker",
    "languages": [
        "shell",
        "dockerfile"
    ],
    "images": [
        "ubuntu"
    ],
    "dbs": [],
    "num_servers": 0,
    "num_langs": 2
}