{
    "size": 12,
    "num_dockers": 0,
    "discos": [],
    "num_files": 1,
    "avg_size_service": 12.0,
    "buses": [],
    "num_gates": 1,
    "langs": [
        "shell"
    ],
    "num_discos": 0,
    "num_monitors": 0,
    "dockers": [],
    "num_dbs": 1,
    "monitors": [],
    "shared_dbs": false,
    "structure": {
        "services": [
            {
                "monitors": [],
                "buses": [],
                "image": "uaa",
                "image_full": "uaa",
                "discos": [],
                "name": "uaa",
                "depends_on": [],
                "dbs": [],
                "servers": [],
                "gates": []
            },
            {
                "monitors": [],
                "buses": [],
                "image": "",
                "image_full": "",
                "discos": [],
                "name": "jhipster-elasticsearch",
                "depends_on": [],
                "dbs": [],
                "servers": [],
                "gates": []
            },
            {
                "monitors": [],
                "buses": [],
                "image": "",
                "image_full": "",
                "discos": [],
                "name": "kafka",
                "depends_on": [],
                "dbs": [],
                "servers": [],
                "gates": []
            },
            {
                "monitors": [],
                "buses": [],
                "image": "mysql",
                "image_full": "mysql:8.0.19",
                "discos": [],
                "name": "gateway-mysql",
                "depends_on": [],
                "dbs": [
                    "mysql"
                ],
                "servers": [],
                "gates": []
            },
            {
                "monitors": [],
                "buses": [],
                "image": "mysql",
                "image_full": "mysql:8.0.19",
                "discos": [],
                "name": "uaa-mysql",
                "depends_on": [],
                "dbs": [
                    "mysql"
                ],
                "servers": [],
                "gates": []
            },
            {
                "monitors": [],
                "buses": [],
                "image": "",
                "image_full": "",
                "discos": [],
                "name": "jhipster-registry",
                "depends_on": [],
                "dbs": [],
                "servers": [],
                "gates": []
            },
            {
                "monitors": [],
                "buses": [],
                "image": "gateway",
                "image_full": "gateway",
                "discos": [],
                "name": "gateway",
                "depends_on": [],
                "dbs": [],
                "servers": [],
                "gates": [
                    "gateway"
                ]
            },
            {
                "monitors": [],
                "buses": [],
                "image": "",
                "image_full": "",
                "discos": [],
                "name": "jhipster-import-dashboards",
                "depends_on": [
                    "jhipster-elasticsearch"
                ],
                "dbs": [],
                "servers": [],
                "gates": []
            },
            {
                "monitors": [],
                "buses": [],
                "image": "sample",
                "image_full": "sample",
                "discos": [],
                "name": "sample",
                "depends_on": [],
                "dbs": [],
                "servers": [],
                "gates": []
            },
            {
                "monitors": [],
                "buses": [],
                "image": "",
                "image_full": "",
                "discos": [],
                "name": "jhipster-console",
                "depends_on": [
                    "jhipster-elasticsearch"
                ],
                "dbs": [],
                "servers": [],
                "gates": []
            },
            {
                "monitors": [],
                "buses": [],
                "image": "mysql",
                "image_full": "mysql:8.0.19",
                "discos": [],
                "name": "sample-mysql",
                "depends_on": [],
                "dbs": [
                    "mysql"
                ],
                "servers": [],
                "gates": []
            },
            {
                "monitors": [],
                "buses": [],
                "image": "",
                "image_full": "",
                "discos": [],
                "name": "zookeeper",
                "depends_on": [],
                "dbs": [],
                "servers": [],
                "gates": []
            },
            {
                "monitors": [],
                "buses": [],
                "image": "",
                "image_full": "",
                "discos": [],
                "name": "jhipster-zipkin",
                "depends_on": [
                    "jhipster-elasticsearch"
                ],
                "dbs": [],
                "servers": [],
                "gates": []
            },
            {
                "monitors": [],
                "buses": [],
                "image": "",
                "image_full": "",
                "discos": [],
                "name": "jhipster-logstash",
                "depends_on": [
                    "jhipster-elasticsearch"
                ],
                "dbs": [],
                "servers": [],
                "gates": []
            }
        ],
        "detected_dbs": {
            "num": 3,
            "names": [
                "mysql"
            ],
            "services": [
                "gateway-mysql",
                "uaa-mysql",
                "sample-mysql"
            ],
            "shared_dbs": false
        },
        "num_services": 14,
        "path": "/docker-compose/docker-compose.yml"
    },
    "num_buses": 0,
    "servers": [],
    "url": "git://github.com/bemonee/jhipster-msa-poc.git",
    "num_services": 14,
    "gates": [
        "gateway"
    ],
    "files": [],
    "name": "bemonee/jhipster-msa-poc",
    "languages": [
        "shell"
    ],
    "images": [],
    "dbs": [
        "mysql"
    ],
    "num_servers": 0,
    "num_langs": 1
}