{
    "files": [
        {
            "buses": [],
            "path": "/pom.xml",
            "monitors": [],
            "dbs": [],
            "servers": [
                "spring"
            ],
            "discos": [
                "eureka"
            ],
            "gates": [
                "zuul"
            ]
        },
        {
            "buses": [],
            "path": "/eureka-server/pom.xml",
            "monitors": [],
            "dbs": [],
            "servers": [
                "spring"
            ],
            "discos": [
                "eureka"
            ],
            "gates": []
        },
        {
            "buses": [],
            "path": "/zuul-apigateway/pom.xml",
            "monitors": [],
            "dbs": [],
            "servers": [
                "spring"
            ],
            "discos": [],
            "gates": [
                "zuul"
            ]
        },
        {
            "buses": [],
            "path": "/config-service/pom.xml",
            "monitors": [],
            "dbs": [],
            "servers": [
                "spring"
            ],
            "discos": [],
            "gates": []
        }
    ],
    "size": 347,
    "url": "git://github.com/BiwadeepBhattacharjee/MicroservicesDocker-Compose-Completed-Project.git",
    "num_monitors": 0,
    "languages": [
        "java",
        "dockerfile"
    ],
    "langs": [
        "dockerfile",
        "java"
    ],
    "discos": [
        "eureka"
    ],
    "gates": [
        "zuul"
    ],
    "num_servers": 1,
    "num_dockers": 3,
    "shared_dbs": false,
    "images": [
        "openjdk"
    ],
    "structure": {
        "path": "/docker-compose.yml",
        "detected_dbs": {
            "shared_dbs": false,
            "num": 1,
            "names": [
                "mongo"
            ],
            "services": [
                "mongo"
            ]
        },
        "services": [
            {
                "depends_on": [],
                "buses": [],
                "image": "eureka-server/",
                "monitors": [],
                "image_full": "eureka-server/",
                "dbs": [],
                "name": "eureka-server",
                "servers": [],
                "discos": [
                    "eureka"
                ],
                "gates": []
            },
            {
                "depends_on": [],
                "buses": [],
                "image": "demo-config-service",
                "monitors": [],
                "image_full": "demo-config-service",
                "dbs": [],
                "name": "config-service",
                "servers": [],
                "discos": [],
                "gates": []
            },
            {
                "depends_on": [],
                "buses": [],
                "image": "mongo",
                "monitors": [],
                "image_full": "mongo:3.4-jessie",
                "dbs": [
                    "mongo"
                ],
                "name": "mongo",
                "servers": [],
                "discos": [],
                "gates": []
            },
            {
                "depends_on": [
                    "config-service",
                    "eureka-server",
                    "game-service"
                ],
                "buses": [],
                "image": "zuul-apigateway/",
                "monitors": [],
                "image_full": "zuul-apigateway/",
                "dbs": [],
                "name": "zuul-apigateway",
                "servers": [],
                "discos": [],
                "gates": [
                    "zuul"
                ]
            },
            {
                "depends_on": [
                    "config-service",
                    "eureka-server",
                    "mongo"
                ],
                "buses": [],
                "image": "game-service/",
                "monitors": [],
                "image_full": "game-service/",
                "dbs": [],
                "name": "game-service",
                "servers": [],
                "discos": [],
                "gates": []
            }
        ],
        "num_services": 5
    },
    "num_gates": 1,
    "buses": [],
    "num_dbs": 1,
    "avg_size_service": 115.66666666666667,
    "num_discos": 1,
    "servers": [
        "spring"
    ],
    "num_buses": 0,
    "dockers": [
        {
            "buses": [],
            "langs": [],
            "dbs": [],
            "discos": [],
            "servers": [],
            "from": "openjdk",
            "gates": [],
            "cmd_keywords": [],
            "cmd": "",
            "path": "/eureka-server/Dockerfile",
            "monitors": [],
            "from_full": "openjdk:11",
            "keywords": []
        },
        {
            "buses": [],
            "langs": [],
            "dbs": [],
            "discos": [],
            "servers": [],
            "from": "openjdk",
            "gates": [],
            "cmd_keywords": [],
            "cmd": "",
            "path": "/zuul-apigateway/Dockerfile",
            "monitors": [],
            "from_full": "openjdk:11",
            "keywords": []
        },
        {
            "buses": [],
            "langs": [],
            "dbs": [],
            "discos": [],
            "servers": [],
            "from": "openjdk",
            "gates": [],
            "cmd_keywords": [],
            "cmd": "",
            "path": "/config-service/Dockerfile",
            "monitors": [],
            "from_full": "openjdk:11",
            "keywords": []
        }
    ],
    "monitors": [],
    "num_files": 8,
    "dbs": [
        "mongo"
    ],
    "name": "BiwadeepBhattacharjee/MicroservicesDocker-Compose-Completed-Project",
    "num_langs": 2,
    "num_services": 5
}