{
    "size": 1,
    "num_dockers": 1,
    "discos": [],
    "num_files": 3,
    "avg_size_service": 1.0,
    "buses": [],
    "num_gates": 0,
    "langs": [
        "python",
        "dockerfile"
    ],
    "num_discos": 0,
    "num_monitors": 0,
    "dockers": [
        {
            "monitors": [],
            "cmd": "python manage.py run -h 0.0.0.0",
            "discos": [],
            "servers": [],
            "cmd_keywords": [
                "python",
                "manage",
                "run"
            ],
            "from": "python",
            "path": "/services/users/Dockerfile",
            "keywords": [
                "app",
                "install",
                "mkdir",
                "src",
                "pip"
            ],
            "buses": [],
            "langs": [
                "python"
            ],
            "gates": [],
            "dbs": [],
            "from_full": "python:3.7.2-alpine"
        }
    ],
    "num_dbs": 0,
    "monitors": [],
    "shared_dbs": false,
    "structure": {
        "services": [
            {
                "monitors": [],
                "buses": [],
                "image": "./services/users",
                "image_full": "./services/users",
                "discos": [],
                "name": "users",
                "depends_on": [],
                "dbs": [],
                "servers": [],
                "gates": []
            }
        ],
        "detected_dbs": {
            "num": 0,
            "names": [],
            "services": [],
            "shared_dbs": false
        },
        "num_services": 1,
        "path": "/docker-compose.yml"
    },
    "num_buses": 0,
    "servers": [
        "flask"
    ],
    "url": "git://github.com/bjk116/testdriven-app.git",
    "num_services": 1,
    "gates": [],
    "files": [
        {
            "monitors": [],
            "buses": [],
            "discos": [],
            "gates": [],
            "dbs": [],
            "servers": [
                "flask"
            ],
            "path": "/services/users/requirements.txt"
        }
    ],
    "name": "bjk116/testdriven-app",
    "languages": [
        "python",
        "dockerfile"
    ],
    "images": [
        "python"
    ],
    "dbs": [],
    "num_servers": 1,
    "num_langs": 2
}