{
    "dbs": [],
    "name": "bolof2000/DevOps_Microservices",
    "num_langs": 4,
    "languages": [
        "python",
        "shell",
        "makefile",
        "dockerfile"
    ],
    "shared_dbs": false,
    "servers": [
        "flask"
    ],
    "langs": [
        "dockerfile",
        "shell",
        "makefile",
        "python"
    ],
    "dockers": [
        {
            "buses": [],
            "dbs": [],
            "servers": [],
            "monitors": [],
            "cmd_keywords": [
                "app",
                "python"
            ],
            "discos": [],
            "cmd": "python app.py",
            "path": "/project-ml-microservice-kubernetes/Dockerfile",
            "from_full": "python:3.7.3-stretch",
            "gates": [],
            "from": "python",
            "langs": [
                "python"
            ],
            "keywords": [
                "pip",
                "install",
                "trusted",
                "host",
                "requirements"
            ]
        }
    ],
    "gates": [],
    "size": 739,
    "num_dockers": 1,
    "num_discos": 0,
    "num_buses": 0,
    "buses": [],
    "images": [
        "python"
    ],
    "num_servers": 1,
    "num_services": 0,
    "monitors": [],
    "structure": {
        "services": [],
        "num_services": 0,
        "detected_dbs": {
            "num": 0,
            "shared_dbs": false,
            "names": [],
            "services": []
        },
        "path": []
    },
    "discos": [],
    "num_files": 3,
    "num_dbs": 0,
    "num_monitors": 0,
    "num_gates": 0,
    "url": "git://github.com/bolof2000/DevOps_Microservices.git",
    "avg_size_service": 739.0,
    "files": [
        {
            "buses": [],
            "dbs": [],
            "gates": [],
            "monitors": [],
            "discos": [],
            "servers": [
                "flask"
            ],
            "path": "/project-ml-microservice-kubernetes/requirements.txt"
        }
    ]
}