{
    "avg_size_service": 738.0,
    "discos": [],
    "images": [
        "python"
    ],
    "num_dockers": 1,
    "num_servers": 1,
    "langs": [
        "makefile",
        "python"
    ],
    "languages": [
        "makefile"
    ],
    "num_services": 0,
    "num_gates": 0,
    "num_langs": 2,
    "monitors": [],
    "gates": [],
    "servers": [
        "flask"
    ],
    "num_monitors": 0,
    "structure": {
        "path": [],
        "services": [],
        "num_services": 0,
        "detected_dbs": {
            "names": [],
            "num": 0,
            "services": [],
            "shared_dbs": false
        }
    },
    "size": 738,
    "url": "git://github.com/bonduu01/container-revolution-devops-microservices.git",
    "num_buses": 0,
    "shared_dbs": false,
    "files": [
        {
            "path": "/requirements.txt",
            "discos": [],
            "monitors": [],
            "gates": [],
            "servers": [
                "flask"
            ],
            "dbs": [],
            "buses": []
        },
        {
            "path": "/demos/flask-sklearn/requirements.txt",
            "discos": [],
            "monitors": [],
            "gates": [],
            "servers": [
                "flask"
            ],
            "dbs": [],
            "buses": []
        }
    ],
    "num_discos": 0,
    "dockers": [
        {
            "path": "/demos/flask-sklearn/Dockerfile",
            "from_full": "python:3.7.3-stretch",
            "from": "python",
            "cmd": "python app.py",
            "keywords": [
                "pip",
                "install",
                "upgrade",
                "python",
                "host"
            ],
            "servers": [],
            "gates": [],
            "langs": [
                "python"
            ],
            "discos": [],
            "monitors": [],
            "cmd_keywords": [
                "app",
                "python"
            ],
            "dbs": [],
            "buses": []
        }
    ],
    "name": "bonduu01/container-revolution-devops-microservices",
    "buses": [],
    "num_files": 4,
    "dbs": [],
    "num_dbs": 0
}