{
    "buses": [],
    "avg_size_service": 5137.0,
    "num_dbs": 0,
    "num_services": 1,
    "langs": [
        "c#"
    ],
    "num_langs": 1,
    "structure": {
        "path": "/docker-compose.yml",
        "services": [
            {
                "buses": [],
                "discos": [],
                "depends_on": [],
                "image_full": "${DOCKER_REGISTRY-}productmicroservice",
                "name": "productmicroservice",
                "dbs": [],
                "servers": [],
                "image": "${DOCKER_REGISTRY-}productmicroservice",
                "gates": [],
                "monitors": []
            }
        ],
        "detected_dbs": {
            "shared_dbs": false,
            "names": [],
            "num": 0,
            "services": []
        },
        "num_services": 1
    },
    "shared_dbs": false,
    "num_buses": 0,
    "dockers": [
        {
            "buses": [],
            "from_full": "base",
            "cmd": "",
            "from": "base",
            "path": "/ProductMicroservice/ProductMicroservice/Dockerfile",
            "langs": [],
            "monitors": [],
            "cmd_keywords": [],
            "discos": [],
            "keywords": [
                "productmicroservice",
                "dotnet",
                "csproj",
                "release",
                "app"
            ],
            "dbs": [],
            "gates": [],
            "servers": []
        }
    ],
    "dbs": [],
    "languages": [
        "c#"
    ],
    "gates": [],
    "servers": [],
    "num_gates": 0,
    "name": "BoskoD/Microservice",
    "num_monitors": 0,
    "monitors": [],
    "discos": [],
    "files": [],
    "size": 5137,
    "num_dockers": 1,
    "num_files": 2,
    "url": "git://github.com/BoskoD/Microservice.git",
    "num_servers": 0,
    "images": [
        "base"
    ],
    "num_discos": 0
}