{
    "discos": [],
    "avg_size_service": 11.333333333333334,
    "buses": [],
    "num_gates": 0,
    "name": "boxboat/fixuid",
    "structure": {
        "path": "/docker-compose.yml",
        "services": [
            {
                "name": "centos",
                "dbs": [],
                "depends_on": [],
                "discos": [],
                "image_full": "fixuid-centos",
                "image": "fixuid-centos",
                "servers": [],
                "buses": [],
                "monitors": [],
                "gates": []
            },
            {
                "name": "alpine",
                "dbs": [],
                "depends_on": [],
                "discos": [],
                "image_full": "fixuid-alpine",
                "image": "fixuid-alpine",
                "servers": [],
                "buses": [],
                "monitors": [],
                "gates": []
            },
            {
                "name": "debian",
                "dbs": [],
                "depends_on": [],
                "discos": [],
                "image_full": "fixuid-debian",
                "image": "fixuid-debian",
                "servers": [],
                "buses": [],
                "monitors": [],
                "gates": []
            }
        ],
        "detected_dbs": {
            "names": [],
            "num": 0,
            "shared_dbs": false,
            "services": []
        },
        "num_services": 3
    },
    "dbs": [],
    "dockers": [
        {
            "langs": [],
            "cmd_keywords": [],
            "from_full": "alpine:latest",
            "buses": [],
            "monitors": [],
            "from": "alpine",
            "keywords": [
                "docker",
                "home",
                "bin",
                "touch",
                "chmod"
            ],
            "gates": [],
            "path": "/docker/alpine/Dockerfile",
            "dbs": [],
            "discos": [],
            "cmd": "",
            "servers": []
        },
        {
            "langs": [],
            "cmd_keywords": [],
            "from_full": "centos:latest",
            "buses": [],
            "monitors": [],
            "from": "centos",
            "keywords": [
                "docker",
                "home",
                "bin",
                "touch",
                "chmod"
            ],
            "gates": [],
            "path": "/docker/centos/Dockerfile",
            "dbs": [],
            "discos": [],
            "cmd": "",
            "servers": []
        },
        {
            "langs": [],
            "cmd_keywords": [],
            "from_full": "debian:latest",
            "buses": [],
            "monitors": [],
            "from": "debian",
            "keywords": [
                "docker",
                "home",
                "bin",
                "touch",
                "disabled"
            ],
            "gates": [],
            "path": "/docker/debian/Dockerfile",
            "dbs": [],
            "discos": [],
            "cmd": "",
            "servers": []
        }
    ],
    "gates": [],
    "size": 34,
    "num_monitors": 0,
    "images": [
        "centos",
        "alpine",
        "debian"
    ],
    "num_buses": 0,
    "num_services": 3,
    "servers": [],
    "shared_dbs": false,
    "monitors": [],
    "num_discos": 0,
    "languages": [
        "go",
        "shell"
    ],
    "url": "git://github.com/boxboat/fixuid.git",
    "langs": [
        "shell",
        "go"
    ],
    "num_dbs": 0,
    "num_servers": 0,
    "num_langs": 2,
    "files": [],
    "num_dockers": 3,
    "num_files": 4
}