{
    "gates": [],
    "num_gates": 0,
    "size": 866,
    "shared_dbs": false,
    "num_services": 0,
    "num_dbs": 0,
    "name": "BrunnerLivio/try",
    "dbs": [],
    "buses": [],
    "num_dockers": 0,
    "images": [],
    "monitors": [],
    "files": [
        {
            "gates": [],
            "dbs": [],
            "buses": [],
            "path": "/package.json",
            "monitors": [],
            "discos": [],
            "servers": [
                "node"
            ]
        }
    ],
    "structure": {
        "detected_dbs": {
            "services": [],
            "names": [],
            "num": 0,
            "shared_dbs": false
        },
        "services": [],
        "path": [],
        "num_services": 0
    },
    "servers": [
        "node"
    ],
    "num_discos": 0,
    "discos": [],
    "num_monitors": 0,
    "url": "git://github.com/BrunnerLivio/try.git",
    "langs": [
        "javascript"
    ],
    "num_langs": 1,
    "dockers": [],
    "avg_size_service": 866.0,
    "languages": [
        "javascript"
    ],
    "num_buses": 0,
    "num_files": 2,
    "num_servers": 1
}