{
    "servers": [
        "flask"
    ],
    "name": "bryanasdev000/microservice-jitsi-log",
    "num_gates": 1,
    "avg_size_service": 40.0,
    "structure": {
        "services": [
            {
                "gates": [],
                "buses": [],
                "image_full": "mongo:4.2-bionic",
                "servers": [],
                "depends_on": [],
                "name": "mongo",
                "dbs": [
                    "mongo"
                ],
                "image": "mongo",
                "monitors": [],
                "discos": []
            },
            {
                "gates": [],
                "buses": [],
                "image_full": "microservice-jitsi-log:1.0",
                "servers": [],
                "depends_on": [
                    "mongo"
                ],
                "name": "microservice-jitsi-log",
                "dbs": [],
                "image": "microservice-jitsi-log",
                "monitors": [],
                "discos": []
            }
        ],
        "num_services": 2,
        "path": "/docker-compose.yml",
        "detected_dbs": {
            "num": 1,
            "names": [
                "mongo"
            ],
            "services": [
                "mongo"
            ],
            "shared_dbs": false
        }
    },
    "num_dbs": 1,
    "buses": [],
    "langs": [
        "python",
        "nix"
    ],
    "shared_dbs": false,
    "files": [
        {
            "gates": [],
            "buses": [],
            "path": "/requirements.txt",
            "servers": [
                "flask"
            ],
            "dbs": [],
            "monitors": [],
            "discos": []
        }
    ],
    "size": 40,
    "num_dockers": 1,
    "url": "git://github.com/bryanasdev000/microservice-jitsi-log.git",
    "gates": [
        "nginx"
    ],
    "num_servers": 1,
    "images": [
        "tiangolo/uwsgi-nginx-flask"
    ],
    "num_services": 2,
    "languages": [
        "python",
        "nix"
    ],
    "num_files": 3,
    "discos": [],
    "dockers": [
        {
            "gates": [
                "nginx"
            ],
            "from_full": "tiangolo/uwsgi-nginx-flask:python3.8-alpine-2020-05-09",
            "cmd_keywords": [],
            "path": "/Dockerfile",
            "servers": [
                "flask"
            ],
            "cmd": "",
            "from": "tiangolo/uwsgi-nginx-flask",
            "buses": [],
            "langs": [],
            "dbs": [],
            "discos": [],
            "monitors": [],
            "keywords": [
                "txt",
                "pip",
                "app",
                "requirements",
                "install"
            ]
        }
    ],
    "num_langs": 2,
    "num_monitors": 0,
    "num_buses": 0,
    "dbs": [
        "mongo"
    ],
    "monitors": [],
    "num_discos": 0
}