{
    "size": 37,
    "num_dockers": 1,
    "discos": [],
    "num_files": 2,
    "avg_size_service": 37.0,
    "buses": [],
    "num_gates": 1,
    "langs": [
        "shell",
        "dockerfile",
        "bash"
    ],
    "num_discos": 0,
    "num_monitors": 0,
    "dockers": [
        {
            "monitors": [],
            "cmd": "",
            "discos": [],
            "servers": [],
            "cmd_keywords": [],
            "from": "ubuntu",
            "path": "/Dockerfile",
            "keywords": [
                "bash",
                "completion",
                "apt",
                "nginx",
                "etc"
            ],
            "buses": [],
            "langs": [
                "bash"
            ],
            "gates": [
                "nginx"
            ],
            "dbs": [],
            "from_full": "ubuntu:focal"
        }
    ],
    "num_dbs": 0,
    "monitors": [],
    "shared_dbs": false,
    "structure": {
        "services": [],
        "detected_dbs": {
            "num": 0,
            "names": [],
            "services": [],
            "shared_dbs": false
        },
        "num_services": 0,
        "path": []
    },
    "num_buses": 0,
    "servers": [],
    "url": "git://github.com/bryanhong/docker-aptly.git",
    "num_services": 0,
    "gates": [
        "nginx"
    ],
    "files": [],
    "name": "bryanhong/docker-aptly",
    "languages": [
        "shell",
        "dockerfile"
    ],
    "images": [
        "ubuntu"
    ],
    "dbs": [],
    "num_servers": 0,
    "num_langs": 3
}