{
    "discos": [],
    "avg_size_service": 46.0,
    "buses": [],
    "num_gates": 0,
    "name": "buildkite-plugins/docker-buildkite-plugin",
    "structure": {
        "path": "/docker-compose.yml",
        "services": [
            {
                "name": "tests",
                "dbs": [],
                "depends_on": [],
                "discos": [],
                "image_full": "buildkite/plugin-tester",
                "image": "buildkite/plugin-tester",
                "servers": [],
                "buses": [],
                "monitors": [],
                "gates": []
            }
        ],
        "detected_dbs": {
            "names": [],
            "num": 0,
            "shared_dbs": false,
            "services": []
        },
        "num_services": 1
    },
    "dbs": [],
    "dockers": [],
    "gates": [],
    "size": 46,
    "num_monitors": 0,
    "images": [],
    "num_buses": 0,
    "num_services": 1,
    "servers": [],
    "shared_dbs": false,
    "monitors": [],
    "num_discos": 0,
    "languages": [
        "shell"
    ],
    "url": "git://github.com/buildkite-plugins/docker-buildkite-plugin.git",
    "langs": [
        "shell"
    ],
    "num_dbs": 0,
    "num_servers": 0,
    "num_langs": 1,
    "files": [],
    "num_dockers": 0,
    "num_files": 1
}