{
    "buses": [],
    "num_servers": 0,
    "languages": [
        "shell"
    ],
    "dbs": [],
    "num_services": 0,
    "avg_size_service": 1089.0,
    "servers": [],
    "structure": {
        "num_services": 0,
        "detected_dbs": {
            "services": [],
            "shared_dbs": false,
            "num": 0,
            "names": []
        },
        "services": [],
        "path": []
    },
    "monitors": [],
    "num_buses": 0,
    "images": [],
    "gates": [],
    "num_gates": 0,
    "num_langs": 1,
    "langs": [
        "shell"
    ],
    "url": "git://github.com/cdla/scsnl_preproc_docker.git",
    "num_discos": 0,
    "num_files": 1,
    "files": [],
    "shared_dbs": false,
    "num_monitors": 0,
    "name": "cdla/scsnl_preproc_docker",
    "num_dbs": 0,
    "discos": [],
    "dockers": [],
    "num_dockers": 0,
    "size": 1089
}