{
    "structure": {
        "path": "/docker-compose.yml",
        "services": [
            {
                "servers": [],
                "buses": [],
                "gates": [],
                "monitors": [],
                "name": "product.microservice",
                "dbs": [],
                "depends_on": [],
                "image": "${DOCKER_REGISTRY-}productmicroservice",
                "image_full": "${DOCKER_REGISTRY-}productmicroservice",
                "discos": []
            }
        ],
        "num_services": 1,
        "detected_dbs": {
            "names": [],
            "num": 0,
            "services": [],
            "shared_dbs": false
        }
    },
    "discos": [],
    "size": 101,
    "num_gates": 0,
    "num_langs": 1,
    "servers": [],
    "gates": [],
    "num_servers": 0,
    "num_buses": 0,
    "files": [],
    "num_dockers": 1,
    "buses": [],
    "languages": [
        "c#"
    ],
    "monitors": [],
    "dbs": [],
    "num_monitors": 0,
    "num_files": 2,
    "num_dbs": 0,
    "num_services": 1,
    "images": [
        "base"
    ],
    "url": "git://github.com/chaitanyasingu/microservices-api-gateway-netcore.git",
    "dockers": [
        {
            "cmd": "",
            "servers": [],
            "monitors": [],
            "discos": [],
            "buses": [],
            "path": "/Product.Microservice/Dockerfile",
            "cmd_keywords": [],
            "keywords": [
                "product",
                "microservice",
                "csproj",
                "dotnet",
                "build"
            ],
            "from_full": "base",
            "gates": [],
            "from": "base",
            "langs": [],
            "dbs": []
        }
    ],
    "avg_size_service": 101.0,
    "shared_dbs": false,
    "num_discos": 0,
    "langs": [
        "c#"
    ],
    "name": "chaitanyasingu/microservices-api-gateway-netcore"
}