{
    "num_files": 1,
    "monitors": [],
    "dbs": [],
    "servers": [],
    "num_discos": 0,
    "num_gates": 0,
    "num_services": 13,
    "discos": [],
    "languages": [],
    "num_dockers": 0,
    "structure": {
        "path": "/lap-test/docker-compose.yml",
        "services": [
            {
                "image": "${IMAGE}",
                "depends_on": [],
                "image_full": "${IMAGE}",
                "monitors": [],
                "discos": [],
                "buses": [],
                "dbs": [],
                "name": "odsupercomponent",
                "servers": [],
                "gates": []
            },
            {
                "image": "proxy-camera",
                "depends_on": [],
                "image_full": "proxy-camera:local",
                "monitors": [],
                "discos": [],
                "buses": [],
                "dbs": [],
                "name": "proxy-camera",
                "servers": [],
                "gates": []
            },
            {
                "image": "chalmersfsd/cfsd18-sim-visualization",
                "depends_on": [],
                "image_full": "chalmersfsd/cfsd18-sim-visualization:pre-release-778bfb6",
                "monitors": [],
                "discos": [],
                "buses": [],
                "dbs": [],
                "name": "cfsd18-sim-visualization",
                "servers": [],
                "gates": []
            },
            {
                "image": "${IMAGE}",
                "depends_on": [
                    "odsupercomponent",
                    "proxy-camera",
                    "proxy-velodyne16"
                ],
                "image_full": "${IMAGE}",
                "monitors": [],
                "discos": [],
                "buses": [],
                "dbs": [],
                "name": "odrecorderh264",
                "servers": [],
                "gates": []
            },
            {
                "image": "chalmersfsd/logic-action-steering",
                "depends_on": [],
                "image_full": "chalmersfsd/logic-action-steering:pre-release-b0d1def",
                "monitors": [],
                "discos": [],
                "buses": [],
                "dbs": [],
                "name": "steering",
                "servers": [],
                "gates": []
            },
            {
                "image": "chalmersfsd/cfsd18-cognition-track",
                "depends_on": [],
                "image_full": "chalmersfsd/cfsd18-cognition-track:pre-release-422b974",
                "monitors": [],
                "discos": [],
                "buses": [],
                "dbs": [],
                "name": "cfsd18-cognition-track",
                "servers": [],
                "gates": []
            },
            {
                "image": "chalmersfsd/cfsd18-perception-imagerecorder",
                "depends_on": [
                    "proxy-camera"
                ],
                "image_full": "chalmersfsd/cfsd18-perception-imagerecorder:pre-release-939279c",
                "monitors": [],
                "discos": [],
                "buses": [],
                "dbs": [],
                "name": "cfsd18-perception-imagerecorder",
                "servers": [],
                "gates": []
            },
            {
                "image": "proxy-imu",
                "depends_on": [],
                "image_full": "proxy-imu:v0.0.101",
                "monitors": [],
                "discos": [],
                "buses": [],
                "dbs": [],
                "name": "opendlv-proxy-ellipse2n",
                "servers": [],
                "gates": []
            },
            {
                "image": "chalmersfsd/logic-action-motion",
                "depends_on": [],
                "image_full": "chalmersfsd/logic-action-motion:pre-release-6432d58",
                "monitors": [],
                "discos": [],
                "buses": [],
                "dbs": [],
                "name": "motion",
                "servers": [],
                "gates": []
            },
            {
                "image": "chalmersfsd/cfsd18-perception-detectcone",
                "depends_on": [
                    "proxy-camera"
                ],
                "image_full": "chalmersfsd/cfsd18-perception-detectcone:pre-release-66d5c58",
                "monitors": [],
                "discos": [],
                "buses": [],
                "dbs": [],
                "name": "cfsd18-perception-detectcone",
                "servers": [],
                "gates": []
            },
            {
                "image": "chalmersfsd/cfsd18-cognition-detectconelane",
                "depends_on": [],
                "image_full": "chalmersfsd/cfsd18-cognition-detectconelane:pre-release-75e0192",
                "monitors": [],
                "discos": [],
                "buses": [],
                "dbs": [],
                "name": "cfsd18-cognition-detectconelane",
                "servers": [],
                "gates": []
            },
            {
                "image": "chalmersfsd/cfsd18-sensation-attention",
                "depends_on": [],
                "image_full": "chalmersfsd/cfsd18-sensation-attention:pre-release-911d2ac",
                "monitors": [],
                "discos": [],
                "buses": [],
                "dbs": [],
                "name": "cfsd18-sensation-attention",
                "servers": [],
                "gates": []
            },
            {
                "image": "chalmersrevere/opendlv-device-lidar-vlp16-multi",
                "depends_on": [],
                "image_full": "chalmersrevere/opendlv-device-lidar-vlp16-multi:v0.0.7",
                "monitors": [],
                "discos": [],
                "buses": [],
                "dbs": [],
                "name": "proxy-velodyne16",
                "servers": [],
                "gates": []
            }
        ],
        "detected_dbs": {
            "names": [],
            "services": [],
            "num": 0,
            "shared_dbs": false
        },
        "num_services": 13
    },
    "num_dbs": 0,
    "num_servers": 0,
    "avg_size_service": 10598.0,
    "dockers": [],
    "images": [],
    "num_monitors": 0,
    "num_buses": 0,
    "name": "chalmersfsd/cfsd18-autonomous-system-usecases-old",
    "gates": [],
    "size": 10598,
    "num_langs": 0,
    "files": [],
    "url": "git://github.com/chalmersfsd/cfsd18-autonomous-system-usecases-old.git",
    "langs": [],
    "shared_dbs": false,
    "buses": []
}