{
    "size": 711,
    "num_discos": 0,
    "num_services": 0,
    "num_monitors": 0,
    "num_langs": 1,
    "dockers": [],
    "files": [],
    "langs": [
        "c++"
    ],
    "url": "git://github.com/chalmers-revere/opendlv-device-gamepad.git",
    "buses": [],
    "shared_dbs": false,
    "structure": {
        "services": [],
        "detected_dbs": {
            "names": [],
            "services": [],
            "shared_dbs": false,
            "num": 0
        },
        "num_services": 0,
        "path": []
    },
    "name": "chalmers-revere/opendlv-device-gamepad",
    "num_buses": 0,
    "servers": [],
    "num_files": 1,
    "num_dbs": 0,
    "num_gates": 0,
    "gates": [],
    "monitors": [],
    "avg_size_service": 711.0,
    "languages": [
        "c++"
    ],
    "num_dockers": 0,
    "dbs": [],
    "num_servers": 0,
    "discos": [],
    "images": []
}