{
    "size": 124,
    "num_servers": 3,
    "dbs": [
        "zookeeper",
        "oracle"
    ],
    "files": [
        {
            "path": "/locust/requirements.txt",
            "gates": [],
            "servers": [
                "flask"
            ],
            "buses": [],
            "discos": [],
            "dbs": [],
            "monitors": []
        }
    ],
    "structure": {
        "num_services": 3,
        "services": [
            {
                "name": "ansible",
                "image": "cithub/ansible",
                "depends_on": [],
                "buses": [],
                "gates": [],
                "servers": [],
                "image_full": "cithub/ansible",
                "discos": [],
                "dbs": [],
                "monitors": []
            },
            {
                "name": "microservice",
                "image": "ubuntu",
                "depends_on": [],
                "buses": [],
                "gates": [],
                "servers": [],
                "image_full": "ubuntu",
                "discos": [],
                "dbs": [],
                "monitors": []
            },
            {
                "name": "vault",
                "image": "cithub/vault",
                "depends_on": [],
                "buses": [],
                "gates": [],
                "servers": [],
                "image_full": "cithub/vault",
                "discos": [],
                "dbs": [],
                "monitors": []
            }
        ],
        "path": "/ansible/docker-compose.yml",
        "detected_dbs": {
            "num": 0,
            "names": [],
            "shared_dbs": false,
            "services": []
        }
    },
    "buses": [
        "activemq",
        "kafka"
    ],
    "images": [
        "alpine",
        "ubuntu",
        "node",
        "openjdk",
        "cithub/ubuntu",
        "hseeberger/scala-sbt",
        "python",
        "tensorflow/tensorflow",
        "cithub/hadoop"
    ],
    "num_discos": 1,
    "url": "git://github.com/channelit/docker-images.git",
    "num_services": 3,
    "langs": [
        "lua",
        "scala",
        "java",
        "bash",
        "python",
        "shell",
        "dockerfile"
    ],
    "discos": [
        "zookeeper"
    ],
    "num_gates": 0,
    "shared_dbs": false,
    "num_files": 27,
    "num_monitors": 0,
    "gates": [],
    "servers": [
        "django",
        "node",
        "flask"
    ],
    "num_langs": 7,
    "languages": [
        "dockerfile",
        "shell"
    ],
    "monitors": [],
    "name": "channelit/docker-images",
    "num_buses": 2,
    "avg_size_service": 4.96,
    "dockers": [
        {
            "path": "/ansible/Dockerfile",
            "gates": [],
            "servers": [],
            "langs": [
                "python"
            ],
            "cmd": "",
            "keywords": [
                "apt",
                "get",
                "start",
                "ansible",
                "install"
            ],
            "from": "cithub/ubuntu",
            "buses": [],
            "from_full": "cithub/ubuntu",
            "discos": [],
            "dbs": [],
            "monitors": [],
            "cmd_keywords": []
        },
        {
            "path": "/tensorflow-gpu/Dockerfile",
            "gates": [],
            "servers": [
                "django"
            ],
            "langs": [
                "python"
            ],
            "cmd": "./start.sh",
            "keywords": [
                "pip",
                "install",
                "start",
                "jupyter",
                "echo"
            ],
            "from": "tensorflow/tensorflow",
            "buses": [],
            "from_full": "tensorflow/tensorflow:latest-gpu-py3",
            "discos": [],
            "dbs": [],
            "monitors": [],
            "cmd_keywords": [
                "start"
            ]
        },
        {
            "path": "/airflow/Dockerfile",
            "gates": [],
            "servers": [],
            "langs": [
                "python"
            ],
            "cmd": "startup.sh",
            "keywords": [
                "apt",
                "get",
                "dev",
                "install",
                "airflow"
            ],
            "from": "python",
            "buses": [],
            "from_full": "python:3.6-slim-stretch",
            "discos": [],
            "dbs": [],
            "monitors": [],
            "cmd_keywords": [
                "startup"
            ]
        },
        {
            "path": "/spark-yarn/Dockerfile",
            "gates": [],
            "servers": [],
            "langs": [
                "lua"
            ],
            "cmd": "",
            "keywords": [
                "spark",
                "python",
                "pip",
                "install",
                "home"
            ],
            "from": "cithub/hadoop",
            "buses": [],
            "from_full": "cithub/hadoop",
            "discos": [],
            "dbs": [],
            "monitors": [],
            "cmd_keywords": []
        },
        {
            "path": "/tensorflow/Dockerfile",
            "gates": [],
            "servers": [
                "django"
            ],
            "langs": [
                "python"
            ],
            "cmd": "",
            "keywords": [
                "pip",
                "install",
                "python",
                "nltk",
                "get"
            ],
            "from": "tensorflow/tensorflow",
            "buses": [],
            "from_full": "tensorflow/tensorflow:latest-py3-jupyter",
            "discos": [],
            "dbs": [],
            "monitors": [],
            "cmd_keywords": []
        },
        {
            "path": "/hadoop/Dockerfile",
            "gates": [],
            "servers": [],
            "langs": [
                "bash"
            ],
            "cmd": "",
            "keywords": [
                "hadoop",
                "home",
                "xml",
                "etc",
                "site"
            ],
            "from": "alpine",
            "buses": [],
            "from_full": "alpine",
            "discos": [],
            "dbs": [],
            "monitors": [],
            "cmd_keywords": []
        },
        {
            "path": "/giraph/Dockerfile",
            "gates": [],
            "servers": [],
            "langs": [],
            "cmd": "",
            "keywords": [
                "giraph",
                "zookeeper",
                "tar",
                "ver",
                "get"
            ],
            "from": "cithub/hadoop",
            "buses": [],
            "from_full": "cithub/hadoop",
            "discos": [
                "zookeeper"
            ],
            "dbs": [
                "zookeeper"
            ],
            "monitors": [],
            "cmd_keywords": []
        },
        {
            "path": "/zookeeper/Dockerfile",
            "gates": [],
            "servers": [],
            "langs": [],
            "cmd": "/opt/zookeeper/bin/zkServer.sh start-foreground",
            "keywords": [
                "zoo",
                "zookeeper",
                "dir",
                "opt",
                "gid"
            ],
            "from": "openjdk",
            "buses": [],
            "from_full": "openjdk:11-jre-slim",
            "discos": [
                "zookeeper"
            ],
            "dbs": [
                "zookeeper"
            ],
            "monitors": [],
            "cmd_keywords": [
                "foreground",
                "start",
                "opt",
                "bin",
                "zookeeper"
            ]
        },
        {
            "path": "/ubuntu/Dockerfile",
            "gates": [],
            "servers": [],
            "langs": [
                "java"
            ],
            "cmd": "",
            "keywords": [
                "apt",
                "get",
                "update",
                "java",
                "install"
            ],
            "from": "ubuntu",
            "buses": [],
            "from_full": "ubuntu:16.04",
            "discos": [],
            "dbs": [
                "oracle"
            ],
            "monitors": [],
            "cmd_keywords": []
        },
        {
            "from": "",
            "path": "/mongodb/Dockerfile",
            "cmd_keywords": [],
            "cmd": ""
        },
        {
            "path": "/activemq/Dockerfile",
            "gates": [],
            "servers": [],
            "langs": [],
            "cmd": "/bin/sh -c bin/activemq console",
            "keywords": [
                "activemq",
                "tar",
                "opt",
                "apk",
                "home"
            ],
            "from": "openjdk",
            "buses": [
                "activemq"
            ],
            "from_full": "openjdk:13-alpine",
            "discos": [],
            "dbs": [],
            "monitors": [],
            "cmd_keywords": [
                "bin",
                "console",
                "activemq"
            ]
        },
        {
            "path": "/neo4j/Dockerfile",
            "gates": [],
            "servers": [],
            "langs": [],
            "cmd": "neo4j",
            "keywords": [
                "neo",
                "lib",
                "var",
                "data",
                "wget"
            ],
            "from": "openjdk",
            "buses": [],
            "from_full": "openjdk:11-slim",
            "discos": [],
            "dbs": [],
            "monitors": [],
            "cmd_keywords": [
                "neo"
            ]
        },
        {
            "path": "/solr/Dockerfile",
            "gates": [],
            "servers": [],
            "langs": [],
            "cmd": "",
            "keywords": [
                "solr",
                "opt",
                "setup",
                "wget",
                "gid"
            ],
            "from": "openjdk",
            "buses": [],
            "from_full": "openjdk:11-slim",
            "discos": [],
            "dbs": [],
            "monitors": [],
            "cmd_keywords": []
        },
        {
            "from": "",
            "path": "/python/Dockerfile",
            "cmd_keywords": [],
            "cmd": ""
        },
        {
            "path": "/aws-cli/Dockerfile",
            "gates": [],
            "servers": [],
            "langs": [
                "python"
            ],
            "cmd": "",
            "keywords": [
                "pip",
                "apk",
                "del",
                "cache",
                "mailcap"
            ],
            "from": "alpine",
            "buses": [],
            "from_full": "alpine:3.6",
            "discos": [],
            "dbs": [],
            "monitors": [],
            "cmd_keywords": []
        },
        {
            "path": "/kafka/Dockerfile",
            "gates": [],
            "servers": [],
            "langs": [
                "scala"
            ],
            "cmd": "",
            "keywords": [
                "kafka",
                "opt",
                "tgz",
                "version",
                "wget"
            ],
            "from": "openjdk",
            "buses": [
                "kafka"
            ],
            "from_full": "openjdk:13-slim",
            "discos": [],
            "dbs": [],
            "monitors": [],
            "cmd_keywords": []
        },
        {
            "path": "/angular/Dockerfile",
            "gates": [],
            "servers": [
                "node"
            ],
            "langs": [],
            "cmd": "",
            "keywords": [
                "install",
                "cli",
                "npm",
                "angular"
            ],
            "from": "node",
            "buses": [],
            "from_full": "node:8-alpine",
            "discos": [],
            "dbs": [],
            "monitors": [],
            "cmd_keywords": []
        },
        {
            "path": "/janusgraph/Dockerfile",
            "gates": [],
            "servers": [],
            "langs": [],
            "cmd": "",
            "keywords": [
                "janusgraph",
                "home",
                "version",
                "hadoop",
                "unzip"
            ],
            "from": "cithub/ubuntu",
            "buses": [],
            "from_full": "cithub/ubuntu",
            "discos": [],
            "dbs": [],
            "monitors": [],
            "cmd_keywords": []
        },
        {
            "path": "/express/Dockerfile",
            "gates": [],
            "servers": [
                "node"
            ],
            "langs": [],
            "cmd": "",
            "keywords": [
                "install",
                "save",
                "npm",
                "express"
            ],
            "from": "node",
            "buses": [],
            "from_full": "node:8-alpine",
            "discos": [],
            "dbs": [],
            "monitors": [],
            "cmd_keywords": []
        },
        {
            "path": "/mesos/Dockerfile",
            "gates": [],
            "servers": [],
            "langs": [],
            "cmd": "",
            "keywords": [
                "mesos",
                "ver",
                "marathon",
                "tar",
                "wget"
            ],
            "from": "ubuntu",
            "buses": [],
            "from_full": "ubuntu:16.04",
            "discos": [],
            "dbs": [],
            "monitors": [],
            "cmd_keywords": []
        },
        {
            "path": "/lwfusion/Dockerfile",
            "gates": [],
            "servers": [],
            "langs": [
                "scala"
            ],
            "cmd": "",
            "keywords": [
                "fusion",
                "app",
                "ver",
                "home",
                "user"
            ],
            "from": "cithub/ubuntu",
            "buses": [],
            "from_full": "cithub/ubuntu",
            "discos": [],
            "dbs": [],
            "monitors": [],
            "cmd_keywords": []
        },
        {
            "path": "/locust/Dockerfile",
            "gates": [],
            "servers": [],
            "langs": [
                "python"
            ],
            "cmd": "",
            "keywords": [
                "install",
                "tmp",
                "requirement",
                "pip",
                "requirements"
            ],
            "from": "python",
            "buses": [],
            "from_full": "python:3.7.4-slim-stretch",
            "discos": [],
            "dbs": [],
            "monitors": [],
            "cmd_keywords": []
        },
        {
            "path": "/elasticsearch/Dockerfile",
            "gates": [],
            "servers": [],
            "langs": [
                "bash"
            ],
            "cmd": "",
            "keywords": [
                "elasticsearch",
                "tar",
                "elastic",
                "start",
                "ver"
            ],
            "from": "ubuntu",
            "buses": [],
            "from_full": "ubuntu",
            "discos": [],
            "dbs": [],
            "monitors": [],
            "cmd_keywords": []
        },
        {
            "path": "/vault/Dockerfile",
            "gates": [],
            "servers": [],
            "langs": [],
            "cmd": "server -dev",
            "keywords": [
                "vault",
                "mkdir",
                "entrypoint",
                "version",
                "bin"
            ],
            "from": "alpine",
            "buses": [],
            "from_full": "alpine:3.8",
            "discos": [],
            "dbs": [],
            "monitors": [],
            "cmd_keywords": [
                "dev",
                "server"
            ]
        },
        {
            "path": "/kafka-manager/Dockerfile",
            "gates": [],
            "servers": [],
            "langs": [
                "scala"
            ],
            "cmd": "",
            "keywords": [
                "version",
                "tmp",
                "manager",
                "kafka",
                "tar"
            ],
            "from": "hseeberger/scala-sbt",
            "buses": [
                "kafka"
            ],
            "from_full": "hseeberger/scala-sbt:8u222_1.3.4_2.13.1",
            "discos": [],
            "dbs": [],
            "monitors": [],
            "cmd_keywords": []
        }
    ],
    "num_dbs": 2,
    "num_dockers": 25
}