{
    "discos": [],
    "avg_size_service": 52.0,
    "buses": [],
    "num_gates": 0,
    "name": "cholcombe973/autodock",
    "structure": {
        "path": [],
        "services": [],
        "detected_dbs": {
            "names": [],
            "num": 0,
            "shared_dbs": false,
            "services": []
        },
        "num_services": 0
    },
    "dbs": [
        "universe"
    ],
    "dockers": [
        {
            "langs": [
                "python"
            ],
            "cmd_keywords": [
                "root",
                "start"
            ],
            "from_full": "ubuntu",
            "buses": [],
            "monitors": [],
            "from": "ubuntu",
            "keywords": [
                "python",
                "apt",
                "get",
                "mercurial",
                "ubuntu"
            ],
            "gates": [],
            "path": "/Dockerfile",
            "dbs": [
                "universe"
            ],
            "discos": [],
            "cmd": "/root/start.sh",
            "servers": []
        }
    ],
    "gates": [],
    "size": 52,
    "num_monitors": 0,
    "images": [
        "ubuntu"
    ],
    "num_buses": 0,
    "num_services": 0,
    "servers": [],
    "shared_dbs": false,
    "monitors": [],
    "num_discos": 0,
    "languages": [
        "python"
    ],
    "url": "git://github.com/cholcombe973/autodock.git",
    "langs": [
        "python"
    ],
    "num_dbs": 1,
    "num_servers": 0,
    "num_langs": 1,
    "files": [],
    "num_dockers": 1,
    "num_files": 2
}