{
    "num_services": 3,
    "num_buses": 0,
    "files": [
        {
            "gates": [],
            "buses": [],
            "monitors": [],
            "servers": [
                "node"
            ],
            "path": "/package.json",
            "discos": [],
            "dbs": []
        }
    ],
    "num_dbs": 1,
    "num_discos": 0,
    "languages": [
        "javascript",
        "dockerfile"
    ],
    "num_langs": 2,
    "images": [
        "node"
    ],
    "buses": [],
    "size": 10,
    "servers": [
        "node"
    ],
    "num_gates": 1,
    "discos": [],
    "num_monitors": 0,
    "avg_size_service": 10.0,
    "langs": [
        "dockerfile",
        "javascript"
    ],
    "dockers": [
        {
            "keywords": [
                "init",
                "dumb",
                "curl",
                "cache",
                "version"
            ],
            "buses": [],
            "langs": [],
            "path": "/Dockerfile",
            "cmd": "npm start",
            "gates": [],
            "from": "node",
            "monitors": [],
            "servers": [
                "node"
            ],
            "from_full": "node:6.10-alpine",
            "discos": [],
            "cmd_keywords": [
                "start",
                "npm"
            ],
            "dbs": []
        }
    ],
    "name": "cilindrox/docker-node-sample",
    "url": "git://github.com/cilindrox/docker-node-sample.git",
    "gates": [
        "nginx"
    ],
    "num_servers": 1,
    "monitors": [],
    "num_files": 3,
    "shared_dbs": false,
    "num_dockers": 1,
    "dbs": [
        "redis"
    ],
    "structure": {
        "num_services": 3,
        "path": "/docker-compose.yml",
        "services": [
            {
                "gates": [
                    "nginx"
                ],
                "buses": [],
                "dbs": [],
                "monitors": [],
                "image": "nginx",
                "image_full": "nginx:alpine",
                "servers": [],
                "discos": [],
                "depends_on": [
                    "api"
                ],
                "name": "nginx"
            },
            {
                "gates": [],
                "buses": [],
                "dbs": [],
                "monitors": [],
                "image": ".",
                "image_full": ".",
                "servers": [],
                "discos": [],
                "depends_on": [
                    "redis"
                ],
                "name": "api"
            },
            {
                "gates": [],
                "buses": [],
                "dbs": [
                    "redis"
                ],
                "monitors": [],
                "image": "redis",
                "image_full": "redis:3-alpine",
                "servers": [],
                "discos": [],
                "depends_on": [],
                "name": "redis"
            }
        ],
        "detected_dbs": {
            "shared_dbs": false,
            "num": 1,
            "services": [
                "redis"
            ],
            "names": [
                "redis"
            ]
        }
    }
}