{
    "size": 12,
    "num_dockers": 1,
    "discos": [
        "consul"
    ],
    "num_files": 2,
    "avg_size_service": 12.0,
    "buses": [],
    "num_gates": 0,
    "langs": [
        "dockerfile"
    ],
    "num_discos": 1,
    "num_monitors": 0,
    "dockers": [
        {
            "monitors": [],
            "cmd": "/usr/local/bin/consul-template",
            "discos": [
                "consul"
            ],
            "servers": [],
            "cmd_keywords": [
                "usr",
                "consul",
                "local",
                "template",
                "bin"
            ],
            "from": "gliderlabs/alpine",
            "path": "/Dockerfile",
            "keywords": [
                "consul",
                "template",
                "zip",
                "version",
                "linux"
            ],
            "buses": [],
            "langs": [],
            "gates": [],
            "dbs": [],
            "from_full": "gliderlabs/alpine:3.3"
        }
    ],
    "num_dbs": 0,
    "monitors": [],
    "shared_dbs": false,
    "structure": {
        "services": [],
        "detected_dbs": {
            "num": 0,
            "names": [],
            "services": [],
            "shared_dbs": false
        },
        "num_services": 0,
        "path": []
    },
    "num_buses": 0,
    "servers": [],
    "url": "git://github.com/CiscoCloud/docker-consul-template.git",
    "num_services": 0,
    "gates": [],
    "files": [],
    "name": "CiscoCloud/docker-consul-template",
    "languages": [
        "dockerfile"
    ],
    "images": [
        "gliderlabs/alpine"
    ],
    "dbs": [],
    "num_servers": 0,
    "num_langs": 1
}