{
    "buses": [],
    "num_servers": 0,
    "languages": [
        "sqlpl",
        "python"
    ],
    "dbs": [],
    "num_services": 0,
    "avg_size_service": 287.0,
    "servers": [],
    "structure": {
        "num_services": 0,
        "detected_dbs": {
            "services": [],
            "shared_dbs": false,
            "num": 0,
            "names": []
        },
        "services": [],
        "path": []
    },
    "monitors": [],
    "num_buses": 0,
    "images": [
        "python"
    ],
    "gates": [],
    "num_gates": 0,
    "num_langs": 2,
    "langs": [
        "sqlpl",
        "python"
    ],
    "url": "git://github.com/CityofSantaMonica/mds-provider-services.git",
    "num_discos": 0,
    "num_files": 3,
    "files": [
        {
            "buses": [],
            "path": "/requirements.txt",
            "dbs": [],
            "servers": [],
            "monitors": [],
            "discos": [],
            "gates": []
        }
    ],
    "shared_dbs": false,
    "num_monitors": 0,
    "name": "CityofSantaMonica/mds-provider-services",
    "num_dbs": 0,
    "discos": [],
    "dockers": [
        {
            "langs": [
                "python"
            ],
            "dbs": [],
            "path": "/Dockerfile",
            "servers": [],
            "monitors": [],
            "keywords": [
                "pip",
                "install",
                "txt",
                "requirements",
                "upgrade"
            ],
            "cmd": "",
            "buses": [],
            "from_full": "python:3.7",
            "from": "python",
            "discos": [],
            "cmd_keywords": [],
            "gates": []
        }
    ],
    "num_dockers": 1,
    "size": 287
}