{
    "gates": [],
    "images": [],
    "num_dbs": 0,
    "structure": {
        "num_services": 0,
        "path": [],
        "services": [],
        "detected_dbs": {
            "num": 0,
            "services": [],
            "shared_dbs": false,
            "names": []
        }
    },
    "num_files": 1,
    "num_gates": 0,
    "discos": [],
    "num_dockers": 0,
    "shared_dbs": false,
    "languages": [],
    "name": "CJackSparrow/sample-microservice-with-docker",
    "num_langs": 0,
    "avg_size_service": 0.0,
    "monitors": [],
    "num_servers": 0,
    "num_services": 0,
    "dbs": [],
    "langs": [],
    "dockers": [],
    "buses": [],
    "servers": [],
    "size": 0,
    "files": [],
    "num_buses": 0,
    "num_monitors": 0,
    "url": "git://github.com/CJackSparrow/sample-microservice-with-docker.git",
    "num_discos": 0
}