{
    "langs": [
        "shell",
        "javascript"
    ],
    "languages": [
        "shell",
        "javascript"
    ],
    "url": "git://github.com/cjus/starling.git",
    "files": [
        {
            "monitors": [],
            "path": "/package.json",
            "servers": [
                "express",
                "node"
            ],
            "gates": [],
            "discos": [],
            "buses": [],
            "dbs": []
        }
    ],
    "gates": [],
    "discos": [],
    "num_monitors": 0,
    "num_dockers": 1,
    "num_dbs": 1,
    "avg_size_service": 276.0,
    "num_gates": 0,
    "num_servers": 2,
    "name": "cjus/starling",
    "num_discos": 0,
    "num_files": 3,
    "num_buses": 0,
    "servers": [
        "express",
        "node"
    ],
    "dbs": [
        "max"
    ],
    "structure": {
        "services": [],
        "num_services": 0,
        "detected_dbs": {
            "names": [],
            "services": [],
            "shared_dbs": false,
            "num": 0
        },
        "path": []
    },
    "monitors": [],
    "size": 276,
    "dockers": [
        {
            "langs": [],
            "buses": [],
            "servers": [
                "node"
            ],
            "from_full": "node:8.0.0-alpine",
            "gates": [],
            "discos": [],
            "dbs": [
                "max"
            ],
            "monitors": [],
            "cmd": "",
            "keywords": [
                "conf",
                "echo",
                "sysctl",
                "etc",
                "net"
            ],
            "path": "/Dockerfile",
            "from": "node",
            "cmd_keywords": []
        }
    ],
    "images": [
        "node"
    ],
    "buses": [],
    "num_services": 0,
    "num_langs": 2,
    "shared_dbs": false
}