{
    "structure": {
        "path": [],
        "services": [],
        "num_services": 0,
        "detected_dbs": {
            "names": [],
            "num": 0,
            "services": [],
            "shared_dbs": false
        }
    },
    "discos": [],
    "size": 82,
    "num_gates": 1,
    "num_langs": 3,
    "servers": [
        "node",
        "rails"
    ],
    "gates": [
        "nginx"
    ],
    "num_servers": 2,
    "num_buses": 1,
    "files": [],
    "num_dockers": 6,
    "buses": [
        "rabbitmq"
    ],
    "languages": [
        "javascript",
        "ruby"
    ],
    "monitors": [],
    "dbs": [
        "infinity",
        "mongo"
    ],
    "num_monitors": 0,
    "num_files": 7,
    "num_dbs": 2,
    "num_services": 0,
    "images": [
        "rabbitmq",
        "ruby",
        "node",
        "nginx"
    ],
    "url": "git://github.com/claclacla/Recipe-for-a-CQRS-ES-baked-with-Ruby-on-rails-Socket.io-and-Docker.git",
    "dockers": [
        {
            "cmd": "nodemon $MICROSERVICE_PATH/app.js --watch $MICROSERVICE_PATH --watch js",
            "servers": [
                "node"
            ],
            "monitors": [],
            "discos": [],
            "buses": [],
            "path": "/docker/dev/js-microservice/Dockerfile",
            "cmd_keywords": [
                "microservice",
                "watch",
                "path",
                "nodemon",
                "app"
            ],
            "keywords": [
                "get",
                "npm",
                "apt",
                "sudo",
                "perm"
            ],
            "from_full": "node:10.15.1-slim",
            "gates": [],
            "from": "node",
            "langs": [
                "python"
            ],
            "dbs": []
        },
        {
            "cmd": "sleep infinity",
            "servers": [
                "node"
            ],
            "monitors": [],
            "discos": [],
            "buses": [],
            "path": "/docker/dev/dev-machine/Dockerfile",
            "cmd_keywords": [
                "infinity",
                "sleep"
            ],
            "keywords": [
                "assert",
                "mocha",
                "client",
                "supertest",
                "npm"
            ],
            "from_full": "node:10.15.1-slim",
            "gates": [],
            "from": "node",
            "langs": [],
            "dbs": [
                "infinity"
            ]
        },
        {
            "cmd": "nginx -g 'daemon off;'",
            "servers": [],
            "monitors": [],
            "discos": [],
            "buses": [],
            "path": "/docker/dev/api-gateway/Dockerfile",
            "cmd_keywords": [
                "off",
                "nginx",
                "daemon"
            ],
            "keywords": [],
            "from_full": "nginx:1.14.0-alpine",
            "gates": [
                "nginx"
            ],
            "from": "nginx",
            "langs": [],
            "dbs": []
        },
        {
            "cmd": "ruby $MICROSERVICE_PATH",
            "servers": [],
            "monitors": [],
            "discos": [],
            "buses": [],
            "path": "/docker/dev/ruby-microservice/Dockerfile",
            "cmd_keywords": [
                "microservice",
                "ruby",
                "path"
            ],
            "keywords": [
                "install",
                "gem",
                "interface",
                "bunny",
                "mongo"
            ],
            "from_full": "ruby:2.5.3",
            "gates": [],
            "from": "ruby",
            "langs": [
                "ruby"
            ],
            "dbs": [
                "mongo"
            ]
        },
        {
            "cmd": "",
            "servers": [],
            "monitors": [],
            "discos": [],
            "buses": [
                "rabbitmq"
            ],
            "path": "/docker/dev/rabbitmq/Dockerfile",
            "cmd_keywords": [],
            "keywords": [
                "rabbitmq",
                "get",
                "apt",
                "rabbitmqadmin",
                "bin"
            ],
            "from_full": "rabbitmq:3.7.8",
            "gates": [],
            "from": "rabbitmq",
            "langs": [
                "python"
            ],
            "dbs": []
        },
        {
            "cmd": "rm -f tmp/pids/server.pid   && rake db:seed   && rails s",
            "servers": [
                "rails"
            ],
            "monitors": [],
            "discos": [],
            "buses": [],
            "path": "/docker/dev/api-server/Dockerfile",
            "cmd_keywords": [
                "server",
                "tmp",
                "rails",
                "seed",
                "rake"
            ],
            "keywords": [
                "bundle",
                "install"
            ],
            "from_full": "ruby:2.5.3",
            "gates": [],
            "from": "ruby",
            "langs": [
                "ruby"
            ],
            "dbs": []
        }
    ],
    "avg_size_service": 13.666666666666666,
    "shared_dbs": false,
    "num_discos": 0,
    "langs": [
        "javascript",
        "ruby",
        "python"
    ],
    "name": "claclacla/Recipe-for-a-CQRS-ES-baked-with-Ruby-on-rails-Socket.io-and-Docker"
}