{
    "dbs": [],
    "num_langs": 1,
    "buses": [],
    "monitors": [],
    "num_services": 0,
    "num_dbs": 0,
    "num_servers": 2,
    "discos": [],
    "dockers": [
        {
            "servers": [
                "node"
            ],
            "buses": [],
            "monitors": [],
            "cmd_keywords": [
                "prod",
                "npm",
                "run"
            ],
            "from_full": "node:13",
            "gates": [],
            "dbs": [],
            "from": "node",
            "cmd": "npm run prod",
            "discos": [],
            "langs": [],
            "path": "/udagram-api-feed/Dockerfile",
            "keywords": [
                "npm"
            ]
        },
        {
            "servers": [],
            "buses": [],
            "monitors": [],
            "cmd_keywords": [
                "start",
                "npm"
            ],
            "from_full": "beevelop/ionic",
            "gates": [],
            "dbs": [],
            "from": "beevelop/ionic",
            "cmd": "npm start",
            "discos": [],
            "langs": [],
            "path": "/udagram-frontend/Dockerfile",
            "keywords": [
                "ionic",
                "build",
                "npm"
            ]
        },
        {
            "servers": [],
            "buses": [],
            "monitors": [],
            "cmd_keywords": [],
            "from_full": "nginx:alpine",
            "gates": [
                "nginx"
            ],
            "dbs": [],
            "from": "nginx",
            "cmd": "",
            "discos": [],
            "langs": [],
            "path": "/udagram-reverseproxy/Dockerfile",
            "keywords": []
        },
        {
            "servers": [
                "node"
            ],
            "buses": [],
            "monitors": [],
            "cmd_keywords": [
                "prod",
                "npm",
                "run"
            ],
            "from_full": "node:13",
            "gates": [],
            "dbs": [],
            "from": "node",
            "cmd": "npm run prod",
            "discos": [],
            "langs": [],
            "path": "/udagram-api-user/Dockerfile",
            "keywords": [
                "npm"
            ]
        }
    ],
    "num_files": 8,
    "num_dockers": 4,
    "images": [
        "nginx",
        "beevelop/ionic",
        "node"
    ],
    "size": 2296,
    "servers": [
        "express",
        "node"
    ],
    "structure": {
        "detected_dbs": {
            "names": [],
            "shared_dbs": false,
            "services": [],
            "num": 0
        },
        "num_services": 0,
        "path": [],
        "services": []
    },
    "num_discos": 0,
    "files": [
        {
            "servers": [
                "express",
                "node"
            ],
            "gates": [],
            "dbs": [],
            "buses": [],
            "monitors": [],
            "discos": [],
            "path": "/udagram-api-feed/package.json"
        },
        {
            "servers": [
                "node"
            ],
            "gates": [],
            "dbs": [],
            "buses": [],
            "monitors": [],
            "discos": [],
            "path": "/udagram-frontend/package.json"
        },
        {
            "servers": [
                "express",
                "node"
            ],
            "gates": [],
            "dbs": [],
            "buses": [],
            "monitors": [],
            "discos": [],
            "path": "/udagram-api-user/package.json"
        }
    ],
    "num_monitors": 0,
    "num_buses": 0,
    "num_gates": 1,
    "gates": [
        "nginx"
    ],
    "name": "clavance/udagram-microservices",
    "avg_size_service": 574.0,
    "url": "git://github.com/clavance/udagram-microservices.git",
    "shared_dbs": false,
    "langs": [
        "typescript"
    ],
    "languages": [
        "typescript"
    ]
}