{
    "size": 568,
    "num_servers": 2,
    "dbs": [],
    "files": [
        {
            "path": "/intercom-challenge-services/pom.xml",
            "gates": [],
            "servers": [
                "spring"
            ],
            "buses": [],
            "discos": [],
            "dbs": [],
            "monitors": []
        },
        {
            "path": "/intercom-challenge-front/package.json",
            "gates": [],
            "servers": [
                "node"
            ],
            "buses": [],
            "discos": [],
            "dbs": [],
            "monitors": []
        }
    ],
    "structure": {
        "num_services": 2,
        "services": [
            {
                "name": "microservice-back-end-customer",
                "image": "intercom-challenge-services",
                "depends_on": [],
                "buses": [],
                "gates": [],
                "servers": [],
                "image_full": "intercom-challenge-services:latest",
                "discos": [],
                "dbs": [],
                "monitors": []
            },
            {
                "name": "front-end-customer",
                "image": "intercom-challenge-front",
                "depends_on": [
                    "microservice-back-end-customer"
                ],
                "buses": [],
                "gates": [],
                "servers": [],
                "image_full": "intercom-challenge-front:latest",
                "discos": [],
                "dbs": [],
                "monitors": []
            }
        ],
        "path": "/docker-compose.yml",
        "detected_dbs": {
            "num": 0,
            "names": [],
            "shared_dbs": false,
            "services": []
        }
    },
    "buses": [],
    "images": [
        "java",
        "nginx"
    ],
    "num_discos": 0,
    "url": "git://github.com/cleisommais/intercom-challenge.git",
    "num_services": 2,
    "langs": [
        "typescript",
        "java"
    ],
    "discos": [],
    "num_gates": 1,
    "shared_dbs": false,
    "num_files": 5,
    "num_monitors": 0,
    "gates": [
        "nginx"
    ],
    "servers": [
        "spring",
        "node"
    ],
    "num_langs": 2,
    "languages": [
        "java",
        "typescript"
    ],
    "monitors": [],
    "name": "cleisommais/intercom-challenge",
    "num_buses": 0,
    "avg_size_service": 284.0,
    "dockers": [
        {
            "path": "/intercom-challenge-services/Dockerfile",
            "gates": [],
            "servers": [],
            "langs": [
                "java"
            ],
            "cmd": "java -jar intercom-challenge-services-1.0.jar",
            "keywords": [
                "mkdir",
                "package",
                "src",
                "mvn",
                "usr"
            ],
            "from": "java",
            "buses": [],
            "from_full": "java:latest",
            "discos": [],
            "dbs": [],
            "monitors": [],
            "cmd_keywords": [
                "jar",
                "services",
                "intercom",
                "java",
                "challenge"
            ]
        },
        {
            "path": "/intercom-challenge-front/Dockerfile",
            "gates": [
                "nginx"
            ],
            "servers": [],
            "langs": [],
            "cmd": "nginx -g daemon off;",
            "keywords": [
                "npm",
                "install",
                "build",
                "nginx",
                "cli"
            ],
            "from": "nginx",
            "buses": [],
            "from_full": "nginx:alpine",
            "discos": [],
            "dbs": [],
            "monitors": [],
            "cmd_keywords": [
                "off",
                "daemon",
                "nginx"
            ]
        }
    ],
    "num_dbs": 0,
    "num_dockers": 2
}