{
    "discos": [],
    "avg_size_service": 11.0,
    "buses": [],
    "num_gates": 0,
    "name": "clockworksoul/docker-gc-cron",
    "structure": {
        "path": "/compose/docker-compose.yml",
        "services": [],
        "detected_dbs": {
            "names": [],
            "num": 0,
            "shared_dbs": false,
            "services": []
        },
        "num_services": 0
    },
    "dbs": [],
    "dockers": [
        {
            "langs": [
                "bash"
            ],
            "cmd_keywords": [
                "log",
                "crontab",
                "cron",
                "var",
                "usr"
            ],
            "from_full": "alpine:3.12",
            "buses": [],
            "monitors": [],
            "from": "alpine",
            "keywords": [
                "docker",
                "chmod",
                "usr",
                "bin",
                "tmp"
            ],
            "gates": [],
            "path": "/Dockerfile",
            "dbs": [],
            "discos": [],
            "cmd": "/generate-crontab.sh > /var/log/cron.log 2>&1   && crontab crontab.tmp   && /usr/sbin/crond   && tail -f /var/log/cron.log",
            "servers": []
        }
    ],
    "gates": [],
    "size": 11,
    "num_monitors": 0,
    "images": [
        "alpine"
    ],
    "num_buses": 0,
    "num_services": 0,
    "servers": [],
    "shared_dbs": false,
    "monitors": [],
    "num_discos": 0,
    "languages": [
        "shell",
        "dockerfile"
    ],
    "url": "git://github.com/clockworksoul/docker-gc-cron.git",
    "langs": [
        "dockerfile",
        "bash",
        "shell"
    ],
    "num_dbs": 0,
    "num_servers": 0,
    "num_langs": 3,
    "files": [],
    "num_dockers": 1,
    "num_files": 2
}