{
    "size": 56109,
    "shared_dbs": true,
    "num_servers": 1,
    "name": "codenshare/myshoppg",
    "files": [
        {
            "gates": [],
            "dbs": [],
            "buses": [],
            "servers": [
                "node"
            ],
            "path": "/src/Web/WebSPA/package.json",
            "monitors": [],
            "discos": []
        }
    ],
    "num_files": 22,
    "num_langs": 2,
    "dbs": [
        "mongo",
        "redis"
    ],
    "servers": [
        "node"
    ],
    "num_discos": 0,
    "url": "git://github.com/codenshare/myshoppg.git",
    "gates": [],
    "structure": {
        "services": [
            {
                "image": "${REGISTRY",
                "dbs": [],
                "image_full": "${REGISTRY:-eshop}/ocelotapigw:${PLATFORM:-linux}-${TAG:-latest}",
                "buses": [],
                "servers": [],
                "monitors": [],
                "name": "mobilemarketingapigw",
                "gates": [],
                "discos": [],
                "depends_on": [
                    "nosql.data",
                    "sql.data",
                    "identity.api",
                    "rabbitmq",
                    "ordering.api",
                    "marketing.api",
                    "catalog.api",
                    "basket.api"
                ]
            },
            {
                "image": "datalust/seq",
                "dbs": [],
                "image_full": "datalust/seq:latest",
                "buses": [],
                "servers": [],
                "monitors": [],
                "name": "seq",
                "gates": [],
                "discos": [],
                "depends_on": []
            },
            {
                "image": "${REGISTRY",
                "dbs": [],
                "image_full": "${REGISTRY:-eshop}/webspa:${PLATFORM:-linux}-${TAG:-latest}",
                "buses": [],
                "servers": [],
                "monitors": [],
                "name": "webspa",
                "gates": [],
                "discos": [],
                "depends_on": []
            },
            {
                "image": "mcr.microsoft.com/mssql/server",
                "dbs": [],
                "image_full": "mcr.microsoft.com/mssql/server:2017-latest",
                "buses": [],
                "servers": [],
                "monitors": [],
                "name": "sql.data",
                "gates": [],
                "discos": [],
                "depends_on": []
            },
            {
                "image": "${REGISTRY",
                "dbs": [],
                "image_full": "${REGISTRY:-eshop}/ordering.backgroundtasks:${PLATFORM:-linux}-${TAG:-latest}",
                "buses": [],
                "servers": [],
                "monitors": [],
                "name": "ordering.backgroundtasks",
                "gates": [],
                "discos": [],
                "depends_on": [
                    "sql.data",
                    "rabbitmq"
                ]
            },
            {
                "image": "${REGISTRY",
                "dbs": [],
                "image_full": "${REGISTRY:-eshop}/webhooks.client:${PLATFORM:-linux}-${TAG:-latest}",
                "buses": [],
                "servers": [],
                "monitors": [],
                "name": "webhooks.client",
                "gates": [],
                "discos": [],
                "depends_on": [
                    "webhooks.api"
                ]
            },
            {
                "image": "${REGISTRY",
                "dbs": [],
                "image_full": "${REGISTRY:-eshop}/basket.api:${PLATFORM:-linux}-${TAG:-latest}",
                "buses": [],
                "servers": [],
                "monitors": [],
                "name": "basket.api",
                "gates": [],
                "discos": [],
                "depends_on": [
                    "basket.data",
                    "identity.api",
                    "rabbitmq"
                ]
            },
            {
                "image": "${REGISTRY",
                "dbs": [],
                "image_full": "${REGISTRY:-eshop}/ocelotapigw:${PLATFORM:-linux}-${TAG:-latest}",
                "buses": [],
                "servers": [],
                "monitors": [],
                "name": "mobileshoppingapigw",
                "gates": [],
                "discos": [],
                "depends_on": [
                    "nosql.data",
                    "sql.data",
                    "identity.api",
                    "rabbitmq",
                    "ordering.api",
                    "marketing.api",
                    "catalog.api",
                    "basket.api"
                ]
            },
            {
                "image": "${REGISTRY",
                "dbs": [],
                "image_full": "${REGISTRY:-eshop}/webhooks.api:${PLATFORM:-linux}-${TAG:-latest}",
                "buses": [],
                "servers": [],
                "monitors": [],
                "name": "webhooks.api",
                "gates": [],
                "discos": [],
                "depends_on": [
                    "sql.data"
                ]
            },
            {
                "image": "${REGISTRY",
                "dbs": [],
                "image_full": "${REGISTRY:-eshop}/ordering.signalrhub:${PLATFORM:-linux}-${TAG:-latest}",
                "buses": [],
                "servers": [],
                "monitors": [],
                "name": "ordering.signalrhub",
                "gates": [],
                "discos": [],
                "depends_on": [
                    "nosql.data",
                    "sql.data",
                    "identity.api",
                    "rabbitmq",
                    "ordering.api",
                    "marketing.api",
                    "catalog.api",
                    "basket.api"
                ]
            },
            {
                "image": "${REGISTRY",
                "dbs": [],
                "image_full": "${REGISTRY:-eshop}/identity.api:${PLATFORM:-linux}-${TAG:-latest}",
                "buses": [],
                "servers": [],
                "monitors": [],
                "name": "identity.api",
                "gates": [],
                "discos": [],
                "depends_on": [
                    "sql.data"
                ]
            },
            {
                "image": "${REGISTRY",
                "dbs": [],
                "image_full": "${REGISTRY:-eshop}/ordering.api:${PLATFORM:-linux}-${TAG:-latest}",
                "buses": [],
                "servers": [],
                "monitors": [],
                "name": "ordering.api",
                "gates": [],
                "discos": [],
                "depends_on": [
                    "sql.data",
                    "rabbitmq"
                ]
            },
            {
                "image": "redis",
                "dbs": [
                    "redis"
                ],
                "image_full": "redis:alpine",
                "buses": [],
                "servers": [],
                "monitors": [],
                "name": "basket.data",
                "gates": [],
                "discos": [],
                "depends_on": []
            },
            {
                "image": "${REGISTRY",
                "dbs": [],
                "image_full": "${REGISTRY:-eshop}/ocelotapigw:${PLATFORM:-linux}-${TAG:-latest}",
                "buses": [],
                "servers": [],
                "monitors": [],
                "name": "webmarketingapigw",
                "gates": [],
                "discos": [],
                "depends_on": [
                    "nosql.data",
                    "sql.data",
                    "identity.api",
                    "rabbitmq",
                    "ordering.api",
                    "marketing.api",
                    "catalog.api",
                    "basket.api"
                ]
            },
            {
                "image": "${REGISTRY",
                "dbs": [],
                "image_full": "${REGISTRY:-eshop}/locations.api:${PLATFORM:-linux}-${TAG:-latest}",
                "buses": [],
                "servers": [],
                "monitors": [],
                "name": "locations.api",
                "gates": [],
                "discos": [],
                "depends_on": [
                    "nosql.data",
                    "rabbitmq"
                ]
            },
            {
                "image": "${REGISTRY",
                "dbs": [],
                "image_full": "${REGISTRY:-eshop}/webstatus:${PLATFORM:-linux}-${TAG:-latest}",
                "buses": [],
                "servers": [],
                "monitors": [],
                "name": "webstatus",
                "gates": [],
                "discos": [],
                "depends_on": []
            },
            {
                "image": "${REGISTRY",
                "dbs": [],
                "image_full": "${REGISTRY:-eshop}/ocelotapigw:${PLATFORM:-linux}-${TAG:-latest}",
                "buses": [],
                "servers": [],
                "monitors": [],
                "name": "webshoppingapigw",
                "gates": [],
                "discos": [],
                "depends_on": [
                    "nosql.data",
                    "sql.data",
                    "identity.api",
                    "rabbitmq",
                    "ordering.api",
                    "marketing.api",
                    "catalog.api",
                    "basket.api"
                ]
            },
            {
                "image": "${REGISTRY",
                "dbs": [],
                "image_full": "${REGISTRY:-eshop}/payment.api:${PLATFORM:-linux}-${TAG:-latest}",
                "buses": [],
                "servers": [],
                "monitors": [],
                "name": "payment.api",
                "gates": [],
                "discos": [],
                "depends_on": [
                    "rabbitmq"
                ]
            },
            {
                "image": "${REGISTRY",
                "dbs": [],
                "image_full": "${REGISTRY:-eshop}/mobileshoppingagg:${PLATFORM:-linux}-${TAG:-latest}",
                "buses": [],
                "servers": [],
                "monitors": [],
                "name": "mobileshoppingagg",
                "gates": [],
                "discos": [],
                "depends_on": [
                    "nosql.data",
                    "sql.data",
                    "identity.api",
                    "rabbitmq",
                    "ordering.api",
                    "marketing.api",
                    "catalog.api",
                    "basket.api"
                ]
            },
            {
                "image": "mongo",
                "dbs": [
                    "mongo"
                ],
                "image_full": "mongo",
                "buses": [],
                "servers": [],
                "monitors": [],
                "name": "nosql.data",
                "gates": [],
                "discos": [],
                "depends_on": []
            },
            {
                "image": "${REGISTRY",
                "dbs": [],
                "image_full": "${REGISTRY:-eshop}/webmvc:${PLATFORM:-linux}-${TAG:-latest}",
                "buses": [],
                "servers": [],
                "monitors": [],
                "name": "webmvc",
                "gates": [],
                "discos": [],
                "depends_on": [
                    "webshoppingagg",
                    "webshoppingapigw",
                    "webmarketingapigw"
                ]
            },
            {
                "image": "${REGISTRY",
                "dbs": [],
                "image_full": "${REGISTRY:-eshop}/marketing.api:${PLATFORM:-linux}-${TAG:-latest}",
                "buses": [],
                "servers": [],
                "monitors": [],
                "name": "marketing.api",
                "gates": [],
                "discos": [],
                "depends_on": [
                    "sql.data",
                    "nosql.data",
                    "identity.api",
                    "rabbitmq"
                ]
            },
            {
                "image": "${REGISTRY",
                "dbs": [],
                "image_full": "${REGISTRY:-eshop}/webshoppingagg:${PLATFORM:-linux}-${TAG:-latest}",
                "buses": [],
                "servers": [],
                "monitors": [],
                "name": "webshoppingagg",
                "gates": [],
                "discos": [],
                "depends_on": [
                    "nosql.data",
                    "sql.data",
                    "identity.api",
                    "rabbitmq",
                    "ordering.api",
                    "marketing.api",
                    "catalog.api",
                    "basket.api"
                ]
            },
            {
                "image": "${REGISTRY",
                "dbs": [],
                "image_full": "${REGISTRY:-eshop}/catalog.api:${PLATFORM:-linux}-${TAG:-latest}",
                "buses": [],
                "servers": [],
                "monitors": [],
                "name": "catalog.api",
                "gates": [],
                "discos": [],
                "depends_on": [
                    "sql.data",
                    "rabbitmq"
                ]
            },
            {
                "image": "rabbitmq",
                "dbs": [],
                "image_full": "rabbitmq:3-management-alpine",
                "buses": [
                    "rabbitmq"
                ],
                "servers": [],
                "monitors": [],
                "name": "rabbitmq",
                "gates": [],
                "discos": [],
                "depends_on": []
            }
        ],
        "num_services": 25,
        "detected_dbs": {
            "num": 2,
            "names": [
                "mongo",
                "redis"
            ],
            "services": [
                "basket.data",
                "nosql.data"
            ],
            "shared_dbs": true
        },
        "path": "/docker-compose.yml"
    },
    "num_gates": 0,
    "num_dockers": 20,
    "num_dbs": 2,
    "num_services": 25,
    "langs": [
        "javascript",
        "c#"
    ],
    "buses": [
        "rabbitmq"
    ],
    "num_buses": 1,
    "num_monitors": 0,
    "languages": [
        "c#",
        "javascript"
    ],
    "dockers": [
        {
            "cmd_keywords": [],
            "cmd": "",
            "gates": [],
            "buses": [],
            "langs": [],
            "from": "docker.elastic.co/logstash/logstash-oss",
            "monitors": [],
            "from_full": "docker.elastic.co/logstash/logstash-oss:6.0.0",
            "servers": [],
            "path": "/elk/logstash/Dockerfile",
            "dbs": [],
            "keywords": [
                "logstash",
                "install",
                "http",
                "plugin",
                "input"
            ],
            "discos": []
        },
        {
            "cmd_keywords": [],
            "cmd": "",
            "gates": [],
            "buses": [],
            "langs": [],
            "from": "docker.elastic.co/kibana/kibana-oss",
            "monitors": [],
            "from_full": "docker.elastic.co/kibana/kibana-oss:6.0.0",
            "servers": [],
            "path": "/elk/kibana/Dockerfile",
            "dbs": [],
            "keywords": [],
            "discos": []
        },
        {
            "cmd_keywords": [],
            "cmd": "",
            "gates": [],
            "buses": [],
            "langs": [],
            "from": "docker.elastic.co/elasticsearch/elasticsearch-oss",
            "monitors": [],
            "from_full": "docker.elastic.co/elasticsearch/elasticsearch-oss:6.0.0",
            "servers": [],
            "path": "/elk/elasticsearch/Dockerfile",
            "dbs": [],
            "keywords": [],
            "discos": []
        },
        {
            "cmd_keywords": [],
            "cmd": "",
            "gates": [],
            "buses": [],
            "langs": [],
            "from": "base",
            "monitors": [],
            "from_full": "base",
            "servers": [],
            "path": "/src/Services/Webhooks/Webhooks.API/Dockerfile",
            "dbs": [],
            "keywords": [
                "restore",
                "dotnet",
                "app",
                "eshoponcontainers",
                "publish"
            ],
            "discos": []
        },
        {
            "cmd_keywords": [],
            "cmd": "",
            "gates": [],
            "buses": [],
            "langs": [],
            "from": "base",
            "monitors": [],
            "from_full": "base",
            "servers": [],
            "path": "/src/Services/Payment/Payment.API/Dockerfile",
            "dbs": [],
            "keywords": [
                "restore",
                "dotnet",
                "app",
                "eshoponcontainers",
                "publish"
            ],
            "discos": []
        },
        {
            "cmd_keywords": [],
            "cmd": "",
            "gates": [],
            "buses": [],
            "langs": [],
            "from": "base",
            "monitors": [],
            "from_full": "base",
            "servers": [],
            "path": "/src/Services/Marketing/Marketing.API/Dockerfile",
            "dbs": [],
            "keywords": [
                "restore",
                "dotnet",
                "app",
                "eshoponcontainers",
                "publish"
            ],
            "discos": []
        },
        {
            "cmd_keywords": [],
            "cmd": "",
            "gates": [],
            "buses": [],
            "langs": [],
            "from": "base",
            "monitors": [],
            "from_full": "base",
            "servers": [],
            "path": "/src/Services/Ordering/Ordering.BackgroundTasks/Dockerfile",
            "dbs": [],
            "keywords": [
                "restore",
                "dotnet",
                "app",
                "eshoponcontainers",
                "publish"
            ],
            "discos": []
        },
        {
            "cmd_keywords": [],
            "cmd": "",
            "gates": [],
            "buses": [],
            "langs": [],
            "from": "base",
            "monitors": [],
            "from_full": "base",
            "servers": [],
            "path": "/src/Services/Ordering/Ordering.API/Dockerfile",
            "dbs": [],
            "keywords": [
                "restore",
                "dotnet",
                "app",
                "eshoponcontainers",
                "publish"
            ],
            "discos": []
        },
        {
            "cmd_keywords": [],
            "cmd": "",
            "gates": [],
            "buses": [],
            "langs": [],
            "from": "base",
            "monitors": [],
            "from_full": "base",
            "servers": [],
            "path": "/src/Services/Ordering/Ordering.SignalrHub/Dockerfile",
            "dbs": [],
            "keywords": [
                "restore",
                "dotnet",
                "app",
                "eshoponcontainers",
                "publish"
            ],
            "discos": []
        },
        {
            "cmd_keywords": [],
            "cmd": "",
            "gates": [],
            "buses": [],
            "langs": [],
            "from": "base",
            "monitors": [],
            "from_full": "base",
            "servers": [],
            "path": "/src/Services/Location/Locations.API/Dockerfile",
            "dbs": [],
            "keywords": [
                "restore",
                "dotnet",
                "app",
                "eshoponcontainers",
                "publish"
            ],
            "discos": []
        },
        {
            "cmd_keywords": [],
            "cmd": "",
            "gates": [],
            "buses": [],
            "langs": [],
            "from": "base",
            "monitors": [],
            "from_full": "base",
            "servers": [],
            "path": "/src/Services/Basket/Basket.API/Dockerfile",
            "dbs": [],
            "keywords": [
                "restore",
                "dotnet",
                "app",
                "eshoponcontainers",
                "publish"
            ],
            "discos": []
        },
        {
            "cmd_keywords": [],
            "cmd": "",
            "gates": [],
            "buses": [],
            "langs": [],
            "from": "base",
            "monitors": [],
            "from_full": "base",
            "servers": [],
            "path": "/src/Services/Identity/Identity.API/Dockerfile",
            "dbs": [],
            "keywords": [
                "restore",
                "dotnet",
                "app",
                "eshoponcontainers",
                "publish"
            ],
            "discos": []
        },
        {
            "cmd_keywords": [],
            "cmd": "",
            "gates": [],
            "buses": [],
            "langs": [],
            "from": "base",
            "monitors": [],
            "from_full": "base",
            "servers": [],
            "path": "/src/Services/Catalog/Catalog.API/Dockerfile",
            "dbs": [],
            "keywords": [
                "restore",
                "dotnet",
                "app",
                "eshoponcontainers",
                "publish"
            ],
            "discos": []
        },
        {
            "cmd_keywords": [],
            "cmd": "",
            "gates": [],
            "buses": [],
            "langs": [],
            "from": "base",
            "monitors": [],
            "from_full": "base",
            "servers": [],
            "path": "/src/ApiGateways/Mobile.Bff.Shopping/aggregator/Dockerfile",
            "dbs": [],
            "keywords": [
                "restore",
                "dotnet",
                "app",
                "eshoponcontainers",
                "publish"
            ],
            "discos": []
        },
        {
            "cmd_keywords": [],
            "cmd": "",
            "gates": [],
            "buses": [],
            "langs": [],
            "from": "base",
            "monitors": [],
            "from_full": "base",
            "servers": [],
            "path": "/src/ApiGateways/ApiGw-Base/Dockerfile",
            "dbs": [],
            "keywords": [
                "restore",
                "dotnet",
                "app",
                "eshoponcontainers",
                "publish"
            ],
            "discos": []
        },
        {
            "cmd_keywords": [],
            "cmd": "",
            "gates": [],
            "buses": [],
            "langs": [],
            "from": "base",
            "monitors": [],
            "from_full": "base",
            "servers": [],
            "path": "/src/ApiGateways/Web.Bff.Shopping/aggregator/Dockerfile",
            "dbs": [],
            "keywords": [
                "restore",
                "dotnet",
                "app",
                "eshoponcontainers",
                "publish"
            ],
            "discos": []
        },
        {
            "cmd_keywords": [],
            "cmd": "",
            "gates": [],
            "buses": [],
            "langs": [],
            "from": "base",
            "monitors": [],
            "from_full": "base",
            "servers": [],
            "path": "/src/Web/WebhookClient/Dockerfile",
            "dbs": [],
            "keywords": [
                "restore",
                "dotnet",
                "app",
                "eshoponcontainers",
                "publish"
            ],
            "discos": []
        },
        {
            "cmd_keywords": [],
            "cmd": "",
            "gates": [],
            "buses": [],
            "langs": [],
            "from": "base",
            "monitors": [],
            "from_full": "base",
            "servers": [],
            "path": "/src/Web/WebMVC/Dockerfile",
            "dbs": [],
            "keywords": [
                "restore",
                "dotnet",
                "app",
                "eshoponcontainers",
                "publish"
            ],
            "discos": []
        },
        {
            "cmd_keywords": [],
            "cmd": "",
            "gates": [],
            "buses": [],
            "langs": [],
            "from": "base",
            "monitors": [],
            "from_full": "base",
            "servers": [],
            "path": "/src/Web/WebStatus/Dockerfile",
            "dbs": [],
            "keywords": [
                "restore",
                "dotnet",
                "app",
                "eshoponcontainers",
                "publish"
            ],
            "discos": []
        },
        {
            "cmd_keywords": [],
            "cmd": "",
            "gates": [],
            "buses": [],
            "langs": [],
            "from": "base",
            "monitors": [],
            "from_full": "base",
            "servers": [],
            "path": "/src/Web/WebSPA/Dockerfile",
            "dbs": [],
            "keywords": [
                "restore",
                "dotnet",
                "npm",
                "install",
                "publish"
            ],
            "discos": []
        }
    ],
    "monitors": [],
    "avg_size_service": 2805.45,
    "discos": [],
    "images": [
        "base",
        "docker.elastic.co/kibana/kibana-oss",
        "docker.elastic.co/elasticsearch/elasticsearch-oss",
        "docker.elastic.co/logstash/logstash-oss"
    ]
}