{
    "discos": [],
    "avg_size_service": 8.0,
    "buses": [],
    "num_gates": 0,
    "name": "confirm/docker-mysql-backup",
    "structure": {
        "path": [],
        "services": [],
        "detected_dbs": {
            "names": [],
            "num": 0,
            "shared_dbs": false,
            "services": []
        },
        "num_services": 0
    },
    "dbs": [
        "mysql"
    ],
    "dockers": [
        {
            "langs": [],
            "cmd_keywords": [
                "init"
            ],
            "from_full": "debian:8",
            "buses": [],
            "monitors": [],
            "from": "debian",
            "keywords": [
                "apt",
                "get",
                "mybackup",
                "backup",
                "var"
            ],
            "gates": [],
            "path": "/Dockerfile",
            "dbs": [
                "mysql"
            ],
            "discos": [],
            "cmd": "/init.sh",
            "servers": []
        }
    ],
    "gates": [],
    "size": 8,
    "num_monitors": 0,
    "images": [
        "debian"
    ],
    "num_buses": 0,
    "num_services": 0,
    "servers": [],
    "shared_dbs": false,
    "monitors": [],
    "num_discos": 0,
    "languages": [
        "shell",
        "dockerfile"
    ],
    "url": "git://github.com/confirm/docker-mysql-backup.git",
    "langs": [
        "dockerfile",
        "shell"
    ],
    "num_dbs": 1,
    "num_servers": 0,
    "num_langs": 2,
    "files": [],
    "num_dockers": 1,
    "num_files": 2
}