{
    "num_discos": 0,
    "url": "git://github.com/consort-it/cme2-jenkins-adapter.git",
    "num_servers": 0,
    "discos": [],
    "dbs": [],
    "num_gates": 0,
    "name": "consort-it/cme2-jenkins-adapter",
    "num_langs": 2,
    "num_dockers": 1,
    "images": [
        "openjdk"
    ],
    "size": 205,
    "langs": [
        "html",
        "java"
    ],
    "dockers": [
        {
            "cmd": "java -Xmx128m -server -jar /microservice/jenkins-adapter.jar -Duser.timezone=UTC",
            "servers": [],
            "path": "/Dockerfile",
            "discos": [],
            "dbs": [],
            "from": "openjdk",
            "from_full": "openjdk:8-jre",
            "monitors": [],
            "cmd_keywords": [
                "jar",
                "adapter",
                "duser",
                "microservice",
                "timezone"
            ],
            "gates": [],
            "buses": [],
            "langs": [
                "java"
            ],
            "keywords": [
                "vaultenv",
                "jfrog",
                "consortit",
                "local",
                "art"
            ]
        }
    ],
    "num_services": 1,
    "shared_dbs": false,
    "languages": [
        "java",
        "html"
    ],
    "servers": [],
    "buses": [],
    "num_files": 4,
    "structure": {
        "services": [
            {
                "name": "unit",
                "image": ".",
                "image_full": ".",
                "gates": [],
                "servers": [],
                "buses": [],
                "discos": [],
                "dbs": [],
                "monitors": [],
                "depends_on": []
            }
        ],
        "path": "/docker-compose.yml",
        "detected_dbs": {
            "names": [],
            "shared_dbs": false,
            "num": 0,
            "services": []
        },
        "num_services": 1
    },
    "avg_size_service": 205.0,
    "monitors": [],
    "gates": [],
    "num_monitors": 0,
    "num_dbs": 0,
    "num_buses": 0,
    "files": [
        {
            "monitors": [],
            "gates": [],
            "buses": [],
            "servers": [],
            "path": "/build.gradle",
            "discos": [],
            "dbs": []
        },
        {
            "monitors": [],
            "gates": [],
            "buses": [],
            "servers": [],
            "path": "/settings.gradle",
            "discos": [],
            "dbs": []
        }
    ]
}