{
    "size": 143,
    "num_dockers": 0,
    "discos": [],
    "num_files": 2,
    "avg_size_service": 143.0,
    "buses": [],
    "num_gates": 0,
    "langs": [
        "javascript"
    ],
    "num_discos": 0,
    "num_monitors": 0,
    "dockers": [],
    "num_dbs": 0,
    "monitors": [],
    "shared_dbs": false,
    "structure": {
        "services": [],
        "detected_dbs": {
            "num": 0,
            "names": [],
            "services": [],
            "shared_dbs": false
        },
        "num_services": 0,
        "path": []
    },
    "num_buses": 0,
    "servers": [
        "node"
    ],
    "url": "git://github.com/containership/containership.core.git",
    "num_services": 0,
    "gates": [],
    "files": [
        {
            "monitors": [],
            "buses": [],
            "discos": [],
            "gates": [],
            "dbs": [],
            "servers": [
                "node"
            ],
            "path": "/package.json"
        }
    ],
    "name": "containership/containership.core",
    "languages": [
        "javascript"
    ],
    "images": [],
    "dbs": [],
    "num_servers": 1,
    "num_langs": 1
}