{
    "structure": {
        "path": "/docker-compose.yml",
        "services": [
            {
                "servers": [],
                "buses": [],
                "gates": [],
                "monitors": [],
                "name": "app",
                "dbs": [],
                "depends_on": [
                    "tika",
                    "mongo"
                ],
                "image": "golang",
                "image_full": "golang:${GOLANG_TAG}",
                "discos": []
            },
            {
                "servers": [],
                "buses": [],
                "gates": [],
                "monitors": [],
                "name": "tika",
                "dbs": [],
                "depends_on": [],
                "image": "logicalspark/docker-tikaserver",
                "image_full": "logicalspark/docker-tikaserver:$TIKASERVER_TAG",
                "discos": []
            },
            {
                "servers": [],
                "buses": [],
                "gates": [],
                "monitors": [],
                "name": "mongo",
                "dbs": [
                    "mongo"
                ],
                "depends_on": [],
                "image": "mongo",
                "image_full": "mongo:${MONGO_TAG}",
                "discos": []
            }
        ],
        "num_services": 3,
        "detected_dbs": {
            "names": [
                "mongo"
            ],
            "num": 1,
            "services": [
                "mongo"
            ],
            "shared_dbs": false
        }
    },
    "discos": [],
    "size": 847,
    "num_gates": 0,
    "num_langs": 2,
    "servers": [],
    "gates": [],
    "num_servers": 0,
    "num_buses": 0,
    "files": [],
    "num_dockers": 0,
    "buses": [],
    "languages": [
        "makefile",
        "go"
    ],
    "monitors": [],
    "dbs": [
        "mongo"
    ],
    "num_monitors": 0,
    "num_files": 1,
    "num_dbs": 1,
    "num_services": 3,
    "images": [],
    "url": "git://github.com/ConvivioTeam/Convivio-TikaService.git",
    "dockers": [],
    "avg_size_service": 847.0,
    "shared_dbs": false,
    "num_discos": 0,
    "langs": [
        "go",
        "makefile"
    ],
    "name": "ConvivioTeam/Convivio-TikaService"
}