{
    "discos": [],
    "avg_size_service": 18027.5,
    "buses": [],
    "num_gates": 0,
    "name": "coreos/flannel",
    "structure": {
        "path": [],
        "services": [],
        "detected_dbs": {
            "names": [],
            "num": 0,
            "shared_dbs": false,
            "services": []
        },
        "num_services": 0
    },
    "dbs": [],
    "dockers": [
        {
            "langs": [
                "python"
            ],
            "cmd_keywords": [],
            "from_full": "ubuntu:trusty",
            "buses": [],
            "monitors": [],
            "from": "ubuntu",
            "keywords": [
                "dev",
                "install",
                "apt",
                "make",
                "get"
            ],
            "gates": [],
            "path": "/vendor/golang.org/x/net/http2/Dockerfile",
            "dbs": [],
            "discos": [],
            "cmd": "-h",
            "servers": []
        },
        {
            "langs": [],
            "cmd_keywords": [
                "server"
            ],
            "from_full": "BASEIMAGE",
            "buses": [],
            "monitors": [],
            "from": "BASEIMAGE",
            "keywords": [
                "apk",
                "iperf",
                "add",
                "cache",
                "var"
            ],
            "gates": [],
            "path": "/images/iperf3/Dockerfile",
            "dbs": [],
            "discos": [],
            "cmd": "--server -p 5201",
            "servers": []
        }
    ],
    "gates": [],
    "size": 36055,
    "num_monitors": 0,
    "images": [
        "BASEIMAGE",
        "ubuntu"
    ],
    "num_buses": 0,
    "num_services": 0,
    "servers": [],
    "shared_dbs": false,
    "monitors": [],
    "num_discos": 0,
    "languages": [
        "go"
    ],
    "url": "git://github.com/coreos/flannel.git",
    "langs": [
        "python",
        "go"
    ],
    "num_dbs": 0,
    "num_servers": 0,
    "num_langs": 2,
    "files": [],
    "num_dockers": 2,
    "num_files": 3
}