{
    "discos": [],
    "avg_size_service": 25.5,
    "buses": [],
    "num_gates": 1,
    "name": "cptactionhank/docker-atlassian-confluence",
    "structure": {
        "path": [],
        "services": [],
        "detected_dbs": {
            "names": [],
            "num": 0,
            "shared_dbs": false,
            "services": []
        },
        "num_services": 0
    },
    "dbs": [
        "mysql"
    ],
    "dockers": [
        {
            "langs": [
                "bash"
            ],
            "cmd_keywords": [
                "confluence",
                "atlassian",
                "opt",
                "bin",
                "start"
            ],
            "from_full": "openjdk:8-alpine",
            "buses": [],
            "monitors": [],
            "from": "openjdk",
            "keywords": [
                "conf",
                "install",
                "daemon",
                "server",
                "delete"
            ],
            "gates": [],
            "path": "/Dockerfile",
            "dbs": [
                "mysql"
            ],
            "discos": [],
            "cmd": "/opt/atlassian/confluence/bin/start-confluence.sh -fg",
            "servers": []
        },
        {
            "langs": [],
            "cmd_keywords": [],
            "from_full": "nginx:alpine",
            "buses": [],
            "monitors": [],
            "from": "nginx",
            "keywords": [],
            "gates": [
                "nginx"
            ],
            "path": "/.docker/nginx/Dockerfile",
            "dbs": [],
            "discos": [],
            "cmd": "",
            "servers": []
        }
    ],
    "gates": [
        "nginx"
    ],
    "size": 51,
    "num_monitors": 0,
    "images": [
        "openjdk",
        "nginx"
    ],
    "num_buses": 0,
    "num_services": 0,
    "servers": [],
    "shared_dbs": false,
    "monitors": [],
    "num_discos": 0,
    "languages": [
        "ruby",
        "shell"
    ],
    "url": "git://github.com/cptactionhank/docker-atlassian-confluence.git",
    "langs": [
        "ruby",
        "bash",
        "shell"
    ],
    "num_dbs": 1,
    "num_servers": 0,
    "num_langs": 3,
    "files": [],
    "num_dockers": 2,
    "num_files": 3
}