{
    "size": 8,
    "num_dockers": 6,
    "discos": [],
    "num_files": 13,
    "avg_size_service": 1.3333333333333333,
    "buses": [],
    "num_gates": 1,
    "langs": [
        "python",
        "html",
        "dockerfile"
    ],
    "num_discos": 0,
    "num_monitors": 0,
    "dockers": [
        {
            "monitors": [],
            "cmd": "",
            "discos": [],
            "servers": [],
            "cmd_keywords": [],
            "from": "python",
            "path": "/docker/front/Dockerfile",
            "keywords": [
                "install",
                "pip",
                "requests",
                "requirements",
                "txt"
            ],
            "buses": [],
            "langs": [
                "python"
            ],
            "gates": [],
            "dbs": [],
            "from_full": "python:3.7.3-alpine3.8"
        },
        {
            "monitors": [],
            "cmd": "",
            "discos": [],
            "servers": [
                "flask"
            ],
            "cmd_keywords": [],
            "from": "python",
            "path": "/docker/gateway/Dockerfile",
            "keywords": [
                "install",
                "pip",
                "requests",
                "restful",
                "txt"
            ],
            "buses": [],
            "langs": [
                "python"
            ],
            "gates": [],
            "dbs": [],
            "from_full": "python:3.7.3-alpine3.8"
        },
        {
            "monitors": [],
            "cmd": "",
            "discos": [],
            "servers": [
                "flask"
            ],
            "cmd_keywords": [],
            "from": "python",
            "path": "/docker/serv_suma/Dockerfile",
            "keywords": [
                "install",
                "pip",
                "restful",
                "txt",
                "requirements"
            ],
            "buses": [],
            "langs": [
                "python"
            ],
            "gates": [],
            "dbs": [],
            "from_full": "python:3.7.3-alpine3.8"
        },
        {
            "monitors": [],
            "cmd": "",
            "discos": [],
            "servers": [
                "flask"
            ],
            "cmd_keywords": [],
            "from": "python",
            "path": "/docker/serv_div/Dockerfile",
            "keywords": [
                "install",
                "pip",
                "restful",
                "txt",
                "requirements"
            ],
            "buses": [],
            "langs": [
                "python"
            ],
            "gates": [],
            "dbs": [],
            "from_full": "python:3.7.3-alpine3.8"
        },
        {
            "monitors": [],
            "cmd": "",
            "discos": [],
            "servers": [
                "flask"
            ],
            "cmd_keywords": [],
            "from": "python",
            "path": "/docker/serv_mult/Dockerfile",
            "keywords": [
                "install",
                "pip",
                "restful",
                "txt",
                "requirements"
            ],
            "buses": [],
            "langs": [
                "python"
            ],
            "gates": [],
            "dbs": [],
            "from_full": "python:3.7.3-alpine3.8"
        },
        {
            "monitors": [],
            "cmd": "",
            "discos": [],
            "servers": [
                "flask"
            ],
            "cmd_keywords": [],
            "from": "python",
            "path": "/docker/serv_resta/Dockerfile",
            "keywords": [
                "install",
                "pip",
                "restful",
                "txt",
                "requirements"
            ],
            "buses": [],
            "langs": [
                "python"
            ],
            "gates": [],
            "dbs": [],
            "from_full": "python:3.7.3-alpine3.8"
        }
    ],
    "num_dbs": 0,
    "monitors": [],
    "shared_dbs": false,
    "structure": {
        "services": [
            {
                "monitors": [],
                "buses": [],
                "image": "serv_suma",
                "image_full": "serv_suma",
                "discos": [],
                "name": "serv_suma",
                "depends_on": [],
                "dbs": [],
                "servers": [],
                "gates": []
            },
            {
                "monitors": [],
                "buses": [],
                "image": "gateway",
                "image_full": "gateway",
                "discos": [],
                "name": "gateway",
                "depends_on": [
                    "serv_mult",
                    "serv_div",
                    "serv_suma",
                    "serv_resta"
                ],
                "dbs": [],
                "servers": [],
                "gates": [
                    "gateway"
                ]
            },
            {
                "monitors": [],
                "buses": [],
                "image": "serv_resta",
                "image_full": "serv_resta",
                "discos": [],
                "name": "serv_resta",
                "depends_on": [],
                "dbs": [],
                "servers": [],
                "gates": []
            },
            {
                "monitors": [],
                "buses": [],
                "image": "front",
                "image_full": "front",
                "discos": [],
                "name": "front",
                "depends_on": [
                    "gateway"
                ],
                "dbs": [],
                "servers": [],
                "gates": []
            },
            {
                "monitors": [],
                "buses": [],
                "image": "serv_mult",
                "image_full": "serv_mult",
                "discos": [],
                "name": "serv_mult",
                "depends_on": [],
                "dbs": [],
                "servers": [],
                "gates": []
            },
            {
                "monitors": [],
                "buses": [],
                "image": "serv_div",
                "image_full": "serv_div",
                "discos": [],
                "name": "serv_div",
                "depends_on": [],
                "dbs": [],
                "servers": [],
                "gates": []
            }
        ],
        "detected_dbs": {
            "num": 0,
            "names": [],
            "services": [],
            "shared_dbs": false
        },
        "num_services": 6,
        "path": "/docker/docker-compose.yml"
    },
    "num_buses": 0,
    "servers": [
        "flask"
    ],
    "url": "git://github.com/CristianThrash/Docker_Microservices_Example.git",
    "num_services": 6,
    "gates": [
        "gateway"
    ],
    "files": [
        {
            "monitors": [],
            "buses": [],
            "discos": [],
            "gates": [],
            "dbs": [],
            "servers": [
                "flask"
            ],
            "path": "/docker/front/requirements.txt"
        },
        {
            "monitors": [],
            "buses": [],
            "discos": [],
            "gates": [],
            "dbs": [],
            "servers": [
                "flask"
            ],
            "path": "/docker/gateway/requirements.txt"
        },
        {
            "monitors": [],
            "buses": [],
            "discos": [],
            "gates": [],
            "dbs": [],
            "servers": [
                "flask"
            ],
            "path": "/docker/serv_suma/requirements.txt"
        },
        {
            "monitors": [],
            "buses": [],
            "discos": [],
            "gates": [],
            "dbs": [],
            "servers": [
                "flask"
            ],
            "path": "/docker/serv_div/requirements.txt"
        },
        {
            "monitors": [],
            "buses": [],
            "discos": [],
            "gates": [],
            "dbs": [],
            "servers": [
                "flask"
            ],
            "path": "/docker/serv_mult/requirements.txt"
        },
        {
            "monitors": [],
            "buses": [],
            "discos": [],
            "gates": [],
            "dbs": [],
            "servers": [
                "flask"
            ],
            "path": "/docker/serv_resta/requirements.txt"
        }
    ],
    "name": "CristianThrash/Docker_Microservices_Example",
    "languages": [
        "python",
        "dockerfile",
        "html"
    ],
    "images": [
        "python"
    ],
    "dbs": [],
    "num_servers": 1,
    "num_langs": 3
}