{
    "servers": [
        "express",
        "node"
    ],
    "languages": [
        "javascript"
    ],
    "url": "git://github.com/cristsr/docker-microservice.git",
    "gates": [],
    "langs": [
        "javascript"
    ],
    "discos": [],
    "files": [
        {
            "servers": [
                "express",
                "node"
            ],
            "dbs": [],
            "path": "/package.json",
            "buses": [],
            "gates": [],
            "discos": [],
            "monitors": []
        }
    ],
    "dockers": [],
    "images": [],
    "num_monitors": 0,
    "avg_size_service": 1.0,
    "size": 1,
    "num_dockers": 0,
    "num_servers": 2,
    "num_services": 0,
    "num_discos": 0,
    "name": "cristsr/docker-microservice",
    "shared_dbs": false,
    "num_dbs": 0,
    "num_buses": 0,
    "num_langs": 1,
    "buses": [],
    "num_gates": 0,
    "dbs": [],
    "num_files": 2,
    "monitors": [],
    "structure": {
        "services": [],
        "path": [],
        "num_services": 0,
        "detected_dbs": {
            "services": [],
            "num": 0,
            "shared_dbs": false,
            "names": []
        }
    }
}