{
    "dbs": [
        "mysql"
    ],
    "size": 35,
    "num_files": 4,
    "files": [
        {
            "servers": [
                "spring"
            ],
            "dbs": [
                "mysql"
            ],
            "path": "/pom.xml",
            "discos": [],
            "monitors": [],
            "gates": [],
            "buses": []
        }
    ],
    "monitors": [],
    "servers": [
        "spring"
    ],
    "gates": [],
    "num_dockers": 2,
    "url": "git://github.com/danidaryaweesh/xHire-transaction-micro-service.git",
    "shared_dbs": false,
    "num_gates": 0,
    "discos": [],
    "images": [
        "mysql",
        "java"
    ],
    "structure": {
        "services": [
            {
                "servers": [],
                "dbs": [
                    "mysql"
                ],
                "depends_on": [],
                "name": "transactiondb",
                "image_full": "./mysql",
                "image": "./mysql",
                "discos": [],
                "monitors": [],
                "gates": [],
                "buses": []
            },
            {
                "servers": [],
                "dbs": [],
                "depends_on": [
                    "transactiondb"
                ],
                "name": "transactionweb",
                "image_full": ".",
                "image": ".",
                "discos": [],
                "monitors": [],
                "gates": [],
                "buses": []
            }
        ],
        "detected_dbs": {
            "names": [
                "mysql"
            ],
            "services": [
                "transactiondb"
            ],
            "num": 1,
            "shared_dbs": false
        },
        "num_services": 2,
        "path": "/src/docker/docker-compose.yml"
    },
    "langs": [
        "java"
    ],
    "languages": [
        "java"
    ],
    "num_buses": 0,
    "dockers": [
        {
            "keywords": [
                "jar",
                "touch",
                "transaction",
                "microservice"
            ],
            "dbs": [],
            "langs": [
                "java"
            ],
            "from_full": "java:8",
            "from": "java",
            "monitors": [],
            "cmd_keywords": [],
            "servers": [],
            "gates": [],
            "path": "/src/docker/Dockerfile",
            "cmd": "",
            "buses": [],
            "discos": []
        },
        {
            "keywords": [],
            "dbs": [
                "mysql"
            ],
            "langs": [],
            "from_full": "mysql",
            "from": "mysql",
            "monitors": [],
            "cmd_keywords": [],
            "servers": [],
            "gates": [],
            "path": "/src/docker/mysql/Dockerfile",
            "cmd": "",
            "buses": [],
            "discos": []
        }
    ],
    "buses": [],
    "num_discos": 0,
    "num_servers": 1,
    "num_dbs": 1,
    "name": "danidaryaweesh/xHire-transaction-micro-service",
    "num_monitors": 0,
    "avg_size_service": 17.5,
    "num_services": 2,
    "num_langs": 1
}