{
    "monitors": [],
    "structure": {
        "path": [],
        "detected_dbs": {
            "shared_dbs": false,
            "services": [],
            "names": [],
            "num": 0
        },
        "services": [],
        "num_services": 0
    },
    "num_langs": 1,
    "name": "danielcgithub/animated-fortnight",
    "num_dockers": 1,
    "buses": [],
    "dbs": [],
    "size": 23,
    "num_discos": 0,
    "shared_dbs": false,
    "discos": [],
    "images": [
        "postgres"
    ],
    "num_servers": 1,
    "files": [
        {
            "gates": [],
            "buses": [],
            "monitors": [],
            "servers": [
                "flask"
            ],
            "path": "/testdriven-app/services/users/requirements.txt",
            "discos": [],
            "dbs": []
        }
    ],
    "dockers": [
        {
            "buses": [],
            "cmd_keywords": [],
            "gates": [],
            "monitors": [],
            "dbs": [],
            "from": "postgres",
            "path": "/testdriven-app/services/users/project/db/Dockerfile",
            "from_full": "postgres",
            "cmd": "",
            "keywords": [],
            "discos": [],
            "servers": [],
            "langs": []
        }
    ],
    "url": "git://github.com/danielcgithub/animated-fortnight.git",
    "gates": [],
    "num_files": 3,
    "num_services": 0,
    "num_gates": 0,
    "num_dbs": 0,
    "avg_size_service": 23.0,
    "langs": [
        "python"
    ],
    "num_buses": 0,
    "languages": [
        "python"
    ],
    "num_monitors": 0,
    "servers": [
        "flask"
    ]
}