{
    "structure": {
        "path": "/docker-compose.yml",
        "services": [
            {
                "servers": [],
                "buses": [],
                "gates": [],
                "monitors": [],
                "name": "redis",
                "dbs": [
                    "redis"
                ],
                "depends_on": [],
                "image": "redis",
                "image_full": "redis",
                "discos": []
            },
            {
                "servers": [],
                "buses": [],
                "gates": [],
                "monitors": [],
                "name": "simple-express",
                "dbs": [],
                "depends_on": [
                    "redis"
                ],
                "image": ".",
                "image_full": ".",
                "discos": []
            }
        ],
        "num_services": 2,
        "detected_dbs": {
            "names": [
                "redis"
            ],
            "num": 1,
            "services": [
                "redis"
            ],
            "shared_dbs": false
        }
    },
    "discos": [],
    "size": 262,
    "num_gates": 0,
    "num_langs": 2,
    "servers": [
        "node",
        "express"
    ],
    "gates": [],
    "num_servers": 2,
    "num_buses": 0,
    "files": [
        {
            "servers": [
                "node",
                "express"
            ],
            "buses": [],
            "gates": [],
            "monitors": [],
            "discos": [],
            "path": "/package.json",
            "dbs": [
                "redis"
            ]
        }
    ],
    "num_dockers": 1,
    "buses": [],
    "languages": [
        "javascript",
        "smarty"
    ],
    "monitors": [],
    "dbs": [
        "redis"
    ],
    "num_monitors": 0,
    "num_files": 3,
    "num_dbs": 1,
    "num_services": 2,
    "images": [
        "node"
    ],
    "url": "git://github.com/danielfsousa/kubernetes-node-microservices.git",
    "dockers": [
        {
            "cmd": "node src/index.js",
            "servers": [
                "node"
            ],
            "monitors": [],
            "discos": [],
            "buses": [],
            "path": "/Dockerfile",
            "cmd_keywords": [
                "node",
                "src",
                "index"
            ],
            "keywords": [
                "npm",
                "install"
            ],
            "from_full": "node:10.14-alpine",
            "gates": [],
            "from": "node",
            "langs": [],
            "dbs": []
        }
    ],
    "avg_size_service": 262.0,
    "shared_dbs": false,
    "num_discos": 0,
    "langs": [
        "smarty",
        "javascript"
    ],
    "name": "danielfsousa/kubernetes-node-microservices"
}