{
    "gates": [],
    "num_gates": 0,
    "size": 3,
    "shared_dbs": false,
    "num_services": 0,
    "num_dbs": 0,
    "name": "danielheene/docker-rclone-mount",
    "dbs": [],
    "buses": [],
    "num_dockers": 1,
    "images": [
        "alpine"
    ],
    "monitors": [],
    "files": [],
    "structure": {
        "detected_dbs": {
            "services": [],
            "names": [],
            "num": 0,
            "shared_dbs": false
        },
        "services": [],
        "path": [],
        "num_services": 0
    },
    "servers": [],
    "num_discos": 0,
    "discos": [],
    "num_monitors": 0,
    "url": "git://github.com/danielheene/docker-rclone-mount.git",
    "langs": [
        "shell",
        "dockerfile"
    ],
    "num_langs": 2,
    "dockers": [
        {
            "gates": [],
            "keywords": [
                "rclone",
                "bin",
                "linux",
                "amd",
                "chmod"
            ],
            "discos": [],
            "path": "/Dockerfile",
            "langs": [],
            "cmd_keywords": [],
            "dbs": [],
            "servers": [],
            "cmd": "",
            "from_full": "alpine:latest",
            "buses": [],
            "from": "alpine",
            "monitors": []
        }
    ],
    "avg_size_service": 3.0,
    "languages": [
        "dockerfile",
        "shell"
    ],
    "num_buses": 0,
    "num_files": 2,
    "num_servers": 0
}