{
    "num_dbs": 1,
    "dbs": [
        "mongo"
    ],
    "images": [],
    "langs": [
        "javascript",
        "typescript",
        "c#"
    ],
    "size": 722,
    "num_discos": 0,
    "dockers": [],
    "servers": [
        "node",
        "express",
        "mongoose"
    ],
    "monitors": [],
    "num_dockers": 0,
    "structure": {
        "path": "/docker-compose.yml",
        "num_services": 6,
        "detected_dbs": {
            "services": [
                "mongodb"
            ],
            "names": [
                "mongo"
            ],
            "num": 1,
            "shared_dbs": false
        },
        "services": [
            {
                "image": "nodeapp",
                "dbs": [],
                "depends_on": [
                    "mongodb"
                ],
                "image_full": "nodeapp",
                "buses": [],
                "name": "node",
                "monitors": [],
                "gates": [],
                "discos": [],
                "servers": []
            },
            {
                "image": "postgres",
                "dbs": [],
                "depends_on": [],
                "image_full": "postgres",
                "buses": [],
                "name": "postgres",
                "monitors": [],
                "gates": [],
                "discos": [],
                "servers": []
            },
            {
                "image": "google/cadvisor",
                "dbs": [],
                "depends_on": [],
                "image_full": "google/cadvisor",
                "buses": [],
                "name": "cadvisor",
                "monitors": [],
                "gates": [],
                "discos": [],
                "servers": []
            },
            {
                "image": "mongo",
                "dbs": [
                    "mongo"
                ],
                "depends_on": [],
                "image_full": "mongo",
                "buses": [],
                "name": "mongodb",
                "monitors": [],
                "gates": [],
                "discos": [],
                "servers": []
            },
            {
                "image": "aspnetcoreapp",
                "dbs": [],
                "depends_on": [
                    "postgres"
                ],
                "image_full": "aspnetcoreapp",
                "buses": [],
                "name": "aspnet",
                "monitors": [],
                "gates": [],
                "discos": [],
                "servers": []
            },
            {
                "image": "nginx",
                "dbs": [],
                "depends_on": [],
                "image_full": "nginx",
                "buses": [],
                "name": "nginx",
                "monitors": [],
                "gates": [
                    "nginx"
                ],
                "discos": [],
                "servers": []
            }
        ]
    },
    "num_buses": 0,
    "gates": [
        "nginx"
    ],
    "discos": [],
    "num_gates": 1,
    "num_services": 6,
    "name": "DanWahlin/Angular-Docker-Microservices",
    "shared_dbs": false,
    "avg_size_service": 722.0,
    "num_langs": 3,
    "num_servers": 3,
    "languages": [
        "c#",
        "javascript",
        "typescript"
    ],
    "buses": [],
    "files": [
        {
            "dbs": [],
            "buses": [],
            "path": "/package.json",
            "monitors": [],
            "gates": [],
            "discos": [],
            "servers": [
                "node"
            ]
        },
        {
            "dbs": [
                "mongodb"
            ],
            "buses": [],
            "path": "/microservices/node/package.json",
            "monitors": [],
            "gates": [],
            "discos": [],
            "servers": [
                "express",
                "mongoose"
            ]
        }
    ],
    "url": "git://github.com/DanWahlin/Angular-Docker-Microservices.git",
    "num_files": 3,
    "num_monitors": 0
}