{
    "servers": [],
    "num_monitors": 0,
    "num_gates": 0,
    "num_dbs": 0,
    "num_services": 0,
    "num_langs": 1,
    "shared_dbs": false,
    "num_servers": 0,
    "avg_size_service": 2.75,
    "files": [],
    "size": 33,
    "num_buses": 0,
    "buses": [],
    "num_discos": 0,
    "languages": [
        "dockerfile"
    ],
    "discos": [],
    "num_dockers": 12,
    "dbs": [],
    "num_files": 13,
    "gates": [],
    "images": [
        "openjdk"
    ],
    "url": "git://github.com/Darkness4/flutter-builder.git",
    "monitors": [],
    "name": "Darkness4/flutter-builder",
    "dockers": [
        {
            "cmd": "sh",
            "servers": [],
            "cmd_keywords": [],
            "gates": [],
            "from": "openjdk",
            "from_full": "openjdk:8-jdk-slim",
            "monitors": [],
            "path": "/28/master/Dockerfile",
            "langs": [],
            "buses": [],
            "keywords": [
                "android",
                "tools",
                "sdk",
                "apt",
                "flutter"
            ],
            "discos": [],
            "dbs": []
        },
        {
            "cmd": "sh",
            "servers": [],
            "cmd_keywords": [],
            "gates": [],
            "from": "openjdk",
            "from_full": "openjdk:8-jdk-slim",
            "monitors": [],
            "path": "/28/stable/Dockerfile",
            "langs": [],
            "buses": [],
            "keywords": [
                "android",
                "tools",
                "sdk",
                "apt",
                "flutter"
            ],
            "discos": [],
            "dbs": []
        },
        {
            "cmd": "sh",
            "servers": [],
            "cmd_keywords": [],
            "gates": [],
            "from": "openjdk",
            "from_full": "openjdk:8-jdk-slim",
            "monitors": [],
            "path": "/28/dev/Dockerfile",
            "langs": [],
            "buses": [],
            "keywords": [
                "android",
                "tools",
                "sdk",
                "apt",
                "flutter"
            ],
            "discos": [],
            "dbs": []
        },
        {
            "cmd": "sh",
            "servers": [],
            "cmd_keywords": [],
            "gates": [],
            "from": "openjdk",
            "from_full": "openjdk:8-jdk-slim",
            "monitors": [],
            "path": "/28/beta/Dockerfile",
            "langs": [],
            "buses": [],
            "keywords": [
                "android",
                "tools",
                "sdk",
                "apt",
                "flutter"
            ],
            "discos": [],
            "dbs": []
        },
        {
            "cmd": "sh",
            "servers": [],
            "cmd_keywords": [],
            "gates": [],
            "from": "openjdk",
            "from_full": "openjdk:8-jdk-slim",
            "monitors": [],
            "path": "/29/master/Dockerfile",
            "langs": [],
            "buses": [],
            "keywords": [
                "android",
                "tools",
                "sdk",
                "apt",
                "flutter"
            ],
            "discos": [],
            "dbs": []
        },
        {
            "cmd": "sh",
            "servers": [],
            "cmd_keywords": [],
            "gates": [],
            "from": "openjdk",
            "from_full": "openjdk:8-jdk-slim",
            "monitors": [],
            "path": "/29/stable/Dockerfile",
            "langs": [],
            "buses": [],
            "keywords": [
                "android",
                "tools",
                "sdk",
                "apt",
                "flutter"
            ],
            "discos": [],
            "dbs": []
        },
        {
            "cmd": "sh",
            "servers": [],
            "cmd_keywords": [],
            "gates": [],
            "from": "openjdk",
            "from_full": "openjdk:8-jdk-slim",
            "monitors": [],
            "path": "/29/dev/Dockerfile",
            "langs": [],
            "buses": [],
            "keywords": [
                "android",
                "tools",
                "sdk",
                "apt",
                "flutter"
            ],
            "discos": [],
            "dbs": []
        },
        {
            "cmd": "sh",
            "servers": [],
            "cmd_keywords": [],
            "gates": [],
            "from": "openjdk",
            "from_full": "openjdk:8-jdk-slim",
            "monitors": [],
            "path": "/29/beta/Dockerfile",
            "langs": [],
            "buses": [],
            "keywords": [
                "android",
                "tools",
                "sdk",
                "apt",
                "flutter"
            ],
            "discos": [],
            "dbs": []
        },
        {
            "cmd": "sh",
            "servers": [],
            "cmd_keywords": [],
            "gates": [],
            "from": "openjdk",
            "from_full": "openjdk:8-jdk-slim",
            "monitors": [],
            "path": "/27/master/Dockerfile",
            "langs": [],
            "buses": [],
            "keywords": [
                "android",
                "tools",
                "sdk",
                "apt",
                "flutter"
            ],
            "discos": [],
            "dbs": []
        },
        {
            "cmd": "sh",
            "servers": [],
            "cmd_keywords": [],
            "gates": [],
            "from": "openjdk",
            "from_full": "openjdk:8-jdk-slim",
            "monitors": [],
            "path": "/27/stable/Dockerfile",
            "langs": [],
            "buses": [],
            "keywords": [
                "android",
                "tools",
                "sdk",
                "apt",
                "flutter"
            ],
            "discos": [],
            "dbs": []
        },
        {
            "cmd": "sh",
            "servers": [],
            "cmd_keywords": [],
            "gates": [],
            "from": "openjdk",
            "from_full": "openjdk:8-jdk-slim",
            "monitors": [],
            "path": "/27/dev/Dockerfile",
            "langs": [],
            "buses": [],
            "keywords": [
                "android",
                "tools",
                "sdk",
                "apt",
                "flutter"
            ],
            "discos": [],
            "dbs": []
        },
        {
            "cmd": "sh",
            "servers": [],
            "cmd_keywords": [],
            "gates": [],
            "from": "openjdk",
            "from_full": "openjdk:8-jdk-slim",
            "monitors": [],
            "path": "/27/beta/Dockerfile",
            "langs": [],
            "buses": [],
            "keywords": [
                "android",
                "tools",
                "sdk",
                "apt",
                "flutter"
            ],
            "discos": [],
            "dbs": []
        }
    ],
    "langs": [
        "dockerfile"
    ],
    "structure": {
        "path": [],
        "detected_dbs": {
            "names": [],
            "services": [],
            "shared_dbs": false,
            "num": 0
        },
        "services": [],
        "num_services": 0
    }
}