{
    "num_services": 0,
    "num_buses": 0,
    "files": [
        {
            "gates": [],
            "buses": [],
            "monitors": [],
            "servers": [
                "flask"
            ],
            "path": "/docker/test-shadow/requirements.txt",
            "discos": [],
            "dbs": []
        },
        {
            "gates": [],
            "buses": [],
            "monitors": [],
            "servers": [
                "flask"
            ],
            "path": "/docker/test-auth/requirements.txt",
            "discos": [],
            "dbs": []
        },
        {
            "gates": [],
            "buses": [],
            "monitors": [],
            "servers": [
                "flask"
            ],
            "path": "/docker/test-stats/requirements.txt",
            "discos": [],
            "dbs": []
        },
        {
            "gates": [],
            "buses": [],
            "monitors": [],
            "servers": [
                "flask"
            ],
            "path": "/builder/requirements.txt",
            "discos": [],
            "dbs": []
        },
        {
            "gates": [],
            "buses": [],
            "monitors": [],
            "servers": [],
            "path": "/python/requirements.txt",
            "discos": [],
            "dbs": []
        },
        {
            "gates": [
                "gateway"
            ],
            "buses": [],
            "monitors": [],
            "servers": [
                "node"
            ],
            "path": "/docker/test-ratelimit/package.json",
            "discos": [
                "grpc"
            ],
            "dbs": []
        },
        {
            "gates": [],
            "buses": [],
            "monitors": [],
            "servers": [],
            "path": "/tools/sandbox/grpc_web/package.json",
            "discos": [
                "grpc"
            ],
            "dbs": []
        }
    ],
    "num_dbs": 0,
    "num_discos": 3,
    "languages": [
        "python",
        "go"
    ],
    "num_langs": 3,
    "images": [
        "ubuntu",
        "node",
        "golang",
        "envoyproxy/envoy",
        "${base}",
        "alpine"
    ],
    "buses": [],
    "size": 37700,
    "servers": [
        "flask",
        "node"
    ],
    "num_gates": 1,
    "discos": [
        "datawire",
        "grpc",
        "envoy"
    ],
    "num_monitors": 0,
    "avg_size_service": 4188.888888888889,
    "langs": [
        "golang",
        "go",
        "python"
    ],
    "dockers": [
        {
            "keywords": [
                "pip",
                "install",
                "get",
                "apt",
                "entrypoint"
            ],
            "buses": [],
            "langs": [
                "python"
            ],
            "path": "/docker/test-shadow/Dockerfile",
            "cmd": "",
            "gates": [],
            "from": "ubuntu",
            "monitors": [],
            "servers": [],
            "from_full": "ubuntu:18.04",
            "discos": [],
            "cmd_keywords": [],
            "dbs": []
        },
        {
            "keywords": [
                "pip",
                "install",
                "get",
                "apt",
                "entrypoint"
            ],
            "buses": [],
            "langs": [
                "python"
            ],
            "path": "/docker/test-auth/Dockerfile",
            "cmd": "",
            "gates": [],
            "from": "ubuntu",
            "monitors": [],
            "servers": [],
            "from_full": "ubuntu:18.04",
            "discos": [],
            "cmd_keywords": [],
            "dbs": []
        },
        {
            "keywords": [
                "install",
                "npm"
            ],
            "buses": [],
            "langs": [],
            "path": "/docker/test-ratelimit/Dockerfile",
            "cmd": "npm start",
            "gates": [],
            "from": "node",
            "monitors": [],
            "servers": [
                "node"
            ],
            "from_full": "node:10-alpine",
            "discos": [],
            "cmd_keywords": [
                "start",
                "npm"
            ],
            "dbs": []
        },
        {
            "keywords": [
                "pip",
                "python",
                "usr",
                "bin",
                "ensurepip"
            ],
            "buses": [],
            "langs": [
                "python"
            ],
            "path": "/docker/test-stats/Dockerfile",
            "cmd": "",
            "gates": [],
            "from": "alpine",
            "monitors": [],
            "servers": [],
            "from_full": "alpine:3.11",
            "discos": [],
            "cmd_keywords": [],
            "dbs": []
        },
        {
            "keywords": [],
            "buses": [],
            "langs": [],
            "path": "/docker/base-envoy/Dockerfile",
            "cmd": "",
            "gates": [],
            "from": "${base}",
            "monitors": [],
            "servers": [],
            "from_full": "${base}",
            "discos": [],
            "cmd_keywords": [],
            "dbs": []
        },
        {
            "keywords": [],
            "buses": [],
            "langs": [],
            "path": "/k8s/Dockerfile",
            "cmd": "",
            "gates": [],
            "from": "${base}",
            "monitors": [],
            "servers": [],
            "from_full": "${base}",
            "discos": [],
            "cmd_keywords": [],
            "dbs": []
        },
        {
            "keywords": [
                "ambassador",
                "bin",
                "python",
                "usr",
                "buildroot"
            ],
            "buses": [],
            "langs": [
                "python"
            ],
            "path": "/builder/Dockerfile",
            "cmd": "kat-server",
            "gates": [],
            "from": "${base}",
            "monitors": [],
            "servers": [],
            "from_full": "${base}",
            "discos": [
                "datawire"
            ],
            "cmd_keywords": [
                "server",
                "kat"
            ],
            "dbs": []
        },
        {
            "keywords": [
                "sudo",
                "cache",
                "git",
                "iptables",
                "add"
            ],
            "buses": [],
            "langs": [
                "golang"
            ],
            "path": "/teleproxy-old/docker/teleproxy-check/Dockerfile",
            "cmd": "",
            "gates": [],
            "from": "golang",
            "monitors": [],
            "servers": [],
            "from_full": "golang:1.11-alpine",
            "discos": [],
            "cmd_keywords": [],
            "dbs": []
        },
        {
            "keywords": [],
            "buses": [],
            "langs": [],
            "path": "/cmd/ambex/bootstrap_image/Dockerfile",
            "cmd": "",
            "gates": [],
            "from": "envoyproxy/envoy",
            "monitors": [],
            "servers": [],
            "from_full": "envoyproxy/envoy:28d5f4118d60f828b1453cd8ad25033f2c8e38ab",
            "discos": [
                "envoy"
            ],
            "cmd_keywords": [],
            "dbs": []
        }
    ],
    "name": "datawire/ambassador",
    "url": "git://github.com/datawire/ambassador.git",
    "gates": [
        "gateway"
    ],
    "num_servers": 2,
    "monitors": [],
    "num_files": 17,
    "shared_dbs": false,
    "num_dockers": 9,
    "dbs": [],
    "structure": {
        "num_services": 0,
        "path": [],
        "services": [],
        "detected_dbs": {
            "shared_dbs": false,
            "num": 0,
            "services": [],
            "names": []
        }
    }
}