{
    "buses": [],
    "num_langs": 1,
    "dbs": [
        "db"
    ],
    "languages": [
        "java"
    ],
    "files": [
        {
            "servers": [
                "spring"
            ],
            "buses": [],
            "monitors": [],
            "path": "/pom.xml",
            "dbs": [
                "mongodb"
            ],
            "discos": [],
            "gates": []
        }
    ],
    "size": 108,
    "name": "Dataglitter/dg-post-service",
    "num_servers": 1,
    "structure": {
        "num_services": 0,
        "services": [],
        "path": [],
        "detected_dbs": {
            "names": [],
            "num": 0,
            "services": [],
            "shared_dbs": false
        }
    },
    "shared_dbs": false,
    "num_services": 0,
    "num_dbs": 1,
    "discos": [],
    "gates": [],
    "servers": [
        "spring"
    ],
    "images": [
        "java"
    ],
    "num_gates": 0,
    "num_buses": 0,
    "dockers": [
        {
            "servers": [],
            "buses": [],
            "dbs": [],
            "keywords": [
                "add",
                "apk",
                "chmod",
                "home",
                "button"
            ],
            "from_full": "java:8-jre-alpine",
            "monitors": [],
            "langs": [
                "java"
            ],
            "from": "java",
            "discos": [],
            "gates": [],
            "cmd": "sh /home/app/button.sh",
            "cmd_keywords": [
                "app",
                "button",
                "home"
            ],
            "path": "/Dockerfile"
        }
    ],
    "num_discos": 0,
    "num_dockers": 1,
    "monitors": [],
    "url": "git://github.com/Dataglitter/dg-post-service.git",
    "langs": [
        "java"
    ],
    "num_files": 3,
    "num_monitors": 0,
    "avg_size_service": 108.0
}