{
    "dockers": [],
    "num_buses": 0,
    "languages": [],
    "discos": [],
    "name": "DavidJMartinProjects/docker-compose-github",
    "url": "git://github.com/DavidJMartinProjects/docker-compose-github.git",
    "gates": [],
    "num_monitors": 0,
    "monitors": [],
    "num_dockers": 0,
    "avg_size_service": 0.0,
    "images": [],
    "num_services": 2,
    "num_discos": 0,
    "size": 0,
    "buses": [],
    "dbs": [],
    "servers": [],
    "langs": [],
    "structure": {
        "num_services": 2,
        "services": [
            {
                "monitors": [],
                "discos": [],
                "name": "top-news-service",
                "depends_on": [],
                "image_full": "https://github.com/DavidJMartinProjects/microservice_ecosystem_top_news_articles_service.git#master",
                "image": "https://github.com/DavidJMartinProjects/microservice_ecosystem_top_news_articles_service.git#master",
                "dbs": [],
                "buses": [],
                "gates": [],
                "servers": []
            },
            {
                "monitors": [],
                "discos": [],
                "name": "exchange-rate-service",
                "depends_on": [],
                "image_full": "https://github.com/DavidJMartinProjects/microservice_ecosystem_exchange_service.git#master",
                "image": "https://github.com/DavidJMartinProjects/microservice_ecosystem_exchange_service.git#master",
                "dbs": [],
                "buses": [],
                "gates": [],
                "servers": []
            }
        ],
        "detected_dbs": {
            "num": 0,
            "shared_dbs": false,
            "services": [],
            "names": []
        },
        "path": "/docker-compose.yml"
    },
    "shared_dbs": false,
    "num_servers": 0,
    "num_langs": 0,
    "num_gates": 0,
    "num_dbs": 0,
    "files": [],
    "num_files": 1
}