{
    "dbs": [
        "mongo",
        "redis"
    ],
    "num_langs": 1,
    "buses": [],
    "monitors": [],
    "num_services": 7,
    "num_dbs": 2,
    "num_servers": 0,
    "discos": [],
    "dockers": [],
    "num_files": 2,
    "num_dockers": 0,
    "images": [],
    "size": 13,
    "servers": [],
    "structure": {
        "detected_dbs": {
            "names": [
                "mongo",
                "redis"
            ],
            "shared_dbs": false,
            "services": [
                "redis",
                "mongo"
            ],
            "num": 2
        },
        "num_services": 7,
        "path": "/docker-compose.yml",
        "services": [
            {
                "discos": [],
                "servers": [],
                "image_full": "redis:alpine",
                "name": "redis",
                "depends_on": [],
                "dbs": [
                    "redis"
                ],
                "buses": [],
                "image": "redis",
                "gates": [],
                "monitors": []
            },
            {
                "discos": [],
                "servers": [],
                "image_full": "./app-api-template",
                "name": "api",
                "depends_on": [],
                "dbs": [],
                "buses": [],
                "image": "./app-api-template",
                "gates": [],
                "monitors": []
            },
            {
                "discos": [],
                "servers": [],
                "image_full": "./app-ui-template",
                "name": "ui",
                "depends_on": [],
                "dbs": [],
                "buses": [],
                "image": "./app-ui-template",
                "gates": [],
                "monitors": []
            },
            {
                "discos": [],
                "servers": [],
                "image_full": "kibana:7.4.0",
                "name": "kibana",
                "depends_on": [
                    "elasticsearch"
                ],
                "dbs": [],
                "buses": [],
                "image": "kibana",
                "gates": [],
                "monitors": []
            },
            {
                "discos": [],
                "servers": [],
                "image_full": "mongo:latest",
                "name": "mongo",
                "depends_on": [],
                "dbs": [
                    "mongo"
                ],
                "buses": [],
                "image": "mongo",
                "gates": [],
                "monitors": []
            },
            {
                "discos": [],
                "servers": [],
                "image_full": "nginx:latest",
                "name": "nginx",
                "depends_on": [],
                "dbs": [],
                "buses": [],
                "image": "nginx",
                "gates": [
                    "nginx"
                ],
                "monitors": []
            },
            {
                "discos": [],
                "servers": [],
                "image_full": "elasticsearch:7.4.0",
                "name": "elasticsearch",
                "depends_on": [],
                "dbs": [],
                "buses": [],
                "image": "elasticsearch",
                "gates": [],
                "monitors": []
            }
        ]
    },
    "num_discos": 0,
    "files": [
        {
            "servers": [],
            "gates": [
                "nginx"
            ],
            "dbs": [],
            "buses": [],
            "monitors": [],
            "discos": [],
            "path": "/package.json"
        }
    ],
    "num_monitors": 0,
    "num_buses": 0,
    "num_gates": 1,
    "gates": [
        "nginx"
    ],
    "name": "dcarrsf/app-compose-template",
    "avg_size_service": 13.0,
    "url": "git://github.com/dcarrsf/app-compose-template.git",
    "shared_dbs": false,
    "langs": [
        "javascript"
    ],
    "languages": [
        "javascript"
    ]
}