{
    "num_langs": 0,
    "dbs": [],
    "num_servers": 0,
    "languages": [],
    "num_discos": 0,
    "avg_size_service": 36.0,
    "dockers": [],
    "num_gates": 0,
    "buses": [],
    "langs": [],
    "num_buses": 0,
    "discos": [],
    "num_dbs": 0,
    "num_files": 1,
    "url": "git://github.com/denichodev/node-microservice-learn.git",
    "shared_dbs": false,
    "monitors": [],
    "num_services": 0,
    "files": [],
    "servers": [],
    "num_monitors": 0,
    "gates": [],
    "size": 36,
    "num_dockers": 0,
    "images": [],
    "structure": {
        "path": [],
        "services": [],
        "detected_dbs": {
            "names": [],
            "shared_dbs": false,
            "num": 0,
            "services": []
        },
        "num_services": 0
    },
    "name": "denichodev/node-microservice-learn"
}