{
    "name": "derekkenney/Company-Data-Search",
    "num_dbs": 0,
    "num_services": 0,
    "num_files": 3,
    "servers": [],
    "url": "git://github.com/derekkenney/Company-Data-Search.git",
    "discos": [],
    "structure": {
        "path": [],
        "services": [],
        "detected_dbs": {
            "shared_dbs": false,
            "services": [],
            "num": 0,
            "names": []
        },
        "num_services": 0
    },
    "num_buses": 0,
    "size": 33,
    "dockers": [
        {
            "cmd": "./api",
            "servers": [],
            "langs": [
                "golang"
            ],
            "path": "/api/Dockerfile",
            "discos": [],
            "from": "golang",
            "buses": [],
            "from_full": "golang:1.13.0",
            "cmd_keywords": [
                "api"
            ],
            "keywords": [
                "build",
                "cgo",
                "app",
                "api",
                "enabled"
            ],
            "gates": [],
            "dbs": [],
            "monitors": []
        },
        {
            "cmd": "./company",
            "servers": [],
            "langs": [
                "golang"
            ],
            "path": "/company/Dockerfile",
            "discos": [],
            "from": "golang",
            "buses": [],
            "from_full": "golang:alpine",
            "cmd_keywords": [
                "company"
            ],
            "keywords": [
                "apk",
                "cache",
                "build",
                "cgo",
                "gcc"
            ],
            "gates": [],
            "dbs": [],
            "monitors": []
        }
    ],
    "languages": [
        "go",
        "dockerfile"
    ],
    "dbs": [],
    "monitors": [],
    "shared_dbs": false,
    "avg_size_service": 16.5,
    "num_monitors": 0,
    "files": [],
    "langs": [
        "dockerfile",
        "go",
        "golang"
    ],
    "num_servers": 0,
    "buses": [],
    "num_langs": 3,
    "num_gates": 0,
    "num_discos": 0,
    "images": [
        "golang"
    ],
    "num_dockers": 2,
    "gates": []
}