{
    "servers": [],
    "num_monitors": 0,
    "num_gates": 0,
    "num_dbs": 0,
    "num_services": 0,
    "num_langs": 0,
    "shared_dbs": false,
    "num_servers": 0,
    "avg_size_service": 1.0,
    "files": [],
    "size": 1,
    "num_buses": 0,
    "buses": [],
    "num_discos": 0,
    "languages": [],
    "discos": [],
    "num_dockers": 0,
    "dbs": [],
    "num_files": 1,
    "gates": [],
    "images": [],
    "url": "git://github.com/DickChesterwood/docker-netflix-fleetman-global-config.git",
    "monitors": [],
    "name": "DickChesterwood/docker-netflix-fleetman-global-config",
    "dockers": [],
    "langs": [],
    "structure": {
        "path": [],
        "detected_dbs": {
            "names": [],
            "services": [],
            "shared_dbs": false,
            "num": 0
        },
        "services": [],
        "num_services": 0
    }
}