{
    "gates": [],
    "num_gates": 0,
    "size": 15,
    "shared_dbs": false,
    "num_services": 0,
    "num_dbs": 0,
    "name": "digitalsanity/libreelec-in-docker",
    "dbs": [],
    "buses": [],
    "num_dockers": 1,
    "images": [
        "scratch"
    ],
    "monitors": [],
    "files": [],
    "structure": {
        "detected_dbs": {
            "services": [],
            "names": [],
            "num": 0,
            "shared_dbs": false
        },
        "services": [],
        "path": [],
        "num_services": 0
    },
    "servers": [],
    "num_discos": 0,
    "discos": [],
    "num_monitors": 0,
    "url": "git://github.com/digitalsanity/libreelec-in-docker.git",
    "langs": [
        "shell",
        "scratch"
    ],
    "num_langs": 2,
    "dockers": [
        {
            "gates": [],
            "keywords": [],
            "discos": [],
            "path": "/docker/Dockerfile",
            "langs": [
                "scratch"
            ],
            "cmd_keywords": [
                "sbin",
                "init"
            ],
            "dbs": [],
            "servers": [],
            "cmd": "/sbin/init",
            "from_full": "scratch",
            "buses": [],
            "from": "scratch",
            "monitors": []
        }
    ],
    "avg_size_service": 15.0,
    "languages": [
        "shell"
    ],
    "num_buses": 0,
    "num_files": 2,
    "num_servers": 0
}