{
    "monitors": [],
    "structure": {
        "path": [],
        "detected_dbs": {
            "shared_dbs": false,
            "services": [],
            "names": [],
            "num": 0
        },
        "services": [],
        "num_services": 0
    },
    "num_langs": 0,
    "name": "dineschandgr/kubernetes_microservices",
    "num_dockers": 0,
    "buses": [],
    "dbs": [],
    "size": 329,
    "num_discos": 0,
    "shared_dbs": false,
    "discos": [],
    "images": [],
    "num_servers": 0,
    "files": [],
    "dockers": [],
    "url": "git://github.com/dineschandgr/kubernetes_microservices.git",
    "gates": [],
    "num_files": 1,
    "num_services": 0,
    "num_gates": 0,
    "num_dbs": 0,
    "avg_size_service": 329.0,
    "langs": [],
    "num_buses": 0,
    "languages": [],
    "num_monitors": 0,
    "servers": []
}