{
    "monitors": [],
    "structure": {
        "path": "/docker-compose.yml",
        "detected_dbs": {
            "shared_dbs": false,
            "services": [],
            "names": [],
            "num": 0
        },
        "services": [
            {
                "image": "nginx",
                "buses": [],
                "monitors": [],
                "image_full": "nginx:latest",
                "gates": [
                    "nginx"
                ],
                "name": "nginx",
                "discos": [],
                "servers": [],
                "dbs": [],
                "depends_on": [
                    "auth",
                    "data"
                ]
            },
            {
                "image": "node",
                "buses": [],
                "monitors": [],
                "image_full": "node:latest",
                "gates": [],
                "name": "data",
                "discos": [],
                "servers": [
                    "node"
                ],
                "dbs": [],
                "depends_on": []
            },
            {
                "image": "node",
                "buses": [],
                "monitors": [],
                "image_full": "node:latest",
                "gates": [],
                "name": "auth",
                "discos": [],
                "servers": [
                    "node"
                ],
                "dbs": [],
                "depends_on": []
            },
            {
                "image": "node",
                "buses": [],
                "monitors": [],
                "image_full": "node:latest",
                "gates": [],
                "name": "notifications",
                "discos": [],
                "servers": [
                    "node"
                ],
                "dbs": [],
                "depends_on": []
            }
        ],
        "num_services": 4
    },
    "num_langs": 1,
    "name": "DLMousey/Microservices-Tinker",
    "num_dockers": 1,
    "buses": [],
    "dbs": [],
    "size": 159,
    "num_discos": 0,
    "shared_dbs": false,
    "discos": [],
    "images": [
        "node"
    ],
    "num_servers": 2,
    "files": [
        {
            "gates": [],
            "buses": [],
            "monitors": [],
            "servers": [
                "express",
                "node"
            ],
            "path": "/data/package.json",
            "discos": [],
            "dbs": []
        },
        {
            "gates": [],
            "buses": [],
            "monitors": [],
            "servers": [
                "express",
                "node"
            ],
            "path": "/notifications/package.json",
            "discos": [],
            "dbs": []
        },
        {
            "gates": [],
            "buses": [],
            "monitors": [],
            "servers": [
                "express",
                "node"
            ],
            "path": "/auth/package.json",
            "discos": [],
            "dbs": []
        }
    ],
    "dockers": [
        {
            "buses": [],
            "cmd_keywords": [
                "server",
                "run",
                "npm"
            ],
            "gates": [],
            "monitors": [],
            "dbs": [],
            "from": "node",
            "path": "/data/Dockerfile",
            "from_full": "node:12.0",
            "cmd": "npm run server",
            "keywords": [
                "npm",
                "usr",
                "all",
                "mkdir",
                "build"
            ],
            "discos": [],
            "servers": [
                "node"
            ],
            "langs": []
        }
    ],
    "url": "git://github.com/DLMousey/Microservices-Tinker.git",
    "gates": [
        "nginx"
    ],
    "num_files": 5,
    "num_services": 4,
    "num_gates": 1,
    "num_dbs": 0,
    "avg_size_service": 159.0,
    "langs": [
        "typescript"
    ],
    "num_buses": 0,
    "languages": [
        "typescript"
    ],
    "num_monitors": 0,
    "servers": [
        "express",
        "node"
    ]
}