{
    "size": 48,
    "num_dockers": 1,
    "discos": [],
    "num_files": 2,
    "avg_size_service": 48.0,
    "buses": [],
    "num_gates": 0,
    "langs": [
        "shell",
        "php"
    ],
    "num_discos": 0,
    "num_monitors": 0,
    "dockers": [
        {
            "monitors": [],
            "cmd": "",
            "discos": [],
            "servers": [],
            "cmd_keywords": [],
            "from": "dnhsoft/shopware-base",
            "path": "/Dockerfile",
            "keywords": [
                "shopware",
                "swtools",
                "chmod",
                "php",
                "configs"
            ],
            "buses": [],
            "langs": [
                "php"
            ],
            "gates": [],
            "dbs": [],
            "from_full": "dnhsoft/shopware-base:php72"
        }
    ],
    "num_dbs": 0,
    "monitors": [],
    "shared_dbs": false,
    "structure": {
        "services": [],
        "detected_dbs": {
            "num": 0,
            "names": [],
            "services": [],
            "shared_dbs": false
        },
        "num_services": 0,
        "path": []
    },
    "num_buses": 0,
    "servers": [],
    "url": "git://github.com/dnhsoft/docker-shopware.git",
    "num_services": 0,
    "gates": [],
    "files": [],
    "name": "dnhsoft/docker-shopware",
    "languages": [
        "php",
        "shell"
    ],
    "images": [
        "dnhsoft/shopware-base"
    ],
    "dbs": [],
    "num_servers": 0,
    "num_langs": 2
}