{
    "num_files": 15,
    "monitors": [],
    "dbs": [
        "redis",
        "mongo",
        "mysql"
    ],
    "servers": [
        "node",
        "express",
        "flask",
        "mongoose"
    ],
    "num_discos": 0,
    "num_gates": 0,
    "num_services": 19,
    "discos": [],
    "languages": [
        "python",
        "javascript"
    ],
    "num_dockers": 7,
    "structure": {
        "path": "/docker-compose.yml",
        "services": [
            {
                "image": "mongo",
                "depends_on": [],
                "image_full": "mongo",
                "monitors": [],
                "discos": [],
                "buses": [],
                "dbs": [
                    "mongo"
                ],
                "name": "mongo_flight_management",
                "servers": [],
                "gates": []
            },
            {
                "image": "redis",
                "depends_on": [],
                "image_full": "redis",
                "monitors": [],
                "discos": [],
                "buses": [],
                "dbs": [
                    "redis"
                ],
                "name": "redis_security_management",
                "servers": [],
                "gates": []
            },
            {
                "image": "mysql",
                "depends_on": [],
                "image_full": "mysql:5.7",
                "monitors": [],
                "discos": [],
                "buses": [],
                "dbs": [
                    "mysql"
                ],
                "name": "mysql_airplane_management",
                "servers": [],
                "gates": []
            },
            {
                "image": "svenwstrl/employee_management",
                "depends_on": [
                    "rabbitmq",
                    "mongo_employee_management"
                ],
                "image_full": "svenwstrl/employee_management:latest",
                "monitors": [],
                "discos": [],
                "buses": [],
                "dbs": [],
                "name": "employee_management",
                "servers": [],
                "gates": []
            },
            {
                "image": "twanvm92/saibot_passenger_integration",
                "depends_on": [],
                "image_full": "twanvm92/saibot_passenger_integration",
                "monitors": [],
                "discos": [],
                "buses": [],
                "dbs": [],
                "name": "passenger_integration",
                "servers": [],
                "gates": []
            },
            {
                "image": "mongo",
                "depends_on": [],
                "image_full": "mongo:latest",
                "monitors": [],
                "discos": [],
                "buses": [],
                "dbs": [
                    "mongo"
                ],
                "name": "mongo_airside_management",
                "servers": [],
                "gates": []
            },
            {
                "image": "rabbitmq",
                "depends_on": [],
                "image_full": "rabbitmq:3-management",
                "monitors": [],
                "discos": [],
                "buses": [
                    "rabbitmq"
                ],
                "dbs": [],
                "name": "rabbitmq",
                "servers": [],
                "gates": []
            },
            {
                "image": "mysql",
                "depends_on": [],
                "image_full": "mysql:5.7",
                "monitors": [],
                "discos": [],
                "buses": [],
                "dbs": [
                    "mysql"
                ],
                "name": "mysql_gate_management",
                "servers": [],
                "gates": []
            },
            {
                "image": "svenwstrl/saibot_gate_management",
                "depends_on": [],
                "image_full": "svenwstrl/saibot_gate_management",
                "monitors": [],
                "discos": [],
                "buses": [],
                "dbs": [],
                "name": "gate_management",
                "servers": [],
                "gates": []
            },
            {
                "image": "svenwstrl/saibot_check_in_counter_management",
                "depends_on": [],
                "image_full": "svenwstrl/saibot_check_in_counter_management",
                "monitors": [],
                "discos": [],
                "buses": [],
                "dbs": [],
                "name": "check_in_counter_management",
                "servers": [],
                "gates": []
            },
            {
                "image": "svenwstrl/saibot_airplane_management",
                "depends_on": [],
                "image_full": "svenwstrl/saibot_airplane_management",
                "monitors": [],
                "discos": [],
                "buses": [],
                "dbs": [],
                "name": "airplane_management",
                "servers": [],
                "gates": []
            },
            {
                "image": "mysql",
                "depends_on": [],
                "image_full": "mysql:5.7",
                "monitors": [],
                "discos": [],
                "buses": [],
                "dbs": [
                    "mysql"
                ],
                "name": "mysql_passenger_integration",
                "servers": [],
                "gates": []
            },
            {
                "image": "portainer/portainer",
                "depends_on": [],
                "image_full": "portainer/portainer",
                "monitors": [],
                "discos": [],
                "buses": [],
                "dbs": [],
                "name": "portainer",
                "servers": [],
                "gates": []
            },
            {
                "image": "svenwstrl/saibot_flight_management",
                "depends_on": [],
                "image_full": "svenwstrl/saibot_flight_management",
                "monitors": [],
                "discos": [],
                "buses": [],
                "dbs": [],
                "name": "flight_management",
                "servers": [],
                "gates": []
            },
            {
                "image": "svenwstrl/airside_management",
                "depends_on": [
                    "rabbitmq",
                    "mongo_airside_management"
                ],
                "image_full": "svenwstrl/airside_management:latest",
                "monitors": [],
                "discos": [],
                "buses": [],
                "dbs": [],
                "name": "airside_management",
                "servers": [],
                "gates": []
            },
            {
                "image": "mongo",
                "depends_on": [],
                "image_full": "mongo:latest",
                "monitors": [],
                "discos": [],
                "buses": [],
                "dbs": [
                    "mongo"
                ],
                "name": "mongo_employee_management",
                "servers": [],
                "gates": []
            },
            {
                "image": "mysql",
                "depends_on": [],
                "image_full": "mysql:5.7",
                "monitors": [],
                "discos": [],
                "buses": [],
                "dbs": [
                    "mysql"
                ],
                "name": "mysql_check_in_counter_management",
                "servers": [],
                "gates": []
            },
            {
                "image": "phpmyadmin/phpmyadmin",
                "depends_on": [],
                "image_full": "phpmyadmin/phpmyadmin",
                "monitors": [],
                "discos": [],
                "buses": [],
                "dbs": [],
                "name": "phpmyadmin",
                "servers": [],
                "gates": []
            },
            {
                "image": "svenwstrl/saibot_security_management",
                "depends_on": [],
                "image_full": "svenwstrl/saibot_security_management",
                "monitors": [],
                "discos": [],
                "buses": [],
                "dbs": [],
                "name": "security_management",
                "servers": [],
                "gates": []
            }
        ],
        "detected_dbs": {
            "names": [
                "redis",
                "mongo",
                "mysql"
            ],
            "services": [
                "mongo_flight_management",
                "redis_security_management",
                "mysql_airplane_management",
                "mongo_airside_management",
                "mysql_gate_management",
                "mysql_passenger_integration",
                "mongo_employee_management",
                "mysql_check_in_counter_management"
            ],
            "num": 8,
            "shared_dbs": false
        },
        "num_services": 19
    },
    "num_dbs": 3,
    "num_servers": 4,
    "avg_size_service": 32.285714285714285,
    "dockers": [
        {
            "cmd_keywords": [],
            "cmd": "",
            "monitors": [],
            "dbs": [],
            "path": "/flight_management/Dockerfile",
            "servers": [],
            "gates": [],
            "from": "svenwstrl/python-nodemon-dev",
            "langs": [
                "python"
            ],
            "discos": [],
            "buses": [],
            "keywords": [
                "requirements",
                "install",
                "pip",
                "txt"
            ],
            "from_full": "svenwstrl/python-nodemon-dev"
        },
        {
            "cmd_keywords": [],
            "cmd": "",
            "monitors": [],
            "dbs": [],
            "path": "/airplane_management/Dockerfile",
            "servers": [],
            "gates": [],
            "from": "svenwstrl/python-nodemon-dev",
            "langs": [
                "python"
            ],
            "discos": [],
            "buses": [],
            "keywords": [
                "requirements",
                "install",
                "pip",
                "txt"
            ],
            "from_full": "svenwstrl/python-nodemon-dev"
        },
        {
            "cmd_keywords": [],
            "cmd": "",
            "monitors": [],
            "dbs": [],
            "path": "/check_in_counter_management/Dockerfile",
            "servers": [],
            "gates": [],
            "from": "svenwstrl/python-nodemon-dev",
            "langs": [
                "python"
            ],
            "discos": [],
            "buses": [],
            "keywords": [
                "requirements",
                "install",
                "pip",
                "txt"
            ],
            "from_full": "svenwstrl/python-nodemon-dev"
        },
        {
            "cmd_keywords": [],
            "cmd": "",
            "monitors": [],
            "dbs": [],
            "path": "/gate_management/Dockerfile",
            "servers": [],
            "gates": [],
            "from": "svenwstrl/python-nodemon-dev",
            "langs": [
                "python"
            ],
            "discos": [],
            "buses": [],
            "keywords": [
                "requirements",
                "install",
                "pip",
                "txt"
            ],
            "from_full": "svenwstrl/python-nodemon-dev"
        },
        {
            "cmd_keywords": [
                "start",
                "npm"
            ],
            "cmd": "npm start",
            "monitors": [],
            "dbs": [],
            "path": "/airside_management/Dockerfile",
            "servers": [
                "node"
            ],
            "gates": [],
            "from": "node",
            "langs": [],
            "discos": [],
            "buses": [],
            "keywords": [
                "install",
                "npm"
            ],
            "from_full": "node:10"
        },
        {
            "cmd_keywords": [],
            "cmd": "",
            "monitors": [],
            "dbs": [],
            "path": "/security_management/Dockerfile",
            "servers": [],
            "gates": [],
            "from": "svenwstrl/python-nodemon-dev",
            "langs": [
                "python"
            ],
            "discos": [],
            "buses": [],
            "keywords": [
                "requirements",
                "install",
                "pip",
                "txt"
            ],
            "from_full": "svenwstrl/python-nodemon-dev"
        },
        {
            "cmd_keywords": [
                "start",
                "npm"
            ],
            "cmd": "npm start",
            "monitors": [],
            "dbs": [],
            "path": "/employee_management/Dockerfile",
            "servers": [
                "node"
            ],
            "gates": [],
            "from": "node",
            "langs": [],
            "discos": [],
            "buses": [],
            "keywords": [
                "install",
                "npm"
            ],
            "from_full": "node:10"
        }
    ],
    "images": [
        "node",
        "svenwstrl/python-nodemon-dev"
    ],
    "num_monitors": 0,
    "num_buses": 1,
    "name": "Dogan1998/Dogan1998-POC-AFSTL-",
    "gates": [],
    "size": 226,
    "num_langs": 2,
    "files": [
        {
            "dbs": [
                "redis"
            ],
            "buses": [],
            "discos": [],
            "path": "/flight_management/requirements.txt",
            "monitors": [],
            "servers": [
                "flask"
            ],
            "gates": []
        },
        {
            "dbs": [],
            "buses": [],
            "discos": [],
            "path": "/airplane_management/requirements.txt",
            "monitors": [],
            "servers": [
                "flask"
            ],
            "gates": []
        },
        {
            "dbs": [],
            "buses": [],
            "discos": [],
            "path": "/check_in_counter_management/requirements.txt",
            "monitors": [],
            "servers": [
                "flask"
            ],
            "gates": []
        },
        {
            "dbs": [],
            "buses": [],
            "discos": [],
            "path": "/gate_management/requirements.txt",
            "monitors": [],
            "servers": [
                "flask"
            ],
            "gates": []
        },
        {
            "dbs": [
                "redis"
            ],
            "buses": [],
            "discos": [],
            "path": "/security_management/requirements.txt",
            "monitors": [],
            "servers": [
                "flask"
            ],
            "gates": []
        },
        {
            "dbs": [],
            "buses": [],
            "discos": [],
            "path": "/airside_management/package.json",
            "monitors": [],
            "servers": [
                "node",
                "express",
                "mongoose"
            ],
            "gates": []
        },
        {
            "dbs": [],
            "buses": [],
            "discos": [],
            "path": "/employee_management/package.json",
            "monitors": [],
            "servers": [
                "node",
                "express",
                "mongoose"
            ],
            "gates": []
        }
    ],
    "url": "git://github.com/Dogan1998/Dogan1998-POC-AFSTL-.git",
    "langs": [
        "javascript",
        "python"
    ],
    "shared_dbs": false,
    "buses": [
        "rabbitmq"
    ]
}