{
    "discos": [],
    "avg_size_service": 52.0,
    "buses": [],
    "num_gates": 0,
    "name": "dperson/emby",
    "structure": {
        "path": [],
        "services": [],
        "detected_dbs": {
            "names": [],
            "num": 0,
            "shared_dbs": false,
            "services": []
        },
        "num_services": 0
    },
    "dbs": [
        "sqlite"
    ],
    "dockers": [
        {
            "langs": [
                "bash"
            ],
            "cmd_keywords": [],
            "from_full": "alpine",
            "buses": [],
            "monitors": [],
            "from": "alpine",
            "keywords": [
                "glibc",
                "version",
                "emby",
                "glib",
                "apk"
            ],
            "gates": [],
            "path": "/Dockerfile",
            "dbs": [
                "sqlite"
            ],
            "discos": [],
            "cmd": "",
            "servers": []
        }
    ],
    "gates": [],
    "size": 52,
    "num_monitors": 0,
    "images": [
        "alpine"
    ],
    "num_buses": 0,
    "num_services": 0,
    "servers": [],
    "shared_dbs": false,
    "monitors": [],
    "num_discos": 0,
    "languages": [
        "shell",
        "dockerfile"
    ],
    "url": "git://github.com/dperson/emby.git",
    "langs": [
        "dockerfile",
        "bash",
        "shell"
    ],
    "num_dbs": 1,
    "num_servers": 0,
    "num_langs": 3,
    "files": [],
    "num_dockers": 1,
    "num_files": 2
}