{
    "avg_size_service": 23705.0,
    "discos": [],
    "images": [
        "openjdk"
    ],
    "num_dockers": 1,
    "num_servers": 1,
    "langs": [
        "java"
    ],
    "languages": [
        "java"
    ],
    "num_services": 0,
    "num_gates": 0,
    "num_langs": 1,
    "monitors": [],
    "gates": [],
    "servers": [
        "spring"
    ],
    "num_monitors": 0,
    "structure": {
        "path": [],
        "services": [],
        "num_services": 0,
        "detected_dbs": {
            "names": [],
            "num": 0,
            "services": [],
            "shared_dbs": false
        }
    },
    "size": 23705,
    "url": "git://github.com/drugotosto/DockerMicroservice.git",
    "num_buses": 0,
    "shared_dbs": false,
    "files": [
        {
            "path": "/pom.xml",
            "discos": [],
            "monitors": [],
            "gates": [],
            "servers": [
                "spring"
            ],
            "dbs": [
                "hsqldb"
            ],
            "buses": []
        }
    ],
    "num_discos": 0,
    "dockers": [
        {
            "path": "/Dockerfile",
            "from_full": "openjdk:8-jdk-alpine",
            "from": "openjdk",
            "cmd": "",
            "keywords": [],
            "servers": [],
            "gates": [],
            "langs": [],
            "discos": [],
            "monitors": [],
            "cmd_keywords": [],
            "dbs": [],
            "buses": []
        }
    ],
    "name": "drugotosto/DockerMicroservice",
    "buses": [],
    "num_files": 3,
    "dbs": [
        "db"
    ],
    "num_dbs": 1
}