{
    "size": 3,
    "num_dockers": 2,
    "discos": [],
    "num_files": 3,
    "avg_size_service": 1.5,
    "buses": [],
    "num_gates": 0,
    "langs": [
        "makefile",
        "dockerfile"
    ],
    "num_discos": 0,
    "num_monitors": 0,
    "dockers": [
        {
            "monitors": [],
            "cmd": "",
            "discos": [],
            "servers": [],
            "cmd_keywords": [],
            "from": "dockerfile/ubuntu",
            "path": "/qemu-arm/Dockerfile",
            "keywords": [
                "apt",
                "get",
                "qemu",
                "user",
                "static"
            ],
            "buses": [],
            "langs": [],
            "gates": [],
            "dbs": [],
            "from_full": "dockerfile/ubuntu:latest"
        },
        {
            "monitors": [],
            "cmd": "/bin/true",
            "discos": [],
            "servers": [
                "busybox"
            ],
            "cmd_keywords": [
                "true",
                "bin"
            ],
            "from": "busybox",
            "path": "/data/Dockerfile",
            "keywords": [],
            "buses": [],
            "langs": [],
            "gates": [],
            "dbs": [],
            "from_full": "busybox"
        }
    ],
    "num_dbs": 0,
    "monitors": [],
    "shared_dbs": false,
    "structure": {
        "services": [],
        "detected_dbs": {
            "num": 0,
            "names": [],
            "services": [],
            "shared_dbs": false
        },
        "num_services": 0,
        "path": []
    },
    "num_buses": 0,
    "servers": [
        "busybox"
    ],
    "url": "git://github.com/dweinstein/dockerfile-qemu-arm-chroot.git",
    "num_services": 0,
    "gates": [],
    "files": [],
    "name": "dweinstein/dockerfile-qemu-arm-chroot",
    "languages": [
        "makefile",
        "dockerfile"
    ],
    "images": [
        "dockerfile/ubuntu",
        "busybox"
    ],
    "dbs": [],
    "num_servers": 1,
    "num_langs": 2
}