{
    "discos": [],
    "avg_size_service": 4.0,
    "buses": [],
    "num_gates": 0,
    "name": "dylanlindgren/docker-laravel-phpfpm",
    "structure": {
        "path": [],
        "services": [],
        "detected_dbs": {
            "names": [],
            "num": 0,
            "shared_dbs": false,
            "services": []
        },
        "num_services": 0
    },
    "dbs": [
        "memcache"
    ],
    "dockers": [
        {
            "langs": [
                "php"
            ],
            "cmd_keywords": [],
            "from_full": "debian:jessie",
            "buses": [],
            "monitors": [],
            "from": "debian",
            "keywords": [
                "php",
                "fpm",
                "sed",
                "etc",
                "conf"
            ],
            "gates": [],
            "path": "/Dockerfile",
            "dbs": [
                "memcache"
            ],
            "discos": [],
            "cmd": "",
            "servers": []
        }
    ],
    "gates": [],
    "size": 4,
    "num_monitors": 0,
    "images": [
        "debian"
    ],
    "num_buses": 0,
    "num_services": 0,
    "servers": [],
    "shared_dbs": false,
    "monitors": [],
    "num_discos": 0,
    "languages": [
        "dockerfile"
    ],
    "url": "git://github.com/dylanlindgren/docker-laravel-phpfpm.git",
    "langs": [
        "dockerfile",
        "php"
    ],
    "num_dbs": 1,
    "num_servers": 0,
    "num_langs": 2,
    "files": [],
    "num_dockers": 1,
    "num_files": 2
}