{
    "num_discos": 0,
    "buses": [],
    "name": "ebonertz/solid-robot",
    "dbs": [
        "sap",
        "solid"
    ],
    "num_services": 0,
    "avg_size_service": 30.0,
    "num_monitors": 0,
    "monitors": [],
    "discos": [],
    "servers": [
        "node"
    ],
    "url": "git://github.com/ebonertz/solid-robot.git",
    "num_dockers": 1,
    "files": [
        {
            "discos": [],
            "path": "/package.json",
            "servers": [
                "node"
            ],
            "buses": [],
            "dbs": [
                "sap",
                "solid"
            ],
            "gates": [],
            "monitors": []
        }
    ],
    "shared_dbs": false,
    "size": 30,
    "languages": [
        "javascript"
    ],
    "gates": [],
    "num_langs": 1,
    "structure": {
        "detected_dbs": {
            "num": 0,
            "services": [],
            "shared_dbs": false,
            "names": []
        },
        "num_services": 0,
        "path": [],
        "services": []
    },
    "dockers": [
        {
            "from_full": "iron/node:4",
            "servers": [
                "node"
            ],
            "buses": [],
            "dbs": [],
            "cmd": "",
            "langs": [],
            "from": "iron/node",
            "monitors": [],
            "discos": [],
            "path": "/Dockerfile",
            "cmd_keywords": [],
            "gates": [],
            "keywords": [
                "install",
                "gulp",
                "npm",
                "build"
            ]
        }
    ],
    "num_files": 3,
    "num_gates": 0,
    "num_dbs": 2,
    "langs": [
        "javascript"
    ],
    "images": [
        "iron/node"
    ],
    "num_buses": 0,
    "num_servers": 1
}