{
    "discos": [],
    "avg_size_service": 38.0,
    "buses": [],
    "num_gates": 1,
    "name": "ecobytes/docker-nginx-gen-letsencrypt",
    "structure": {
        "path": "/docker-compose.yml",
        "services": [
            {
                "name": "nginx-gen",
                "dbs": [],
                "depends_on": [],
                "discos": [],
                "image_full": "jwilder/docker-gen:0.7.3",
                "image": "jwilder/docker-gen",
                "servers": [],
                "buses": [],
                "monitors": [],
                "gates": []
            },
            {
                "name": "nginx",
                "dbs": [],
                "depends_on": [],
                "discos": [],
                "image_full": "nginx:1.12-alpine",
                "image": "nginx",
                "servers": [],
                "buses": [],
                "monitors": [],
                "gates": [
                    "nginx"
                ]
            },
            {
                "name": "nginx-letsencrypt",
                "dbs": [],
                "depends_on": [
                    "nginx-gen"
                ],
                "discos": [],
                "image_full": "jrcs/letsencrypt-nginx-proxy-companion:latest",
                "image": "jrcs/letsencrypt-nginx-proxy-companion",
                "servers": [],
                "buses": [],
                "monitors": [],
                "gates": [
                    "nginx"
                ]
            }
        ],
        "detected_dbs": {
            "names": [],
            "num": 0,
            "shared_dbs": false,
            "services": []
        },
        "num_services": 3
    },
    "dbs": [],
    "dockers": [],
    "gates": [
        "nginx"
    ],
    "size": 38,
    "num_monitors": 0,
    "images": [],
    "num_buses": 0,
    "num_services": 3,
    "servers": [],
    "shared_dbs": false,
    "monitors": [],
    "num_discos": 0,
    "languages": [
        "shell"
    ],
    "url": "git://github.com/ecobytes/docker-nginx-gen-letsencrypt.git",
    "langs": [
        "shell"
    ],
    "num_dbs": 0,
    "num_servers": 0,
    "num_langs": 1,
    "files": [],
    "num_dockers": 0,
    "num_files": 1
}