{
    "num_servers": 2,
    "num_gates": 0,
    "num_dockers": 4,
    "num_buses": 0,
    "dockers": [
        {
            "monitors": [],
            "servers": [
                "node"
            ],
            "buses": [],
            "from_full": "node:8",
            "discos": [],
            "from": "node",
            "langs": [],
            "gates": [],
            "cmd_keywords": [
                "node",
                "server"
            ],
            "cmd": "node server.js",
            "path": "/alleys-best-driver/Dockerfile",
            "dbs": [],
            "keywords": []
        },
        {
            "monitors": [],
            "servers": [
                "node"
            ],
            "buses": [],
            "from_full": "node:8",
            "discos": [],
            "from": "node",
            "langs": [],
            "gates": [],
            "cmd_keywords": [
                "node",
                "server"
            ],
            "cmd": "node server.js",
            "path": "/alleys-authentication/Dockerfile",
            "dbs": [],
            "keywords": []
        },
        {
            "monitors": [],
            "servers": [
                "node"
            ],
            "buses": [],
            "from_full": "node:8",
            "discos": [],
            "from": "node",
            "langs": [],
            "gates": [],
            "cmd_keywords": [
                "node",
                "server"
            ],
            "cmd": "node server.js",
            "path": "/alleys-mapping/Dockerfile",
            "dbs": [],
            "keywords": []
        },
        {
            "monitors": [],
            "servers": [
                "node"
            ],
            "buses": [],
            "from_full": "node:8",
            "discos": [],
            "from": "node",
            "langs": [],
            "gates": [],
            "cmd_keywords": [
                "node",
                "server"
            ],
            "cmd": "node server.js",
            "path": "/alleys-roster/Dockerfile",
            "dbs": [],
            "keywords": []
        }
    ],
    "shared_dbs": false,
    "languages": [
        "javascript"
    ],
    "gates": [],
    "avg_size_service": 31.5,
    "discos": [],
    "num_dbs": 1,
    "monitors": [],
    "servers": [
        "node",
        "express"
    ],
    "num_langs": 1,
    "buses": [],
    "structure": {
        "path": [],
        "services": [],
        "detected_dbs": {
            "num": 0,
            "services": [],
            "names": [],
            "shared_dbs": false
        },
        "num_services": 0
    },
    "images": [
        "node"
    ],
    "num_files": 9,
    "num_services": 0,
    "langs": [
        "javascript"
    ],
    "files": [
        {
            "monitors": [],
            "servers": [
                "express"
            ],
            "gates": [],
            "buses": [],
            "discos": [],
            "path": "/alleys-best-driver/package.json",
            "dbs": []
        },
        {
            "monitors": [],
            "servers": [
                "express"
            ],
            "gates": [],
            "buses": [],
            "discos": [],
            "path": "/alleys-authentication/package.json",
            "dbs": [
                "mongodb"
            ]
        },
        {
            "monitors": [],
            "servers": [
                "express"
            ],
            "gates": [],
            "buses": [],
            "discos": [],
            "path": "/alleys-mapping/package.json",
            "dbs": []
        },
        {
            "monitors": [],
            "servers": [
                "express"
            ],
            "gates": [],
            "buses": [],
            "discos": [],
            "path": "/alleys-roster/package.json",
            "dbs": [
                "mongodb"
            ]
        }
    ],
    "url": "git://github.com/eddireeder/microservices-assignment.git",
    "size": 126,
    "name": "eddireeder/microservices-assignment",
    "num_discos": 0,
    "num_monitors": 0,
    "dbs": [
        "db"
    ]
}