{
    "discos": [],
    "avg_size_service": 5.0,
    "buses": [],
    "num_gates": 0,
    "name": "EdenServers/docker-csgo",
    "structure": {
        "path": [],
        "services": [],
        "detected_dbs": {
            "names": [],
            "num": 0,
            "shared_dbs": false,
            "services": []
        },
        "num_services": 0
    },
    "dbs": [
        "universe"
    ],
    "dockers": [
        {
            "langs": [],
            "cmd_keywords": [
                "csgo",
                "server",
                "start"
            ],
            "from_full": "phusion/baseimage:0.9.17",
            "buses": [],
            "monitors": [],
            "from": "phusion/baseimage",
            "keywords": [
                "get",
                "server",
                "apt",
                "install",
                "steamcmd"
            ],
            "gates": [],
            "path": "/Dockerfile",
            "dbs": [
                "universe"
            ],
            "discos": [],
            "cmd": "/server/csgo/start.sh",
            "servers": []
        }
    ],
    "gates": [],
    "size": 5,
    "num_monitors": 0,
    "images": [
        "phusion/baseimage"
    ],
    "num_buses": 0,
    "num_services": 0,
    "servers": [],
    "shared_dbs": false,
    "monitors": [],
    "num_discos": 0,
    "languages": [
        "dockerfile",
        "shell"
    ],
    "url": "git://github.com/EdenServers/docker-csgo.git",
    "langs": [
        "dockerfile",
        "shell"
    ],
    "num_dbs": 1,
    "num_servers": 0,
    "num_langs": 2,
    "files": [],
    "num_dockers": 1,
    "num_files": 2
}