{
    "languages": [
        "shell",
        "dockerfile"
    ],
    "num_servers": 1,
    "shared_dbs": false,
    "name": "efossas/Qengine-MAESC",
    "servers": [
        "lighttpd"
    ],
    "num_monitors": 0,
    "num_langs": 3,
    "images": [
        "alpine"
    ],
    "langs": [
        "shell",
        "dockerfile",
        "python"
    ],
    "dockers": [
        {
            "cmd_keywords": [
                "load"
            ],
            "dbs": [],
            "buses": [],
            "langs": [
                "python"
            ],
            "cmd": "load",
            "keywords": [
                "www",
                "lighttpd",
                "data",
                "var",
                "qengine"
            ],
            "path": "/Dockerfile",
            "gates": [],
            "from": "alpine",
            "from_full": "alpine",
            "servers": [
                "lighttpd"
            ],
            "discos": [],
            "monitors": []
        }
    ],
    "gates": [],
    "num_buses": 0,
    "discos": [],
    "monitors": [],
    "num_files": 2,
    "structure": {
        "path": [],
        "services": [],
        "num_services": 0,
        "detected_dbs": {
            "services": [],
            "names": [],
            "num": 0,
            "shared_dbs": false
        }
    },
    "dbs": [],
    "num_dbs": 0,
    "avg_size_service": 24.0,
    "num_services": 0,
    "buses": [],
    "files": [],
    "url": "git://github.com/efossas/Qengine-MAESC.git",
    "num_dockers": 1,
    "size": 24,
    "num_discos": 0,
    "num_gates": 0
}