{
    "dockers": [
        {
            "discos": [],
            "path": "/Dockerfile",
            "buses": [],
            "dbs": [],
            "servers": [
                "node"
            ],
            "langs": [],
            "keywords": [
                "install",
                "npm"
            ],
            "monitors": [],
            "from_full": "node:12.2.0",
            "from": "node",
            "gates": [],
            "cmd_keywords": [
                "npm",
                "start"
            ],
            "cmd": "npm start"
        }
    ],
    "num_buses": 0,
    "languages": [
        "javascript"
    ],
    "discos": [],
    "name": "EmmanuelAbajo/product-microservice",
    "url": "git://github.com/EmmanuelAbajo/product-microservice.git",
    "gates": [],
    "num_monitors": 0,
    "monitors": [],
    "num_dockers": 1,
    "avg_size_service": 11.0,
    "images": [
        "node"
    ],
    "num_services": 0,
    "num_discos": 0,
    "size": 11,
    "buses": [],
    "dbs": [
        "db"
    ],
    "servers": [
        "node",
        "express",
        "mongoose"
    ],
    "langs": [
        "javascript"
    ],
    "structure": {
        "num_services": 0,
        "services": [],
        "detected_dbs": {
            "num": 0,
            "shared_dbs": false,
            "services": [],
            "names": []
        },
        "path": "/docker-compose.yml"
    },
    "shared_dbs": false,
    "num_servers": 3,
    "num_langs": 1,
    "num_gates": 0,
    "num_dbs": 1,
    "files": [
        {
            "monitors": [],
            "discos": [],
            "path": "/package.json",
            "buses": [],
            "dbs": [
                "mongodb"
            ],
            "servers": [
                "node",
                "express",
                "mongoose"
            ],
            "gates": []
        }
    ],
    "num_files": 3
}