{
    "size": 4,
    "num_dockers": 1,
    "discos": [],
    "num_files": 2,
    "avg_size_service": 4.0,
    "buses": [],
    "num_gates": 0,
    "langs": [
        "dockerfile",
        "bash"
    ],
    "num_discos": 0,
    "num_monitors": 0,
    "dockers": [
        {
            "monitors": [],
            "cmd": "/usr/bin/tuleap-cfg docker:tuleap-aio-run",
            "discos": [],
            "servers": [],
            "cmd_keywords": [
                "tuleap",
                "aio",
                "bin",
                "usr",
                "docker"
            ],
            "from": "centos",
            "path": "/Dockerfile",
            "keywords": [
                "tuleap",
                "usr",
                "sbin",
                "ftp",
                "gitolite"
            ],
            "buses": [],
            "langs": [
                "bash"
            ],
            "gates": [],
            "dbs": [
                "enterprise"
            ],
            "from_full": "centos:7"
        }
    ],
    "num_dbs": 1,
    "monitors": [],
    "shared_dbs": false,
    "structure": {
        "services": [],
        "detected_dbs": {
            "num": 0,
            "names": [],
            "services": [],
            "shared_dbs": false
        },
        "num_services": 0,
        "path": []
    },
    "num_buses": 0,
    "servers": [],
    "url": "git://github.com/Enalean/docker-tuleap-aio.git",
    "num_services": 0,
    "gates": [],
    "files": [],
    "name": "Enalean/docker-tuleap-aio",
    "languages": [
        "dockerfile"
    ],
    "images": [
        "centos"
    ],
    "dbs": [
        "enterprise"
    ],
    "num_servers": 0,
    "num_langs": 2
}