{
    "buses": [],
    "avg_size_service": 11.0,
    "num_dbs": 0,
    "num_services": 1,
    "langs": [
        "dockerfile",
        "makefile",
        "python"
    ],
    "num_langs": 3,
    "structure": {
        "path": "/docker-compose.yml",
        "services": [
            {
                "buses": [],
                "discos": [],
                "depends_on": [],
                "image_full": ".",
                "name": "diagbat-invoice",
                "dbs": [],
                "servers": [],
                "image": ".",
                "gates": [],
                "monitors": []
            }
        ],
        "detected_dbs": {
            "shared_dbs": false,
            "names": [],
            "num": 0,
            "services": []
        },
        "num_services": 1
    },
    "shared_dbs": false,
    "num_buses": 0,
    "dockers": [
        {
            "buses": [],
            "from_full": "debian:buster-slim",
            "cmd": "",
            "from": "debian",
            "path": "/Dockerfile",
            "langs": [
                "python"
            ],
            "monitors": [],
            "cmd_keywords": [],
            "discos": [],
            "keywords": [
                "xfonts",
                "tmp",
                "wkhtmltopdf",
                "apt",
                "python"
            ],
            "dbs": [],
            "gates": [],
            "servers": []
        }
    ],
    "dbs": [],
    "languages": [
        "python",
        "dockerfile",
        "makefile"
    ],
    "gates": [],
    "servers": [
        "flask"
    ],
    "num_gates": 0,
    "name": "eregnier/docker-microservice-html2pdf",
    "num_monitors": 0,
    "monitors": [],
    "discos": [],
    "files": [
        {
            "buses": [],
            "discos": [],
            "dbs": [],
            "servers": [
                "flask"
            ],
            "path": "/requirements.txt",
            "gates": [],
            "monitors": []
        }
    ],
    "size": 11,
    "num_dockers": 1,
    "num_files": 3,
    "url": "git://github.com/eregnier/docker-microservice-html2pdf.git",
    "num_servers": 1,
    "images": [
        "debian"
    ],
    "num_discos": 0
}