{
    "size": 4,
    "num_dockers": 2,
    "discos": [],
    "num_files": 3,
    "avg_size_service": 2.0,
    "buses": [],
    "num_gates": 0,
    "langs": [
        "shell",
        "dockerfile",
        "bash"
    ],
    "num_discos": 0,
    "num_monitors": 0,
    "dockers": [
        {
            "monitors": [],
            "cmd": "",
            "discos": [],
            "servers": [],
            "cmd_keywords": [],
            "from": "ubuntu",
            "path": "/Dockerfile",
            "keywords": [
                "apt",
                "get",
                "install",
                "eventstore",
                "oss"
            ],
            "buses": [],
            "langs": [
                "bash"
            ],
            "gates": [],
            "dbs": [],
            "from_full": "ubuntu:16.04"
        },
        {
            "monitors": [],
            "cmd": "",
            "discos": [],
            "servers": [],
            "cmd_keywords": [],
            "from": "ubuntu",
            "path": "/onbuild/Dockerfile",
            "keywords": [
                "apt",
                "get",
                "install",
                "eventstore",
                "oss"
            ],
            "buses": [],
            "langs": [
                "bash"
            ],
            "gates": [],
            "dbs": [],
            "from_full": "ubuntu:16.04"
        }
    ],
    "num_dbs": 0,
    "monitors": [],
    "shared_dbs": false,
    "structure": {
        "services": [],
        "detected_dbs": {
            "num": 0,
            "names": [],
            "services": [],
            "shared_dbs": false
        },
        "num_services": 0,
        "path": []
    },
    "num_buses": 0,
    "servers": [],
    "url": "git://github.com/EventStore/eventstore-docker.git",
    "num_services": 0,
    "gates": [],
    "files": [],
    "name": "EventStore/eventstore-docker",
    "languages": [
        "dockerfile",
        "shell"
    ],
    "images": [
        "ubuntu"
    ],
    "dbs": [],
    "num_servers": 0,
    "num_langs": 3
}