{
    "discos": [],
    "avg_size_service": 2.0,
    "buses": [],
    "num_gates": 0,
    "name": "expert360/docker-elasticmq",
    "structure": {
        "path": [],
        "services": [],
        "detected_dbs": {
            "names": [],
            "num": 0,
            "shared_dbs": false,
            "services": []
        },
        "num_services": 0
    },
    "dbs": [],
    "dockers": [
        {
            "langs": [
                "java"
            ],
            "cmd_keywords": [
                "jar",
                "elasticmq",
                "java",
                "conf",
                "server"
            ],
            "from_full": "anapsix/alpine-java:8_server-jre",
            "buses": [],
            "monitors": [],
            "from": "anapsix/alpine-java",
            "keywords": [],
            "gates": [],
            "path": "/Dockerfile",
            "dbs": [],
            "discos": [],
            "cmd": "java -jar -Dconfig.file=/elasticmq/custom.conf /elasticmq/server.jar",
            "servers": []
        }
    ],
    "gates": [],
    "size": 2,
    "num_monitors": 0,
    "images": [
        "anapsix/alpine-java"
    ],
    "num_buses": 0,
    "num_services": 0,
    "servers": [],
    "shared_dbs": false,
    "monitors": [],
    "num_discos": 0,
    "languages": [
        "dockerfile"
    ],
    "url": "git://github.com/expert360/docker-elasticmq.git",
    "langs": [
        "dockerfile",
        "java"
    ],
    "num_dbs": 0,
    "num_servers": 0,
    "num_langs": 2,
    "files": [],
    "num_dockers": 1,
    "num_files": 2
}