{
    "name": "FabrizioCafolla/lumen-microservice",
    "buses": [],
    "images": [
        "fabriziocaf/lumen",
        "nginx"
    ],
    "num_langs": 2,
    "num_discos": 0,
    "num_buses": 0,
    "dockers": [
        {
            "discos": [],
            "langs": [],
            "buses": [],
            "dbs": [],
            "monitors": [],
            "from": "nginx",
            "cmd_keywords": [],
            "from_full": "nginx:$TAG",
            "keywords": [],
            "path": "/docker/nginx/Dockerfile",
            "servers": [],
            "gates": [
                "nginx"
            ],
            "cmd": ""
        },
        {
            "discos": [],
            "langs": [],
            "buses": [],
            "dbs": [],
            "monitors": [],
            "from": "fabriziocaf/lumen",
            "cmd_keywords": [],
            "from_full": "fabriziocaf/lumen:$TAG",
            "keywords": [
                "optimize",
                "env",
                "composer",
                "dev",
                "install"
            ],
            "path": "/docker/php/Dockerfile",
            "servers": [],
            "gates": [],
            "cmd": ""
        }
    ],
    "monitors": [],
    "dbs": [],
    "structure": {
        "detected_dbs": {
            "num": 0,
            "services": [],
            "names": [],
            "shared_dbs": false
        },
        "path": "/docker-compose.yml",
        "services": [
            {
                "monitors": [],
                "name": "nginx_app",
                "servers": [],
                "discos": [],
                "buses": [],
                "depends_on": [
                    "app"
                ],
                "image": "['TAG=${WEBSERVER_TAG}']",
                "image_full": "['TAG=${WEBSERVER_TAG}']",
                "gates": [],
                "dbs": []
            },
            {
                "monitors": [],
                "name": "app",
                "servers": [],
                "discos": [],
                "buses": [],
                "depends_on": [],
                "image": "['TAG=${BACKEND_TAG}']",
                "image_full": "['TAG=${BACKEND_TAG}']",
                "gates": [],
                "dbs": []
            }
        ],
        "num_services": 2
    },
    "gates": [
        "nginx"
    ],
    "files": [],
    "avg_size_service": 137.5,
    "langs": [
        "php",
        "html"
    ],
    "num_dbs": 0,
    "num_services": 2,
    "num_monitors": 0,
    "size": 275,
    "languages": [
        "php",
        "html"
    ],
    "num_files": 3,
    "num_gates": 1,
    "num_dockers": 2,
    "shared_dbs": false,
    "servers": [],
    "num_servers": 0,
    "url": "git://github.com/FabrizioCafolla/lumen-microservice.git",
    "discos": []
}