{
    "dbs": [],
    "name": "FacuLbsz/microservice-docker-xample",
    "num_langs": 2,
    "languages": [
        "java",
        "dockerfile"
    ],
    "shared_dbs": false,
    "servers": [
        "spring"
    ],
    "langs": [
        "dockerfile",
        "java"
    ],
    "dockers": [
        {
            "buses": [],
            "dbs": [],
            "servers": [],
            "monitors": [],
            "cmd_keywords": [],
            "discos": [],
            "cmd": "",
            "path": "/src/main/docker/Dockerfile",
            "from_full": "frolvlad/alpine-oraclejdk8:slim",
            "gates": [],
            "from": "frolvlad/alpine-oraclejdk8",
            "langs": [],
            "keywords": []
        }
    ],
    "gates": [],
    "size": 65,
    "num_dockers": 1,
    "num_discos": 0,
    "num_buses": 0,
    "buses": [],
    "images": [
        "frolvlad/alpine-oraclejdk8"
    ],
    "num_servers": 1,
    "num_services": 0,
    "monitors": [],
    "structure": {
        "services": [],
        "num_services": 0,
        "detected_dbs": {
            "num": 0,
            "shared_dbs": false,
            "names": [],
            "services": []
        },
        "path": []
    },
    "discos": [],
    "num_files": 3,
    "num_dbs": 0,
    "num_monitors": 0,
    "num_gates": 0,
    "url": "git://github.com/FacuLbsz/microservice-docker-xample.git",
    "avg_size_service": 65.0,
    "files": [
        {
            "buses": [],
            "dbs": [],
            "gates": [],
            "monitors": [],
            "discos": [],
            "servers": [
                "spring"
            ],
            "path": "/pom.xml"
        }
    ]
}