{
    "buses": [],
    "num_langs": 2,
    "dbs": [],
    "languages": [
        "go"
    ],
    "files": [
        {
            "servers": [],
            "buses": [],
            "monitors": [],
            "path": "/examples/notes-service/tests/package.json",
            "dbs": [],
            "discos": [],
            "gates": []
        }
    ],
    "size": 90,
    "name": "fawind/looper",
    "num_servers": 0,
    "structure": {
        "num_services": 2,
        "services": [
            {
                "image": "./sender/",
                "servers": [],
                "name": "sender",
                "monitors": [],
                "dbs": [],
                "image_full": "./sender/",
                "buses": [],
                "discos": [],
                "depends_on": [],
                "gates": []
            },
            {
                "image": "./server/",
                "servers": [],
                "name": "mock-server",
                "monitors": [],
                "dbs": [],
                "image_full": "./server/",
                "buses": [],
                "discos": [],
                "depends_on": [],
                "gates": []
            }
        ],
        "path": "/examples/echo-service/docker-compose.yml",
        "detected_dbs": {
            "names": [],
            "num": 0,
            "services": [],
            "shared_dbs": false
        }
    },
    "shared_dbs": false,
    "num_services": 2,
    "num_dbs": 0,
    "discos": [],
    "gates": [],
    "servers": [],
    "images": [
        "alpine",
        "kennethreitz/pipenv",
        "golang"
    ],
    "num_gates": 0,
    "num_buses": 0,
    "dockers": [
        {
            "servers": [],
            "buses": [],
            "dbs": [],
            "keywords": [],
            "from_full": "kennethreitz/pipenv",
            "monitors": [],
            "langs": [],
            "from": "kennethreitz/pipenv",
            "discos": [],
            "gates": [],
            "cmd": "",
            "cmd_keywords": [],
            "path": "/examples/echo-service/server/Dockerfile"
        },
        {
            "servers": [],
            "buses": [],
            "dbs": [],
            "keywords": [
                "add",
                "apk",
                "cache",
                "curl"
            ],
            "from_full": "alpine",
            "monitors": [],
            "langs": [],
            "from": "alpine",
            "discos": [],
            "gates": [],
            "cmd": "",
            "cmd_keywords": [],
            "path": "/examples/echo-service/sender/Dockerfile"
        },
        {
            "servers": [],
            "buses": [],
            "dbs": [],
            "keywords": [
                "notes",
                "service",
                "build",
                "app",
                "src"
            ],
            "from_full": "golang",
            "monitors": [],
            "langs": [
                "golang"
            ],
            "from": "golang",
            "discos": [],
            "gates": [],
            "cmd": "",
            "cmd_keywords": [],
            "path": "/examples/notes-service/notes-id-service/Dockerfile"
        },
        {
            "servers": [],
            "buses": [],
            "dbs": [],
            "keywords": [
                "service",
                "notes",
                "store",
                "build",
                "app"
            ],
            "from_full": "golang",
            "monitors": [],
            "langs": [
                "golang"
            ],
            "from": "golang",
            "discos": [],
            "gates": [],
            "cmd": "",
            "cmd_keywords": [],
            "path": "/examples/notes-service/notes-store-service/Dockerfile"
        },
        {
            "servers": [],
            "buses": [],
            "dbs": [],
            "keywords": [
                "notes",
                "service",
                "build",
                "app",
                "src"
            ],
            "from_full": "golang",
            "monitors": [],
            "langs": [
                "golang"
            ],
            "from": "golang",
            "discos": [],
            "gates": [],
            "cmd": "",
            "cmd_keywords": [],
            "path": "/examples/notes-service/notes-service/Dockerfile"
        }
    ],
    "num_discos": 0,
    "num_dockers": 5,
    "monitors": [],
    "url": "git://github.com/fawind/looper.git",
    "langs": [
        "go",
        "golang"
    ],
    "num_files": 7,
    "num_monitors": 0,
    "avg_size_service": 18.0
}