{
    "buses": [],
    "num_servers": 1,
    "languages": [
        "rust",
        "javascript"
    ],
    "dbs": [],
    "num_services": 0,
    "avg_size_service": 109.0,
    "servers": [
        "node"
    ],
    "structure": {
        "num_services": 0,
        "detected_dbs": {
            "services": [],
            "shared_dbs": false,
            "num": 0,
            "names": []
        },
        "services": [],
        "path": []
    },
    "monitors": [],
    "num_buses": 0,
    "images": [
        "alpine",
        "ffissore/docker-node-emberjs"
    ],
    "gates": [],
    "num_gates": 0,
    "num_langs": 2,
    "langs": [
        "rust",
        "javascript"
    ],
    "url": "git://github.com/ffissore/shorty.git",
    "num_discos": 0,
    "num_files": 5,
    "files": [
        {
            "buses": [],
            "path": "/package.json",
            "dbs": [],
            "servers": [],
            "monitors": [],
            "discos": [],
            "gates": []
        },
        {
            "buses": [],
            "path": "/shorty-with-lv/package.json",
            "dbs": [],
            "servers": [
                "node"
            ],
            "monitors": [],
            "discos": [],
            "gates": []
        }
    ],
    "shared_dbs": false,
    "num_monitors": 0,
    "name": "ffissore/shorty",
    "num_dbs": 0,
    "discos": [],
    "dockers": [
        {
            "langs": [
                "rust"
            ],
            "dbs": [],
            "path": "/Dockerfile",
            "servers": [],
            "monitors": [],
            "keywords": [
                "apk",
                "cargo",
                "add",
                "target",
                "upgrade"
            ],
            "cmd": "/app/shorty-http",
            "buses": [],
            "from_full": "alpine",
            "from": "alpine",
            "discos": [],
            "cmd_keywords": [
                "shorty",
                "app",
                "http"
            ],
            "gates": []
        },
        {
            "langs": [],
            "dbs": [],
            "path": "/shorty-with-lv/.docker/Dockerfile",
            "servers": [
                "node"
            ],
            "monitors": [],
            "keywords": [
                "login",
                "gecos",
                "username",
                "disabled",
                "uid"
            ],
            "cmd": "",
            "buses": [],
            "from_full": "ffissore/docker-node-emberjs:latest",
            "from": "ffissore/docker-node-emberjs",
            "discos": [],
            "cmd_keywords": [],
            "gates": []
        }
    ],
    "num_dockers": 2,
    "size": 218
}