{
    "buses": [],
    "num_langs": 2,
    "dbs": [],
    "languages": [
        "ruby",
        "html"
    ],
    "files": [],
    "size": 9,
    "name": "flegelleicht/sinatra-docker-api-template",
    "num_servers": 0,
    "structure": {
        "num_services": 1,
        "services": [
            {
                "image": ".",
                "servers": [],
                "name": "api",
                "monitors": [],
                "dbs": [],
                "image_full": ".",
                "buses": [],
                "discos": [],
                "depends_on": [],
                "gates": []
            }
        ],
        "path": "/docker-compose.yml",
        "detected_dbs": {
            "names": [],
            "num": 0,
            "services": [],
            "shared_dbs": false
        }
    },
    "shared_dbs": false,
    "num_services": 1,
    "num_dbs": 0,
    "discos": [],
    "gates": [],
    "servers": [],
    "images": [
        "ruby"
    ],
    "num_gates": 0,
    "num_buses": 0,
    "dockers": [
        {
            "servers": [],
            "buses": [],
            "dbs": [],
            "keywords": [
                "apk",
                "bundle",
                "add",
                "update",
                "build"
            ],
            "from_full": "ruby:alpine",
            "monitors": [],
            "langs": [
                "ruby"
            ],
            "from": "ruby",
            "discos": [],
            "gates": [],
            "cmd": "",
            "cmd_keywords": [],
            "path": "/Dockerfile"
        }
    ],
    "num_discos": 0,
    "num_dockers": 1,
    "monitors": [],
    "url": "git://github.com/flegelleicht/sinatra-docker-api-template.git",
    "langs": [
        "ruby",
        "html"
    ],
    "num_files": 2,
    "num_monitors": 0,
    "avg_size_service": 9.0
}