{
    "buses": [],
    "num_servers": 0,
    "languages": [
        "shell",
        "dockerfile"
    ],
    "dbs": [],
    "num_services": 0,
    "avg_size_service": 15.0,
    "servers": [],
    "structure": {
        "num_services": 0,
        "detected_dbs": {
            "services": [],
            "shared_dbs": false,
            "num": 0,
            "names": []
        },
        "services": [],
        "path": []
    },
    "monitors": [],
    "num_buses": 0,
    "images": [
        "debian"
    ],
    "gates": [],
    "num_gates": 0,
    "num_langs": 2,
    "langs": [
        "shell",
        "dockerfile"
    ],
    "url": "git://github.com/FlorentTomasin/docker_dhcp_nfs_tftp_server.git",
    "num_discos": 0,
    "num_files": 2,
    "files": [],
    "shared_dbs": false,
    "num_monitors": 0,
    "name": "FlorentTomasin/docker_dhcp_nfs_tftp_server",
    "num_dbs": 0,
    "discos": [],
    "dockers": [
        {
            "langs": [],
            "dbs": [],
            "path": "/src/Dockerfile",
            "servers": [],
            "monitors": [],
            "keywords": [
                "apt",
                "get",
                "sendsigs",
                "run",
                "omit"
            ],
            "cmd": "",
            "buses": [],
            "from_full": "debian:buster-slim",
            "from": "debian",
            "discos": [],
            "cmd_keywords": [],
            "gates": []
        }
    ],
    "num_dockers": 1,
    "size": 15
}