{
    "num_servers": 2,
    "num_gates": 1,
    "num_dockers": 2,
    "num_buses": 0,
    "dockers": [
        {
            "monitors": [],
            "servers": [],
            "buses": [],
            "from_full": "nginx:1.13.12-alpine",
            "discos": [],
            "from": "nginx",
            "langs": [],
            "gates": [
                "nginx"
            ],
            "cmd_keywords": [],
            "cmd": "",
            "path": "/crud-angular-microservices-frontend/Dockerfile",
            "dbs": [],
            "keywords": [
                "npm",
                "run",
                "build",
                "install"
            ]
        },
        {
            "monitors": [],
            "servers": [],
            "buses": [],
            "from_full": "maven:3.6-jdk-8",
            "discos": [],
            "from": "maven",
            "langs": [],
            "gates": [],
            "cmd_keywords": [],
            "cmd": "",
            "path": "/crud-angular-microservices-backend/Dockerfile",
            "dbs": [],
            "keywords": []
        }
    ],
    "shared_dbs": false,
    "languages": [
        "typescript",
        "java",
        "html"
    ],
    "gates": [
        "nginx"
    ],
    "avg_size_service": 228.5,
    "discos": [],
    "num_dbs": 1,
    "monitors": [],
    "servers": [
        "node",
        "spring"
    ],
    "num_langs": 3,
    "buses": [],
    "structure": {
        "path": "/docker-compose.yml",
        "services": [
            {
                "monitors": [],
                "servers": [],
                "gates": [],
                "image_full": "mysql:5.7",
                "image": "mysql",
                "buses": [],
                "name": "mysql-crud-renan-fretta",
                "discos": [],
                "depends_on": [],
                "dbs": [
                    "mysql"
                ]
            },
            {
                "monitors": [],
                "servers": [],
                "gates": [],
                "image_full": "./crud-angular-microservices-frontend",
                "image": "./crud-angular-microservices-frontend",
                "buses": [],
                "name": "frontend-crud-renan-fretta",
                "discos": [],
                "depends_on": [
                    "backend-crud-renan-fretta"
                ],
                "dbs": []
            },
            {
                "monitors": [],
                "servers": [],
                "gates": [],
                "image_full": "./crud-angular-microservices-backend",
                "image": "./crud-angular-microservices-backend",
                "buses": [],
                "name": "backend-crud-renan-fretta",
                "discos": [],
                "depends_on": [
                    "mysql-crud-renan-fretta"
                ],
                "dbs": []
            }
        ],
        "detected_dbs": {
            "num": 1,
            "services": [
                "mysql-crud-renan-fretta"
            ],
            "names": [
                "mysql"
            ],
            "shared_dbs": false
        },
        "num_services": 3
    },
    "images": [
        "maven",
        "nginx"
    ],
    "num_files": 5,
    "num_services": 3,
    "langs": [
        "typescript",
        "html",
        "java"
    ],
    "files": [
        {
            "monitors": [],
            "servers": [
                "spring"
            ],
            "gates": [],
            "buses": [],
            "discos": [],
            "path": "/crud-angular-microservices-backend/pom.xml",
            "dbs": [
                "mysql"
            ]
        },
        {
            "monitors": [],
            "servers": [
                "node"
            ],
            "gates": [],
            "buses": [],
            "discos": [],
            "path": "/crud-angular-microservices-frontend/package.json",
            "dbs": []
        }
    ],
    "url": "git://github.com/frettarenan/crud-angular-microservices-spring-java.git",
    "size": 457,
    "name": "frettarenan/crud-angular-microservices-spring-java",
    "num_discos": 0,
    "num_monitors": 0,
    "dbs": [
        "mysql"
    ]
}