{
    "buses": [],
    "num_servers": 0,
    "languages": [],
    "dbs": [],
    "num_services": 3,
    "avg_size_service": 7.0,
    "servers": [],
    "structure": {
        "num_services": 3,
        "detected_dbs": {
            "services": [],
            "shared_dbs": false,
            "num": 0,
            "names": []
        },
        "services": [
            {
                "image": "v2tec/watchtower",
                "buses": [],
                "image_full": "v2tec/watchtower:latest",
                "dbs": [],
                "depends_on": [],
                "servers": [],
                "monitors": [],
                "discos": [],
                "name": "watchtower",
                "gates": []
            },
            {
                "image": "traefik",
                "buses": [],
                "image_full": "traefik:latest",
                "dbs": [],
                "depends_on": [],
                "servers": [],
                "monitors": [],
                "discos": [
                    "traefik"
                ],
                "name": "traefik",
                "gates": []
            },
            {
                "image": "bytemark/webdav",
                "buses": [],
                "image_full": "bytemark/webdav",
                "dbs": [],
                "depends_on": [],
                "servers": [],
                "monitors": [],
                "discos": [],
                "name": "webdav",
                "gates": []
            }
        ],
        "path": "/webdav/docker-compose.yml"
    },
    "monitors": [],
    "num_buses": 0,
    "images": [],
    "gates": [],
    "num_gates": 0,
    "num_langs": 0,
    "langs": [],
    "url": "git://github.com/fuksuhsyitee/docker.git",
    "num_discos": 1,
    "num_files": 1,
    "files": [],
    "shared_dbs": false,
    "num_monitors": 0,
    "name": "fuksuhsyitee/docker",
    "num_dbs": 0,
    "discos": [
        "traefik"
    ],
    "dockers": [],
    "num_dockers": 0,
    "size": 7
}