{
    "avg_size_service": 7763.0,
    "buses": [],
    "num_dbs": 1,
    "files": [
        {
            "path": "/pom.xml",
            "servers": [
                "spring"
            ],
            "dbs": [
                "mysql"
            ],
            "monitors": [],
            "buses": [],
            "discos": [],
            "gates": []
        }
    ],
    "num_dockers": 2,
    "num_langs": 5,
    "num_servers": 1,
    "num_buses": 0,
    "num_discos": 0,
    "gates": [],
    "images": [
        "jenkins/jenkins",
        "centos"
    ],
    "size": 15526,
    "structure": {
        "path": "/docker-compose.yml",
        "num_services": 1,
        "services": [
            {
                "buses": [],
                "name": "api",
                "dbs": [],
                "monitors": [],
                "servers": [],
                "image": "po-service",
                "image_full": "po-service",
                "discos": [],
                "gates": [],
                "depends_on": []
            }
        ],
        "detected_dbs": {
            "shared_dbs": false,
            "num": 0,
            "names": [],
            "services": []
        }
    },
    "num_files": 4,
    "servers": [
        "spring"
    ],
    "url": "git://github.com/ganrad/k8s-springboot-data-rest.git",
    "dbs": [
        "mysql"
    ],
    "monitors": [],
    "dockers": [
        {
            "from_full": "jenkins/jenkins:lts",
            "buses": [],
            "dbs": [],
            "monitors": [],
            "gates": [],
            "path": "/extensions/jenkins-ci-cd/Dockerfile",
            "from": "jenkins/jenkins",
            "cmd": "",
            "cmd_keywords": [],
            "servers": [],
            "keywords": [
                "apt",
                "get",
                "echo",
                "docker",
                "https"
            ],
            "discos": [],
            "langs": []
        },
        {
            "from_full": "centos:latest",
            "buses": [],
            "dbs": [],
            "monitors": [],
            "gates": [],
            "path": "/src/Dockerfile",
            "from": "centos",
            "cmd": "java -jar ./po-rest-service-1.0.jar",
            "cmd_keywords": [
                "jar",
                "service",
                "rest",
                "java"
            ],
            "servers": [],
            "keywords": [
                "yum",
                "install",
                "openjdk",
                "java",
                "clean"
            ],
            "discos": [],
            "langs": [
                "java"
            ]
        }
    ],
    "languages": [
        "shell",
        "java",
        "smarty",
        "dockerfile",
        "groovy"
    ],
    "num_services": 1,
    "num_gates": 0,
    "name": "ganrad/k8s-springboot-data-rest",
    "shared_dbs": false,
    "langs": [
        "smarty",
        "groovy",
        "dockerfile",
        "shell",
        "java"
    ],
    "discos": [],
    "num_monitors": 0
}