{
    "buses": [],
    "num_servers": 0,
    "languages": [
        "dockerfile"
    ],
    "dbs": [],
    "num_services": 0,
    "avg_size_service": 5.0,
    "servers": [],
    "structure": {
        "num_services": 0,
        "detected_dbs": {
            "services": [],
            "shared_dbs": false,
            "num": 0,
            "names": []
        },
        "services": [],
        "path": []
    },
    "monitors": [],
    "num_buses": 0,
    "images": [
        "amazonlinux"
    ],
    "gates": [],
    "num_gates": 0,
    "num_langs": 2,
    "langs": [
        "python",
        "dockerfile"
    ],
    "url": "git://github.com/geerlingguy/docker-amazonlinux2-ansible.git",
    "num_discos": 0,
    "num_files": 2,
    "files": [],
    "shared_dbs": false,
    "num_monitors": 0,
    "name": "geerlingguy/docker-amazonlinux2-ansible",
    "num_dbs": 0,
    "discos": [],
    "dockers": [
        {
            "langs": [
                "python"
            ],
            "dbs": [],
            "path": "/Dockerfile",
            "servers": [],
            "monitors": [],
            "keywords": [
                "yum",
                "pip",
                "etc",
                "install",
                "ansible"
            ],
            "cmd": "/usr/lib/systemd/systemd",
            "buses": [],
            "from_full": "amazonlinux:2",
            "from": "amazonlinux",
            "discos": [],
            "cmd_keywords": [
                "systemd",
                "usr",
                "lib"
            ],
            "gates": []
        }
    ],
    "num_dockers": 1,
    "size": 5
}