{
    "discos": [],
    "avg_size_service": 5.0,
    "buses": [],
    "num_gates": 0,
    "name": "geerlingguy/docker-centos7-ansible",
    "structure": {
        "path": [],
        "services": [],
        "detected_dbs": {
            "names": [],
            "num": 0,
            "shared_dbs": false,
            "services": []
        },
        "num_services": 0
    },
    "dbs": [],
    "dockers": [
        {
            "langs": [
                "python"
            ],
            "cmd_keywords": [
                "systemd",
                "usr",
                "lib"
            ],
            "from_full": "centos:7",
            "buses": [],
            "monitors": [],
            "from": "centos",
            "keywords": [
                "systemd",
                "system",
                "wants",
                "yum",
                "lib"
            ],
            "gates": [],
            "path": "/Dockerfile",
            "dbs": [],
            "discos": [],
            "cmd": "/usr/lib/systemd/systemd",
            "servers": []
        }
    ],
    "gates": [],
    "size": 5,
    "num_monitors": 0,
    "images": [
        "centos"
    ],
    "num_buses": 0,
    "num_services": 0,
    "servers": [],
    "shared_dbs": false,
    "monitors": [],
    "num_discos": 0,
    "languages": [
        "dockerfile"
    ],
    "url": "git://github.com/geerlingguy/docker-centos7-ansible.git",
    "langs": [
        "dockerfile",
        "python"
    ],
    "num_dbs": 0,
    "num_servers": 0,
    "num_langs": 2,
    "files": [],
    "num_dockers": 1,
    "num_files": 2
}