{
    "num_servers": 0,
    "num_gates": 0,
    "num_dockers": 1,
    "num_buses": 0,
    "dockers": [
        {
            "monitors": [],
            "servers": [],
            "buses": [],
            "from_full": "scratch",
            "discos": [],
            "from": "scratch",
            "langs": [
                "scratch"
            ],
            "gates": [],
            "cmd_keywords": [],
            "cmd": "",
            "path": "/Dockerfile",
            "dbs": [],
            "keywords": [
                "amd",
                "git",
                "enabled",
                "goos",
                "build"
            ]
        }
    ],
    "shared_dbs": false,
    "languages": [
        "go"
    ],
    "gates": [],
    "avg_size_service": 177.0,
    "discos": [],
    "num_dbs": 0,
    "monitors": [],
    "servers": [],
    "num_langs": 2,
    "buses": [],
    "structure": {
        "path": "/docker-compose.yml",
        "services": [
            {
                "monitors": [],
                "servers": [],
                "gates": [],
                "image_full": ".",
                "image": ".",
                "buses": [],
                "name": "app",
                "discos": [],
                "depends_on": [
                    "postgres"
                ],
                "dbs": []
            },
            {
                "monitors": [],
                "servers": [],
                "gates": [],
                "image_full": "postgres:11.3-alpine",
                "image": "postgres",
                "buses": [],
                "name": "postgres",
                "discos": [],
                "depends_on": [],
                "dbs": []
            }
        ],
        "detected_dbs": {
            "num": 0,
            "services": [],
            "names": [],
            "shared_dbs": false
        },
        "num_services": 2
    },
    "images": [
        "scratch"
    ],
    "num_files": 2,
    "num_services": 2,
    "langs": [
        "go",
        "scratch"
    ],
    "files": [],
    "url": "git://github.com/gghcode/go-gin-starterkit.git",
    "size": 177,
    "name": "gghcode/go-gin-starterkit",
    "num_discos": 0,
    "num_monitors": 0,
    "dbs": []
}