{
    "num_monitors": 0,
    "name": "Ghokai/cardDeliverySystemMicroservices",
    "langs": [
        "javascript",
        "c#"
    ],
    "discos": [],
    "files": [
        {
            "servers": [
                "express",
                "node"
            ],
            "monitors": [],
            "gates": [],
            "buses": [],
            "discos": [],
            "path": "/deliveryService/package.json",
            "dbs": []
        },
        {
            "servers": [
                "express",
                "node"
            ],
            "monitors": [],
            "gates": [],
            "buses": [],
            "discos": [],
            "path": "/userAddressService/package.json",
            "dbs": []
        },
        {
            "servers": [
                "express",
                "node"
            ],
            "monitors": [],
            "gates": [],
            "buses": [],
            "discos": [],
            "path": "/cardService/package.json",
            "dbs": []
        },
        {
            "servers": [],
            "monitors": [],
            "gates": [],
            "buses": [],
            "discos": [],
            "path": "/common/package.json",
            "dbs": []
        },
        {
            "servers": [
                "express",
                "node"
            ],
            "monitors": [],
            "gates": [],
            "buses": [],
            "discos": [],
            "path": "/authService/package.json",
            "dbs": []
        }
    ],
    "dockers": [],
    "size": 2682,
    "dbs": [],
    "num_gates": 0,
    "monitors": [],
    "url": "git://github.com/Ghokai/cardDeliverySystemMicroservices.git",
    "structure": {
        "services": [
            {
                "depends_on": [
                    "db",
                    "auth-service"
                ],
                "servers": [],
                "name": "user-address-service",
                "gates": [],
                "image_full": "UserAddressService.Dockerfile",
                "discos": [],
                "image": "UserAddressService.Dockerfile",
                "dbs": [],
                "buses": [],
                "monitors": []
            },
            {
                "depends_on": [],
                "servers": [],
                "name": "db",
                "gates": [],
                "image_full": "postgres:latest",
                "discos": [],
                "image": "postgres",
                "dbs": [],
                "buses": [],
                "monitors": []
            },
            {
                "depends_on": [
                    "db",
                    "auth-service"
                ],
                "servers": [],
                "name": "delivery-service",
                "gates": [],
                "image_full": "DeliveryService.Dockerfile",
                "discos": [],
                "image": "DeliveryService.Dockerfile",
                "dbs": [],
                "buses": [],
                "monitors": []
            },
            {
                "depends_on": [
                    "db",
                    "auth-service"
                ],
                "servers": [],
                "name": "card-service",
                "gates": [],
                "image_full": "CardService.Dockerfile",
                "discos": [],
                "image": "CardService.Dockerfile",
                "dbs": [],
                "buses": [],
                "monitors": []
            },
            {
                "depends_on": [
                    "db"
                ],
                "servers": [],
                "name": "auth-service",
                "gates": [],
                "image_full": "AuthService.Dockerfile",
                "discos": [],
                "image": "AuthService.Dockerfile",
                "dbs": [],
                "buses": [],
                "monitors": []
            },
            {
                "depends_on": [
                    "db",
                    "auth-service"
                ],
                "servers": [],
                "name": "order-service",
                "gates": [],
                "image_full": "OrderService.Dockerfile",
                "discos": [],
                "image": "OrderService.Dockerfile",
                "dbs": [],
                "buses": [],
                "monitors": []
            }
        ],
        "detected_dbs": {
            "services": [],
            "shared_dbs": false,
            "num": 0,
            "names": []
        },
        "path": "/docker-compose.yml",
        "num_services": 6
    },
    "buses": [],
    "num_servers": 2,
    "avg_size_service": 2682.0,
    "num_langs": 2,
    "images": [],
    "num_dockers": 0,
    "servers": [
        "express",
        "node"
    ],
    "languages": [
        "javascript",
        "c#"
    ],
    "gates": [],
    "num_services": 6,
    "shared_dbs": false,
    "num_files": 6,
    "num_discos": 0,
    "num_buses": 0,
    "num_dbs": 0
}