{
    "servers": [],
    "name": "gieysonstelmak/barigui",
    "num_gates": 0,
    "avg_size_service": 41.0,
    "structure": {
        "services": [
            {
                "gates": [],
                "buses": [],
                "image_full": "${DOCKER_REGISTRY-}bariguimicroservice",
                "servers": [],
                "depends_on": [
                    "rabbitmq-server"
                ],
                "name": "barigui.microservice.1",
                "dbs": [],
                "image": "${DOCKER_REGISTRY-}bariguimicroservice",
                "monitors": [],
                "discos": []
            },
            {
                "gates": [],
                "buses": [],
                "image_full": "${DOCKER_REGISTRY-}bariguimicroservice",
                "servers": [],
                "depends_on": [
                    "rabbitmq-server"
                ],
                "name": "barigui.microservice.2",
                "dbs": [],
                "image": "${DOCKER_REGISTRY-}bariguimicroservice",
                "monitors": [],
                "discos": []
            },
            {
                "gates": [],
                "buses": [
                    "rabbitmq"
                ],
                "image_full": "rabbitmq:3-management",
                "servers": [],
                "depends_on": [],
                "name": "rabbitmq-server",
                "dbs": [],
                "image": "rabbitmq",
                "monitors": [],
                "discos": []
            }
        ],
        "num_services": 3,
        "path": "/docker-compose.yml",
        "detected_dbs": {
            "num": 0,
            "names": [],
            "services": [],
            "shared_dbs": false
        }
    },
    "num_dbs": 0,
    "buses": [
        "rabbitmq"
    ],
    "langs": [
        "c#"
    ],
    "shared_dbs": false,
    "files": [],
    "size": 41,
    "num_dockers": 1,
    "url": "git://github.com/gieysonstelmak/barigui.git",
    "gates": [],
    "num_servers": 0,
    "images": [
        "base"
    ],
    "num_services": 3,
    "languages": [
        "c#"
    ],
    "num_files": 2,
    "discos": [],
    "dockers": [
        {
            "gates": [],
            "from_full": "base",
            "cmd_keywords": [],
            "path": "/src/Barigui.MicroService/Dockerfile",
            "servers": [],
            "cmd": "",
            "from": "base",
            "buses": [],
            "langs": [],
            "dbs": [],
            "discos": [],
            "monitors": [],
            "keywords": [
                "microservice",
                "barigui",
                "dotnet",
                "csproj",
                "app"
            ]
        }
    ],
    "num_langs": 1,
    "num_monitors": 0,
    "num_buses": 1,
    "dbs": [],
    "monitors": [],
    "num_discos": 0
}