{
    "size": 3,
    "num_dockers": 1,
    "discos": [],
    "num_files": 2,
    "avg_size_service": 3.0,
    "buses": [],
    "num_gates": 0,
    "langs": [
        "dockerfile",
        "php"
    ],
    "num_discos": 0,
    "num_monitors": 0,
    "dockers": [
        {
            "monitors": [],
            "cmd": "/usr/sbin/apache2ctl -D FOREGROUND",
            "discos": [],
            "servers": [],
            "cmd_keywords": [
                "usr",
                "apache",
                "foreground",
                "ctl",
                "sbin"
            ],
            "from": "ubuntu",
            "path": "/Dockerfile",
            "keywords": [
                "php",
                "apt",
                "get",
                "install",
                "echo"
            ],
            "buses": [],
            "langs": [
                "php"
            ],
            "gates": [],
            "dbs": [],
            "from_full": "ubuntu:16.04"
        }
    ],
    "num_dbs": 0,
    "monitors": [],
    "shared_dbs": false,
    "structure": {
        "services": [],
        "detected_dbs": {
            "num": 0,
            "names": [],
            "services": [],
            "shared_dbs": false
        },
        "num_services": 0,
        "path": []
    },
    "num_buses": 0,
    "servers": [],
    "url": "git://github.com/gildasio/docker-php-sqlsrv.git",
    "num_services": 0,
    "gates": [],
    "files": [],
    "name": "gildasio/docker-php-sqlsrv",
    "languages": [
        "dockerfile"
    ],
    "images": [
        "ubuntu"
    ],
    "dbs": [],
    "num_servers": 0,
    "num_langs": 2
}