{
    "size": 127,
    "num_discos": 0,
    "num_services": 6,
    "num_monitors": 0,
    "num_langs": 1,
    "dockers": [],
    "files": [
        {
            "dbs": [],
            "gates": [],
            "discos": [],
            "monitors": [],
            "servers": [],
            "path": "/gateway/requirements.txt",
            "buses": []
        }
    ],
    "langs": [
        "python"
    ],
    "url": "git://github.com/girnara/nameko-pybuilder.git",
    "buses": [
        "rabbitmq"
    ],
    "shared_dbs": false,
    "structure": {
        "services": [
            {
                "dbs": [],
                "image_full": "postgres",
                "image": "postgres",
                "gates": [],
                "name": "postgres",
                "discos": [],
                "monitors": [],
                "servers": [],
                "depends_on": [],
                "buses": []
            },
            {
                "dbs": [],
                "image_full": "girnara/nameko-products:1.0.0",
                "image": "girnara/nameko-products",
                "gates": [],
                "name": "products",
                "discos": [],
                "monitors": [],
                "servers": [],
                "depends_on": [
                    "rabbit",
                    "redis"
                ],
                "buses": []
            },
            {
                "dbs": [
                    "redis"
                ],
                "image_full": "redis",
                "image": "redis",
                "gates": [],
                "name": "redis",
                "discos": [],
                "monitors": [],
                "servers": [],
                "depends_on": [],
                "buses": []
            },
            {
                "dbs": [],
                "image_full": "girnara/nameko-gateway:1.0.0",
                "image": "girnara/nameko-gateway",
                "gates": [
                    "gateway"
                ],
                "name": "gateway",
                "discos": [],
                "monitors": [],
                "servers": [],
                "depends_on": [
                    "rabbit"
                ],
                "buses": []
            },
            {
                "dbs": [],
                "image_full": "rabbitmq:3.6-management",
                "image": "rabbitmq",
                "gates": [],
                "name": "rabbit",
                "discos": [],
                "monitors": [],
                "servers": [],
                "depends_on": [],
                "buses": [
                    "rabbitmq"
                ]
            },
            {
                "dbs": [],
                "image_full": "girnara/nameko-orders:1.0.0",
                "image": "girnara/nameko-orders",
                "gates": [],
                "name": "orders",
                "discos": [],
                "monitors": [],
                "servers": [],
                "depends_on": [
                    "rabbit",
                    "postgres"
                ],
                "buses": []
            }
        ],
        "detected_dbs": {
            "names": [
                "redis"
            ],
            "services": [
                "redis"
            ],
            "shared_dbs": false,
            "num": 1
        },
        "num_services": 6,
        "path": "/docker-compose.yml"
    },
    "name": "girnara/nameko-pybuilder",
    "num_buses": 1,
    "servers": [],
    "num_files": 2,
    "num_dbs": 1,
    "num_gates": 1,
    "gates": [
        "gateway"
    ],
    "monitors": [],
    "avg_size_service": 127.0,
    "languages": [
        "python"
    ],
    "num_dockers": 0,
    "dbs": [
        "redis"
    ],
    "num_servers": 0,
    "discos": [],
    "images": []
}