{
    "gates": [],
    "num_gates": 0,
    "size": 4,
    "shared_dbs": false,
    "num_services": 0,
    "num_dbs": 0,
    "name": "gsksuman/Docker",
    "dbs": [],
    "buses": [],
    "num_dockers": 1,
    "images": [
        "alpine-java"
    ],
    "monitors": [],
    "files": [],
    "structure": {
        "detected_dbs": {
            "services": [],
            "names": [],
            "num": 0,
            "shared_dbs": false
        },
        "services": [],
        "path": [],
        "num_services": 0
    },
    "servers": [],
    "num_discos": 0,
    "discos": [],
    "num_monitors": 0,
    "url": "git://github.com/gsksuman/Docker.git",
    "langs": [
        "java",
        "dockerfile"
    ],
    "num_langs": 2,
    "dockers": [
        {
            "gates": [],
            "keywords": [
                "echo",
                "run",
                "meassage",
                "some",
                "chmod"
            ],
            "discos": [],
            "path": "/Dockerfile",
            "langs": [
                "java"
            ],
            "cmd_keywords": [
                "run",
                "bash"
            ],
            "dbs": [],
            "servers": [],
            "cmd": "bash ./run.sh",
            "from_full": "alpine-java",
            "buses": [],
            "from": "alpine-java",
            "monitors": []
        }
    ],
    "avg_size_service": 4.0,
    "languages": [
        "dockerfile"
    ],
    "num_buses": 0,
    "num_files": 2,
    "num_servers": 0
}