{
    "monitors": [],
    "structure": {
        "path": "/docker-compose.yml",
        "detected_dbs": {
            "shared_dbs": false,
            "services": [],
            "names": [],
            "num": 0
        },
        "services": [
            {
                "image": "bitnami/etcd",
                "buses": [],
                "monitors": [],
                "image_full": "bitnami/etcd:latest",
                "gates": [],
                "name": "etcd",
                "discos": [
                    "etcd"
                ],
                "servers": [],
                "dbs": [],
                "depends_on": []
            },
            {
                "image": ".",
                "buses": [],
                "monitors": [],
                "image_full": ".",
                "gates": [],
                "name": "myapp",
                "discos": [],
                "servers": [],
                "dbs": [],
                "depends_on": []
            }
        ],
        "num_services": 2
    },
    "num_langs": 3,
    "name": "guisesterheim/goMicroserviceWithETCD",
    "num_dockers": 1,
    "buses": [],
    "dbs": [],
    "size": 7,
    "num_discos": 1,
    "shared_dbs": false,
    "discos": [
        "etcd"
    ],
    "images": [
        "golang"
    ],
    "num_servers": 0,
    "files": [],
    "dockers": [
        {
            "buses": [],
            "cmd_keywords": [
                "app",
                "homework"
            ],
            "gates": [],
            "monitors": [],
            "dbs": [],
            "from": "golang",
            "path": "/Dockerfile",
            "from_full": "golang:latest",
            "cmd": "/app/go-homework.go",
            "keywords": [
                "etcd",
                "get",
                "mkdir",
                "clientv",
                "build"
            ],
            "discos": [
                "etcd"
            ],
            "servers": [],
            "langs": [
                "golang"
            ]
        }
    ],
    "url": "git://github.com/guisesterheim/goMicroserviceWithETCD.git",
    "gates": [],
    "num_files": 2,
    "num_services": 2,
    "num_gates": 0,
    "num_dbs": 0,
    "avg_size_service": 7.0,
    "langs": [
        "go",
        "golang",
        "shell"
    ],
    "num_buses": 0,
    "languages": [
        "go",
        "shell"
    ],
    "num_monitors": 0,
    "servers": []
}