{
    "monitors": [],
    "num_gates": 0,
    "num_dbs": 0,
    "url": "git://github.com/gypsydiver/theweatherservice.git",
    "dbs": [],
    "buses": [],
    "num_langs": 1,
    "avg_size_service": 3.0,
    "num_monitors": 0,
    "gates": [],
    "num_dockers": 0,
    "discos": [],
    "num_servers": 0,
    "num_discos": 0,
    "shared_dbs": false,
    "languages": [
        "makefile"
    ],
    "size": 3,
    "name": "gypsydiver/theweatherservice",
    "num_files": 1,
    "num_buses": 0,
    "files": [],
    "images": [],
    "structure": {
        "path": "/docker-compose.yml",
        "services": [
            {
                "monitors": [],
                "image": "./services",
                "depends_on": [],
                "discos": [],
                "buses": [],
                "servers": [],
                "image_full": "./services",
                "name": "weather",
                "dbs": [],
                "gates": []
            },
            {
                "monitors": [],
                "image": "./services",
                "depends_on": [],
                "discos": [],
                "buses": [],
                "servers": [],
                "image_full": "./services",
                "name": "geolocation",
                "dbs": [],
                "gates": []
            },
            {
                "monitors": [],
                "image": "./services",
                "depends_on": [
                    "geolocation",
                    "weather"
                ],
                "discos": [],
                "buses": [],
                "servers": [],
                "image_full": "./services",
                "name": "apigateway",
                "dbs": [],
                "gates": []
            },
            {
                "monitors": [],
                "image": "./services",
                "depends_on": [
                    "apigateway"
                ],
                "discos": [],
                "buses": [],
                "servers": [],
                "image_full": "./services",
                "name": "grpc-gateway",
                "dbs": [],
                "gates": []
            }
        ],
        "detected_dbs": {
            "services": [],
            "shared_dbs": false,
            "names": [],
            "num": 0
        },
        "num_services": 4
    },
    "dockers": [],
    "servers": [],
    "num_services": 4,
    "langs": [
        "makefile"
    ]
}