{
    "buses": [],
    "num_servers": 1,
    "languages": [
        "shell",
        "dockerfile"
    ],
    "dbs": [],
    "num_services": 0,
    "avg_size_service": 78.0,
    "servers": [
        "node"
    ],
    "structure": {
        "num_services": 0,
        "detected_dbs": {
            "services": [],
            "shared_dbs": false,
            "num": 0,
            "names": []
        },
        "services": [],
        "path": []
    },
    "monitors": [],
    "num_buses": 0,
    "images": [
        "amd64/centos"
    ],
    "gates": [
        "nginx"
    ],
    "num_gates": 1,
    "num_langs": 3,
    "langs": [
        "shell",
        "gcc",
        "dockerfile"
    ],
    "url": "git://github.com/h1f0x/rtorrent-flood-openvpn.git",
    "num_discos": 0,
    "num_files": 2,
    "files": [],
    "shared_dbs": false,
    "num_monitors": 0,
    "name": "h1f0x/rtorrent-flood-openvpn",
    "num_dbs": 0,
    "discos": [],
    "dockers": [
        {
            "langs": [
                "gcc"
            ],
            "dbs": [],
            "path": "/Dockerfile",
            "servers": [
                "node"
            ],
            "monitors": [],
            "keywords": [
                "install",
                "yum",
                "systemd",
                "wants",
                "system"
            ],
            "cmd": "/usr/sbin/init",
            "buses": [],
            "from_full": "amd64/centos:latest",
            "from": "amd64/centos",
            "discos": [],
            "cmd_keywords": [
                "usr",
                "sbin",
                "init"
            ],
            "gates": [
                "nginx"
            ]
        }
    ],
    "num_dockers": 1,
    "size": 78
}