{
    "num_services": 0,
    "num_buses": 0,
    "files": [],
    "num_dbs": 1,
    "num_discos": 1,
    "languages": [
        "dockerfile"
    ],
    "num_langs": 2,
    "images": [
        "java"
    ],
    "buses": [],
    "size": 14,
    "servers": [],
    "num_gates": 0,
    "discos": [
        "zookeeper"
    ],
    "num_monitors": 0,
    "avg_size_service": 14.0,
    "langs": [
        "dockerfile",
        "java"
    ],
    "dockers": [
        {
            "keywords": [
                "zookeeper",
                "opt",
                "version",
                "mkdir",
                "wget"
            ],
            "buses": [],
            "langs": [
                "java"
            ],
            "path": "/Dockerfile",
            "cmd": "start-foreground",
            "gates": [],
            "from": "java",
            "monitors": [],
            "servers": [],
            "from_full": "java:openjdk-8-jre-alpine",
            "discos": [
                "zookeeper"
            ],
            "cmd_keywords": [
                "start",
                "foreground"
            ],
            "dbs": [
                "zookeeper"
            ]
        }
    ],
    "name": "HackRanger/DockerTipsTricks",
    "url": "git://github.com/HackRanger/DockerTipsTricks.git",
    "gates": [],
    "num_servers": 0,
    "monitors": [],
    "num_files": 2,
    "shared_dbs": false,
    "num_dockers": 1,
    "dbs": [
        "zookeeper"
    ],
    "structure": {
        "num_services": 0,
        "path": [],
        "services": [],
        "detected_dbs": {
            "shared_dbs": false,
            "num": 0,
            "services": [],
            "names": []
        }
    }
}