{
    "gates": [],
    "num_gates": 0,
    "size": 23,
    "shared_dbs": false,
    "num_services": 5,
    "num_dbs": 0,
    "name": "hansehe/ConsulOnContainers",
    "dbs": [],
    "buses": [],
    "num_dockers": 2,
    "images": [
        "microsoft/dotnet"
    ],
    "monitors": [],
    "files": [
        {
            "gates": [],
            "dbs": [],
            "buses": [],
            "path": "/requirements.txt",
            "monitors": [],
            "discos": [],
            "servers": []
        }
    ],
    "structure": {
        "detected_dbs": {
            "services": [],
            "names": [],
            "num": 0,
            "shared_dbs": false
        },
        "services": [
            {
                "gates": [],
                "monitors": [],
                "dbs": [],
                "buses": [],
                "depends_on": [],
                "image_full": "api-service",
                "image": "api-service",
                "servers": [],
                "discos": [],
                "name": "api-service-2"
            },
            {
                "gates": [],
                "monitors": [],
                "dbs": [],
                "buses": [],
                "depends_on": [],
                "image_full": "client-service",
                "image": "client-service",
                "servers": [],
                "discos": [],
                "name": "client-service"
            },
            {
                "gates": [],
                "monitors": [],
                "dbs": [],
                "buses": [],
                "depends_on": [],
                "image_full": "api-service",
                "image": "api-service",
                "servers": [],
                "discos": [],
                "name": "api-service-4"
            },
            {
                "gates": [],
                "monitors": [],
                "dbs": [],
                "buses": [],
                "depends_on": [],
                "image_full": "api-service",
                "image": "api-service",
                "servers": [],
                "discos": [],
                "name": "api-service-1"
            },
            {
                "gates": [],
                "monitors": [],
                "dbs": [],
                "buses": [],
                "depends_on": [],
                "image_full": "api-service",
                "image": "api-service",
                "servers": [],
                "discos": [],
                "name": "api-service-3"
            }
        ],
        "path": "/src/docker-compose.yml",
        "num_services": 5
    },
    "servers": [],
    "num_discos": 0,
    "discos": [],
    "num_monitors": 0,
    "url": "git://github.com/hansehe/ConsulOnContainers.git",
    "langs": [
        "c#",
        "python"
    ],
    "num_langs": 2,
    "dockers": [
        {
            "gates": [],
            "keywords": [
                "publish",
                "release",
                "app",
                "dotnet"
            ],
            "discos": [],
            "path": "/src/Services/APIService/Dockerfile",
            "langs": [],
            "cmd_keywords": [],
            "dbs": [],
            "servers": [],
            "cmd": "",
            "from_full": "microsoft/dotnet:2.1-aspnetcore-runtime",
            "buses": [],
            "from": "microsoft/dotnet",
            "monitors": []
        },
        {
            "gates": [],
            "keywords": [
                "publish",
                "release",
                "app",
                "dotnet"
            ],
            "discos": [],
            "path": "/src/Services/ClientService/Dockerfile",
            "langs": [],
            "cmd_keywords": [],
            "dbs": [],
            "servers": [],
            "cmd": "",
            "from_full": "microsoft/dotnet:2.1-aspnetcore-runtime",
            "buses": [],
            "from": "microsoft/dotnet",
            "monitors": []
        }
    ],
    "avg_size_service": 11.5,
    "languages": [
        "c#",
        "python"
    ],
    "num_buses": 0,
    "num_files": 4,
    "num_servers": 0
}