{
    "discos": [],
    "avg_size_service": 1.0,
    "buses": [],
    "num_gates": 0,
    "name": "heroku-examples/python-miniconda",
    "structure": {
        "path": [],
        "services": [],
        "detected_dbs": {
            "names": [],
            "num": 0,
            "shared_dbs": false,
            "services": []
        },
        "num_services": 0
    },
    "dbs": [],
    "dockers": [
        {
            "langs": [],
            "cmd_keywords": [
                "wsgi",
                "bind",
                "gunicorn",
                "port"
            ],
            "from_full": "heroku/miniconda",
            "buses": [],
            "monitors": [],
            "from": "heroku/miniconda",
            "keywords": [
                "install",
                "pip",
                "learn",
                "requirements",
                "tmp"
            ],
            "gates": [],
            "path": "/Dockerfile",
            "dbs": [],
            "discos": [],
            "cmd": "gunicorn --bind 0.0.0.0:$PORT wsgi",
            "servers": []
        }
    ],
    "gates": [],
    "size": 1,
    "num_monitors": 0,
    "images": [
        "heroku/miniconda"
    ],
    "num_buses": 0,
    "num_services": 0,
    "servers": [
        "flask"
    ],
    "shared_dbs": false,
    "monitors": [],
    "num_discos": 0,
    "languages": [
        "python",
        "dockerfile"
    ],
    "url": "git://github.com/heroku-examples/python-miniconda.git",
    "langs": [
        "dockerfile",
        "python"
    ],
    "num_dbs": 0,
    "num_servers": 1,
    "num_langs": 2,
    "files": [
        {
            "path": "/webapp/requirements.txt",
            "dbs": [],
            "discos": [],
            "servers": [
                "flask"
            ],
            "buses": [],
            "monitors": [],
            "gates": []
        }
    ],
    "num_dockers": 1,
    "num_files": 3
}