{
    "monitors": [],
    "gates": [],
    "num_gates": 0,
    "discos": [],
    "url": "git://github.com/hmcts/ccpay-payment-app.git",
    "size": 7645,
    "shared_dbs": false,
    "name": "hmcts/ccpay-payment-app",
    "num_dockers": 0,
    "num_files": 1,
    "avg_size_service": 7645.0,
    "buses": [],
    "num_servers": 0,
    "num_services": 0,
    "images": [],
    "num_langs": 1,
    "structure": {
        "detected_dbs": {
            "num": 0,
            "shared_dbs": false,
            "names": [],
            "services": []
        },
        "path": [],
        "num_services": 0,
        "services": []
    },
    "langs": [
        "java"
    ],
    "files": [],
    "dockers": [],
    "languages": [
        "java"
    ],
    "num_dbs": 0,
    "dbs": [],
    "num_discos": 0,
    "servers": [],
    "num_buses": 0,
    "num_monitors": 0
}