{
    "gates": [],
    "langs": [],
    "structure": {
        "detected_dbs": {
            "names": [],
            "services": [],
            "num": 0,
            "shared_dbs": false
        },
        "services": [],
        "num_services": 0,
        "path": []
    },
    "num_langs": 0,
    "dockers": [],
    "shared_dbs": false,
    "num_servers": 0,
    "num_discos": 0,
    "languages": [],
    "avg_size_service": 1672.0,
    "num_dbs": 0,
    "num_services": 0,
    "discos": [],
    "num_dockers": 0,
    "num_gates": 0,
    "dbs": [],
    "servers": [],
    "size": 1672,
    "name": "hmcts/finrem-evidence-management-client-api",
    "url": "git://github.com/hmcts/finrem-evidence-management-client-api.git",
    "monitors": [],
    "num_monitors": 0,
    "num_buses": 0,
    "num_files": 1,
    "buses": [],
    "images": [],
    "files": []
}