{
    "num_files": 1,
    "num_services": 0,
    "num_discos": 0,
    "gates": [],
    "languages": [],
    "num_dbs": 0,
    "dbs": [],
    "num_monitors": 0,
    "structure": {
        "detected_dbs": {
            "shared_dbs": false,
            "num": 0,
            "services": [],
            "names": []
        },
        "num_services": 0,
        "services": [],
        "path": []
    },
    "discos": [],
    "url": "git://github.com/hmcts/ia-case-api.git",
    "num_buses": 0,
    "files": [],
    "name": "hmcts/ia-case-api",
    "servers": [],
    "num_dockers": 0,
    "buses": [],
    "num_gates": 0,
    "num_langs": 0,
    "shared_dbs": false,
    "monitors": [],
    "dockers": [],
    "langs": [],
    "num_servers": 0,
    "size": 21511,
    "images": [],
    "avg_size_service": 21511.0
}