{
    "dbs": [],
    "size": 1539,
    "num_files": 3,
    "files": [
        {
            "servers": [
                "express",
                "node"
            ],
            "dbs": [],
            "path": "/package.json",
            "discos": [],
            "monitors": [],
            "gates": [],
            "buses": []
        }
    ],
    "monitors": [],
    "servers": [
        "express",
        "node"
    ],
    "gates": [],
    "num_dockers": 1,
    "url": "git://github.com/hngi/Team-Incredible-BE.git",
    "shared_dbs": false,
    "num_gates": 0,
    "discos": [],
    "images": [
        "node"
    ],
    "structure": {
        "services": [
            {
                "servers": [
                    "node"
                ],
                "dbs": [],
                "depends_on": [],
                "name": "microservice",
                "image_full": "node:latest",
                "image": "node",
                "discos": [],
                "monitors": [],
                "gates": [],
                "buses": []
            }
        ],
        "detected_dbs": {
            "names": [],
            "services": [],
            "num": 0,
            "shared_dbs": false
        },
        "num_services": 1,
        "path": "/docker-compose.yml"
    },
    "langs": [
        "html",
        "javascript",
        "css"
    ],
    "languages": [
        "css",
        "javascript",
        "html"
    ],
    "num_buses": 0,
    "dockers": [
        {
            "keywords": [
                "install",
                "yarn"
            ],
            "dbs": [],
            "langs": [],
            "from_full": "node:latest",
            "from": "node",
            "monitors": [],
            "cmd_keywords": [
                "run",
                "npm",
                "dev"
            ],
            "servers": [
                "node"
            ],
            "gates": [],
            "path": "/Dockerfile",
            "cmd": "npm run dev",
            "buses": [],
            "discos": []
        }
    ],
    "buses": [],
    "num_discos": 0,
    "num_servers": 2,
    "num_dbs": 0,
    "name": "hngi/Team-Incredible-BE",
    "num_monitors": 0,
    "avg_size_service": 1539.0,
    "num_services": 1,
    "num_langs": 3
}