{
    "size": 305,
    "shared_dbs": false,
    "num_servers": 2,
    "name": "iamateek/gitlab-triel",
    "files": [
        {
            "gates": [],
            "dbs": [],
            "buses": [],
            "servers": [],
            "path": "/pom.xml",
            "monitors": [],
            "discos": []
        },
        {
            "gates": [],
            "dbs": [],
            "buses": [],
            "servers": [
                "spring"
            ],
            "path": "/config/pom.xml",
            "monitors": [],
            "discos": [
                "eureka"
            ]
        },
        {
            "gates": [],
            "dbs": [],
            "buses": [],
            "servers": [
                "spring"
            ],
            "path": "/school-service/pom.xml",
            "monitors": [],
            "discos": [
                "eureka"
            ]
        },
        {
            "gates": [],
            "dbs": [],
            "buses": [],
            "servers": [
                "glassfish",
                "spring"
            ],
            "path": "/discovery/pom.xml",
            "monitors": [],
            "discos": [
                "eureka"
            ]
        },
        {
            "gates": [],
            "dbs": [],
            "buses": [],
            "servers": [
                "spring"
            ],
            "path": "/school-ui/pom.xml",
            "monitors": [],
            "discos": [
                "eureka"
            ]
        }
    ],
    "num_files": 10,
    "num_langs": 2,
    "dbs": [],
    "servers": [
        "glassfish",
        "spring"
    ],
    "num_discos": 1,
    "url": "git://github.com/iamateek/gitlab-triel.git",
    "gates": [],
    "structure": {
        "services": [
            {
                "image": "developer.okta.com/microservice-docker-discovery",
                "dbs": [],
                "image_full": "developer.okta.com/microservice-docker-discovery:0.0.1-SNAPSHOT",
                "buses": [],
                "servers": [],
                "monitors": [],
                "name": "discovery",
                "gates": [],
                "discos": [],
                "depends_on": []
            },
            {
                "image": "developer.okta.com/microservice-docker-school-service",
                "dbs": [],
                "image_full": "developer.okta.com/microservice-docker-school-service:0.0.1-SNAPSHOT",
                "buses": [],
                "servers": [],
                "monitors": [],
                "name": "school-service",
                "gates": [],
                "discos": [],
                "depends_on": [
                    "discovery",
                    "config"
                ]
            },
            {
                "image": "developer.okta.com/microservice-docker-school-ui",
                "dbs": [],
                "image_full": "developer.okta.com/microservice-docker-school-ui:0.0.1-SNAPSHOT",
                "buses": [],
                "servers": [],
                "monitors": [],
                "name": "school-ui",
                "gates": [],
                "discos": [],
                "depends_on": [
                    "discovery",
                    "config"
                ]
            },
            {
                "image": "developer.okta.com/microservice-docker-config",
                "dbs": [],
                "image_full": "developer.okta.com/microservice-docker-config:0.0.1-SNAPSHOT",
                "buses": [],
                "servers": [],
                "monitors": [],
                "name": "config",
                "gates": [],
                "discos": [],
                "depends_on": [
                    "discovery"
                ]
            }
        ],
        "num_services": 4,
        "detected_dbs": {
            "num": 0,
            "names": [],
            "services": [],
            "shared_dbs": false
        },
        "path": "/docker-compose.yml"
    },
    "num_gates": 0,
    "num_dockers": 4,
    "num_dbs": 0,
    "num_services": 4,
    "langs": [
        "java",
        "html"
    ],
    "buses": [],
    "num_buses": 0,
    "num_monitors": 0,
    "languages": [
        "java",
        "html"
    ],
    "dockers": [
        {
            "cmd_keywords": [],
            "cmd": "",
            "gates": [],
            "buses": [],
            "langs": [],
            "from": "openjdk",
            "monitors": [],
            "from_full": "openjdk:8-jdk-alpine",
            "servers": [],
            "path": "/config/Dockerfile",
            "dbs": [],
            "keywords": [],
            "discos": []
        },
        {
            "cmd_keywords": [],
            "cmd": "",
            "gates": [],
            "buses": [],
            "langs": [],
            "from": "openjdk",
            "monitors": [],
            "from_full": "openjdk:8-jdk-alpine",
            "servers": [],
            "path": "/school-service/Dockerfile",
            "dbs": [],
            "keywords": [],
            "discos": []
        },
        {
            "cmd_keywords": [],
            "cmd": "",
            "gates": [],
            "buses": [],
            "langs": [],
            "from": "openjdk",
            "monitors": [],
            "from_full": "openjdk:8-jdk-alpine",
            "servers": [],
            "path": "/discovery/Dockerfile",
            "dbs": [],
            "keywords": [],
            "discos": []
        },
        {
            "cmd_keywords": [],
            "cmd": "",
            "gates": [],
            "buses": [],
            "langs": [],
            "from": "openjdk",
            "monitors": [],
            "from_full": "openjdk:8-jdk-alpine",
            "servers": [],
            "path": "/school-ui/Dockerfile",
            "dbs": [],
            "keywords": [],
            "discos": []
        }
    ],
    "monitors": [],
    "avg_size_service": 76.25,
    "discos": [
        "eureka"
    ],
    "images": [
        "openjdk"
    ]
}