{
    "gates": [],
    "images": [
        "alpine"
    ],
    "num_dbs": 0,
    "structure": {
        "num_services": 0,
        "path": [],
        "services": [],
        "detected_dbs": {
            "num": 0,
            "services": [],
            "shared_dbs": false,
            "names": []
        }
    },
    "num_files": 4,
    "num_gates": 0,
    "discos": [
        "grpc"
    ],
    "num_dockers": 2,
    "shared_dbs": false,
    "languages": [
        "javascript",
        "go"
    ],
    "name": "ilyeshammadi/gomicrostagram",
    "num_langs": 2,
    "avg_size_service": 11485.0,
    "monitors": [],
    "num_servers": 1,
    "num_services": 0,
    "dbs": [],
    "langs": [
        "javascript",
        "go"
    ],
    "dockers": [
        {
            "gates": [],
            "path": "/posts/Dockerfile",
            "langs": [],
            "dbs": [],
            "buses": [],
            "servers": [],
            "from": "alpine",
            "discos": [],
            "from_full": "alpine",
            "cmd": "",
            "monitors": [],
            "cmd_keywords": [],
            "keywords": []
        },
        {
            "gates": [],
            "path": "/auth/Dockerfile",
            "langs": [],
            "dbs": [],
            "buses": [],
            "servers": [],
            "from": "alpine",
            "discos": [],
            "from_full": "alpine",
            "cmd": "",
            "monitors": [],
            "cmd_keywords": [],
            "keywords": []
        }
    ],
    "buses": [],
    "servers": [
        "node"
    ],
    "size": 22970,
    "files": [
        {
            "gates": [],
            "path": "/frontend/package.json",
            "discos": [
                "grpc"
            ],
            "dbs": [],
            "buses": [],
            "servers": [
                "node"
            ],
            "monitors": []
        }
    ],
    "num_buses": 0,
    "num_monitors": 0,
    "url": "git://github.com/ilyeshammadi/gomicrostagram.git",
    "num_discos": 1
}