{
    "name": "imavishek/Aashayein-Microservices",
    "num_dbs": 1,
    "num_services": 13,
    "num_files": 25,
    "servers": [
        "spring"
    ],
    "url": "git://github.com/imavishek/Aashayein-Microservices.git",
    "discos": [
        "eureka"
    ],
    "structure": {
        "path": "/docker-compose.yml",
        "services": [
            {
                "name": "hystrix-dashboard",
                "image_full": "Dockerfile",
                "image": "Dockerfile",
                "servers": [],
                "depends_on": [
                    "config-server",
                    "eureka-server"
                ],
                "gates": [],
                "discos": [],
                "dbs": [],
                "buses": [],
                "monitors": []
            },
            {
                "name": "mail-service",
                "image_full": "Dockerfile",
                "image": "Dockerfile",
                "servers": [],
                "depends_on": [
                    "config-server"
                ],
                "gates": [],
                "discos": [],
                "dbs": [],
                "buses": [],
                "monitors": []
            },
            {
                "name": "title-service",
                "image_full": "Dockerfile",
                "image": "Dockerfile",
                "servers": [],
                "depends_on": [
                    "config-server"
                ],
                "gates": [],
                "discos": [],
                "dbs": [],
                "buses": [],
                "monitors": []
            },
            {
                "name": "oauth-server",
                "image_full": "Dockerfile",
                "image": "Dockerfile",
                "servers": [],
                "depends_on": [
                    "config-server"
                ],
                "gates": [],
                "discos": [],
                "dbs": [],
                "buses": [],
                "monitors": []
            },
            {
                "name": "zipkin-server",
                "image_full": "openzipkin/zipkin",
                "image": "openzipkin/zipkin",
                "servers": [],
                "depends_on": [],
                "gates": [],
                "discos": [],
                "dbs": [],
                "buses": [],
                "monitors": []
            },
            {
                "name": "rabbitmq",
                "image_full": "rabbitmq:3-management",
                "image": "rabbitmq",
                "servers": [],
                "depends_on": [],
                "gates": [],
                "discos": [],
                "dbs": [],
                "buses": [
                    "rabbitmq"
                ],
                "monitors": []
            },
            {
                "name": "config-server",
                "image_full": "Dockerfile",
                "image": "Dockerfile",
                "servers": [],
                "depends_on": [
                    "rabbitmq"
                ],
                "gates": [],
                "discos": [],
                "dbs": [],
                "buses": [],
                "monitors": []
            },
            {
                "name": "eureka-server",
                "image_full": "Dockerfile",
                "image": "Dockerfile",
                "servers": [],
                "depends_on": [
                    "config-server"
                ],
                "gates": [],
                "discos": [],
                "dbs": [],
                "buses": [],
                "monitors": []
            },
            {
                "name": "role-service",
                "image_full": "Dockerfile",
                "image": "Dockerfile",
                "servers": [],
                "depends_on": [
                    "config-server"
                ],
                "gates": [],
                "discos": [],
                "dbs": [],
                "buses": [],
                "monitors": []
            },
            {
                "name": "export-service",
                "image_full": "Dockerfile",
                "image": "Dockerfile",
                "servers": [],
                "depends_on": [
                    "config-server"
                ],
                "gates": [],
                "discos": [],
                "dbs": [],
                "buses": [],
                "monitors": []
            },
            {
                "name": "zuul-gateway",
                "image_full": "Dockerfile",
                "image": "Dockerfile",
                "servers": [],
                "depends_on": [
                    "config-server",
                    "eureka-server"
                ],
                "gates": [],
                "discos": [],
                "dbs": [],
                "buses": [],
                "monitors": []
            },
            {
                "name": "address-service",
                "image_full": "Dockerfile",
                "image": "Dockerfile",
                "servers": [],
                "depends_on": [
                    "config-server"
                ],
                "gates": [],
                "discos": [],
                "dbs": [],
                "buses": [],
                "monitors": []
            },
            {
                "name": "employee-service",
                "image_full": "Dockerfile",
                "image": "Dockerfile",
                "servers": [],
                "depends_on": [
                    "config-server"
                ],
                "gates": [],
                "discos": [],
                "dbs": [],
                "buses": [],
                "monitors": []
            }
        ],
        "detected_dbs": {
            "shared_dbs": false,
            "services": [],
            "num": 0,
            "names": []
        },
        "num_services": 13
    },
    "num_buses": 2,
    "size": 4735,
    "dockers": [
        {
            "cmd": "",
            "servers": [],
            "langs": [],
            "path": "/eureka-server/Dockerfile",
            "discos": [],
            "from": "openjdk",
            "buses": [],
            "from_full": "openjdk:8",
            "cmd_keywords": [],
            "keywords": [],
            "gates": [],
            "dbs": [],
            "monitors": []
        },
        {
            "cmd": "",
            "servers": [],
            "langs": [],
            "path": "/config-server/Dockerfile",
            "discos": [],
            "from": "openjdk",
            "buses": [],
            "from_full": "openjdk:8",
            "cmd_keywords": [],
            "keywords": [],
            "gates": [],
            "dbs": [],
            "monitors": []
        },
        {
            "cmd": "",
            "servers": [],
            "langs": [],
            "path": "/hystrix-dashboard/Dockerfile",
            "discos": [],
            "from": "openjdk",
            "buses": [],
            "from_full": "openjdk:8",
            "cmd_keywords": [],
            "keywords": [],
            "gates": [],
            "dbs": [],
            "monitors": []
        },
        {
            "cmd": "",
            "servers": [],
            "langs": [],
            "path": "/mail-service/Dockerfile",
            "discos": [],
            "from": "openjdk",
            "buses": [],
            "from_full": "openjdk:8",
            "cmd_keywords": [],
            "keywords": [],
            "gates": [],
            "dbs": [],
            "monitors": []
        },
        {
            "cmd": "",
            "servers": [],
            "langs": [],
            "path": "/title-service/Dockerfile",
            "discos": [],
            "from": "openjdk",
            "buses": [],
            "from_full": "openjdk:8",
            "cmd_keywords": [],
            "keywords": [],
            "gates": [],
            "dbs": [],
            "monitors": []
        },
        {
            "cmd": "",
            "servers": [],
            "langs": [],
            "path": "/zuul-gateway/Dockerfile",
            "discos": [],
            "from": "openjdk",
            "buses": [],
            "from_full": "openjdk:8",
            "cmd_keywords": [],
            "keywords": [],
            "gates": [],
            "dbs": [],
            "monitors": []
        },
        {
            "cmd": "",
            "servers": [],
            "langs": [],
            "path": "/export-service/Dockerfile",
            "discos": [],
            "from": "openjdk",
            "buses": [],
            "from_full": "openjdk:8",
            "cmd_keywords": [],
            "keywords": [],
            "gates": [],
            "dbs": [],
            "monitors": []
        },
        {
            "cmd": "",
            "servers": [],
            "langs": [],
            "path": "/zipkin-server/Dockerfile",
            "discos": [],
            "from": "openjdk",
            "buses": [],
            "from_full": "openjdk:8",
            "cmd_keywords": [],
            "keywords": [],
            "gates": [],
            "dbs": [],
            "monitors": []
        },
        {
            "cmd": "",
            "servers": [],
            "langs": [],
            "path": "/oauth-server/Dockerfile",
            "discos": [],
            "from": "openjdk",
            "buses": [],
            "from_full": "openjdk:8",
            "cmd_keywords": [],
            "keywords": [],
            "gates": [],
            "dbs": [],
            "monitors": []
        },
        {
            "cmd": "",
            "servers": [],
            "langs": [],
            "path": "/employee-service/Dockerfile",
            "discos": [],
            "from": "openjdk",
            "buses": [],
            "from_full": "openjdk:8",
            "cmd_keywords": [],
            "keywords": [],
            "gates": [],
            "dbs": [],
            "monitors": []
        },
        {
            "cmd": "",
            "servers": [],
            "langs": [],
            "path": "/address-service/Dockerfile",
            "discos": [],
            "from": "openjdk",
            "buses": [],
            "from_full": "openjdk:8",
            "cmd_keywords": [],
            "keywords": [],
            "gates": [],
            "dbs": [],
            "monitors": []
        },
        {
            "cmd": "",
            "servers": [],
            "langs": [],
            "path": "/role-service/Dockerfile",
            "discos": [],
            "from": "openjdk",
            "buses": [],
            "from_full": "openjdk:8",
            "cmd_keywords": [],
            "keywords": [],
            "gates": [],
            "dbs": [],
            "monitors": []
        }
    ],
    "languages": [
        "tsql",
        "java"
    ],
    "dbs": [
        "mysql"
    ],
    "monitors": [
        "turbine"
    ],
    "shared_dbs": false,
    "avg_size_service": 394.5833333333333,
    "num_monitors": 1,
    "files": [
        {
            "monitors": [],
            "servers": [
                "spring"
            ],
            "path": "/eureka-server/pom.xml",
            "discos": [
                "eureka"
            ],
            "dbs": [],
            "gates": [],
            "buses": []
        },
        {
            "monitors": [],
            "servers": [
                "spring"
            ],
            "path": "/config-server/pom.xml",
            "discos": [],
            "dbs": [],
            "gates": [],
            "buses": []
        },
        {
            "monitors": [
                "turbine"
            ],
            "servers": [
                "spring"
            ],
            "path": "/hystrix-dashboard/pom.xml",
            "discos": [
                "eureka"
            ],
            "dbs": [],
            "gates": [],
            "buses": [
                "amqp"
            ]
        },
        {
            "monitors": [],
            "servers": [
                "spring"
            ],
            "path": "/mail-service/pom.xml",
            "discos": [
                "eureka"
            ],
            "dbs": [],
            "gates": [],
            "buses": [
                "amqp"
            ]
        },
        {
            "monitors": [],
            "servers": [
                "spring"
            ],
            "path": "/title-service/pom.xml",
            "discos": [
                "eureka"
            ],
            "dbs": [
                "mysql"
            ],
            "gates": [],
            "buses": [
                "amqp"
            ]
        },
        {
            "monitors": [],
            "servers": [
                "spring"
            ],
            "path": "/zuul-gateway/pom.xml",
            "discos": [
                "eureka"
            ],
            "dbs": [],
            "gates": [
                "gateway",
                "zuul"
            ],
            "buses": [
                "amqp"
            ]
        },
        {
            "monitors": [],
            "servers": [
                "spring"
            ],
            "path": "/export-service/pom.xml",
            "discos": [
                "eureka"
            ],
            "dbs": [],
            "gates": [],
            "buses": [
                "amqp"
            ]
        },
        {
            "monitors": [],
            "servers": [
                "spring"
            ],
            "path": "/zipkin-server/pom.xml",
            "discos": [
                "eureka"
            ],
            "dbs": [],
            "gates": [],
            "buses": []
        },
        {
            "monitors": [],
            "servers": [
                "spring"
            ],
            "path": "/oauth-server/pom.xml",
            "discos": [
                "eureka"
            ],
            "dbs": [
                "mysql"
            ],
            "gates": [],
            "buses": [
                "amqp"
            ]
        },
        {
            "monitors": [],
            "servers": [
                "spring"
            ],
            "path": "/employee-service/pom.xml",
            "discos": [
                "eureka"
            ],
            "dbs": [
                "mysql"
            ],
            "gates": [],
            "buses": [
                "amqp"
            ]
        },
        {
            "monitors": [],
            "servers": [
                "spring"
            ],
            "path": "/address-service/pom.xml",
            "discos": [
                "eureka"
            ],
            "dbs": [
                "mysql"
            ],
            "gates": [],
            "buses": [
                "amqp"
            ]
        },
        {
            "monitors": [],
            "servers": [
                "spring"
            ],
            "path": "/role-service/pom.xml",
            "discos": [
                "eureka"
            ],
            "dbs": [
                "mysql"
            ],
            "gates": [],
            "buses": [
                "amqp"
            ]
        }
    ],
    "langs": [
        "java",
        "tsql"
    ],
    "num_servers": 1,
    "buses": [
        "rabbitmq",
        "amqp"
    ],
    "num_langs": 2,
    "num_gates": 1,
    "num_discos": 1,
    "images": [
        "openjdk"
    ],
    "num_dockers": 12,
    "gates": [
        "zuul"
    ]
}