{
    "dbs": [
        "mysql",
        "cassandra"
    ],
    "size": 400,
    "num_files": 6,
    "files": [
        {
            "servers": [
                "spring"
            ],
            "dbs": [],
            "path": "/service-parent/pom.xml",
            "discos": [],
            "monitors": [],
            "gates": [],
            "buses": []
        },
        {
            "servers": [
                "spring",
                "glassfish"
            ],
            "dbs": [],
            "path": "/eureka-server/pom.xml",
            "discos": [
                "eureka"
            ],
            "monitors": [],
            "gates": [],
            "buses": []
        },
        {
            "servers": [
                "spring"
            ],
            "dbs": [],
            "path": "/config-server/pom.xml",
            "discos": [],
            "monitors": [],
            "gates": [],
            "buses": []
        },
        {
            "servers": [
                "spring"
            ],
            "dbs": [
                "mysql"
            ],
            "path": "/ticket-service/pom.xml",
            "discos": [
                "eureka"
            ],
            "monitors": [],
            "gates": [],
            "buses": []
        },
        {
            "servers": [
                "spring"
            ],
            "dbs": [
                "cassandra"
            ],
            "path": "/account-service/pom.xml",
            "discos": [
                "eureka"
            ],
            "monitors": [],
            "gates": [],
            "buses": []
        }
    ],
    "monitors": [],
    "servers": [
        "spring",
        "glassfish"
    ],
    "gates": [],
    "num_dockers": 0,
    "url": "git://github.com/isakatirci/microserviceappv3.git",
    "shared_dbs": false,
    "num_gates": 0,
    "discos": [
        "eureka"
    ],
    "images": [],
    "structure": {
        "services": [
            {
                "servers": [],
                "dbs": [
                    "mysql"
                ],
                "depends_on": [],
                "name": "mysql",
                "image_full": "mysql",
                "image": "mysql",
                "discos": [],
                "monitors": [],
                "gates": [],
                "buses": []
            },
            {
                "servers": [],
                "dbs": [],
                "depends_on": [],
                "name": "elasticsearch",
                "image_full": "elasticsearch:6.8.5",
                "image": "elasticsearch",
                "discos": [],
                "monitors": [],
                "gates": [],
                "buses": []
            },
            {
                "servers": [],
                "dbs": [],
                "depends_on": [],
                "name": "msrabbitmq",
                "image_full": "rabbitmq:3-management",
                "image": "rabbitmq",
                "discos": [],
                "monitors": [],
                "gates": [],
                "buses": [
                    "rabbitmq"
                ]
            },
            {
                "servers": [],
                "dbs": [
                    "cassandra"
                ],
                "depends_on": [],
                "name": "cassandra",
                "image_full": "cassandra",
                "image": "cassandra",
                "discos": [],
                "monitors": [],
                "gates": [],
                "buses": []
            }
        ],
        "detected_dbs": {
            "names": [
                "mysql",
                "cassandra"
            ],
            "services": [
                "mysql",
                "cassandra"
            ],
            "num": 2,
            "shared_dbs": false
        },
        "num_services": 4,
        "path": "/docs/docker-compose.yml"
    },
    "langs": [
        "java"
    ],
    "languages": [
        "java"
    ],
    "num_buses": 1,
    "dockers": [],
    "buses": [
        "rabbitmq"
    ],
    "num_discos": 1,
    "num_servers": 2,
    "num_dbs": 2,
    "name": "isakatirci/microserviceappv3",
    "num_monitors": 0,
    "avg_size_service": 400.0,
    "num_services": 4,
    "num_langs": 1
}