{
    "size": 3,
    "num_dockers": 1,
    "discos": [],
    "num_files": 2,
    "avg_size_service": 3.0,
    "buses": [],
    "num_gates": 0,
    "langs": [
        "dockerfile",
        "bash"
    ],
    "num_discos": 0,
    "num_monitors": 0,
    "dockers": [
        {
            "monitors": [],
            "cmd": "/bin/bash",
            "discos": [],
            "servers": [],
            "cmd_keywords": [
                "bin",
                "bash"
            ],
            "from": "ubuntu",
            "path": "/Dockerfile",
            "keywords": [
                "pip",
                "git",
                "get",
                "python",
                "install"
            ],
            "buses": [],
            "langs": [
                "bash"
            ],
            "gates": [],
            "dbs": [],
            "from_full": "ubuntu:15.10"
        }
    ],
    "num_dbs": 0,
    "monitors": [],
    "shared_dbs": false,
    "structure": {
        "services": [],
        "detected_dbs": {
            "num": 0,
            "names": [],
            "services": [],
            "shared_dbs": false
        },
        "num_services": 0,
        "path": []
    },
    "num_buses": 0,
    "servers": [],
    "url": "git://github.com/ivanvanderbyl/tensorflow-keras-docker.git",
    "num_services": 0,
    "gates": [],
    "files": [],
    "name": "ivanvanderbyl/tensorflow-keras-docker",
    "languages": [
        "dockerfile"
    ],
    "images": [
        "ubuntu"
    ],
    "dbs": [],
    "num_servers": 0,
    "num_langs": 2
}