{
    "num_files": 9,
    "servers": [
        "node",
        "express"
    ],
    "langs": [
        "javascript",
        "dockerfile"
    ],
    "num_monitors": 0,
    "discos": [],
    "num_servers": 2,
    "images": [
        "node"
    ],
    "dbs": [],
    "dockers": [
        {
            "from_full": "node:10",
            "keywords": [
                "install",
                "npm"
            ],
            "path": "/load_balancer/Dockerfile",
            "servers": [
                "node"
            ],
            "langs": [],
            "cmd_keywords": [
                "node",
                "server"
            ],
            "cmd": "node server.js",
            "discos": [],
            "from": "node",
            "gates": [],
            "buses": [],
            "dbs": [],
            "monitors": []
        },
        {
            "from_full": "node:10",
            "keywords": [
                "install",
                "npm"
            ],
            "path": "/worker_3/Dockerfile",
            "servers": [
                "node"
            ],
            "langs": [],
            "cmd_keywords": [
                "node",
                "server"
            ],
            "cmd": "node server.js",
            "discos": [],
            "from": "node",
            "gates": [],
            "buses": [],
            "dbs": [],
            "monitors": []
        },
        {
            "from_full": "node:10",
            "keywords": [
                "install",
                "npm"
            ],
            "path": "/worker_1/Dockerfile",
            "servers": [
                "node"
            ],
            "langs": [],
            "cmd_keywords": [
                "node",
                "server"
            ],
            "cmd": "node server.js",
            "discos": [],
            "from": "node",
            "gates": [],
            "buses": [],
            "dbs": [],
            "monitors": []
        },
        {
            "from_full": "node:10",
            "keywords": [
                "install",
                "npm"
            ],
            "path": "/worker_2/Dockerfile",
            "servers": [
                "node"
            ],
            "langs": [],
            "cmd_keywords": [
                "node",
                "server"
            ],
            "cmd": "node server.js",
            "discos": [],
            "from": "node",
            "gates": [],
            "buses": [],
            "dbs": [],
            "monitors": []
        }
    ],
    "num_buses": 0,
    "buses": [],
    "num_gates": 0,
    "languages": [
        "javascript",
        "dockerfile"
    ],
    "num_langs": 2,
    "num_services": 4,
    "url": "git://github.com/jakekiernan/nodejs_loadbalancer.git",
    "num_dbs": 0,
    "num_dockers": 4,
    "avg_size_service": 15.75,
    "name": "jakekiernan/nodejs_loadbalancer",
    "files": [
        {
            "dbs": [],
            "monitors": [],
            "gates": [],
            "buses": [],
            "path": "/load_balancer/package.json",
            "servers": [
                "node",
                "express"
            ],
            "discos": []
        },
        {
            "dbs": [],
            "monitors": [],
            "gates": [],
            "buses": [],
            "path": "/worker_3/package.json",
            "servers": [
                "node",
                "express"
            ],
            "discos": []
        },
        {
            "dbs": [],
            "monitors": [],
            "gates": [],
            "buses": [],
            "path": "/worker_1/package.json",
            "servers": [
                "node",
                "express"
            ],
            "discos": []
        },
        {
            "dbs": [],
            "monitors": [],
            "gates": [],
            "buses": [],
            "path": "/worker_2/package.json",
            "servers": [
                "node",
                "express"
            ],
            "discos": []
        }
    ],
    "size": 63,
    "monitors": [],
    "gates": [],
    "shared_dbs": false,
    "structure": {
        "path": "/docker-compose.yml",
        "services": [
            {
                "image_full": "./worker_1",
                "monitors": [],
                "gates": [],
                "image": "./worker_1",
                "dbs": [],
                "servers": [],
                "buses": [],
                "name": "worker_one",
                "discos": [],
                "depends_on": []
            },
            {
                "image_full": "./load_balancer",
                "monitors": [],
                "gates": [],
                "image": "./load_balancer",
                "dbs": [],
                "servers": [],
                "buses": [],
                "name": "load_balancer",
                "discos": [],
                "depends_on": []
            },
            {
                "image_full": "./worker_2",
                "monitors": [],
                "gates": [],
                "image": "./worker_2",
                "dbs": [],
                "servers": [],
                "buses": [],
                "name": "worker_two",
                "discos": [],
                "depends_on": []
            },
            {
                "image_full": "./worker_3",
                "monitors": [],
                "gates": [],
                "image": "./worker_3",
                "dbs": [],
                "servers": [],
                "buses": [],
                "name": "worker_three",
                "discos": [],
                "depends_on": []
            }
        ],
        "detected_dbs": {
            "names": [],
            "services": [],
            "num": 0,
            "shared_dbs": false
        },
        "num_services": 4
    },
    "num_discos": 0
}