{
    "avg_size_service": 76.0,
    "num_langs": 1,
    "servers": [
        "express"
    ],
    "files": [
        {
            "path": "/package.json",
            "gates": [],
            "monitors": [],
            "discos": [],
            "dbs": [
                "mysql"
            ],
            "buses": [
                "rabbitmq"
            ],
            "servers": [
                "express"
            ]
        }
    ],
    "num_dockers": 0,
    "num_files": 2,
    "name": "jasondavindev/microservices-poc",
    "url": "git://github.com/jasondavindev/microservices-poc.git",
    "languages": [
        "javascript"
    ],
    "num_discos": 0,
    "structure": {
        "path": [],
        "num_services": 0,
        "detected_dbs": {
            "names": [],
            "num": 0,
            "shared_dbs": false,
            "services": []
        },
        "services": []
    },
    "langs": [
        "javascript"
    ],
    "dbs": [
        "mysql"
    ],
    "num_gates": 0,
    "size": 76,
    "num_dbs": 1,
    "buses": [
        "rabbitmq"
    ],
    "num_servers": 1,
    "shared_dbs": false,
    "gates": [],
    "dockers": [],
    "num_services": 0,
    "discos": [],
    "num_monitors": 0,
    "images": [],
    "num_buses": 1,
    "monitors": []
}