{
    "gates": [],
    "images": [],
    "num_dbs": 0,
    "structure": {
        "num_services": 0,
        "path": [],
        "services": [],
        "detected_dbs": {
            "num": 0,
            "services": [],
            "shared_dbs": false,
            "names": []
        }
    },
    "num_files": 2,
    "num_gates": 0,
    "discos": [],
    "num_dockers": 0,
    "shared_dbs": false,
    "languages": [],
    "name": "jayantrai/location",
    "num_langs": 0,
    "avg_size_service": 69.0,
    "monitors": [],
    "num_servers": 1,
    "num_services": 0,
    "dbs": [],
    "langs": [],
    "dockers": [],
    "buses": [],
    "servers": [
        "spring"
    ],
    "size": 69,
    "files": [
        {
            "gates": [],
            "path": "/pom.xml",
            "discos": [],
            "dbs": [],
            "buses": [],
            "servers": [
                "spring"
            ],
            "monitors": []
        }
    ],
    "num_buses": 0,
    "num_monitors": 0,
    "url": "git://github.com/jayantrai/location.git",
    "num_discos": 0
}