{
    "gates": [],
    "num_buses": 1,
    "url": "git://github.com/jaycdave88/eShopOnContainers.git",
    "images": [
        "base"
    ],
    "avg_size_service": 6217.941176470588,
    "num_langs": 3,
    "num_monitors": 0,
    "num_dockers": 34,
    "num_discos": 0,
    "num_servers": 1,
    "buses": [
        "rabbitmq"
    ],
    "discos": [],
    "dockers": [
        {
            "path": "/eShopOnContainers-TFS/src/Services/Webhooks/Webhooks.API/Dockerfile",
            "cmd_keywords": [],
            "discos": [],
            "gates": [],
            "dbs": [],
            "from": "base",
            "langs": [],
            "servers": [],
            "cmd": "",
            "from_full": "base",
            "monitors": [],
            "keywords": [
                "restore",
                "dotnet",
                "app",
                "release",
                "publish"
            ],
            "buses": []
        },
        {
            "path": "/eShopOnContainers-TFS/src/Services/Payment/Payment.API/Dockerfile",
            "cmd_keywords": [],
            "discos": [],
            "gates": [],
            "dbs": [],
            "from": "base",
            "langs": [
                "bash"
            ],
            "servers": [],
            "cmd": "",
            "from_full": "base",
            "monitors": [],
            "keywords": [
                "dotnet",
                "datadog",
                "apt",
                "restore",
                "deb"
            ],
            "buses": []
        },
        {
            "path": "/eShopOnContainers-TFS/src/Services/Marketing/Marketing.API/Dockerfile",
            "cmd_keywords": [],
            "discos": [],
            "gates": [],
            "dbs": [],
            "from": "base",
            "langs": [
                "bash"
            ],
            "servers": [],
            "cmd": "",
            "from_full": "base",
            "monitors": [],
            "keywords": [
                "dotnet",
                "datadog",
                "apt",
                "restore",
                "deb"
            ],
            "buses": []
        },
        {
            "path": "/eShopOnContainers-TFS/src/Services/Ordering/Ordering.BackgroundTasks/Dockerfile",
            "cmd_keywords": [],
            "discos": [],
            "gates": [],
            "dbs": [],
            "from": "base",
            "langs": [
                "bash"
            ],
            "servers": [],
            "cmd": "",
            "from_full": "base",
            "monitors": [],
            "keywords": [
                "dotnet",
                "datadog",
                "apt",
                "restore",
                "deb"
            ],
            "buses": []
        },
        {
            "path": "/eShopOnContainers-TFS/src/Services/Ordering/Ordering.API/Dockerfile",
            "cmd_keywords": [],
            "discos": [],
            "gates": [],
            "dbs": [],
            "from": "base",
            "langs": [
                "bash"
            ],
            "servers": [],
            "cmd": "",
            "from_full": "base",
            "monitors": [],
            "keywords": [
                "dotnet",
                "datadog",
                "apt",
                "restore",
                "deb"
            ],
            "buses": []
        },
        {
            "path": "/eShopOnContainers-TFS/src/Services/Ordering/Ordering.SignalrHub/Dockerfile",
            "cmd_keywords": [],
            "discos": [],
            "gates": [],
            "dbs": [],
            "from": "base",
            "langs": [],
            "servers": [],
            "cmd": "",
            "from_full": "base",
            "monitors": [],
            "keywords": [
                "restore",
                "dotnet",
                "app",
                "release",
                "publish"
            ],
            "buses": []
        },
        {
            "path": "/eShopOnContainers-TFS/src/Services/Location/Locations.API/Dockerfile",
            "cmd_keywords": [],
            "discos": [],
            "gates": [],
            "dbs": [],
            "from": "base",
            "langs": [
                "bash"
            ],
            "servers": [],
            "cmd": "",
            "from_full": "base",
            "monitors": [],
            "keywords": [
                "dotnet",
                "datadog",
                "apt",
                "restore",
                "deb"
            ],
            "buses": []
        },
        {
            "path": "/eShopOnContainers-TFS/src/Services/Basket/Basket.API/Dockerfile",
            "cmd_keywords": [],
            "discos": [],
            "gates": [],
            "dbs": [],
            "from": "base",
            "langs": [
                "bash"
            ],
            "servers": [],
            "cmd": "",
            "from_full": "base",
            "monitors": [],
            "keywords": [
                "dotnet",
                "datadog",
                "apt",
                "restore",
                "deb"
            ],
            "buses": []
        },
        {
            "path": "/eShopOnContainers-TFS/src/Services/Identity/Identity.API/Dockerfile",
            "cmd_keywords": [],
            "discos": [],
            "gates": [],
            "dbs": [],
            "from": "base",
            "langs": [],
            "servers": [],
            "cmd": "",
            "from_full": "base",
            "monitors": [],
            "keywords": [
                "dotnet",
                "datadog",
                "restore",
                "deb",
                "apm"
            ],
            "buses": []
        },
        {
            "path": "/eShopOnContainers-TFS/src/Services/Catalog/Catalog.API/Dockerfile",
            "cmd_keywords": [],
            "discos": [],
            "gates": [],
            "dbs": [],
            "from": "base",
            "langs": [
                "bash"
            ],
            "servers": [],
            "cmd": "",
            "from_full": "base",
            "monitors": [],
            "keywords": [
                "dotnet",
                "datadog",
                "apt",
                "restore",
                "deb"
            ],
            "buses": []
        },
        {
            "path": "/eShopOnContainers-TFS/src/ApiGateways/Mobile.Bff.Shopping/aggregator/Dockerfile",
            "cmd_keywords": [],
            "discos": [],
            "gates": [],
            "dbs": [],
            "from": "base",
            "langs": [],
            "servers": [],
            "cmd": "",
            "from_full": "base",
            "monitors": [],
            "keywords": [
                "restore",
                "dotnet",
                "app",
                "release",
                "publish"
            ],
            "buses": []
        },
        {
            "path": "/eShopOnContainers-TFS/src/ApiGateways/ApiGw-Base/Dockerfile",
            "cmd_keywords": [],
            "discos": [],
            "gates": [],
            "dbs": [],
            "from": "base",
            "langs": [
                "bash"
            ],
            "servers": [],
            "cmd": "",
            "from_full": "base",
            "monitors": [],
            "keywords": [
                "dotnet",
                "datadog",
                "apt",
                "restore",
                "deb"
            ],
            "buses": []
        },
        {
            "path": "/eShopOnContainers-TFS/src/ApiGateways/Web.Bff.Shopping/aggregator/Dockerfile",
            "cmd_keywords": [],
            "discos": [],
            "gates": [],
            "dbs": [],
            "from": "base",
            "langs": [
                "bash"
            ],
            "servers": [],
            "cmd": "",
            "from_full": "base",
            "monitors": [],
            "keywords": [
                "dotnet",
                "datadog",
                "apt",
                "restore",
                "deb"
            ],
            "buses": []
        },
        {
            "path": "/eShopOnContainers-TFS/src/Web/WebhookClient/Dockerfile",
            "cmd_keywords": [],
            "discos": [],
            "gates": [],
            "dbs": [],
            "from": "base",
            "langs": [],
            "servers": [],
            "cmd": "",
            "from_full": "base",
            "monitors": [],
            "keywords": [
                "restore",
                "dotnet",
                "app",
                "release",
                "publish"
            ],
            "buses": []
        },
        {
            "path": "/eShopOnContainers-TFS/src/Web/WebMVC/Dockerfile",
            "cmd_keywords": [],
            "discos": [],
            "gates": [],
            "dbs": [],
            "from": "base",
            "langs": [
                "bash"
            ],
            "servers": [],
            "cmd": "",
            "from_full": "base",
            "monitors": [],
            "keywords": [
                "dotnet",
                "datadog",
                "apt",
                "restore",
                "deb"
            ],
            "buses": []
        },
        {
            "path": "/eShopOnContainers-TFS/src/Web/WebStatus/Dockerfile",
            "cmd_keywords": [],
            "discos": [],
            "gates": [],
            "dbs": [],
            "from": "base",
            "langs": [
                "bash"
            ],
            "servers": [],
            "cmd": "",
            "from_full": "base",
            "monitors": [],
            "keywords": [
                "dotnet",
                "datadog",
                "apt",
                "restore",
                "deb"
            ],
            "buses": []
        },
        {
            "path": "/eShopOnContainers-TFS/src/Web/WebSPA/Dockerfile",
            "keywords": [
                "dotnet",
                "datadog",
                "install",
                "apt",
                "restore"
            ],
            "discos": [],
            "gates": [],
            "dbs": [],
            "from": "base",
            "langs": [
                "bash"
            ],
            "servers": [],
            "cmd": "",
            "from_full": "base",
            "monitors": [],
            "cmd_keywords": [],
            "buses": []
        },
        {
            "path": "/src/Services/Webhooks/Webhooks.API/Dockerfile",
            "cmd_keywords": [],
            "discos": [],
            "gates": [],
            "dbs": [],
            "from": "base",
            "langs": [],
            "servers": [],
            "cmd": "",
            "from_full": "base",
            "monitors": [],
            "keywords": [
                "restore",
                "dotnet",
                "app",
                "release",
                "publish"
            ],
            "buses": []
        },
        {
            "path": "/src/Services/Payment/Payment.API/Dockerfile",
            "cmd_keywords": [],
            "discos": [],
            "gates": [],
            "dbs": [],
            "from": "base",
            "langs": [
                "bash"
            ],
            "servers": [],
            "cmd": "",
            "from_full": "base",
            "monitors": [],
            "keywords": [
                "dotnet",
                "datadog",
                "apt",
                "restore",
                "deb"
            ],
            "buses": []
        },
        {
            "path": "/src/Services/Marketing/Marketing.API/Dockerfile",
            "cmd_keywords": [],
            "discos": [],
            "gates": [],
            "dbs": [],
            "from": "base",
            "langs": [
                "bash"
            ],
            "servers": [],
            "cmd": "",
            "from_full": "base",
            "monitors": [],
            "keywords": [
                "dotnet",
                "datadog",
                "apt",
                "restore",
                "deb"
            ],
            "buses": []
        },
        {
            "path": "/src/Services/Ordering/Ordering.BackgroundTasks/Dockerfile",
            "cmd_keywords": [],
            "discos": [],
            "gates": [],
            "dbs": [],
            "from": "base",
            "langs": [
                "bash"
            ],
            "servers": [],
            "cmd": "",
            "from_full": "base",
            "monitors": [],
            "keywords": [
                "dotnet",
                "datadog",
                "apt",
                "restore",
                "deb"
            ],
            "buses": []
        },
        {
            "path": "/src/Services/Ordering/Ordering.API/Dockerfile",
            "cmd_keywords": [],
            "discos": [],
            "gates": [],
            "dbs": [],
            "from": "base",
            "langs": [
                "bash"
            ],
            "servers": [],
            "cmd": "",
            "from_full": "base",
            "monitors": [],
            "keywords": [
                "dotnet",
                "datadog",
                "apt",
                "restore",
                "deb"
            ],
            "buses": []
        },
        {
            "path": "/src/Services/Ordering/Ordering.SignalrHub/Dockerfile",
            "cmd_keywords": [],
            "discos": [],
            "gates": [],
            "dbs": [],
            "from": "base",
            "langs": [],
            "servers": [],
            "cmd": "",
            "from_full": "base",
            "monitors": [],
            "keywords": [
                "restore",
                "dotnet",
                "app",
                "release",
                "publish"
            ],
            "buses": []
        },
        {
            "path": "/src/Services/Location/Locations.API/Dockerfile",
            "cmd_keywords": [],
            "discos": [],
            "gates": [],
            "dbs": [],
            "from": "base",
            "langs": [
                "bash"
            ],
            "servers": [],
            "cmd": "",
            "from_full": "base",
            "monitors": [],
            "keywords": [
                "dotnet",
                "datadog",
                "apt",
                "restore",
                "deb"
            ],
            "buses": []
        },
        {
            "path": "/src/Services/Basket/Basket.API/Dockerfile",
            "cmd_keywords": [],
            "discos": [],
            "gates": [],
            "dbs": [],
            "from": "base",
            "langs": [
                "bash"
            ],
            "servers": [],
            "cmd": "",
            "from_full": "base",
            "monitors": [],
            "keywords": [
                "dotnet",
                "datadog",
                "apt",
                "restore",
                "deb"
            ],
            "buses": []
        },
        {
            "path": "/src/Services/Identity/Identity.API/Dockerfile",
            "cmd_keywords": [],
            "discos": [],
            "gates": [],
            "dbs": [],
            "from": "base",
            "langs": [],
            "servers": [],
            "cmd": "",
            "from_full": "base",
            "monitors": [],
            "keywords": [
                "dotnet",
                "datadog",
                "restore",
                "deb",
                "apm"
            ],
            "buses": []
        },
        {
            "path": "/src/Services/Catalog/Catalog.API/Dockerfile",
            "cmd_keywords": [],
            "discos": [],
            "gates": [],
            "dbs": [],
            "from": "base",
            "langs": [
                "bash"
            ],
            "servers": [],
            "cmd": "",
            "from_full": "base",
            "monitors": [],
            "keywords": [
                "dotnet",
                "datadog",
                "apt",
                "restore",
                "deb"
            ],
            "buses": []
        },
        {
            "path": "/src/ApiGateways/Mobile.Bff.Shopping/aggregator/Dockerfile",
            "cmd_keywords": [],
            "discos": [],
            "gates": [],
            "dbs": [],
            "from": "base",
            "langs": [],
            "servers": [],
            "cmd": "",
            "from_full": "base",
            "monitors": [],
            "keywords": [
                "restore",
                "dotnet",
                "app",
                "release",
                "publish"
            ],
            "buses": []
        },
        {
            "path": "/src/ApiGateways/ApiGw-Base/Dockerfile",
            "cmd_keywords": [],
            "discos": [],
            "gates": [],
            "dbs": [],
            "from": "base",
            "langs": [
                "bash"
            ],
            "servers": [],
            "cmd": "",
            "from_full": "base",
            "monitors": [],
            "keywords": [
                "dotnet",
                "datadog",
                "apt",
                "restore",
                "deb"
            ],
            "buses": []
        },
        {
            "path": "/src/ApiGateways/Web.Bff.Shopping/aggregator/Dockerfile",
            "cmd_keywords": [],
            "discos": [],
            "gates": [],
            "dbs": [],
            "from": "base",
            "langs": [
                "bash"
            ],
            "servers": [],
            "cmd": "",
            "from_full": "base",
            "monitors": [],
            "keywords": [
                "dotnet",
                "datadog",
                "apt",
                "restore",
                "deb"
            ],
            "buses": []
        },
        {
            "path": "/src/Web/WebhookClient/Dockerfile",
            "cmd_keywords": [],
            "discos": [],
            "gates": [],
            "dbs": [],
            "from": "base",
            "langs": [],
            "servers": [],
            "cmd": "",
            "from_full": "base",
            "monitors": [],
            "keywords": [
                "restore",
                "dotnet",
                "app",
                "release",
                "publish"
            ],
            "buses": []
        },
        {
            "path": "/src/Web/WebMVC/Dockerfile",
            "cmd_keywords": [],
            "discos": [],
            "gates": [],
            "dbs": [],
            "from": "base",
            "langs": [
                "bash"
            ],
            "servers": [],
            "cmd": "",
            "from_full": "base",
            "monitors": [],
            "keywords": [
                "dotnet",
                "datadog",
                "apt",
                "restore",
                "deb"
            ],
            "buses": []
        },
        {
            "path": "/src/Web/WebStatus/Dockerfile",
            "cmd_keywords": [],
            "discos": [],
            "gates": [],
            "dbs": [],
            "from": "base",
            "langs": [
                "bash"
            ],
            "servers": [],
            "cmd": "",
            "from_full": "base",
            "monitors": [],
            "keywords": [
                "dotnet",
                "datadog",
                "apt",
                "restore",
                "deb"
            ],
            "buses": []
        },
        {
            "path": "/src/Web/WebSPA/Dockerfile",
            "keywords": [
                "dotnet",
                "datadog",
                "install",
                "apt",
                "restore"
            ],
            "discos": [],
            "gates": [],
            "dbs": [],
            "from": "base",
            "langs": [
                "bash"
            ],
            "servers": [],
            "cmd": "",
            "from_full": "base",
            "monitors": [],
            "cmd_keywords": [],
            "buses": []
        }
    ],
    "size": 211410,
    "name": "jaycdave88/eShopOnContainers",
    "num_services": 26,
    "dbs": [
        "redis",
        "mongo"
    ],
    "shared_dbs": true,
    "langs": [
        "c#",
        "bash",
        "javascript"
    ],
    "languages": [
        "c#",
        "javascript"
    ],
    "servers": [
        "node"
    ],
    "num_files": 37,
    "monitors": [],
    "num_dbs": 2,
    "num_gates": 0,
    "files": [
        {
            "path": "/eShopOnContainers-TFS/src/Web/WebSPA/package.json",
            "servers": [
                "node"
            ],
            "discos": [],
            "monitors": [],
            "gates": [],
            "dbs": [],
            "buses": []
        },
        {
            "path": "/src/Web/WebSPA/package.json",
            "servers": [
                "node"
            ],
            "discos": [],
            "monitors": [],
            "gates": [],
            "dbs": [],
            "buses": []
        }
    ],
    "structure": {
        "path": "/docker-compose.yml",
        "num_services": 26,
        "detected_dbs": {
            "services": [
                "basket.data",
                "nosql.data"
            ],
            "num": 2,
            "names": [
                "redis",
                "mongo"
            ],
            "shared_dbs": true
        },
        "services": [
            {
                "discos": [],
                "monitors": [],
                "depends_on": [
                    "nosql.data",
                    "sql.data",
                    "identity.api",
                    "rabbitmq",
                    "ordering.api",
                    "marketing.api",
                    "catalog.api",
                    "basket.api",
                    "ddagent"
                ],
                "servers": [],
                "image_full": "${REGISTRY:-eshop}/webshoppingagg:${PLATFORM:-linux}-${TAG:-latest}",
                "name": "webshoppingagg",
                "gates": [],
                "image": "${REGISTRY",
                "dbs": [],
                "buses": []
            },
            {
                "discos": [],
                "monitors": [],
                "depends_on": [],
                "servers": [],
                "image_full": "datadog/agent:latest",
                "name": "ddagent",
                "gates": [],
                "image": "datadog/agent",
                "dbs": [],
                "buses": []
            },
            {
                "discos": [],
                "monitors": [],
                "depends_on": [],
                "servers": [],
                "image_full": "datalust/seq:latest",
                "name": "seq",
                "gates": [],
                "image": "datalust/seq",
                "dbs": [],
                "buses": []
            },
            {
                "discos": [],
                "monitors": [],
                "depends_on": [
                    "basket.data",
                    "identity.api",
                    "rabbitmq",
                    "ddagent"
                ],
                "servers": [],
                "image_full": "${REGISTRY:-eshop}/basket.api:${PLATFORM:-linux}-${TAG:-latest}",
                "name": "basket.api",
                "gates": [],
                "image": "${REGISTRY",
                "dbs": [],
                "buses": []
            },
            {
                "discos": [],
                "monitors": [],
                "depends_on": [
                    "nosql.data",
                    "sql.data",
                    "identity.api",
                    "rabbitmq",
                    "ordering.api",
                    "marketing.api",
                    "catalog.api",
                    "basket.api",
                    "ddagent"
                ],
                "servers": [],
                "image_full": "${REGISTRY:-eshop}/ocelotapigw:${PLATFORM:-linux}-${TAG:-latest}",
                "name": "mobilemarketingapigw",
                "gates": [],
                "image": "${REGISTRY",
                "dbs": [],
                "buses": []
            },
            {
                "discos": [],
                "monitors": [],
                "depends_on": [
                    "nosql.data",
                    "sql.data",
                    "identity.api",
                    "rabbitmq",
                    "ordering.api",
                    "marketing.api",
                    "catalog.api",
                    "basket.api",
                    "ddagent"
                ],
                "servers": [],
                "image_full": "${REGISTRY:-eshop}/ocelotapigw:${PLATFORM:-linux}-${TAG:-latest}",
                "name": "webshoppingapigw",
                "gates": [],
                "image": "${REGISTRY",
                "dbs": [],
                "buses": []
            },
            {
                "discos": [],
                "monitors": [],
                "depends_on": [
                    "rabbitmq",
                    "ddagent"
                ],
                "servers": [],
                "image_full": "${REGISTRY:-eshop}/payment.api:${PLATFORM:-linux}-${TAG:-latest}",
                "name": "payment.api",
                "gates": [],
                "image": "${REGISTRY",
                "dbs": [],
                "buses": []
            },
            {
                "discos": [],
                "monitors": [],
                "depends_on": [
                    "ddagent"
                ],
                "servers": [],
                "image_full": "${REGISTRY:-eshop}/webspa:${PLATFORM:-linux}-${TAG:-latest}",
                "name": "webspa",
                "gates": [],
                "image": "${REGISTRY",
                "dbs": [],
                "buses": []
            },
            {
                "discos": [],
                "monitors": [],
                "depends_on": [
                    "nosql.data",
                    "sql.data",
                    "identity.api",
                    "rabbitmq",
                    "ordering.api",
                    "marketing.api",
                    "catalog.api",
                    "basket.api",
                    "ddagent"
                ],
                "servers": [],
                "image_full": "${REGISTRY:-eshop}/mobileshoppingagg:${PLATFORM:-linux}-${TAG:-latest}",
                "name": "mobileshoppingagg",
                "gates": [],
                "image": "${REGISTRY",
                "dbs": [],
                "buses": []
            },
            {
                "discos": [],
                "monitors": [],
                "depends_on": [
                    "sql.data",
                    "nosql.data",
                    "identity.api",
                    "rabbitmq",
                    "ddagent"
                ],
                "servers": [],
                "image_full": "${REGISTRY:-eshop}/marketing.api:${PLATFORM:-linux}-${TAG:-latest}",
                "name": "marketing.api",
                "gates": [],
                "image": "${REGISTRY",
                "dbs": [],
                "buses": []
            },
            {
                "discos": [],
                "monitors": [],
                "depends_on": [
                    "webshoppingagg",
                    "webshoppingapigw",
                    "webmarketingapigw",
                    "ddagent"
                ],
                "servers": [],
                "image_full": "${REGISTRY:-eshop}/webmvc:${PLATFORM:-linux}-${TAG:-latest}",
                "name": "webmvc",
                "gates": [],
                "image": "${REGISTRY",
                "dbs": [],
                "buses": []
            },
            {
                "discos": [],
                "monitors": [],
                "depends_on": [],
                "servers": [],
                "image_full": "redis:alpine",
                "name": "basket.data",
                "gates": [],
                "image": "redis",
                "dbs": [
                    "redis"
                ],
                "buses": []
            },
            {
                "discos": [],
                "monitors": [],
                "depends_on": [
                    "webhooks.api",
                    "ddagent"
                ],
                "servers": [],
                "image_full": "${REGISTRY:-eshop}/webhooks.client:${PLATFORM:-linux}-${TAG:-latest}",
                "name": "webhooks.client",
                "gates": [],
                "image": "${REGISTRY",
                "dbs": [],
                "buses": []
            },
            {
                "discos": [],
                "monitors": [],
                "depends_on": [
                    "nosql.data",
                    "sql.data",
                    "identity.api",
                    "rabbitmq",
                    "ordering.api",
                    "marketing.api",
                    "catalog.api",
                    "basket.api",
                    "ddagent"
                ],
                "servers": [],
                "image_full": "${REGISTRY:-eshop}/ordering.signalrhub:${PLATFORM:-linux}-${TAG:-latest}",
                "name": "ordering.signalrhub",
                "gates": [],
                "image": "${REGISTRY",
                "dbs": [],
                "buses": []
            },
            {
                "discos": [],
                "monitors": [],
                "depends_on": [
                    "nosql.data",
                    "rabbitmq",
                    "ddagent"
                ],
                "servers": [],
                "image_full": "${REGISTRY:-eshop}/locations.api:${PLATFORM:-linux}-${TAG:-latest}",
                "name": "locations.api",
                "gates": [],
                "image": "${REGISTRY",
                "dbs": [],
                "buses": []
            },
            {
                "discos": [],
                "monitors": [],
                "depends_on": [],
                "servers": [],
                "image_full": "mcr.microsoft.com/mssql/server:2017-latest",
                "name": "sql.data",
                "gates": [],
                "image": "mcr.microsoft.com/mssql/server",
                "dbs": [],
                "buses": []
            },
            {
                "discos": [],
                "monitors": [],
                "depends_on": [
                    "nosql.data",
                    "sql.data",
                    "identity.api",
                    "rabbitmq",
                    "ordering.api",
                    "marketing.api",
                    "catalog.api",
                    "basket.api",
                    "ddagent"
                ],
                "servers": [],
                "image_full": "${REGISTRY:-eshop}/ocelotapigw:${PLATFORM:-linux}-${TAG:-latest}",
                "name": "mobileshoppingapigw",
                "gates": [],
                "image": "${REGISTRY",
                "dbs": [],
                "buses": []
            },
            {
                "discos": [],
                "monitors": [],
                "depends_on": [
                    "sql.data",
                    "rabbitmq",
                    "ddagent"
                ],
                "servers": [],
                "image_full": "${REGISTRY:-eshop}/ordering.backgroundtasks:${PLATFORM:-linux}-${TAG:-latest}",
                "name": "ordering.backgroundtasks",
                "gates": [],
                "image": "${REGISTRY",
                "dbs": [],
                "buses": []
            },
            {
                "discos": [],
                "monitors": [],
                "depends_on": [],
                "servers": [],
                "image_full": "rabbitmq:3-management-alpine",
                "name": "rabbitmq",
                "gates": [],
                "image": "rabbitmq",
                "dbs": [],
                "buses": [
                    "rabbitmq"
                ]
            },
            {
                "discos": [],
                "monitors": [],
                "depends_on": [
                    "nosql.data",
                    "sql.data",
                    "identity.api",
                    "rabbitmq",
                    "ordering.api",
                    "marketing.api",
                    "catalog.api",
                    "basket.api",
                    "ddagent"
                ],
                "servers": [],
                "image_full": "${REGISTRY:-eshop}/ocelotapigw:${PLATFORM:-linux}-${TAG:-latest}",
                "name": "webmarketingapigw",
                "gates": [],
                "image": "${REGISTRY",
                "dbs": [],
                "buses": []
            },
            {
                "discos": [],
                "monitors": [],
                "depends_on": [],
                "servers": [],
                "image_full": "mongo",
                "name": "nosql.data",
                "gates": [],
                "image": "mongo",
                "dbs": [
                    "mongo"
                ],
                "buses": []
            },
            {
                "discos": [],
                "monitors": [],
                "depends_on": [
                    "sql.data",
                    "ddagent"
                ],
                "servers": [],
                "image_full": "${REGISTRY:-eshop}/identity.api:${PLATFORM:-linux}-${TAG:-latest}",
                "name": "identity.api",
                "gates": [],
                "image": "${REGISTRY",
                "dbs": [],
                "buses": []
            },
            {
                "discos": [],
                "monitors": [],
                "depends_on": [
                    "sql.data",
                    "rabbitmq",
                    "ddagent"
                ],
                "servers": [],
                "image_full": "${REGISTRY:-eshop}/ordering.api:${PLATFORM:-linux}-${TAG:-latest}",
                "name": "ordering.api",
                "gates": [],
                "image": "${REGISTRY",
                "dbs": [],
                "buses": []
            },
            {
                "discos": [],
                "monitors": [],
                "depends_on": [],
                "servers": [],
                "image_full": "${REGISTRY:-eshop}/webstatus:${PLATFORM:-linux}-${TAG:-latest}",
                "name": "webstatus",
                "gates": [],
                "image": "${REGISTRY",
                "dbs": [],
                "buses": []
            },
            {
                "discos": [],
                "monitors": [],
                "depends_on": [
                    "sql.data",
                    "rabbitmq",
                    "ddagent"
                ],
                "servers": [],
                "image_full": "${REGISTRY:-eshop}/catalog.api:${PLATFORM:-linux}-${TAG:-latest}",
                "name": "catalog.api",
                "gates": [],
                "image": "${REGISTRY",
                "dbs": [],
                "buses": []
            },
            {
                "discos": [],
                "monitors": [],
                "depends_on": [
                    "sql.data",
                    "ddagent"
                ],
                "servers": [],
                "image_full": "${REGISTRY:-eshop}/webhooks.api:${PLATFORM:-linux}-${TAG:-latest}",
                "name": "webhooks.api",
                "gates": [],
                "image": "${REGISTRY",
                "dbs": [],
                "buses": []
            }
        ]
    }
}