{
    "languages": [
        "php",
        "python"
    ],
    "dockers": [
        {
            "buses": [],
            "from_full": "python:3.4-onbuild",
            "keywords": [],
            "from": "python",
            "dbs": [],
            "cmd": "python api.py",
            "path": "/product/Dockerfile",
            "servers": [],
            "langs": [
                "python"
            ],
            "monitors": [],
            "gates": [],
            "discos": [],
            "cmd_keywords": [
                "python",
                "api"
            ]
        }
    ],
    "num_dockers": 1,
    "url": "git://github.com/jaygehlot/docker-compose.git",
    "structure": {
        "path": "/docker-compose.yml",
        "num_services": 2,
        "detected_dbs": {
            "num": 0,
            "shared_dbs": false,
            "names": [],
            "services": []
        },
        "services": [
            {
                "buses": [],
                "depends_on": [
                    "product-service"
                ],
                "dbs": [],
                "name": "website",
                "servers": [],
                "image_full": "php:apache",
                "monitors": [],
                "gates": [],
                "discos": [],
                "image": "php"
            },
            {
                "buses": [],
                "depends_on": [],
                "dbs": [],
                "name": "product-service",
                "servers": [],
                "image_full": "./product",
                "monitors": [],
                "gates": [],
                "discos": [],
                "image": "./product"
            }
        ]
    },
    "num_files": 3,
    "dbs": [],
    "images": [
        "python"
    ],
    "num_dbs": 0,
    "langs": [
        "php",
        "python"
    ],
    "servers": [
        "flask"
    ],
    "num_monitors": 0,
    "gates": [],
    "discos": [],
    "num_discos": 0,
    "files": [
        {
            "path": "/product/requirements.txt",
            "dbs": [],
            "buses": [],
            "servers": [
                "flask"
            ],
            "monitors": [],
            "gates": [],
            "discos": []
        }
    ],
    "buses": [],
    "num_services": 2,
    "num_gates": 0,
    "avg_size_service": 2.0,
    "shared_dbs": false,
    "size": 2,
    "name": "jaygehlot/docker-compose",
    "num_buses": 0,
    "monitors": [],
    "num_servers": 1,
    "num_langs": 2
}