{
    "name": "jessegoodier/NGINX-Core-Controller-Workshop",
    "num_dbs": 1,
    "num_services": 0,
    "num_files": 3,
    "servers": [],
    "url": "git://github.com/jessegoodier/NGINX-Core-Controller-Workshop.git",
    "discos": [],
    "structure": {
        "path": [],
        "services": [],
        "detected_dbs": {
            "shared_dbs": false,
            "services": [],
            "num": 0,
            "names": []
        },
        "num_services": 0
    },
    "num_buses": 0,
    "size": 4863,
    "dockers": [
        {
            "cmd": "",
            "servers": [],
            "langs": [
                "sql"
            ],
            "path": "/ergast-f1-api/ergastdb/Dockerfile",
            "discos": [],
            "from": "mysql",
            "buses": [],
            "from_full": "mysql:5.6",
            "cmd_keywords": [],
            "keywords": [
                "apt",
                "get",
                "wget",
                "entrypoint",
                "address"
            ],
            "gates": [],
            "dbs": [
                "mysql"
            ],
            "monitors": []
        },
        {
            "cmd": "",
            "servers": [],
            "langs": [
                "php"
            ],
            "path": "/ergast-f1-api/lamp/Dockerfile",
            "discos": [],
            "from": "nimmis/apache-php5",
            "buses": [],
            "from_full": "nimmis/apache-php5",
            "cmd_keywords": [],
            "keywords": [
                "directory",
                "apache",
                "allowoverride",
                "rewrite",
                "all"
            ],
            "gates": [],
            "dbs": [],
            "monitors": []
        }
    ],
    "languages": [
        "php"
    ],
    "dbs": [
        "mysql"
    ],
    "monitors": [],
    "shared_dbs": false,
    "avg_size_service": 2431.5,
    "num_monitors": 0,
    "files": [],
    "langs": [
        "sql",
        "php"
    ],
    "num_servers": 0,
    "buses": [],
    "num_langs": 2,
    "num_gates": 0,
    "num_discos": 0,
    "images": [
        "nimmis/apache-php5",
        "mysql"
    ],
    "num_dockers": 2,
    "gates": []
}