{
    "discos": [],
    "avg_size_service": 2989.8571428571427,
    "buses": [],
    "num_gates": 1,
    "name": "jgautheron/dockerfiles",
    "structure": {
        "path": [],
        "services": [],
        "detected_dbs": {
            "names": [],
            "num": 0,
            "shared_dbs": false,
            "services": []
        },
        "num_services": 0
    },
    "dbs": [
        "redis",
        "memcached"
    ],
    "dockers": [
        {
            "langs": [],
            "cmd_keywords": [],
            "from_full": "diegomarangoni/hhvm-composer",
            "buses": [],
            "monitors": [],
            "from": "diegomarangoni/hhvm-composer",
            "keywords": [
                "git",
                "github",
                "com",
                "insteadof",
                "global"
            ],
            "gates": [],
            "path": "/composer/Dockerfile",
            "dbs": [],
            "discos": [],
            "cmd": "",
            "servers": []
        },
        {
            "langs": [],
            "cmd_keywords": [
                "run"
            ],
            "from_full": "ubuntu:trusty",
            "buses": [],
            "monitors": [],
            "from": "ubuntu",
            "keywords": [
                "apt",
                "get",
                "keyserver",
                "install",
                "redis"
            ],
            "gates": [],
            "path": "/redis/Dockerfile",
            "dbs": [
                "redis"
            ],
            "discos": [],
            "cmd": "/run.sh",
            "servers": []
        },
        {
            "langs": [
                "php"
            ],
            "cmd_keywords": [
                "init",
                "sbin"
            ],
            "from_full": "phusion/baseimage:0.9.16",
            "buses": [],
            "monitors": [],
            "from": "phusion/baseimage",
            "keywords": [
                "apt",
                "get",
                "install",
                "hhvm",
                "yqq"
            ],
            "gates": [],
            "path": "/hhvm/Dockerfile",
            "dbs": [],
            "discos": [],
            "cmd": "/sbin/my_init",
            "servers": []
        },
        {
            "langs": [
                "lua"
            ],
            "cmd_keywords": [
                "nginx"
            ],
            "from_full": "debian:jessie",
            "buses": [],
            "monitors": [],
            "from": "debian",
            "keywords": [
                "http",
                "module",
                "without",
                "nginx",
                "with"
            ],
            "gates": [
                "nginx"
            ],
            "path": "/openresty/Dockerfile",
            "dbs": [
                "memcached"
            ],
            "discos": [],
            "cmd": "nginx",
            "servers": []
        },
        {
            "langs": [
                "golang"
            ],
            "cmd_keywords": [
                "subl",
                "home",
                "sublime",
                "text",
                "gosu"
            ],
            "from_full": "debian:jessie",
            "buses": [],
            "monitors": [],
            "from": "debian",
            "keywords": [
                "subl",
                "gosu",
                "bin",
                "usr",
                "wget"
            ],
            "gates": [],
            "path": "/sublime-text-go/Dockerfile",
            "dbs": [],
            "discos": [],
            "cmd": "gosu subl /home/subl/bin/subl/sublime_text -w",
            "servers": []
        },
        {
            "langs": [],
            "cmd_keywords": [],
            "from_full": "alpine:3.2",
            "buses": [],
            "monitors": [],
            "from": "alpine",
            "keywords": [
                "wget",
                "phpstorm",
                "apk",
                "tar",
                "usr"
            ],
            "gates": [],
            "path": "/phpstorm/Dockerfile",
            "dbs": [],
            "discos": [],
            "cmd": "",
            "servers": []
        },
        {
            "langs": [
                "bash"
            ],
            "cmd_keywords": [
                "bash"
            ],
            "from_full": "jess/wine",
            "buses": [],
            "monitors": [],
            "from": "jess/wine",
            "keywords": [
                "winetricks",
                "usr",
                "bin",
                "wget",
                "install"
            ],
            "gates": [],
            "path": "/photoshop/Dockerfile",
            "dbs": [],
            "discos": [],
            "cmd": "bash",
            "servers": []
        }
    ],
    "gates": [
        "nginx"
    ],
    "size": 20929,
    "num_monitors": 0,
    "images": [
        "alpine",
        "jess/wine",
        "diegomarangoni/hhvm-composer",
        "phusion/baseimage",
        "debian",
        "ubuntu"
    ],
    "num_buses": 0,
    "num_services": 0,
    "servers": [],
    "shared_dbs": false,
    "monitors": [],
    "num_discos": 0,
    "languages": [
        "go",
        "python"
    ],
    "url": "git://github.com/jgautheron/dockerfiles.git",
    "langs": [
        "golang",
        "bash",
        "python",
        "php",
        "lua",
        "go"
    ],
    "num_dbs": 2,
    "num_servers": 0,
    "num_langs": 6,
    "files": [],
    "num_dockers": 7,
    "num_files": 8
}