{
    "size": 172,
    "num_dockers": 1,
    "discos": [],
    "num_files": 2,
    "avg_size_service": 172.0,
    "buses": [],
    "num_gates": 0,
    "langs": [
        "go"
    ],
    "num_discos": 0,
    "num_monitors": 0,
    "dockers": [
        {
            "monitors": [],
            "cmd": "",
            "discos": [],
            "servers": [],
            "cmd_keywords": [],
            "from": "alpine",
            "path": "/Dockerfile",
            "keywords": [
                "finder",
                "mod",
                "cmd",
                "enabled",
                "amd"
            ],
            "buses": [],
            "langs": [],
            "gates": [],
            "dbs": [],
            "from_full": "alpine:3.9"
        }
    ],
    "num_dbs": 0,
    "monitors": [],
    "shared_dbs": false,
    "structure": {
        "services": [
            {
                "monitors": [],
                "buses": [],
                "image": "swaggerapi/swagger-ui",
                "image_full": "swaggerapi/swagger-ui",
                "discos": [],
                "name": "swagger",
                "depends_on": [],
                "dbs": [],
                "servers": [],
                "gates": []
            },
            {
                "monitors": [],
                "buses": [],
                "image": "johandry/finder2d",
                "image_full": "johandry/finder2d",
                "discos": [],
                "name": "finder2d",
                "depends_on": [],
                "dbs": [],
                "servers": [],
                "gates": []
            }
        ],
        "detected_dbs": {
            "num": 0,
            "names": [],
            "services": [],
            "shared_dbs": false
        },
        "num_services": 2,
        "path": "/docker-compose.yml"
    },
    "num_buses": 0,
    "servers": [],
    "url": "git://github.com/johandry/finder2d.git",
    "num_services": 2,
    "gates": [],
    "files": [],
    "name": "johandry/finder2d",
    "languages": [
        "go"
    ],
    "images": [
        "alpine"
    ],
    "dbs": [],
    "num_servers": 0,
    "num_langs": 1
}