{
    "gates": [],
    "num_gates": 0,
    "size": 19,
    "shared_dbs": false,
    "num_services": 0,
    "num_dbs": 0,
    "name": "jsschrepping/r_docker",
    "dbs": [],
    "buses": [],
    "num_dockers": 1,
    "images": [
        "bioconductor/release_core2"
    ],
    "monitors": [],
    "files": [],
    "structure": {
        "detected_dbs": {
            "services": [],
            "names": [],
            "num": 0,
            "shared_dbs": false
        },
        "services": [],
        "path": [],
        "num_services": 0
    },
    "servers": [],
    "num_discos": 0,
    "discos": [],
    "num_monitors": 0,
    "url": "git://github.com/jsschrepping/r_docker.git",
    "langs": [
        "python",
        "r"
    ],
    "num_langs": 2,
    "dockers": [
        {
            "gates": [],
            "keywords": [
                "dev",
                "install",
                "pip",
                "python",
                "tmp"
            ],
            "discos": [],
            "path": "/Dockerfile",
            "langs": [
                "python"
            ],
            "cmd_keywords": [],
            "dbs": [],
            "servers": [],
            "cmd": "",
            "from_full": "bioconductor/release_core2:R3.6.2_Bioc3.10",
            "buses": [],
            "from": "bioconductor/release_core2",
            "monitors": []
        }
    ],
    "avg_size_service": 19.0,
    "languages": [
        "r"
    ],
    "num_buses": 0,
    "num_files": 2,
    "num_servers": 0
}