{
    "discos": [],
    "avg_size_service": 5.0,
    "buses": [],
    "num_gates": 0,
    "name": "juliocgs/docker-php",
    "structure": {
        "path": "/docker-compose.yml",
        "services": [
            {
                "name": "bancodedados",
                "dbs": [
                    "mariadb"
                ],
                "depends_on": [],
                "discos": [],
                "image_full": "mariadb:latest",
                "image": "mariadb",
                "servers": [],
                "buses": [],
                "monitors": [],
                "gates": []
            },
            {
                "name": "app",
                "dbs": [],
                "depends_on": [
                    "bancodedados"
                ],
                "discos": [],
                "image_full": ".",
                "image": ".",
                "servers": [],
                "buses": [],
                "monitors": [],
                "gates": []
            }
        ],
        "detected_dbs": {
            "names": [
                "mariadb"
            ],
            "num": 1,
            "shared_dbs": false,
            "services": [
                "bancodedados"
            ]
        },
        "num_services": 2
    },
    "dbs": [
        "mysql"
    ],
    "dockers": [
        {
            "langs": [
                "php"
            ],
            "cmd_keywords": [],
            "from_full": "php:7.2.6-apache",
            "buses": [],
            "monitors": [],
            "from": "php",
            "keywords": [
                "install",
                "php",
                "apt",
                "www",
                "xdebug"
            ],
            "gates": [],
            "path": "/.docker/Dockerfile",
            "dbs": [
                "mysql"
            ],
            "discos": [],
            "cmd": "",
            "servers": []
        }
    ],
    "gates": [],
    "size": 5,
    "num_monitors": 0,
    "images": [
        "php"
    ],
    "num_buses": 0,
    "num_services": 2,
    "servers": [],
    "shared_dbs": false,
    "monitors": [],
    "num_discos": 0,
    "languages": [
        "dockerfile"
    ],
    "url": "git://github.com/juliocgs/docker-php.git",
    "langs": [
        "dockerfile",
        "php"
    ],
    "num_dbs": 1,
    "num_servers": 0,
    "num_langs": 2,
    "files": [],
    "num_dockers": 1,
    "num_files": 2
}