{
    "num_monitors": 0,
    "name": "JuniorAlberto22/DockerMicroservice",
    "langs": [
        "java"
    ],
    "discos": [
        "eureka"
    ],
    "files": [
        {
            "servers": [
                "spring"
            ],
            "monitors": [],
            "gates": [],
            "buses": [],
            "discos": [],
            "path": "/Nova pasta/pom.xml",
            "dbs": []
        },
        {
            "servers": [
                "spring"
            ],
            "monitors": [],
            "gates": [],
            "buses": [],
            "discos": [],
            "path": "/ConfigServer/ConfigServer/pom.xml",
            "dbs": []
        },
        {
            "servers": [
                "spring"
            ],
            "monitors": [],
            "gates": [],
            "buses": [],
            "discos": [
                "eureka"
            ],
            "path": "/EmployeeDashBoardService/EmployeeDashBoardService/pom.xml",
            "dbs": []
        },
        {
            "servers": [
                "spring"
            ],
            "monitors": [],
            "gates": [],
            "buses": [],
            "discos": [
                "eureka"
            ],
            "path": "/EmployeeSearchServer/EmployeeSearchServer/pom.xml",
            "dbs": []
        },
        {
            "servers": [
                "spring"
            ],
            "monitors": [],
            "gates": [
                "zuul"
            ],
            "buses": [],
            "discos": [
                "eureka"
            ],
            "path": "/my-zuul/pom.xml",
            "dbs": []
        },
        {
            "servers": [
                "spring"
            ],
            "monitors": [],
            "gates": [
                "zuul"
            ],
            "buses": [],
            "discos": [
                "eureka"
            ],
            "path": "/GatwayService/GatwayService/pom.xml",
            "dbs": []
        },
        {
            "servers": [
                "spring"
            ],
            "monitors": [],
            "gates": [],
            "buses": [],
            "discos": [
                "eureka"
            ],
            "path": "/EurekaServer/EurekaServer/pom.xml",
            "dbs": []
        }
    ],
    "dockers": [],
    "size": 625,
    "dbs": [],
    "num_gates": 1,
    "monitors": [],
    "url": "git://github.com/JuniorAlberto22/DockerMicroservice.git",
    "structure": {
        "services": [],
        "detected_dbs": {
            "services": [],
            "shared_dbs": false,
            "num": 0,
            "names": []
        },
        "path": [],
        "num_services": 0
    },
    "buses": [],
    "num_servers": 1,
    "avg_size_service": 625.0,
    "num_langs": 1,
    "images": [],
    "num_dockers": 0,
    "servers": [
        "spring"
    ],
    "languages": [
        "java"
    ],
    "gates": [
        "zuul"
    ],
    "num_services": 0,
    "shared_dbs": false,
    "num_files": 8,
    "num_discos": 1,
    "num_buses": 0,
    "num_dbs": 0
}