{
    "size": 298,
    "num_dockers": 0,
    "discos": [],
    "num_files": 1,
    "avg_size_service": 298.0,
    "buses": [],
    "num_gates": 0,
    "langs": [
        "javascript"
    ],
    "num_discos": 0,
    "num_monitors": 0,
    "dockers": [],
    "num_dbs": 0,
    "monitors": [],
    "shared_dbs": false,
    "structure": {
        "services": [],
        "detected_dbs": {
            "num": 0,
            "names": [],
            "services": [],
            "shared_dbs": false
        },
        "num_services": 0,
        "path": []
    },
    "num_buses": 0,
    "servers": [],
    "url": "git://github.com/kapilraghuwanshi/library-microservices-with-dockers.git",
    "num_services": 0,
    "gates": [],
    "files": [],
    "name": "kapilraghuwanshi/library-microservices-with-dockers",
    "languages": [
        "javascript"
    ],
    "images": [],
    "dbs": [],
    "num_servers": 0,
    "num_langs": 1
}