{
    "structure": {
        "detected_dbs": {
            "num": 0,
            "names": [],
            "shared_dbs": false,
            "services": []
        },
        "num_services": 1,
        "path": "/docker-compose.yml",
        "services": [
            {
                "depends_on": [],
                "name": "node-grpc-client-microservice",
                "dbs": [],
                "image": "karjunan/node-grpc-client-microservice",
                "monitors": [],
                "servers": [
                    "node"
                ],
                "image_full": "karjunan/node-grpc-client-microservice:latest",
                "buses": [],
                "discos": [
                    "grpc"
                ],
                "gates": []
            }
        ]
    },
    "dbs": [],
    "dockers": [],
    "files": [],
    "languages": [],
    "num_dbs": 0,
    "num_monitors": 0,
    "images": [],
    "name": "karjunan/node-kafka-integrated-docker-compose",
    "shared_dbs": false,
    "num_servers": 1,
    "num_langs": 0,
    "buses": [],
    "num_services": 1,
    "num_dockers": 0,
    "size": 0,
    "avg_size_service": 0.0,
    "gates": [],
    "discos": [
        "grpc"
    ],
    "langs": [],
    "num_files": 1,
    "url": "git://github.com/karjunan/node-kafka-integrated-docker-compose.git",
    "monitors": [],
    "servers": [
        "node"
    ],
    "num_buses": 0,
    "num_discos": 1,
    "num_gates": 0
}