{
    "num_discos": 0,
    "buses": [],
    "name": "kelindar/demo-microservice",
    "dbs": [],
    "num_services": 0,
    "avg_size_service": 2142.0,
    "num_monitors": 0,
    "monitors": [],
    "discos": [],
    "servers": [],
    "url": "git://github.com/kelindar/demo-microservice.git",
    "num_dockers": 1,
    "files": [],
    "shared_dbs": false,
    "size": 2142,
    "languages": [
        "javascript",
        "css",
        "c#"
    ],
    "gates": [
        "nginx"
    ],
    "num_langs": 3,
    "structure": {
        "detected_dbs": {
            "num": 0,
            "services": [],
            "shared_dbs": false,
            "names": []
        },
        "num_services": 0,
        "path": "/docker-compose.yml",
        "services": []
    },
    "dockers": [
        {
            "from_full": "kyma/docker-nginx",
            "servers": [],
            "buses": [],
            "dbs": [],
            "cmd": "'nginx'",
            "langs": [],
            "from": "kyma/docker-nginx",
            "monitors": [],
            "discos": [],
            "path": "/Service.Web/Dockerfile",
            "cmd_keywords": [
                "nginx"
            ],
            "gates": [
                "nginx"
            ],
            "keywords": []
        }
    ],
    "num_files": 2,
    "num_gates": 1,
    "num_dbs": 0,
    "langs": [
        "c#",
        "javascript",
        "css"
    ],
    "images": [
        "kyma/docker-nginx"
    ],
    "num_buses": 0,
    "num_servers": 0
}