{
    "num_services": 0,
    "size": 548,
    "num_dbs": 0,
    "num_buses": 0,
    "buses": [],
    "num_servers": 0,
    "langs": [
        "go",
        "c#",
        "golang"
    ],
    "shared_dbs": false,
    "name": "kevingbb/KHGuestbook",
    "languages": [
        "c#",
        "go"
    ],
    "monitors": [],
    "avg_size_service": 274.0,
    "num_discos": 0,
    "discos": [],
    "images": [
        "microsoft/dotnet",
        "golang"
    ],
    "servers": [],
    "dbs": [],
    "num_monitors": 0,
    "structure": {
        "detected_dbs": {
            "shared_dbs": false,
            "services": [],
            "num": 0,
            "names": []
        },
        "num_services": 0,
        "path": [],
        "services": []
    },
    "url": "git://github.com/kevingbb/KHGuestbook.git",
    "num_dockers": 2,
    "num_langs": 3,
    "files": [],
    "dockers": [
        {
            "from_full": "microsoft/dotnet:1.1-sdk",
            "discos": [],
            "from": "microsoft/dotnet",
            "servers": [],
            "dbs": [],
            "cmd_keywords": [
                "http",
                "urls",
                "server",
                "dotnet",
                "run"
            ],
            "gates": [],
            "buses": [],
            "cmd": "dotnet run --server.urls http://*:5000",
            "langs": [],
            "keywords": [
                "dotnet",
                "restore",
                "build"
            ],
            "monitors": [],
            "path": "/web_app_dotnet/Dockerfile"
        },
        {
            "from_full": "golang:1.8.3",
            "discos": [],
            "from": "golang",
            "servers": [],
            "dbs": [],
            "cmd_keywords": [
                "wrapper",
                "run"
            ],
            "gates": [],
            "buses": [],
            "cmd": "go-wrapper run",
            "langs": [
                "golang"
            ],
            "keywords": [
                "wrapper",
                "install",
                "get",
                "download"
            ],
            "monitors": [],
            "path": "/web_app_go/Dockerfile"
        }
    ],
    "gates": [],
    "num_files": 3,
    "num_gates": 0
}