{
    "size": 0,
    "num_dockers": 1,
    "discos": [],
    "num_files": 2,
    "avg_size_service": 0.0,
    "buses": [],
    "num_gates": 0,
    "langs": [
        "java",
        "dockerfile"
    ],
    "num_discos": 0,
    "num_monitors": 0,
    "dockers": [
        {
            "monitors": [],
            "cmd": "",
            "discos": [],
            "servers": [],
            "cmd_keywords": [],
            "from": "centos",
            "path": "/Dockerfile",
            "keywords": [
                "java",
                "bin",
                "usr",
                "install",
                "jdk"
            ],
            "buses": [],
            "langs": [
                "java"
            ],
            "gates": [],
            "dbs": [
                "oracle"
            ],
            "from_full": "centos"
        }
    ],
    "num_dbs": 1,
    "monitors": [],
    "shared_dbs": false,
    "structure": {
        "services": [],
        "detected_dbs": {
            "num": 0,
            "names": [],
            "services": [],
            "shared_dbs": false
        },
        "num_services": 0,
        "path": []
    },
    "num_buses": 0,
    "servers": [],
    "url": "git://github.com/Kong/docker-java8.git",
    "num_services": 0,
    "gates": [],
    "files": [],
    "name": "Kong/docker-java8",
    "languages": [
        "dockerfile"
    ],
    "images": [
        "centos"
    ],
    "dbs": [
        "oracle"
    ],
    "num_servers": 0,
    "num_langs": 2
}