{
    "num_discos": 0,
    "buses": [],
    "name": "launchany/microservices-node-inventory",
    "dbs": [],
    "num_services": 0,
    "avg_size_service": 8.0,
    "num_monitors": 0,
    "monitors": [],
    "discos": [],
    "servers": [
        "mongoose",
        "express",
        "node"
    ],
    "url": "git://github.com/launchany/microservices-node-inventory.git",
    "num_dockers": 1,
    "files": [
        {
            "discos": [],
            "path": "/package.json",
            "servers": [
                "express",
                "node",
                "mongoose"
            ],
            "buses": [],
            "dbs": [],
            "gates": [],
            "monitors": []
        }
    ],
    "shared_dbs": false,
    "size": 8,
    "languages": [
        "javascript"
    ],
    "gates": [],
    "num_langs": 1,
    "structure": {
        "detected_dbs": {
            "num": 0,
            "services": [],
            "shared_dbs": false,
            "names": []
        },
        "num_services": 0,
        "path": "/docker-compose.yml",
        "services": []
    },
    "dockers": [
        {
            "from_full": "node:latest",
            "servers": [
                "node"
            ],
            "buses": [],
            "dbs": [],
            "cmd": "npm start",
            "langs": [],
            "from": "node",
            "monitors": [],
            "discos": [],
            "path": "/Dockerfile",
            "cmd_keywords": [
                "npm",
                "start"
            ],
            "gates": [],
            "keywords": [
                "mkdir",
                "usr",
                "install",
                "npm",
                "src"
            ]
        }
    ],
    "num_files": 3,
    "num_gates": 0,
    "num_dbs": 0,
    "langs": [
        "javascript"
    ],
    "images": [
        "node"
    ],
    "num_buses": 0,
    "num_servers": 3
}