{
    "size": 138,
    "num_monitors": 0,
    "num_discos": 0,
    "shared_dbs": false,
    "langs": [
        "java",
        "shell"
    ],
    "buses": [],
    "num_langs": 2,
    "num_dbs": 0,
    "discos": [],
    "avg_size_service": 138.0,
    "images": [
        "java"
    ],
    "gates": [],
    "dockers": [
        {
            "monitors": [],
            "from": "java",
            "langs": [
                "java"
            ],
            "servers": [],
            "buses": [],
            "cmd_keywords": [],
            "cmd": "",
            "path": "/complete/src/main/docker/Dockerfile",
            "keywords": [
                "touch",
                "jar",
                "app",
                "bash"
            ],
            "dbs": [],
            "gates": [],
            "from_full": "java:8",
            "discos": []
        }
    ],
    "structure": {
        "detected_dbs": {
            "num": 0,
            "shared_dbs": false,
            "services": [],
            "names": []
        },
        "services": [],
        "path": [],
        "num_services": 0
    },
    "num_dockers": 1,
    "num_files": 6,
    "num_services": 0,
    "num_gates": 0,
    "name": "lbennardis/microservicesDockerDemo",
    "url": "git://github.com/lbennardis/microservicesDockerDemo.git",
    "monitors": [],
    "servers": [
        "spring"
    ],
    "dbs": [],
    "num_servers": 1,
    "num_buses": 0,
    "files": [
        {
            "path": "/initial/build.gradle",
            "monitors": [],
            "dbs": [],
            "gates": [],
            "servers": [
                "spring"
            ],
            "buses": [],
            "discos": []
        },
        {
            "path": "/complete/build.gradle",
            "monitors": [],
            "dbs": [],
            "gates": [],
            "servers": [
                "spring"
            ],
            "buses": [],
            "discos": []
        },
        {
            "path": "/initial/pom.xml",
            "monitors": [],
            "dbs": [],
            "gates": [],
            "servers": [
                "spring"
            ],
            "buses": [],
            "discos": []
        },
        {
            "path": "/complete/pom.xml",
            "monitors": [],
            "dbs": [],
            "gates": [],
            "servers": [
                "spring"
            ],
            "buses": [],
            "discos": []
        }
    ],
    "languages": [
        "java",
        "shell"
    ]
}