{
    "num_services": 0,
    "num_gates": 0,
    "files": [],
    "num_buses": 0,
    "servers": [
        "flask"
    ],
    "num_langs": 3,
    "avg_size_service": 1.5,
    "num_dockers": 2,
    "discos": [],
    "num_monitors": 0,
    "monitors": [],
    "buses": [],
    "langs": [
        "shell",
        "python",
        "dockerfile"
    ],
    "shared_dbs": false,
    "dockers": [
        {
            "discos": [],
            "servers": [
                "flask"
            ],
            "monitors": [],
            "from": "python",
            "path": "/Dockerfile",
            "keywords": [
                "uwsgi",
                "apt",
                "get",
                "dos",
                "unix"
            ],
            "dbs": [
                "redis"
            ],
            "gates": [],
            "from_full": "python:3.6",
            "cmd_keywords": [
                "cmd"
            ],
            "buses": [],
            "langs": [
                "python"
            ],
            "cmd": "/cmd.sh"
        },
        {
            "cmd": "",
            "from": "",
            "cmd_keywords": [],
            "path": "/identiproxy/Dockerfile"
        }
    ],
    "name": "LeHyperion/identidock",
    "num_discos": 0,
    "structure": {
        "num_services": 0,
        "services": [],
        "detected_dbs": {
            "shared_dbs": false,
            "num": 0,
            "services": [],
            "names": []
        },
        "path": "/docker-compose.yml"
    },
    "images": [
        "python"
    ],
    "dbs": [
        "redis"
    ],
    "gates": [],
    "size": 3,
    "num_dbs": 1,
    "num_servers": 1,
    "num_files": 3,
    "languages": [
        "python",
        "shell",
        "dockerfile"
    ],
    "url": "git://github.com/LeHyperion/identidock.git"
}