{
    "size": 45,
    "num_dockers": 1,
    "discos": [],
    "num_files": 2,
    "avg_size_service": 45.0,
    "buses": [],
    "num_gates": 0,
    "langs": [
        "python",
        "shell"
    ],
    "num_discos": 0,
    "num_monitors": 0,
    "dockers": [
        {
            "monitors": [],
            "cmd": "supervisord",
            "discos": [],
            "servers": [],
            "cmd_keywords": [
                "supervisord"
            ],
            "from": "centos",
            "path": "/mysql/Dockerfile",
            "keywords": [
                "mysql",
                "var",
                "iredmail",
                "auto",
                "vmail"
            ],
            "buses": [],
            "langs": [
                "python"
            ],
            "gates": [],
            "dbs": [
                "mariadb"
            ],
            "from_full": "centos:7"
        }
    ],
    "num_dbs": 1,
    "monitors": [],
    "shared_dbs": false,
    "structure": {
        "services": [],
        "detected_dbs": {
            "num": 0,
            "names": [],
            "services": [],
            "shared_dbs": false
        },
        "num_services": 0,
        "path": []
    },
    "num_buses": 0,
    "servers": [],
    "url": "git://github.com/lejmr/iredmail-docker.git",
    "num_services": 0,
    "gates": [],
    "files": [],
    "name": "lejmr/iredmail-docker",
    "languages": [
        "shell"
    ],
    "images": [
        "centos"
    ],
    "dbs": [
        "db"
    ],
    "num_servers": 0,
    "num_langs": 2
}