{
    "servers": [
        "node"
    ],
    "name": "lengocbao123/CezerinMoleculer",
    "num_gates": 0,
    "avg_size_service": 852.0,
    "structure": {
        "services": [
            {
                "gates": [],
                "buses": [
                    "nats"
                ],
                "image_full": "nats",
                "servers": [],
                "depends_on": [],
                "name": "nats",
                "dbs": [],
                "image": "nats",
                "monitors": [],
                "discos": []
            },
            {
                "gates": [],
                "buses": [],
                "image_full": "cezerin-microservice",
                "servers": [],
                "depends_on": [
                    "nats"
                ],
                "name": "api",
                "dbs": [],
                "image": "cezerin-microservice",
                "monitors": [],
                "discos": []
            },
            {
                "gates": [],
                "buses": [],
                "image_full": "cezerin-microservice",
                "servers": [],
                "depends_on": [
                    "nats"
                ],
                "name": "greeter",
                "dbs": [],
                "image": "cezerin-microservice",
                "monitors": [],
                "discos": []
            },
            {
                "gates": [],
                "buses": [],
                "image_full": "traefik:1.7",
                "servers": [],
                "depends_on": [],
                "name": "traefik",
                "dbs": [],
                "image": "traefik",
                "monitors": [],
                "discos": [
                    "traefik"
                ]
            }
        ],
        "num_services": 4,
        "path": "/docker-compose.yml",
        "detected_dbs": {
            "num": 0,
            "names": [],
            "services": [],
            "shared_dbs": false
        }
    },
    "num_dbs": 1,
    "buses": [
        "nats"
    ],
    "langs": [
        "javascript"
    ],
    "shared_dbs": false,
    "files": [
        {
            "gates": [],
            "buses": [
                "nats"
            ],
            "path": "/package.json",
            "servers": [
                "node"
            ],
            "dbs": [
                "mongodb",
                "mongo"
            ],
            "monitors": [],
            "discos": []
        }
    ],
    "size": 852,
    "num_dockers": 1,
    "url": "git://github.com/lengocbao123/CezerinMoleculer.git",
    "gates": [],
    "num_servers": 1,
    "images": [
        "node"
    ],
    "num_services": 4,
    "languages": [
        "javascript"
    ],
    "num_files": 3,
    "discos": [
        "traefik"
    ],
    "dockers": [
        {
            "gates": [],
            "from_full": "node:current-alpine",
            "cmd_keywords": [
                "start",
                "npm"
            ],
            "path": "/Dockerfile",
            "servers": [
                "node"
            ],
            "cmd": "npm start",
            "from": "node",
            "buses": [],
            "langs": [],
            "dbs": [],
            "discos": [],
            "monitors": [],
            "keywords": [
                "mkdir",
                "app",
                "production",
                "install",
                "npm"
            ]
        }
    ],
    "num_langs": 1,
    "num_monitors": 0,
    "num_buses": 1,
    "dbs": [
        "mongo"
    ],
    "monitors": [],
    "num_discos": 1
}