{
    "discos": [],
    "avg_size_service": 110.0,
    "buses": [],
    "num_gates": 0,
    "name": "linuxserver/docker-quassel-core",
    "structure": {
        "path": [],
        "services": [],
        "detected_dbs": {
            "names": [],
            "num": 0,
            "shared_dbs": false,
            "services": []
        },
        "num_services": 0
    },
    "dbs": [
        "postgresql"
    ],
    "dockers": [
        {
            "langs": [
                "cmake"
            ],
            "cmd_keywords": [],
            "from_full": "lsiobase/alpine:3.11",
            "buses": [],
            "monitors": [],
            "from": "lsiobase/alpine",
            "keywords": [
                "quassel",
                "qtbase",
                "tmp",
                "dev",
                "build"
            ],
            "gates": [],
            "path": "/Dockerfile",
            "dbs": [
                "postgresql"
            ],
            "discos": [],
            "cmd": "",
            "servers": []
        }
    ],
    "gates": [],
    "size": 110,
    "num_monitors": 0,
    "images": [
        "lsiobase/alpine"
    ],
    "num_buses": 0,
    "num_services": 0,
    "servers": [],
    "shared_dbs": false,
    "monitors": [],
    "num_discos": 0,
    "languages": [
        "dockerfile"
    ],
    "url": "git://github.com/linuxserver/docker-quassel-core.git",
    "langs": [
        "cmake",
        "dockerfile"
    ],
    "num_dbs": 1,
    "num_servers": 0,
    "num_langs": 2,
    "files": [],
    "num_dockers": 1,
    "num_files": 2
}