{
    "size": 9,
    "num_files": 2,
    "dockers": [
        {
            "from_full": "python:3.6-alpine",
            "gates": [],
            "discos": [],
            "cmd": "",
            "monitors": [],
            "keywords": [
                "dev",
                "txt",
                "gcc",
                "env",
                "certificates"
            ],
            "from": "python",
            "langs": [
                "python"
            ],
            "cmd_keywords": [],
            "servers": [],
            "buses": [],
            "path": "/microservice/Dockerfile",
            "dbs": [
                "postgresql"
            ]
        }
    ],
    "avg_size_service": 9.0,
    "num_services": 1,
    "servers": [],
    "num_discos": 0,
    "num_langs": 1,
    "discos": [],
    "buses": [],
    "url": "git://github.com/LordFeratum/noterial.git",
    "structure": {
        "num_services": 1,
        "path": "/docker-compose.yml",
        "services": [
            {
                "servers": [],
                "image": "./microservice",
                "depends_on": [],
                "name": "microservice",
                "dbs": [],
                "gates": [],
                "buses": [],
                "discos": [],
                "image_full": "./microservice",
                "monitors": []
            }
        ],
        "detected_dbs": {
            "num": 0,
            "names": [],
            "shared_dbs": false,
            "services": []
        }
    },
    "shared_dbs": false,
    "gates": [],
    "num_gates": 0,
    "name": "LordFeratum/noterial",
    "num_buses": 0,
    "num_servers": 0,
    "num_dbs": 1,
    "monitors": [],
    "langs": [
        "python"
    ],
    "dbs": [
        "postgresql"
    ],
    "files": [],
    "images": [
        "python"
    ],
    "num_dockers": 1,
    "languages": [
        "python"
    ],
    "num_monitors": 0
}