{
    "discos": [],
    "avg_size_service": 19.0,
    "buses": [],
    "num_gates": 0,
    "name": "lp-lab/dockerPiHole",
    "structure": {
        "path": [],
        "services": [],
        "detected_dbs": {
            "names": [],
            "num": 0,
            "shared_dbs": false,
            "services": []
        },
        "num_services": 0
    },
    "dbs": [],
    "dockers": [
        {
            "langs": [],
            "cmd_keywords": [
                "entrypoint",
                "sbin"
            ],
            "from_full": "debian:sid-slim",
            "buses": [],
            "monitors": [],
            "from": "debian",
            "keywords": [
                "get",
                "apt",
                "install",
                "chmod",
                "tini"
            ],
            "gates": [],
            "path": "/Dockerfile",
            "dbs": [],
            "discos": [],
            "cmd": "/sbin/entrypoint.sh",
            "servers": []
        }
    ],
    "gates": [],
    "size": 19,
    "num_monitors": 0,
    "images": [
        "debian"
    ],
    "num_buses": 0,
    "num_services": 0,
    "servers": [],
    "shared_dbs": false,
    "monitors": [],
    "num_discos": 0,
    "languages": [
        "shell",
        "dockerfile"
    ],
    "url": "git://github.com/lp-lab/dockerPiHole.git",
    "langs": [
        "dockerfile",
        "shell"
    ],
    "num_dbs": 0,
    "num_servers": 0,
    "num_langs": 2,
    "files": [],
    "num_dockers": 1,
    "num_files": 2
}