{
    "dockers": [],
    "languages": [],
    "name": "lucasjellema/microservice-powered-workflows",
    "num_buses": 0,
    "structure": {
        "detected_dbs": {
            "num": 0,
            "shared_dbs": false,
            "services": [],
            "names": []
        },
        "num_services": 0,
        "services": [],
        "path": []
    },
    "num_dockers": 0,
    "num_servers": 0,
    "num_monitors": 0,
    "discos": [],
    "gates": [],
    "shared_dbs": false,
    "num_dbs": 0,
    "num_files": 1,
    "num_discos": 0,
    "files": [],
    "url": "git://github.com/lucasjellema/microservice-powered-workflows.git",
    "images": [],
    "avg_size_service": 13821.0,
    "num_services": 0,
    "dbs": [],
    "servers": [],
    "langs": [],
    "num_gates": 0,
    "size": 13821,
    "num_langs": 0,
    "monitors": [],
    "buses": []
}