{
    "discos": [],
    "avg_size_service": 2.0,
    "buses": [],
    "num_gates": 0,
    "name": "luiselizondo/docker-nodejs",
    "structure": {
        "path": [],
        "services": [],
        "detected_dbs": {
            "names": [],
            "num": 0,
            "shared_dbs": false,
            "services": []
        },
        "num_services": 0
    },
    "dbs": [],
    "dockers": [
        {
            "langs": [
                "bash"
            ],
            "cmd_keywords": [
                "supervisord",
                "usr",
                "bin"
            ],
            "from_full": "ubuntu:14.04",
            "buses": [],
            "monitors": [],
            "from": "ubuntu",
            "keywords": [
                "apt",
                "get",
                "update",
                "install",
                "npm"
            ],
            "gates": [],
            "path": "/Dockerfile",
            "dbs": [],
            "discos": [],
            "cmd": "/usr/bin/supervisord -n",
            "servers": [
                "express"
            ]
        }
    ],
    "gates": [],
    "size": 2,
    "num_monitors": 0,
    "images": [
        "ubuntu"
    ],
    "num_buses": 0,
    "num_services": 0,
    "servers": [
        "express"
    ],
    "shared_dbs": false,
    "monitors": [],
    "num_discos": 0,
    "languages": [
        "dockerfile",
        "makefile"
    ],
    "url": "git://github.com/luiselizondo/docker-nodejs.git",
    "langs": [
        "dockerfile",
        "bash",
        "makefile"
    ],
    "num_dbs": 0,
    "num_servers": 1,
    "num_langs": 3,
    "files": [],
    "num_dockers": 1,
    "num_files": 2
}