{
    "num_gates": 1,
    "images": [
        "anapsix/alpine-java",
        "nginx"
    ],
    "discos": [],
    "num_buses": 0,
    "name": "luoduo/springcloud-exam",
    "gates": [
        "nginx"
    ],
    "structure": {
        "num_services": 0,
        "detected_dbs": {
            "services": [],
            "names": [],
            "shared_dbs": false,
            "num": 0
        },
        "path": [],
        "services": []
    },
    "url": "git://github.com/luoduo/springcloud-exam.git",
    "langs": [
        "vue",
        "bash",
        "javascript",
        "java"
    ],
    "num_dockers": 9,
    "num_langs": 4,
    "dbs": [
        "solid"
    ],
    "shared_dbs": false,
    "size": 31322,
    "dockers": [
        {
            "discos": [],
            "monitors": [],
            "from_full": "anapsix/alpine-java:8_server-jre_unlimited",
            "servers": [],
            "buses": [],
            "langs": [
                "java"
            ],
            "from": "anapsix/alpine-java",
            "cmd": "",
            "gates": [],
            "keywords": [],
            "dbs": [],
            "path": "/gateway-service/Dockerfile",
            "cmd_keywords": []
        },
        {
            "discos": [],
            "monitors": [],
            "from_full": "anapsix/alpine-java:8_server-jre_unlimited",
            "servers": [],
            "buses": [],
            "langs": [
                "java"
            ],
            "from": "anapsix/alpine-java",
            "cmd": "",
            "gates": [],
            "keywords": [],
            "dbs": [],
            "path": "/modules/auth-service-parent/auth-service/Dockerfile",
            "cmd_keywords": []
        },
        {
            "discos": [],
            "monitors": [],
            "from_full": "anapsix/alpine-java:8_server-jre_unlimited",
            "servers": [],
            "buses": [],
            "langs": [
                "java"
            ],
            "from": "anapsix/alpine-java",
            "cmd": "",
            "gates": [],
            "keywords": [],
            "dbs": [],
            "path": "/modules/exam-service-parent/exam-service/Dockerfile",
            "cmd_keywords": []
        },
        {
            "discos": [],
            "monitors": [],
            "from_full": "anapsix/alpine-java:8_server-jre_unlimited",
            "servers": [],
            "buses": [],
            "langs": [
                "java"
            ],
            "from": "anapsix/alpine-java",
            "cmd": "",
            "gates": [],
            "keywords": [],
            "dbs": [],
            "path": "/modules/user-service-parent/user-service/Dockerfile",
            "cmd_keywords": []
        },
        {
            "discos": [],
            "monitors": [],
            "from_full": "anapsix/alpine-java:8_server-jre_unlimited",
            "servers": [],
            "buses": [],
            "langs": [
                "java"
            ],
            "from": "anapsix/alpine-java",
            "cmd": "",
            "gates": [],
            "keywords": [],
            "dbs": [],
            "path": "/modules/msc-service-parent/msc-service/Dockerfile",
            "cmd_keywords": []
        },
        {
            "discos": [],
            "monitors": [],
            "from_full": "anapsix/alpine-java:8_server-jre_unlimited",
            "servers": [],
            "buses": [],
            "langs": [
                "java"
            ],
            "from": "anapsix/alpine-java",
            "cmd": "",
            "gates": [],
            "keywords": [],
            "dbs": [],
            "path": "/config-service/Dockerfile",
            "cmd_keywords": []
        },
        {
            "discos": [],
            "monitors": [],
            "from_full": "nginx:1.13.6-alpine",
            "servers": [],
            "buses": [],
            "langs": [
                "bash"
            ],
            "from": "nginx",
            "cmd": "nginx -g daemon off;",
            "gates": [
                "nginx"
            ],
            "keywords": [
                "apk",
                "etc",
                "bash",
                "upgrade",
                "zoneinfo"
            ],
            "dbs": [],
            "path": "/frontend/spring-microservice-exam-ui/Dockerfile",
            "cmd_keywords": [
                "nginx",
                "off",
                "daemon"
            ]
        },
        {
            "discos": [],
            "monitors": [],
            "from_full": "nginx:1.13.6-alpine",
            "servers": [],
            "buses": [],
            "langs": [
                "bash"
            ],
            "from": "nginx",
            "cmd": "nginx -g daemon off;",
            "gates": [
                "nginx"
            ],
            "keywords": [
                "apk",
                "etc",
                "bash",
                "upgrade",
                "zoneinfo"
            ],
            "dbs": [],
            "path": "/frontend/spring-microservice-exam-web/Dockerfile",
            "cmd_keywords": [
                "nginx",
                "off",
                "daemon"
            ]
        },
        {
            "discos": [],
            "monitors": [],
            "from_full": "anapsix/alpine-java:8_server-jre_unlimited",
            "servers": [],
            "buses": [],
            "langs": [
                "java"
            ],
            "from": "anapsix/alpine-java",
            "cmd": "",
            "gates": [],
            "keywords": [],
            "dbs": [],
            "path": "/monitor-service/Dockerfile",
            "cmd_keywords": []
        }
    ],
    "num_servers": 2,
    "monitors": [],
    "num_services": 0,
    "servers": [
        "spring",
        "node"
    ],
    "num_monitors": 0,
    "avg_size_service": 3480.222222222222,
    "num_files": 37,
    "buses": [],
    "files": [
        {
            "path": "/pom.xml"
        },
        {
            "path": "/gateway-service/pom.xml"
        },
        {
            "path": "/modules/pom.xml"
        },
        {
            "path": "/modules/auth-service-parent/pom.xml"
        },
        {
            "path": "/modules/auth-service-parent/auth-service/pom.xml"
        },
        {
            "path": "/modules/auth-service-parent/auth-service-api/pom.xml"
        },
        {
            "path": "/modules/exam-service-parent/pom.xml"
        },
        {
            "path": "/modules/exam-service-parent/exam-service/pom.xml"
        },
        {
            "path": "/modules/exam-service-parent/exam-service-api/pom.xml"
        },
        {
            "path": "/modules/user-service-parent/pom.xml"
        },
        {
            "path": "/modules/user-service-parent/user-service-api/pom.xml"
        },
        {
            "path": "/modules/user-service-parent/user-service/pom.xml"
        },
        {
            "path": "/modules/msc-service-parent/pom.xml"
        },
        {
            "path": "/modules/msc-service-parent/msc-service/pom.xml"
        },
        {
            "path": "/modules/msc-service-parent/msc-service-api/pom.xml"
        },
        {
            "path": "/common/pom.xml"
        },
        {
            "path": "/common/common-basic/pom.xml"
        },
        {
            "path": "/common/common-feign/pom.xml"
        },
        {
            "path": "/common/common-log/pom.xml"
        },
        {
            "path": "/common/common-config/pom.xml"
        },
        {
            "path": "/common/common-oss/pom.xml"
        },
        {
            "path": "/common/common-security/pom.xml"
        },
        {
            "path": "/common/common-core/pom.xml"
        },
        {
            "path": "/config-service/pom.xml"
        },
        {
            "path": "/monitor-service/pom.xml"
        },
        {
            "path": "/frontend/spring-microservice-exam-ui/package.json"
        },
        {
            "buses": [],
            "discos": [],
            "gates": [],
            "servers": [
                "spring",
                "node"
            ],
            "monitors": [],
            "dbs": [
                "solid"
            ],
            "path": "/frontend/spring-microservice-exam-web/package.json"
        }
    ],
    "languages": [
        "java",
        "vue",
        "javascript"
    ],
    "num_dbs": 1,
    "num_discos": 0
}