{
    "size": 375,
    "num_dockers": 1,
    "discos": [],
    "num_files": 3,
    "avg_size_service": 375.0,
    "buses": [],
    "num_gates": 0,
    "langs": [
        "javascript"
    ],
    "num_discos": 0,
    "num_monitors": 0,
    "dockers": [
        {
            "monitors": [],
            "cmd": "",
            "discos": [],
            "servers": [
                "node"
            ],
            "cmd_keywords": [],
            "from": "mafintosh/node",
            "path": "/Dockerfile",
            "keywords": [],
            "buses": [],
            "langs": [],
            "gates": [],
            "dbs": [],
            "from_full": "mafintosh/node:0.10.32"
        }
    ],
    "num_dbs": 0,
    "monitors": [],
    "shared_dbs": false,
    "structure": {
        "services": [],
        "detected_dbs": {
            "num": 0,
            "names": [],
            "services": [],
            "shared_dbs": false
        },
        "num_services": 0,
        "path": []
    },
    "num_buses": 0,
    "servers": [
        "node"
    ],
    "url": "git://github.com/mafintosh/docker-browser-server.git",
    "num_services": 0,
    "gates": [],
    "files": [
        {
            "monitors": [],
            "buses": [],
            "discos": [],
            "gates": [],
            "dbs": [],
            "servers": [
                "node"
            ],
            "path": "/package.json"
        }
    ],
    "name": "mafintosh/docker-browser-server",
    "languages": [
        "javascript"
    ],
    "images": [
        "mafintosh/node"
    ],
    "dbs": [],
    "num_servers": 1,
    "num_langs": 1
}