{
    "buses": [],
    "num_servers": 1,
    "languages": [],
    "dbs": [],
    "num_services": 4,
    "avg_size_service": 72.0,
    "servers": [
        "node"
    ],
    "structure": {
        "num_services": 4,
        "detected_dbs": {
            "services": [],
            "shared_dbs": false,
            "num": 0,
            "names": []
        },
        "services": [
            {
                "image": "grafana/grafana",
                "buses": [],
                "image_full": "grafana/grafana",
                "dbs": [],
                "depends_on": [
                    "prometheus"
                ],
                "servers": [],
                "monitors": [
                    "grafana"
                ],
                "discos": [],
                "name": "grafana",
                "gates": []
            },
            {
                "image": "prom/node-exporter",
                "buses": [],
                "image_full": "prom/node-exporter",
                "dbs": [],
                "depends_on": [],
                "servers": [
                    "node"
                ],
                "monitors": [],
                "discos": [],
                "name": "node-exporter",
                "gates": []
            },
            {
                "image": "google/cadvisor",
                "buses": [],
                "image_full": "google/cadvisor",
                "dbs": [],
                "depends_on": [],
                "servers": [],
                "monitors": [],
                "discos": [],
                "name": "cadvisor",
                "gates": []
            },
            {
                "image": "prom/prometheus",
                "buses": [],
                "image_full": "prom/prometheus",
                "dbs": [],
                "depends_on": [],
                "servers": [],
                "monitors": [
                    "prometheus"
                ],
                "discos": [],
                "name": "prometheus",
                "gates": []
            }
        ],
        "path": "/docker-compose.yml"
    },
    "monitors": [
        "grafana",
        "prometheus"
    ],
    "num_buses": 0,
    "images": [],
    "gates": [],
    "num_gates": 0,
    "num_langs": 0,
    "langs": [],
    "url": "git://github.com/maheshmahadevan/docker-monitoring-windows.git",
    "num_discos": 0,
    "num_files": 1,
    "files": [],
    "shared_dbs": false,
    "num_monitors": 2,
    "name": "maheshmahadevan/docker-monitoring-windows",
    "num_dbs": 0,
    "discos": [],
    "dockers": [],
    "num_dockers": 0,
    "size": 72
}