{
    "discos": [],
    "avg_size_service": 81.0,
    "buses": [],
    "num_gates": 0,
    "name": "makeusabrew/decking",
    "structure": {
        "path": [],
        "services": [],
        "detected_dbs": {
            "names": [],
            "num": 0,
            "shared_dbs": false,
            "services": []
        },
        "num_services": 0
    },
    "dbs": [],
    "dockers": [],
    "gates": [],
    "size": 81,
    "num_monitors": 0,
    "images": [],
    "num_buses": 0,
    "num_services": 0,
    "servers": [],
    "shared_dbs": false,
    "monitors": [],
    "num_discos": 0,
    "languages": [
        "javascript"
    ],
    "url": "git://github.com/makeusabrew/decking.git",
    "langs": [
        "javascript"
    ],
    "num_dbs": 0,
    "num_servers": 0,
    "num_langs": 1,
    "files": [
        {
            "path": "/package.json",
            "dbs": [],
            "discos": [],
            "servers": [],
            "buses": [],
            "monitors": [],
            "gates": []
        }
    ],
    "num_dockers": 0,
    "num_files": 2
}