{
    "dbs": [],
    "name": "mandaliyapraful/nodeMicoservice",
    "num_langs": 1,
    "languages": [
        "javascript"
    ],
    "shared_dbs": false,
    "servers": [
        "express",
        "node"
    ],
    "langs": [
        "javascript"
    ],
    "dockers": [],
    "gates": [],
    "size": 98,
    "num_dockers": 0,
    "num_discos": 0,
    "num_buses": 0,
    "buses": [],
    "images": [],
    "num_servers": 2,
    "num_services": 0,
    "monitors": [],
    "structure": {
        "services": [],
        "num_services": 0,
        "detected_dbs": {
            "num": 0,
            "shared_dbs": false,
            "names": [],
            "services": []
        },
        "path": []
    },
    "discos": [],
    "num_files": 2,
    "num_dbs": 0,
    "num_monitors": 0,
    "num_gates": 0,
    "url": "git://github.com/mandaliyapraful/nodeMicoservice.git",
    "avg_size_service": 98.0,
    "files": [
        {
            "buses": [],
            "dbs": [],
            "gates": [],
            "monitors": [],
            "discos": [],
            "servers": [
                "express",
                "node"
            ],
            "path": "/package.json"
        }
    ]
}