{
    "num_servers": 0,
    "servers": [],
    "discos": [],
    "num_dbs": 0,
    "files": [],
    "langs": [
        "scala"
    ],
    "dockers": [
        {
            "keywords": [
                "mkdir",
                "app",
                "opt"
            ],
            "path": "/Dockerfile",
            "discos": [],
            "cmd": "",
            "from_full": "openjdk:8-jre-alpine",
            "from": "openjdk",
            "servers": [],
            "langs": [],
            "monitors": [],
            "gates": [],
            "buses": [],
            "cmd_keywords": [],
            "dbs": []
        }
    ],
    "size": 7,
    "structure": {
        "services": [
            {
                "monitors": [],
                "dbs": [],
                "servers": [],
                "discos": [],
                "image_full": "your.image.store:5000/services/akka-http-microservice:1.0.0",
                "gates": [],
                "buses": [],
                "name": "apiserver",
                "depends_on": [],
                "image": "your.image.store"
            }
        ],
        "path": "/docker-compose.yml",
        "detected_dbs": {
            "num": 0,
            "services": [],
            "names": [],
            "shared_dbs": false
        },
        "num_services": 1
    },
    "images": [
        "openjdk"
    ],
    "num_files": 2,
    "gates": [],
    "buses": [],
    "num_langs": 1,
    "name": "MangoHaha/Dockerized-Scala-Rest-service",
    "url": "git://github.com/MangoHaha/Dockerized-Scala-Rest-service.git",
    "num_gates": 0,
    "num_buses": 0,
    "num_discos": 0,
    "num_monitors": 0,
    "num_dockers": 1,
    "num_services": 1,
    "monitors": [],
    "avg_size_service": 7.0,
    "languages": [
        "scala"
    ],
    "dbs": [],
    "shared_dbs": false
}