{
    "discos": [],
    "avg_size_service": 34.0,
    "buses": [],
    "num_gates": 0,
    "name": "marcelbirkner/docker-jenkins-job-dsl",
    "structure": {
        "path": [],
        "services": [],
        "detected_dbs": {
            "names": [],
            "num": 0,
            "shared_dbs": false,
            "services": []
        },
        "num_services": 0
    },
    "dbs": [],
    "dockers": [
        {
            "langs": [],
            "cmd_keywords": [],
            "from_full": "jenkins:1.642.2",
            "buses": [],
            "monitors": [],
            "from": "jenkins",
            "keywords": [
                "plugins",
                "home",
                "usr",
                "local",
                "var"
            ],
            "gates": [],
            "path": "/Dockerfile",
            "dbs": [],
            "discos": [],
            "cmd": "",
            "servers": []
        }
    ],
    "gates": [],
    "size": 34,
    "num_monitors": 0,
    "images": [
        "jenkins"
    ],
    "num_buses": 0,
    "num_services": 0,
    "servers": [],
    "shared_dbs": false,
    "monitors": [],
    "num_discos": 0,
    "languages": [
        "dockerfile"
    ],
    "url": "git://github.com/marcelbirkner/docker-jenkins-job-dsl.git",
    "langs": [
        "dockerfile"
    ],
    "num_dbs": 0,
    "num_servers": 0,
    "num_langs": 1,
    "files": [],
    "num_dockers": 1,
    "num_files": 2
}