{
    "structure": {
        "path": "/docker-compose.yml",
        "services": [
            {
                "servers": [],
                "buses": [],
                "gates": [],
                "monitors": [],
                "name": "go-microservice",
                "dbs": [],
                "depends_on": [],
                "image": "go-microservice",
                "image_full": "go-microservice",
                "discos": []
            }
        ],
        "num_services": 1,
        "detected_dbs": {
            "names": [],
            "num": 0,
            "services": [],
            "shared_dbs": false
        }
    },
    "discos": [],
    "size": 10906,
    "num_gates": 0,
    "num_langs": 2,
    "servers": [],
    "gates": [],
    "num_servers": 0,
    "num_buses": 0,
    "files": [],
    "num_dockers": 1,
    "buses": [],
    "languages": [
        "go"
    ],
    "monitors": [],
    "dbs": [],
    "num_monitors": 0,
    "num_files": 2,
    "num_dbs": 0,
    "num_services": 1,
    "images": [
        "golang"
    ],
    "url": "git://github.com/markelarauzo7/go-microservice.git",
    "dockers": [
        {
            "cmd": "./go-microservice",
            "servers": [],
            "monitors": [],
            "discos": [],
            "buses": [],
            "path": "/Dockerfile",
            "cmd_keywords": [
                "microservice"
            ],
            "keywords": [
                "enabled",
                "apk",
                "cgo",
                "main",
                "backend"
            ],
            "from_full": "golang:1.13-alpine",
            "gates": [],
            "from": "golang",
            "langs": [
                "golang"
            ],
            "dbs": []
        }
    ],
    "avg_size_service": 10906.0,
    "shared_dbs": false,
    "num_discos": 0,
    "langs": [
        "golang",
        "go"
    ],
    "name": "markelarauzo7/go-microservice"
}