{
    "discos": [],
    "avg_size_service": 6.0,
    "buses": [],
    "num_gates": 1,
    "name": "MarvAmBass/docker-nginx-ssl-secure",
    "structure": {
        "path": [],
        "services": [],
        "detected_dbs": {
            "names": [],
            "num": 0,
            "shared_dbs": false,
            "services": []
        },
        "num_services": 0
    },
    "dbs": [],
    "dockers": [
        {
            "langs": [],
            "cmd_keywords": [
                "nginx"
            ],
            "from_full": "nginx",
            "buses": [],
            "monitors": [],
            "from": "nginx",
            "keywords": [
                "nginx",
                "etc",
                "conf",
                "log",
                "sed"
            ],
            "gates": [
                "nginx"
            ],
            "path": "/Dockerfile",
            "dbs": [],
            "discos": [],
            "cmd": "nginx",
            "servers": []
        }
    ],
    "gates": [
        "nginx"
    ],
    "size": 6,
    "num_monitors": 0,
    "images": [
        "nginx"
    ],
    "num_buses": 0,
    "num_services": 0,
    "servers": [],
    "shared_dbs": false,
    "monitors": [],
    "num_discos": 0,
    "languages": [
        "shell",
        "dockerfile"
    ],
    "url": "git://github.com/MarvAmBass/docker-nginx-ssl-secure.git",
    "langs": [
        "dockerfile",
        "shell"
    ],
    "num_dbs": 0,
    "num_servers": 0,
    "num_langs": 2,
    "files": [],
    "num_dockers": 1,
    "num_files": 2
}