{
    "num_services": 8,
    "dbs": [
        "mysql"
    ],
    "name": "marvin-liao/Microservice-Manager",
    "files": [
        {
            "gates": [
                "gateway"
            ],
            "dbs": [],
            "path": "/pom.xml",
            "buses": [],
            "monitors": [],
            "discos": [
                "eureka"
            ],
            "servers": [
                "spring"
            ]
        },
        {
            "gates": [
                "zuul",
                "gateway"
            ],
            "dbs": [],
            "path": "/gateway-service/pom.xml",
            "buses": [],
            "monitors": [],
            "discos": [
                "eureka"
            ],
            "servers": [
                "spring"
            ]
        },
        {
            "gates": [],
            "dbs": [
                "mysql"
            ],
            "path": "/microservice-mgr/pom.xml",
            "buses": [],
            "monitors": [],
            "discos": [],
            "servers": [
                "spring"
            ]
        },
        {
            "gates": [],
            "dbs": [],
            "path": "/customer-service/pom.xml",
            "buses": [],
            "monitors": [],
            "discos": [
                "eureka"
            ],
            "servers": [
                "spring"
            ]
        },
        {
            "gates": [],
            "dbs": [],
            "path": "/discovery-service/pom.xml",
            "buses": [],
            "monitors": [],
            "discos": [
                "eureka"
            ],
            "servers": [
                "spring"
            ]
        },
        {
            "gates": [],
            "dbs": [],
            "path": "/account-service/pom.xml",
            "buses": [],
            "monitors": [],
            "discos": [
                "eureka"
            ],
            "servers": [
                "spring"
            ]
        }
    ],
    "discos": [
        "eureka"
    ],
    "num_gates": 1,
    "num_buses": 0,
    "langs": [
        "java",
        "css",
        "javascript"
    ],
    "gates": [
        "zuul"
    ],
    "num_monitors": 0,
    "monitors": [],
    "images": [],
    "structure": {
        "num_services": 8,
        "detected_dbs": {
            "num": 1,
            "services": [
                "mgr-db"
            ],
            "names": [
                "mysql"
            ],
            "shared_dbs": false
        },
        "services": [
            {
                "buses": [],
                "depends_on": [],
                "gates": [],
                "dbs": [],
                "image_full": "java:8-jre",
                "monitors": [],
                "discos": [],
                "servers": [],
                "name": "customer-service",
                "image": "java"
            },
            {
                "buses": [],
                "depends_on": [],
                "gates": [],
                "dbs": [],
                "image_full": "java:8-jre",
                "monitors": [],
                "discos": [],
                "servers": [],
                "name": "gateway-service",
                "image": "java"
            },
            {
                "buses": [],
                "depends_on": [],
                "gates": [],
                "dbs": [],
                "image_full": "java:8-jre",
                "monitors": [],
                "discos": [],
                "servers": [],
                "name": "account-service",
                "image": "java"
            },
            {
                "buses": [],
                "depends_on": [],
                "gates": [],
                "dbs": [],
                "image_full": "java:8-jre",
                "monitors": [],
                "discos": [],
                "servers": [],
                "name": "discovery-service",
                "image": "java"
            },
            {
                "buses": [],
                "depends_on": [],
                "gates": [],
                "dbs": [],
                "image_full": "adminer",
                "monitors": [],
                "discos": [],
                "servers": [],
                "name": "adminer",
                "image": "adminer"
            },
            {
                "buses": [],
                "depends_on": [],
                "gates": [],
                "dbs": [
                    "mysql"
                ],
                "image_full": "mysql",
                "monitors": [],
                "discos": [],
                "servers": [],
                "name": "mgr-db",
                "image": "mysql"
            },
            {
                "buses": [],
                "depends_on": [],
                "gates": [],
                "dbs": [],
                "image_full": "portainer/portainer",
                "monitors": [],
                "discos": [],
                "servers": [],
                "name": "portainer",
                "image": "portainer/portainer"
            },
            {
                "buses": [],
                "depends_on": [],
                "gates": [],
                "dbs": [],
                "image_full": "java:8-jre",
                "monitors": [],
                "discos": [],
                "servers": [],
                "name": "microservice-mgr",
                "image": "java"
            }
        ],
        "path": "/docker-compose.yml"
    },
    "shared_dbs": false,
    "languages": [
        "javascript",
        "css",
        "java"
    ],
    "avg_size_service": 2763.0,
    "buses": [],
    "dockers": [],
    "servers": [
        "spring"
    ],
    "num_dockers": 0,
    "url": "git://github.com/marvin-liao/Microservice-Manager.git",
    "num_dbs": 1,
    "num_servers": 1,
    "num_discos": 1,
    "num_langs": 3,
    "num_files": 7,
    "size": 2763
}