{
    "avg_size_service": 35.0,
    "num_langs": 1,
    "servers": [
        "flask"
    ],
    "files": [
        {
            "path": "/requirements.txt",
            "gates": [],
            "monitors": [],
            "discos": [],
            "dbs": [],
            "buses": [],
            "servers": [
                "flask"
            ]
        }
    ],
    "num_dockers": 1,
    "num_files": 3,
    "name": "marvincolgin/microservice-api-docker",
    "url": "git://github.com/marvincolgin/microservice-api-docker.git",
    "languages": [
        "python"
    ],
    "num_discos": 0,
    "structure": {
        "path": "/docker-compose.yml",
        "num_services": 1,
        "detected_dbs": {
            "names": [],
            "num": 0,
            "shared_dbs": false,
            "services": []
        },
        "services": [
            {
                "image": ".",
                "name": "api",
                "depends_on": [],
                "monitors": [],
                "servers": [],
                "discos": [],
                "dbs": [],
                "buses": [],
                "gates": [],
                "image_full": "."
            }
        ]
    },
    "langs": [
        "python"
    ],
    "dbs": [],
    "num_gates": 0,
    "size": 35,
    "num_dbs": 0,
    "buses": [],
    "num_servers": 1,
    "shared_dbs": false,
    "gates": [],
    "dockers": [
        {
            "path": "/Dockerfile",
            "from": "python",
            "discos": [],
            "buses": [],
            "gates": [],
            "servers": [
                "flask"
            ],
            "from_full": "python:3.7-slim",
            "langs": [
                "python"
            ],
            "monitors": [],
            "keywords": [
                "pipenv",
                "install",
                "system",
                "pip"
            ],
            "cmd": "export FLASK_APP=api ; flask run --host 0.0.0.0 --port 5000",
            "dbs": [],
            "cmd_keywords": [
                "flask",
                "api",
                "export",
                "host",
                "port"
            ]
        }
    ],
    "num_services": 1,
    "discos": [],
    "num_monitors": 0,
    "images": [
        "python"
    ],
    "num_buses": 0,
    "monitors": []
}