{
    "num_discos": 0,
    "buses": [],
    "gates": [],
    "num_servers": 2,
    "num_gates": 0,
    "num_dbs": 1,
    "monitors": [],
    "num_langs": 2,
    "num_files": 5,
    "structure": {
        "services": [
            {
                "name": "api",
                "discos": [],
                "servers": [],
                "buses": [],
                "gates": [],
                "dbs": [],
                "image": "./backend",
                "image_full": "./backend",
                "monitors": [],
                "depends_on": [
                    "db"
                ]
            },
            {
                "name": "phpmyadmin",
                "discos": [],
                "servers": [],
                "buses": [],
                "gates": [],
                "dbs": [],
                "image": "phpmyadmin/phpmyadmin",
                "image_full": "phpmyadmin/phpmyadmin",
                "monitors": [],
                "depends_on": [
                    "db"
                ]
            },
            {
                "name": "db",
                "discos": [],
                "servers": [],
                "buses": [],
                "gates": [],
                "dbs": [
                    "mysql"
                ],
                "image": "mysql",
                "image_full": "mysql:5.7",
                "monitors": [],
                "depends_on": []
            },
            {
                "name": "client",
                "discos": [],
                "servers": [],
                "buses": [],
                "gates": [],
                "dbs": [],
                "image": "./frontend",
                "image_full": "./frontend",
                "monitors": [],
                "depends_on": [
                    "api"
                ]
            }
        ],
        "path": "/docker-compose.yml",
        "detected_dbs": {
            "names": [
                "mysql"
            ],
            "num": 1,
            "services": [
                "db"
            ],
            "shared_dbs": true
        },
        "num_services": 4
    },
    "servers": [
        "express",
        "node"
    ],
    "shared_dbs": true,
    "langs": [
        "html",
        "javascript"
    ],
    "dockers": [
        {
            "discos": [],
            "cmd": "npm start",
            "buses": [],
            "path": "/backend/Dockerfile",
            "from": "node",
            "cmd_keywords": [
                "start",
                "npm"
            ],
            "servers": [
                "node"
            ],
            "monitors": [],
            "keywords": [
                "npm",
                "install"
            ],
            "dbs": [],
            "gates": [],
            "from_full": "node:10",
            "langs": []
        },
        {
            "discos": [],
            "cmd": "npm start",
            "buses": [],
            "path": "/frontend/Dockerfile",
            "from": "node",
            "cmd_keywords": [
                "start",
                "npm"
            ],
            "servers": [
                "node"
            ],
            "monitors": [],
            "keywords": [
                "npm",
                "install",
                "react",
                "scripts"
            ],
            "dbs": [],
            "gates": [],
            "from_full": "node:12.2.0-alpine",
            "langs": []
        }
    ],
    "name": "MastalerzKamil/full-node-app-dockerize",
    "discos": [],
    "avg_size_service": 282.5,
    "num_monitors": 0,
    "images": [
        "node"
    ],
    "url": "git://github.com/MastalerzKamil/full-node-app-dockerize.git",
    "files": [
        {
            "discos": [],
            "buses": [],
            "path": "/backend/package.json",
            "dbs": [],
            "gates": [],
            "servers": [
                "express",
                "node"
            ],
            "monitors": []
        },
        {
            "discos": [],
            "buses": [],
            "path": "/frontend/package.json",
            "dbs": [],
            "gates": [],
            "servers": [],
            "monitors": []
        }
    ],
    "size": 565,
    "languages": [
        "javascript",
        "html"
    ],
    "dbs": [
        "mysql"
    ],
    "num_buses": 0,
    "num_services": 4,
    "num_dockers": 2
}