{
    "num_files": 6,
    "num_services": 6,
    "num_discos": 0,
    "gates": [],
    "languages": [
        "javascript",
        "c#"
    ],
    "num_dbs": 0,
    "dbs": [],
    "num_monitors": 0,
    "structure": {
        "detected_dbs": {
            "shared_dbs": false,
            "num": 0,
            "services": [],
            "names": []
        },
        "num_services": 6,
        "services": [
            {
                "image_full": "rabbitmq:3-management-alpine",
                "image": "rabbitmq",
                "dbs": [],
                "monitors": [],
                "depends_on": [],
                "discos": [],
                "servers": [],
                "buses": [
                    "rabbitmq"
                ],
                "gates": [],
                "name": "rabbitmq"
            },
            {
                "image_full": "beerappreciation/catalog.api:${TAG:-latest}",
                "image": "beerappreciation/catalog.api",
                "dbs": [],
                "monitors": [],
                "depends_on": [
                    "sql.data",
                    "rabbitmq"
                ],
                "discos": [],
                "servers": [],
                "buses": [],
                "gates": [],
                "name": "catalog.api"
            },
            {
                "image_full": "microsoft/mssql-server-linux:2017-latest",
                "image": "microsoft/mssql-server-linux",
                "dbs": [],
                "monitors": [],
                "depends_on": [],
                "discos": [],
                "servers": [],
                "buses": [],
                "gates": [],
                "name": "sql.data"
            },
            {
                "image_full": "beerappreciation/beverage.api:${TAG:-latest}",
                "image": "beerappreciation/beverage.api",
                "dbs": [],
                "monitors": [],
                "depends_on": [
                    "sql.data",
                    "rabbitmq"
                ],
                "discos": [],
                "servers": [],
                "buses": [],
                "gates": [],
                "name": "beverage.api"
            },
            {
                "image_full": "beerappreciation/identity.api:${TAG:-latest}",
                "image": "beerappreciation/identity.api",
                "dbs": [],
                "monitors": [],
                "depends_on": [],
                "discos": [],
                "servers": [],
                "buses": [],
                "gates": [],
                "name": "identity.api"
            },
            {
                "image_full": "beerappreciation/eventmanagement.api:${TAG:-latest}",
                "image": "beerappreciation/eventmanagement.api",
                "dbs": [],
                "monitors": [],
                "depends_on": [],
                "discos": [],
                "servers": [],
                "buses": [],
                "gates": [],
                "name": "eventmanagement.api"
            }
        ],
        "path": "/v-next/docker-compose.yml"
    },
    "discos": [],
    "url": "git://github.com/mattgranger/beer-appreciation.git",
    "num_buses": 1,
    "files": [
        {
            "servers": [],
            "dbs": [],
            "discos": [],
            "buses": [],
            "gates": [],
            "monitors": [],
            "path": "/v-next/src/WebApps/WebSPA.React/ClientApp/package.json"
        }
    ],
    "name": "mattgranger/beer-appreciation",
    "servers": [],
    "num_dockers": 4,
    "buses": [
        "rabbitmq"
    ],
    "num_gates": 0,
    "num_langs": 2,
    "shared_dbs": false,
    "monitors": [],
    "dockers": [
        {
            "servers": [],
            "from": "base",
            "buses": [],
            "gates": [],
            "monitors": [],
            "path": "/v-next/src/Services/Events/EventManagement.API/Dockerfile",
            "keywords": [
                "eventmanagement",
                "api",
                "dotnet",
                "csproj",
                "app"
            ],
            "dbs": [],
            "langs": [],
            "cmd_keywords": [],
            "discos": [],
            "cmd": "",
            "from_full": "base"
        },
        {
            "servers": [],
            "from": "base",
            "buses": [],
            "gates": [],
            "monitors": [],
            "path": "/v-next/src/Services/Beverages/Beverage.API/Dockerfile",
            "keywords": [
                "api",
                "beverage",
                "dotnet",
                "csproj",
                "release"
            ],
            "dbs": [],
            "langs": [],
            "cmd_keywords": [],
            "discos": [],
            "cmd": "",
            "from_full": "base"
        },
        {
            "servers": [],
            "from": "base",
            "buses": [],
            "gates": [],
            "monitors": [],
            "path": "/v-next/src/Services/Identity/Identity.API/Dockerfile",
            "keywords": [
                "dotnet",
                "restore",
                "install",
                "app",
                "bower"
            ],
            "dbs": [],
            "langs": [],
            "cmd_keywords": [],
            "discos": [],
            "cmd": "",
            "from_full": "base"
        },
        {
            "servers": [],
            "from": "base",
            "buses": [],
            "gates": [],
            "monitors": [],
            "path": "/v-next/src/Services/Catalog/Catalog.API/Dockerfile",
            "keywords": [
                "catalog",
                "api",
                "csproj",
                "dotnet",
                "app"
            ],
            "dbs": [],
            "langs": [],
            "cmd_keywords": [],
            "discos": [],
            "cmd": "",
            "from_full": "base"
        }
    ],
    "langs": [
        "javascript",
        "c#"
    ],
    "num_servers": 0,
    "size": 19058,
    "images": [
        "base"
    ],
    "avg_size_service": 4764.5
}