{
    "avg_size_service": 1.3333333333333333,
    "buses": [],
    "num_dbs": 0,
    "files": [
        {
            "path": "/dataapi/requirements.txt",
            "servers": [
                "flask"
            ],
            "dbs": [],
            "monitors": [],
            "buses": [],
            "discos": [],
            "gates": []
        },
        {
            "path": "/client/requirements.txt",
            "servers": [
                "flask"
            ],
            "dbs": [],
            "monitors": [],
            "buses": [],
            "discos": [],
            "gates": []
        }
    ],
    "num_dockers": 3,
    "num_langs": 2,
    "num_servers": 1,
    "num_buses": 0,
    "num_discos": 0,
    "gates": [
        "nginx"
    ],
    "images": [
        "python",
        "alpine"
    ],
    "size": 4,
    "structure": {
        "path": [],
        "num_services": 0,
        "services": [],
        "detected_dbs": {
            "shared_dbs": false,
            "num": 0,
            "names": [],
            "services": []
        }
    },
    "num_files": 6,
    "servers": [
        "flask"
    ],
    "url": "git://github.com/mattjohunt/python_docker_microservices_exercise_with_solution.git",
    "dbs": [],
    "monitors": [],
    "dockers": [
        {
            "from_full": "python:3.7",
            "buses": [],
            "dbs": [],
            "monitors": [],
            "gates": [],
            "path": "/dataapi/Dockerfile",
            "from": "python",
            "cmd": "",
            "cmd_keywords": [],
            "servers": [],
            "keywords": [
                "install",
                "txt",
                "pip",
                "requirements"
            ],
            "discos": [],
            "langs": [
                "python"
            ]
        },
        {
            "from_full": "alpine:latest",
            "buses": [],
            "dbs": [],
            "monitors": [],
            "gates": [
                "nginx"
            ],
            "path": "/nginx/Dockerfile",
            "from": "alpine",
            "cmd": "",
            "cmd_keywords": [],
            "servers": [],
            "keywords": [
                "nginx",
                "run",
                "mkdir",
                "curl",
                "vim"
            ],
            "discos": [],
            "langs": []
        },
        {
            "from_full": "python:3.7",
            "buses": [],
            "dbs": [],
            "monitors": [],
            "gates": [],
            "path": "/client/Dockerfile",
            "from": "python",
            "cmd": "",
            "cmd_keywords": [],
            "servers": [],
            "keywords": [
                "install",
                "txt",
                "pip",
                "requirements"
            ],
            "discos": [],
            "langs": [
                "python"
            ]
        }
    ],
    "languages": [
        "python",
        "dockerfile"
    ],
    "num_services": 0,
    "num_gates": 1,
    "name": "mattjohunt/python_docker_microservices_exercise_with_solution",
    "shared_dbs": false,
    "langs": [
        "python",
        "dockerfile"
    ],
    "discos": [],
    "num_monitors": 0
}