{
    "num_discos": 0,
    "buses": [],
    "name": "mdub/shipper",
    "dbs": [],
    "num_services": 0,
    "avg_size_service": 2.0,
    "num_monitors": 0,
    "monitors": [],
    "discos": [],
    "servers": [],
    "url": "git://github.com/mdub/shipper.git",
    "num_dockers": 0,
    "files": [],
    "shared_dbs": false,
    "size": 2,
    "languages": [
        "ruby"
    ],
    "gates": [],
    "num_langs": 1,
    "structure": {
        "detected_dbs": {
            "num": 0,
            "services": [],
            "shared_dbs": false,
            "names": []
        },
        "num_services": 0,
        "path": [],
        "services": []
    },
    "dockers": [],
    "num_files": 1,
    "num_gates": 0,
    "num_dbs": 0,
    "langs": [
        "ruby"
    ],
    "images": [],
    "num_buses": 0,
    "num_servers": 0
}