{
    "buses": [],
    "num_servers": 3,
    "languages": [
        "javascript"
    ],
    "dbs": [
        "mongo"
    ],
    "num_services": 3,
    "avg_size_service": 26.0,
    "servers": [
        "express",
        "mongoose",
        "node"
    ],
    "structure": {
        "num_services": 3,
        "detected_dbs": {
            "services": [
                "mongo",
                "admin-mongo"
            ],
            "shared_dbs": true,
            "num": 2,
            "names": [
                "mongo"
            ]
        },
        "services": [
            {
                "image": "mongo",
                "buses": [],
                "image_full": "mongo",
                "dbs": [
                    "mongo"
                ],
                "depends_on": [],
                "servers": [],
                "monitors": [],
                "discos": [],
                "name": "mongo",
                "gates": []
            },
            {
                "image": "0x59/admin-mongo",
                "buses": [],
                "image_full": "0x59/admin-mongo:latest",
                "dbs": [
                    "mongo"
                ],
                "depends_on": [
                    "mongo"
                ],
                "servers": [],
                "monitors": [],
                "discos": [],
                "name": "admin-mongo",
                "gates": []
            },
            {
                "image": ".",
                "buses": [],
                "image_full": ".",
                "dbs": [],
                "depends_on": [
                    "mongo"
                ],
                "servers": [],
                "monitors": [],
                "discos": [],
                "name": "app",
                "gates": []
            }
        ],
        "path": "/docker-compose.yml"
    },
    "monitors": [],
    "num_buses": 0,
    "images": [
        "node"
    ],
    "gates": [],
    "num_gates": 0,
    "num_langs": 1,
    "langs": [
        "javascript"
    ],
    "url": "git://github.com/medaymenTN/NodeJsGraphQLDockerApp.git",
    "num_discos": 0,
    "num_files": 3,
    "files": [
        {
            "buses": [],
            "path": "/package.json",
            "dbs": [],
            "servers": [
                "mongoose",
                "express",
                "node"
            ],
            "monitors": [],
            "discos": [],
            "gates": []
        }
    ],
    "shared_dbs": true,
    "num_monitors": 0,
    "name": "medaymenTN/NodeJsGraphQLDockerApp",
    "num_dbs": 1,
    "discos": [],
    "dockers": [
        {
            "langs": [],
            "dbs": [],
            "path": "/Dockerfile",
            "servers": [
                "node"
            ],
            "monitors": [],
            "keywords": [
                "mkdir",
                "src",
                "graphqlapp",
                "usr",
                "install"
            ],
            "cmd": "npm start",
            "buses": [],
            "from_full": "node:latest",
            "from": "node",
            "discos": [],
            "cmd_keywords": [
                "start",
                "npm"
            ],
            "gates": []
        }
    ],
    "num_dockers": 1,
    "size": 26
}