{
    "size": 7,
    "num_dockers": 2,
    "discos": [],
    "num_files": 4,
    "avg_size_service": 3.5,
    "buses": [],
    "num_gates": 0,
    "langs": [
        "gcc",
        "python",
        "html",
        "dockerfile"
    ],
    "num_discos": 0,
    "num_monitors": 0,
    "dockers": [
        {
            "monitors": [],
            "cmd": "",
            "discos": [],
            "servers": [
                "flask"
            ],
            "cmd_keywords": [],
            "from": "fanoftal2/flask-crud-base",
            "path": "/Dockerfile",
            "keywords": [],
            "buses": [],
            "langs": [],
            "gates": [],
            "dbs": [],
            "from_full": "fanoftal2/flask-crud-base:1"
        },
        {
            "monitors": [],
            "cmd": "",
            "discos": [],
            "servers": [],
            "cmd_keywords": [],
            "from": "alpine",
            "path": "/base-image/Dockerfile",
            "keywords": [
                "python",
                "pip",
                "dev",
                "install",
                "ensurepip"
            ],
            "buses": [],
            "langs": [
                "gcc"
            ],
            "gates": [],
            "dbs": [
                "postgresql"
            ],
            "from_full": "alpine:3.7"
        }
    ],
    "num_dbs": 1,
    "monitors": [],
    "shared_dbs": false,
    "structure": {
        "services": [
            {
                "monitors": [],
                "buses": [],
                "image": ".",
                "image_full": ".",
                "discos": [],
                "name": "web",
                "depends_on": [
                    "db"
                ],
                "dbs": [],
                "servers": [],
                "gates": []
            },
            {
                "monitors": [],
                "buses": [],
                "image": "postgres",
                "image_full": "postgres:10",
                "discos": [],
                "name": "db",
                "depends_on": [],
                "dbs": [],
                "servers": [],
                "gates": []
            }
        ],
        "detected_dbs": {
            "num": 0,
            "names": [],
            "services": [],
            "shared_dbs": false
        },
        "num_services": 2,
        "path": "/docker-compose.yml"
    },
    "num_buses": 0,
    "servers": [
        "flask"
    ],
    "url": "git://github.com/mehemken/docker-flask-postgres.git",
    "num_services": 2,
    "gates": [],
    "files": [
        {
            "monitors": [],
            "buses": [],
            "discos": [],
            "gates": [],
            "dbs": [],
            "servers": [
                "flask"
            ],
            "path": "/base-image/requirements.txt"
        }
    ],
    "name": "mehemken/docker-flask-postgres",
    "languages": [
        "python",
        "html",
        "dockerfile"
    ],
    "images": [
        "fanoftal2/flask-crud-base",
        "alpine"
    ],
    "dbs": [
        "postgresql"
    ],
    "num_servers": 1,
    "num_langs": 4
}