{
    "dockers": [
        {
            "discos": [],
            "path": "/docker-host/microservice-discovery-eureka/src/main/docker/Dockerfile",
            "buses": [],
            "dbs": [],
            "servers": [],
            "langs": [
                "java"
            ],
            "keywords": [
                "bash",
                "touch",
                "app",
                "jar"
            ],
            "monitors": [],
            "from_full": "java:8",
            "from": "java",
            "gates": [],
            "cmd_keywords": [],
            "cmd": ""
        },
        {
            "discos": [],
            "path": "/docker-1-simple/microservice-discovery-eureka/src/main/docker/Dockerfile",
            "buses": [],
            "dbs": [],
            "servers": [],
            "langs": [
                "java"
            ],
            "keywords": [
                "bash",
                "touch",
                "app",
                "jar"
            ],
            "monitors": [],
            "from_full": "java:8",
            "from": "java",
            "gates": [],
            "cmd_keywords": [],
            "cmd": ""
        }
    ],
    "num_buses": 0,
    "languages": [
        "java"
    ],
    "discos": [],
    "name": "mhs1314/microservice-book-code-docker",
    "url": "git://github.com/mhs1314/microservice-book-code-docker.git",
    "gates": [],
    "num_monitors": 0,
    "monitors": [],
    "num_dockers": 2,
    "avg_size_service": 68.0,
    "images": [
        "java"
    ],
    "num_services": 0,
    "num_discos": 0,
    "size": 136,
    "buses": [],
    "dbs": [],
    "servers": [],
    "langs": [
        "java"
    ],
    "structure": {
        "num_services": 0,
        "services": [],
        "detected_dbs": {
            "num": 0,
            "shared_dbs": false,
            "services": [],
            "names": []
        },
        "path": "/docker-host/docker-compose.yml"
    },
    "shared_dbs": false,
    "num_servers": 0,
    "num_langs": 1,
    "num_gates": 0,
    "num_dbs": 0,
    "files": [
        {
            "path": "/docker-host/pom.xml"
        },
        {
            "path": "/docker-host/microservice-discovery-eureka/pom.xml"
        },
        {
            "path": "/docker-host/microservice-hystrix-dashboard/pom.xml"
        },
        {
            "path": "/docker-host/microservice-hystrix-turbine/pom.xml"
        },
        {
            "path": "/docker-host/microservice-provider-user/pom.xml"
        },
        {
            "path": "/docker-host/microservice-gateway-zuul/pom.xml"
        },
        {
            "path": "/docker-host/microservice-consumer-movie-ribbon-hystrix/pom.xml"
        },
        {
            "path": "/docker-2-eureka-ha/microservice-discovery-eureka-ha/pom.xml"
        },
        {
            "path": "/docker-3-complex/pom.xml"
        },
        {
            "path": "/docker-3-complex/microservice-discovery-eureka-ha/pom.xml"
        },
        {
            "path": "/docker-3-complex/microservice-hystrix-turbine/pom.xml"
        },
        {
            "path": "/docker-3-complex/microservice-provider-user/pom.xml"
        },
        {
            "path": "/docker-3-complex/microservice-gateway-zuul/pom.xml"
        },
        {
            "path": "/docker-3-complex/microservice-consumer-movie-ribbon-hystrix/pom.xml"
        },
        {
            "path": "/docker-1-simple/pom.xml"
        },
        {
            "path": "/docker-1-simple/microservice-discovery-eureka/pom.xml"
        },
        {
            "path": "/docker-1-simple/microservice-hystrix-dashboard/pom.xml"
        },
        {
            "path": "/docker-1-simple/microservice-hystrix-turbine/pom.xml"
        },
        {
            "path": "/docker-1-simple/microservice-provider-user/pom.xml"
        },
        {
            "path": "/docker-1-simple/microservice-gateway-zuul/pom.xml"
        },
        {
            "path": "/docker-1-simple/microservice-consumer-movie-ribbon-hystrix/pom.xml"
        }
    ],
    "num_files": 24
}