{
    "monitors": [],
    "structure": {
        "path": [],
        "detected_dbs": {
            "shared_dbs": false,
            "services": [],
            "names": [],
            "num": 0
        },
        "services": [],
        "num_services": 0
    },
    "num_langs": 2,
    "name": "michielswaanen/microservice-example",
    "num_dockers": 6,
    "buses": [
        "nats"
    ],
    "dbs": [
        "db"
    ],
    "size": 1905,
    "num_discos": 0,
    "shared_dbs": false,
    "discos": [],
    "images": [
        "node"
    ],
    "num_servers": 3,
    "files": [
        {
            "gates": [],
            "buses": [
                "nats"
            ],
            "monitors": [],
            "servers": [
                "express",
                "node",
                "mongoose"
            ],
            "path": "/payments/package.json",
            "discos": [],
            "dbs": [
                "mongodb"
            ]
        },
        {
            "gates": [],
            "buses": [
                "nats"
            ],
            "monitors": [],
            "servers": [
                "node"
            ],
            "path": "/expiration/package.json",
            "discos": [],
            "dbs": []
        },
        {
            "gates": [],
            "buses": [],
            "monitors": [],
            "servers": [],
            "path": "/client/package.json",
            "discos": [],
            "dbs": []
        },
        {
            "gates": [],
            "buses": [
                "nats"
            ],
            "monitors": [],
            "servers": [
                "express",
                "node",
                "mongoose"
            ],
            "path": "/tickets/package.json",
            "discos": [],
            "dbs": [
                "mongodb"
            ]
        },
        {
            "gates": [],
            "buses": [
                "nats"
            ],
            "monitors": [],
            "servers": [
                "node"
            ],
            "path": "/nats-test/package.json",
            "discos": [],
            "dbs": []
        },
        {
            "gates": [],
            "buses": [],
            "monitors": [],
            "servers": [
                "express",
                "node",
                "mongoose"
            ],
            "path": "/auth/package.json",
            "discos": [],
            "dbs": [
                "mongodb"
            ]
        },
        {
            "gates": [],
            "buses": [
                "nats"
            ],
            "monitors": [],
            "servers": [
                "express",
                "node",
                "mongoose"
            ],
            "path": "/orders/package.json",
            "discos": [],
            "dbs": [
                "mongodb"
            ]
        }
    ],
    "dockers": [
        {
            "buses": [],
            "cmd_keywords": [
                "start",
                "npm"
            ],
            "gates": [],
            "monitors": [],
            "dbs": [],
            "from": "node",
            "path": "/payments/Dockerfile",
            "from_full": "node:alpine",
            "cmd": "npm start",
            "keywords": [
                "prod",
                "only",
                "install",
                "npm"
            ],
            "discos": [],
            "servers": [
                "node"
            ],
            "langs": []
        },
        {
            "buses": [],
            "cmd_keywords": [
                "start",
                "npm"
            ],
            "gates": [],
            "monitors": [],
            "dbs": [],
            "from": "node",
            "path": "/expiration/Dockerfile",
            "from_full": "node:alpine",
            "cmd": "npm start",
            "keywords": [
                "prod",
                "only",
                "install",
                "npm"
            ],
            "discos": [],
            "servers": [
                "node"
            ],
            "langs": []
        },
        {
            "buses": [],
            "cmd_keywords": [
                "run",
                "dev",
                "npm"
            ],
            "gates": [],
            "monitors": [],
            "dbs": [],
            "from": "node",
            "path": "/client/Dockerfile",
            "from_full": "node:alpine",
            "cmd": "npm run dev",
            "keywords": [
                "install",
                "npm"
            ],
            "discos": [],
            "servers": [
                "node"
            ],
            "langs": []
        },
        {
            "buses": [],
            "cmd_keywords": [
                "start",
                "npm"
            ],
            "gates": [],
            "monitors": [],
            "dbs": [],
            "from": "node",
            "path": "/tickets/Dockerfile",
            "from_full": "node:alpine",
            "cmd": "npm start",
            "keywords": [
                "prod",
                "only",
                "install",
                "npm"
            ],
            "discos": [],
            "servers": [
                "node"
            ],
            "langs": []
        },
        {
            "buses": [],
            "cmd_keywords": [
                "start",
                "npm"
            ],
            "gates": [],
            "monitors": [],
            "dbs": [],
            "from": "node",
            "path": "/auth/Dockerfile",
            "from_full": "node:alpine",
            "cmd": "npm start",
            "keywords": [
                "prod",
                "only",
                "install",
                "npm"
            ],
            "discos": [],
            "servers": [
                "node"
            ],
            "langs": []
        },
        {
            "buses": [],
            "cmd_keywords": [
                "start",
                "npm"
            ],
            "gates": [],
            "monitors": [],
            "dbs": [],
            "from": "node",
            "path": "/orders/Dockerfile",
            "from_full": "node:alpine",
            "cmd": "npm start",
            "keywords": [
                "prod",
                "only",
                "install",
                "npm"
            ],
            "discos": [],
            "servers": [
                "node"
            ],
            "langs": []
        }
    ],
    "url": "git://github.com/michielswaanen/microservice-example.git",
    "gates": [],
    "num_files": 14,
    "num_services": 0,
    "num_gates": 0,
    "num_dbs": 1,
    "avg_size_service": 317.5,
    "langs": [
        "javascript",
        "typescript"
    ],
    "num_buses": 1,
    "languages": [
        "typescript",
        "javascript"
    ],
    "num_monitors": 0,
    "servers": [
        "express",
        "node",
        "mongoose"
    ]
}