{
    "structure": {
        "path": [],
        "services": [],
        "num_services": 0,
        "detected_dbs": {
            "names": [],
            "num": 0,
            "services": [],
            "shared_dbs": false
        }
    },
    "discos": [],
    "size": 32,
    "num_gates": 0,
    "num_langs": 1,
    "servers": [],
    "gates": [],
    "num_servers": 0,
    "num_buses": 0,
    "files": [],
    "num_dockers": 0,
    "buses": [],
    "languages": [
        "c#"
    ],
    "monitors": [],
    "dbs": [],
    "num_monitors": 0,
    "num_files": 1,
    "num_dbs": 0,
    "num_services": 0,
    "images": [],
    "url": "git://github.com/michalgruda1/ProductCatalogAPI.git",
    "dockers": [],
    "avg_size_service": 32.0,
    "shared_dbs": false,
    "num_discos": 0,
    "langs": [
        "c#"
    ],
    "name": "michalgruda1/ProductCatalogAPI"
}