{
    "num_discos": 0,
    "buses": [],
    "gates": [
        "nginx"
    ],
    "num_servers": 2,
    "num_gates": 1,
    "num_dbs": 1,
    "monitors": [],
    "num_langs": 2,
    "num_files": 4,
    "structure": {
        "services": [],
        "path": [],
        "detected_dbs": {
            "names": [],
            "num": 0,
            "services": [],
            "shared_dbs": false
        },
        "num_services": 0
    },
    "servers": [
        "laravel",
        "node"
    ],
    "shared_dbs": false,
    "langs": [
        "php",
        "vba"
    ],
    "dockers": [
        {
            "discos": [],
            "cmd": "",
            "buses": [],
            "path": "/Dockerfile",
            "from": "php",
            "cmd_keywords": [],
            "servers": [],
            "monitors": [],
            "keywords": [
                "dockerize",
                "version",
                "tar",
                "alpine",
                "amd"
            ],
            "dbs": [
                "mysql"
            ],
            "gates": [],
            "from_full": "php:7.3.6-fpm-alpine3.9",
            "langs": [
                "php"
            ]
        },
        {
            "discos": [],
            "cmd": "",
            "buses": [],
            "path": "/.docker/nginx/Dockerfile",
            "from": "nginx",
            "cmd_keywords": [],
            "servers": [],
            "monitors": [],
            "keywords": [
                "dockerize",
                "version",
                "tar",
                "linux",
                "alpine"
            ],
            "dbs": [],
            "gates": [
                "nginx"
            ],
            "from_full": "nginx:1.15.0-alpine",
            "langs": []
        }
    ],
    "name": "michaelgerson/docker-code-educadion",
    "discos": [],
    "avg_size_service": 104004.5,
    "num_monitors": 0,
    "images": [
        "php",
        "nginx"
    ],
    "url": "git://github.com/michaelgerson/docker-code-educadion.git",
    "files": [
        {
            "discos": [],
            "buses": [],
            "path": "/package.json",
            "dbs": [],
            "gates": [],
            "servers": [
                "laravel",
                "node"
            ],
            "monitors": []
        }
    ],
    "size": 208009,
    "languages": [
        "vba",
        "php"
    ],
    "dbs": [
        "mysql"
    ],
    "num_buses": 0,
    "num_services": 0,
    "num_dockers": 2
}