{
    "avg_size_service": 129.33333333333334,
    "buses": [],
    "num_dbs": 0,
    "files": [
        {
            "path": "/comments/package.json",
            "servers": [
                "express"
            ],
            "dbs": [],
            "monitors": [],
            "buses": [],
            "discos": [],
            "gates": []
        },
        {
            "path": "/posts/package.json",
            "servers": [
                "express"
            ],
            "dbs": [],
            "monitors": [],
            "buses": [],
            "discos": [],
            "gates": []
        },
        {
            "path": "/moderation/package.json",
            "servers": [
                "express"
            ],
            "dbs": [],
            "monitors": [],
            "buses": [],
            "discos": [],
            "gates": []
        },
        {
            "path": "/client/package.json",
            "servers": [],
            "dbs": [],
            "monitors": [],
            "buses": [],
            "discos": [],
            "gates": []
        },
        {
            "path": "/event-bus/package.json",
            "servers": [
                "express"
            ],
            "dbs": [],
            "monitors": [],
            "buses": [],
            "discos": [],
            "gates": []
        },
        {
            "path": "/query/package.json",
            "servers": [
                "express"
            ],
            "dbs": [],
            "monitors": [],
            "buses": [],
            "discos": [],
            "gates": []
        }
    ],
    "num_dockers": 6,
    "num_langs": 2,
    "num_servers": 2,
    "num_buses": 0,
    "num_discos": 0,
    "gates": [],
    "images": [
        "node"
    ],
    "size": 776,
    "structure": {
        "path": [],
        "num_services": 0,
        "services": [],
        "detected_dbs": {
            "shared_dbs": false,
            "num": 0,
            "names": [],
            "services": []
        }
    },
    "num_files": 13,
    "servers": [
        "express",
        "node"
    ],
    "url": "git://github.com/michgboxy2/blog-microservice.git",
    "dbs": [],
    "monitors": [],
    "dockers": [
        {
            "from_full": "node:alpine",
            "buses": [],
            "dbs": [],
            "monitors": [],
            "gates": [],
            "path": "/comments/Dockerfile",
            "from": "node",
            "cmd": "npm start",
            "cmd_keywords": [
                "start",
                "npm"
            ],
            "servers": [
                "node"
            ],
            "keywords": [
                "install",
                "npm"
            ],
            "discos": [],
            "langs": []
        },
        {
            "from_full": "node:alpine",
            "buses": [],
            "dbs": [],
            "monitors": [],
            "gates": [],
            "path": "/posts/Dockerfile",
            "from": "node",
            "cmd": "npm start",
            "cmd_keywords": [
                "start",
                "npm"
            ],
            "servers": [
                "node"
            ],
            "keywords": [
                "install",
                "npm"
            ],
            "discos": [],
            "langs": []
        },
        {
            "from_full": "node:alpine",
            "buses": [],
            "dbs": [],
            "monitors": [],
            "gates": [],
            "path": "/moderation/Dockerfile",
            "from": "node",
            "cmd": "npm start",
            "cmd_keywords": [
                "start",
                "npm"
            ],
            "servers": [
                "node"
            ],
            "keywords": [
                "install",
                "npm"
            ],
            "discos": [],
            "langs": []
        },
        {
            "from_full": "node:alpine",
            "buses": [],
            "dbs": [],
            "monitors": [],
            "gates": [],
            "path": "/client/Dockerfile",
            "from": "node",
            "cmd": "npm start",
            "cmd_keywords": [
                "start",
                "npm"
            ],
            "servers": [
                "node"
            ],
            "keywords": [
                "install",
                "npm"
            ],
            "discos": [],
            "langs": []
        },
        {
            "from_full": "node:alpine",
            "buses": [],
            "dbs": [],
            "monitors": [],
            "gates": [],
            "path": "/event-bus/Dockerfile",
            "from": "node",
            "cmd": "npm start",
            "cmd_keywords": [
                "start",
                "npm"
            ],
            "servers": [
                "node"
            ],
            "keywords": [
                "install",
                "npm"
            ],
            "discos": [],
            "langs": []
        },
        {
            "from_full": "node:alpine",
            "buses": [],
            "dbs": [],
            "monitors": [],
            "gates": [],
            "path": "/query/Dockerfile",
            "from": "node",
            "cmd": "npm start",
            "cmd_keywords": [
                "start",
                "npm"
            ],
            "servers": [
                "node"
            ],
            "keywords": [
                "install",
                "npm"
            ],
            "discos": [],
            "langs": []
        }
    ],
    "languages": [
        "javascript",
        "html"
    ],
    "num_services": 0,
    "num_gates": 0,
    "name": "michgboxy2/blog-microservice",
    "shared_dbs": false,
    "langs": [
        "javascript",
        "html"
    ],
    "discos": [],
    "num_monitors": 0
}