{
    "num_services": 2,
    "num_buses": 0,
    "files": [
        {
            "gates": [],
            "buses": [],
            "monitors": [],
            "servers": [
                "express",
                "mongoose",
                "node"
            ],
            "path": "/employee-service/package.json",
            "discos": [],
            "dbs": []
        }
    ],
    "num_dbs": 1,
    "num_discos": 0,
    "languages": [
        "typescript"
    ],
    "num_langs": 1,
    "images": [
        "node"
    ],
    "buses": [],
    "size": 39,
    "servers": [
        "express",
        "mongoose",
        "node"
    ],
    "num_gates": 0,
    "discos": [],
    "num_monitors": 0,
    "avg_size_service": 39.0,
    "langs": [
        "typescript"
    ],
    "dockers": [
        {
            "keywords": [
                "npm",
                "run",
                "build",
                "install"
            ],
            "buses": [],
            "langs": [],
            "path": "/employee-service/Dockerfile",
            "cmd": "node dist/index.js",
            "gates": [],
            "from": "node",
            "monitors": [],
            "servers": [
                "node"
            ],
            "from_full": "node",
            "discos": [],
            "cmd_keywords": [
                "index",
                "dist",
                "node"
            ],
            "dbs": []
        }
    ],
    "name": "michaelfidelis/docker-microservices",
    "url": "git://github.com/michaelfidelis/docker-microservices.git",
    "gates": [],
    "num_servers": 3,
    "monitors": [],
    "num_files": 3,
    "shared_dbs": false,
    "num_dockers": 1,
    "dbs": [
        "mongo"
    ],
    "structure": {
        "num_services": 2,
        "path": "/docker-compose.yml",
        "services": [
            {
                "gates": [],
                "buses": [],
                "dbs": [],
                "monitors": [],
                "image": "employee-service",
                "image_full": "employee-service",
                "servers": [],
                "discos": [],
                "depends_on": [],
                "name": "employee-service"
            },
            {
                "gates": [],
                "buses": [],
                "dbs": [
                    "mongo"
                ],
                "monitors": [],
                "image": "mongo",
                "image_full": "mongo:3.4",
                "servers": [],
                "discos": [],
                "depends_on": [],
                "name": "database"
            }
        ],
        "detected_dbs": {
            "shared_dbs": false,
            "num": 1,
            "services": [
                "database"
            ],
            "names": [
                "mongo"
            ]
        }
    }
}