{
    "discos": [],
    "avg_size_service": 191.5,
    "buses": [
        "nats"
    ],
    "num_gates": 0,
    "name": "microscaling/microbadger",
    "structure": {
        "path": "/docker-compose.yml",
        "services": [
            {
                "name": "notifier",
                "dbs": [],
                "depends_on": [
                    "nats",
                    "postgres"
                ],
                "discos": [],
                "image_full": ".",
                "image": ".",
                "servers": [],
                "buses": [],
                "monitors": [],
                "gates": []
            },
            {
                "name": "nats",
                "dbs": [],
                "depends_on": [],
                "discos": [],
                "image_full": "nats:2.1.7-alpine",
                "image": "nats",
                "servers": [],
                "buses": [
                    "nats"
                ],
                "monitors": [],
                "gates": []
            },
            {
                "name": "postgres",
                "dbs": [],
                "depends_on": [],
                "discos": [],
                "image_full": "postgres",
                "image": "postgres",
                "servers": [],
                "buses": [],
                "monitors": [],
                "gates": []
            },
            {
                "name": "inspector",
                "dbs": [],
                "depends_on": [
                    "nats",
                    "postgres"
                ],
                "discos": [],
                "image_full": ".",
                "image": ".",
                "servers": [],
                "buses": [],
                "monitors": [],
                "gates": []
            },
            {
                "name": "api",
                "dbs": [],
                "depends_on": [
                    "nats",
                    "postgres"
                ],
                "discos": [],
                "image_full": ".",
                "image": ".",
                "servers": [],
                "buses": [],
                "monitors": [],
                "gates": []
            },
            {
                "name": "size",
                "dbs": [],
                "depends_on": [
                    "nats",
                    "postgres"
                ],
                "discos": [],
                "image_full": ".",
                "image": ".",
                "servers": [],
                "buses": [],
                "monitors": [],
                "gates": []
            }
        ],
        "detected_dbs": {
            "names": [],
            "num": 0,
            "shared_dbs": false,
            "services": []
        },
        "num_services": 6
    },
    "dbs": [],
    "dockers": [
        {
            "langs": [],
            "cmd_keywords": [],
            "from_full": "alpine:3.11",
            "buses": [],
            "monitors": [],
            "from": "alpine",
            "keywords": [
                "app",
                "chown",
                "notifier",
                "microbadger",
                "chmod"
            ],
            "gates": [],
            "path": "/Dockerfile",
            "dbs": [],
            "discos": [],
            "cmd": "",
            "servers": []
        },
        {
            "langs": [],
            "cmd_keywords": [],
            "from_full": "postgres:10.6",
            "buses": [],
            "monitors": [],
            "from": "postgres",
            "keywords": [],
            "gates": [],
            "path": "/postgres/Dockerfile",
            "dbs": [],
            "discos": [],
            "cmd": "",
            "servers": []
        }
    ],
    "gates": [],
    "size": 383,
    "num_monitors": 0,
    "images": [
        "alpine",
        "postgres"
    ],
    "num_buses": 1,
    "num_services": 6,
    "servers": [],
    "shared_dbs": false,
    "monitors": [],
    "num_discos": 0,
    "languages": [
        "go"
    ],
    "url": "git://github.com/microscaling/microbadger.git",
    "langs": [
        "go"
    ],
    "num_dbs": 0,
    "num_servers": 0,
    "num_langs": 1,
    "files": [],
    "num_dockers": 2,
    "num_files": 3
}