{
    "languages": [
        "dockerfile",
        "shell"
    ],
    "dockers": [
        {
            "buses": [],
            "from_full": "python:${TAG}",
            "keywords": [
                "apk",
                "build",
                "cache",
                "user",
                "app"
            ],
            "from": "python",
            "dbs": [],
            "cmd": "",
            "path": "/alpine/Dockerfile",
            "servers": [],
            "langs": [
                "python"
            ],
            "monitors": [],
            "gates": [],
            "discos": [],
            "cmd_keywords": []
        },
        {
            "buses": [],
            "from_full": "python:${TAG}",
            "keywords": [
                "apt",
                "user",
                "get",
                "app",
                "eux"
            ],
            "from": "python",
            "dbs": [],
            "cmd": "",
            "path": "/debian/Dockerfile",
            "servers": [],
            "langs": [
                "python"
            ],
            "monitors": [],
            "gates": [],
            "discos": [],
            "cmd_keywords": []
        }
    ],
    "num_dockers": 2,
    "url": "git://github.com/Midnighter/fastapi-base.git",
    "structure": {
        "path": [],
        "num_services": 0,
        "detected_dbs": {
            "num": 0,
            "shared_dbs": false,
            "names": [],
            "services": []
        },
        "services": []
    },
    "num_files": 3,
    "dbs": [],
    "images": [
        "python"
    ],
    "num_dbs": 0,
    "langs": [
        "dockerfile",
        "shell",
        "python"
    ],
    "servers": [],
    "num_monitors": 0,
    "gates": [],
    "discos": [],
    "num_discos": 0,
    "files": [],
    "buses": [],
    "num_services": 0,
    "num_gates": 0,
    "avg_size_service": 19.5,
    "shared_dbs": false,
    "size": 39,
    "name": "Midnighter/fastapi-base",
    "num_buses": 0,
    "monitors": [],
    "num_servers": 0,
    "num_langs": 3
}