{
    "discos": [],
    "avg_size_service": 3.0,
    "buses": [],
    "num_gates": 0,
    "name": "mikenowak/docker-nessus",
    "structure": {
        "path": [],
        "services": [],
        "detected_dbs": {
            "names": [],
            "num": 0,
            "shared_dbs": false,
            "services": []
        },
        "num_services": 0
    },
    "dbs": [],
    "dockers": [
        {
            "langs": [],
            "cmd_keywords": [
                "nessus",
                "service",
                "opt",
                "sbin"
            ],
            "from_full": "centos:7",
            "buses": [],
            "monitors": [],
            "from": "centos",
            "keywords": [
                "nessus",
                "rpm",
                "download",
                "tenable",
                "version"
            ],
            "gates": [],
            "path": "/Dockerfile",
            "dbs": [],
            "discos": [],
            "cmd": "/opt/nessus/sbin/nessus-service",
            "servers": []
        }
    ],
    "gates": [],
    "size": 3,
    "num_monitors": 0,
    "images": [
        "centos"
    ],
    "num_buses": 0,
    "num_services": 0,
    "servers": [],
    "shared_dbs": false,
    "monitors": [],
    "num_discos": 0,
    "languages": [
        "dockerfile",
        "shell"
    ],
    "url": "git://github.com/mikenowak/docker-nessus.git",
    "langs": [
        "dockerfile",
        "shell"
    ],
    "num_dbs": 0,
    "num_servers": 0,
    "num_langs": 2,
    "files": [],
    "num_dockers": 1,
    "num_files": 2
}