{
    "discos": [],
    "avg_size_service": 6.0,
    "buses": [],
    "num_gates": 0,
    "name": "MITLibraries/docker-cantaloupe",
    "structure": {
        "path": "/docker-compose.yml",
        "services": [
            {
                "name": "cantaloupe",
                "dbs": [],
                "depends_on": [
                    "minio"
                ],
                "discos": [],
                "image_full": "cantaloupe",
                "image": "cantaloupe",
                "servers": [],
                "buses": [],
                "monitors": [],
                "gates": []
            },
            {
                "name": "minio",
                "dbs": [],
                "depends_on": [],
                "discos": [],
                "image_full": "minio/minio",
                "image": "minio/minio",
                "servers": [],
                "buses": [],
                "monitors": [],
                "gates": []
            }
        ],
        "detected_dbs": {
            "names": [],
            "num": 0,
            "shared_dbs": false,
            "services": []
        },
        "num_services": 2
    },
    "dbs": [],
    "dockers": [
        {
            "langs": [
                "java"
            ],
            "cmd_keywords": [
                "cantaloupe",
                "jar",
                "properties",
                "war",
                "java"
            ],
            "from_full": "debian:buster",
            "buses": [],
            "monitors": [],
            "from": "debian",
            "keywords": [
                "cantaloupe",
                "get",
                "apt",
                "version",
                "var"
            ],
            "gates": [],
            "path": "/Dockerfile",
            "dbs": [],
            "discos": [],
            "cmd": "sh -c java -Dcantaloupe.config=/cantaloupe/cantaloupe.properties.sample -jar /cantaloupe/cantaloupe-$CANTALOUPE_VERSION.war",
            "servers": []
        }
    ],
    "gates": [],
    "size": 6,
    "num_monitors": 0,
    "images": [
        "debian"
    ],
    "num_buses": 0,
    "num_services": 2,
    "servers": [],
    "shared_dbs": false,
    "monitors": [],
    "num_discos": 0,
    "languages": [
        "makefile",
        "dockerfile"
    ],
    "url": "git://github.com/MITLibraries/docker-cantaloupe.git",
    "langs": [
        "dockerfile",
        "makefile",
        "java"
    ],
    "num_dbs": 0,
    "num_servers": 0,
    "num_langs": 3,
    "files": [],
    "num_dockers": 1,
    "num_files": 2
}