{
    "num_discos": 0,
    "url": "git://github.com/mitni455/docker-nodejs-swagger-travisci.git",
    "num_servers": 2,
    "discos": [],
    "dbs": [],
    "num_gates": 0,
    "name": "mitni455/docker-nodejs-swagger-travisci",
    "num_langs": 2,
    "num_dockers": 1,
    "images": [
        "node"
    ],
    "size": 6,
    "langs": [
        "javascript",
        "shell"
    ],
    "dockers": [
        {
            "cmd": "start",
            "servers": [
                "node"
            ],
            "path": "/Dockerfile",
            "discos": [],
            "dbs": [],
            "from": "node",
            "from_full": "node:8.6-alpine",
            "monitors": [],
            "cmd_keywords": [
                "start"
            ],
            "gates": [],
            "buses": [],
            "langs": [],
            "keywords": [
                "mkdir",
                "silent",
                "install",
                "usr",
                "npm"
            ]
        }
    ],
    "num_services": 1,
    "shared_dbs": false,
    "languages": [
        "javascript",
        "shell"
    ],
    "servers": [
        "express",
        "node"
    ],
    "buses": [],
    "num_files": 3,
    "structure": {
        "services": [
            {
                "name": "books-microservice",
                "image": "serviceimage",
                "image_full": "serviceimage:develop",
                "gates": [],
                "servers": [],
                "buses": [],
                "discos": [],
                "dbs": [],
                "monitors": [],
                "depends_on": []
            }
        ],
        "path": "/docker-compose.yml",
        "detected_dbs": {
            "names": [],
            "shared_dbs": false,
            "num": 0,
            "services": []
        },
        "num_services": 1
    },
    "avg_size_service": 6.0,
    "monitors": [],
    "gates": [],
    "num_monitors": 0,
    "num_dbs": 0,
    "num_buses": 0,
    "files": [
        {
            "monitors": [],
            "gates": [],
            "buses": [],
            "servers": [
                "node",
                "express"
            ],
            "path": "/package.json",
            "discos": [],
            "dbs": []
        }
    ]
}