{
    "dbs": [],
    "num_langs": 1,
    "buses": [],
    "monitors": [],
    "num_services": 0,
    "num_dbs": 0,
    "num_servers": 2,
    "discos": [],
    "dockers": [
        {
            "servers": [
                "node"
            ],
            "buses": [],
            "monitors": [],
            "cmd_keywords": [
                "prod",
                "npm",
                "run"
            ],
            "from_full": "node:12",
            "gates": [],
            "dbs": [],
            "from": "node",
            "cmd": "npm run prod",
            "discos": [],
            "langs": [],
            "path": "/udacity-c3-image-filter/Dockerfile",
            "keywords": [
                "npm"
            ]
        },
        {
            "servers": [],
            "buses": [],
            "monitors": [],
            "cmd_keywords": [],
            "from_full": "nginx:alpine",
            "gates": [
                "nginx"
            ],
            "dbs": [],
            "from": "nginx",
            "cmd": "",
            "discos": [],
            "langs": [],
            "path": "/udacity-c3-frontend/Dockerfile",
            "keywords": [
                "build",
                "ionic",
                "development",
                "env",
                "npm"
            ]
        },
        {
            "servers": [
                "node"
            ],
            "buses": [],
            "monitors": [],
            "cmd_keywords": [
                "prod",
                "npm",
                "run"
            ],
            "from_full": "node:12",
            "gates": [],
            "dbs": [],
            "from": "node",
            "cmd": "npm run prod",
            "discos": [],
            "langs": [],
            "path": "/udacity-c3-restapi-feed/Dockerfile",
            "keywords": [
                "npm"
            ]
        },
        {
            "servers": [
                "node"
            ],
            "buses": [],
            "monitors": [],
            "cmd_keywords": [
                "prod",
                "npm",
                "run"
            ],
            "from_full": "node:12",
            "gates": [],
            "dbs": [],
            "from": "node",
            "cmd": "npm run prod",
            "discos": [],
            "langs": [],
            "path": "/udacity-c3-restapi-user/Dockerfile",
            "keywords": [
                "npm"
            ]
        },
        {
            "servers": [],
            "buses": [],
            "monitors": [],
            "cmd_keywords": [],
            "from_full": "nginx:alpine",
            "gates": [
                "nginx"
            ],
            "dbs": [],
            "from": "nginx",
            "cmd": "",
            "discos": [],
            "langs": [],
            "path": "/udacity-c3-deployment/docker/Dockerfile",
            "keywords": []
        }
    ],
    "num_files": 10,
    "num_dockers": 5,
    "images": [
        "nginx",
        "node"
    ],
    "size": 13091,
    "servers": [
        "express",
        "node"
    ],
    "structure": {
        "detected_dbs": {
            "names": [],
            "shared_dbs": false,
            "services": [],
            "num": 0
        },
        "num_services": 0,
        "path": [],
        "services": []
    },
    "num_discos": 0,
    "files": [
        {
            "servers": [
                "express",
                "node"
            ],
            "gates": [],
            "dbs": [],
            "buses": [],
            "monitors": [],
            "discos": [],
            "path": "/udacity-c3-image-filter/package.json"
        },
        {
            "servers": [
                "node"
            ],
            "gates": [],
            "dbs": [],
            "buses": [],
            "monitors": [],
            "discos": [],
            "path": "/udacity-c3-frontend/package.json"
        },
        {
            "servers": [
                "express",
                "node"
            ],
            "gates": [],
            "dbs": [],
            "buses": [],
            "monitors": [],
            "discos": [],
            "path": "/udacity-c3-restapi-feed/package.json"
        },
        {
            "servers": [
                "express",
                "node"
            ],
            "gates": [],
            "dbs": [],
            "buses": [],
            "monitors": [],
            "discos": [],
            "path": "/udacity-c3-restapi-user/package.json"
        }
    ],
    "num_monitors": 0,
    "num_buses": 0,
    "num_gates": 1,
    "gates": [
        "nginx"
    ],
    "name": "mohllal/udagram-microservices",
    "avg_size_service": 2618.2,
    "url": "git://github.com/mohllal/udagram-microservices.git",
    "shared_dbs": false,
    "langs": [
        "typescript"
    ],
    "languages": [
        "typescript"
    ]
}