{
    "size": 29,
    "num_dockers": 1,
    "discos": [],
    "num_files": 2,
    "avg_size_service": 29.0,
    "buses": [],
    "num_gates": 1,
    "langs": [
        "shell",
        "dockerfile",
        "php"
    ],
    "num_discos": 0,
    "num_monitors": 0,
    "dockers": [
        {
            "monitors": [],
            "cmd": "supervisord -n -c /etc/supervisord.conf",
            "discos": [],
            "servers": [
                "node"
            ],
            "cmd_keywords": [
                "supervisord",
                "conf",
                "etc"
            ],
            "from": "alpine",
            "path": "/Dockerfile",
            "keywords": [
                "php",
                "humhub",
                "apk",
                "cache",
                "add"
            ],
            "buses": [],
            "langs": [
                "php"
            ],
            "gates": [
                "nginx"
            ],
            "dbs": [
                "mysql"
            ],
            "from_full": "alpine:3.12.0"
        }
    ],
    "num_dbs": 1,
    "monitors": [],
    "shared_dbs": false,
    "structure": {
        "services": [
            {
                "monitors": [],
                "buses": [],
                "image": "mariadb",
                "image_full": "mariadb",
                "discos": [],
                "name": "db",
                "depends_on": [],
                "dbs": [
                    "mariadb"
                ],
                "servers": [],
                "gates": []
            },
            {
                "monitors": [],
                "buses": [],
                "image": ".",
                "image_full": ".",
                "discos": [],
                "name": "humhub",
                "depends_on": [],
                "dbs": [],
                "servers": [],
                "gates": []
            }
        ],
        "detected_dbs": {
            "num": 1,
            "names": [
                "mariadb"
            ],
            "services": [
                "db"
            ],
            "shared_dbs": false
        },
        "num_services": 2,
        "path": "/docker-compose.yml"
    },
    "num_buses": 0,
    "servers": [
        "node"
    ],
    "url": "git://github.com/mriedmann/humhub-docker.git",
    "num_services": 2,
    "gates": [
        "nginx"
    ],
    "files": [],
    "name": "mriedmann/humhub-docker",
    "languages": [
        "php",
        "shell",
        "dockerfile"
    ],
    "images": [
        "alpine"
    ],
    "dbs": [
        "mysql"
    ],
    "num_servers": 1,
    "num_langs": 3
}