{
    "gates": [],
    "num_gates": 0,
    "size": 151,
    "shared_dbs": false,
    "num_services": 3,
    "num_dbs": 1,
    "name": "muhibbudins/prisma-rest",
    "dbs": [
        "mysql"
    ],
    "buses": [],
    "num_dockers": 0,
    "images": [],
    "monitors": [],
    "files": [
        {
            "gates": [],
            "dbs": [],
            "buses": [],
            "path": "/adonis/package.json",
            "monitors": [],
            "discos": [],
            "servers": [
                "node"
            ]
        }
    ],
    "structure": {
        "detected_dbs": {
            "services": [
                "mysql"
            ],
            "names": [
                "mysql"
            ],
            "num": 1,
            "shared_dbs": false
        },
        "services": [
            {
                "gates": [],
                "monitors": [],
                "dbs": [
                    "mysql"
                ],
                "buses": [],
                "depends_on": [],
                "image_full": "mysql:5.7",
                "image": "mysql",
                "servers": [],
                "discos": [],
                "name": "mysql"
            },
            {
                "gates": [],
                "monitors": [],
                "dbs": [],
                "buses": [],
                "depends_on": [],
                "image_full": "prismagraphql/prisma:1.14",
                "image": "prismagraphql/prisma",
                "servers": [],
                "discos": [],
                "name": "prisma"
            },
            {
                "gates": [],
                "monitors": [],
                "dbs": [],
                "buses": [],
                "depends_on": [
                    "mysql"
                ],
                "image_full": "./adonis",
                "image": "./adonis",
                "servers": [],
                "discos": [],
                "name": "adonis"
            }
        ],
        "path": "/docker-compose.yml",
        "num_services": 3
    },
    "servers": [
        "node"
    ],
    "num_discos": 0,
    "discos": [],
    "num_monitors": 0,
    "url": "git://github.com/muhibbudins/prisma-rest.git",
    "langs": [
        "javascript"
    ],
    "num_langs": 1,
    "dockers": [],
    "avg_size_service": 151.0,
    "languages": [
        "javascript"
    ],
    "num_buses": 0,
    "num_files": 2,
    "num_servers": 1
}