{
    "gates": [],
    "images": [
        "microsoft/aspnetcore"
    ],
    "num_dbs": 0,
    "structure": {
        "num_services": 0,
        "path": "/ShoesOnContainersV4/docker-compose.yml",
        "services": [],
        "detected_dbs": {
            "num": 0,
            "services": [],
            "shared_dbs": false,
            "names": []
        }
    },
    "num_files": 4,
    "num_gates": 0,
    "discos": [],
    "num_dockers": 3,
    "shared_dbs": false,
    "languages": [
        "c#",
        "css",
        "html"
    ],
    "name": "MutasimMalik/Freestyle-Shoes",
    "num_langs": 3,
    "avg_size_service": 9887.0,
    "monitors": [],
    "num_servers": 0,
    "num_services": 0,
    "dbs": [],
    "langs": [
        "html",
        "c#",
        "css"
    ],
    "dockers": [
        {
            "gates": [],
            "path": "/ShoesOnContainersV4/src/Services/TokenServiceApi/Dockerfile",
            "langs": [],
            "dbs": [],
            "buses": [],
            "servers": [],
            "from": "microsoft/aspnetcore",
            "discos": [],
            "from_full": "microsoft/aspnetcore:2.0",
            "cmd": "",
            "monitors": [],
            "cmd_keywords": [],
            "keywords": [
                "dotnet",
                "release",
                "publish",
                "out",
                "restore"
            ]
        },
        {
            "gates": [],
            "path": "/ShoesOnContainersV4/src/Services/ProductCatalogApi/Dockerfile",
            "langs": [],
            "dbs": [],
            "buses": [],
            "servers": [],
            "from": "microsoft/aspnetcore",
            "discos": [],
            "from_full": "microsoft/aspnetcore:2.0",
            "cmd": "",
            "monitors": [],
            "cmd_keywords": [],
            "keywords": [
                "dotnet",
                "release",
                "publish",
                "out",
                "restore"
            ]
        },
        {
            "gates": [],
            "path": "/ShoesOnContainersV4/src/Web/WebMvc/Dockerfile",
            "langs": [],
            "dbs": [],
            "buses": [],
            "servers": [],
            "from": "microsoft/aspnetcore",
            "discos": [],
            "from_full": "microsoft/aspnetcore:2.0",
            "cmd": "",
            "monitors": [],
            "cmd_keywords": [],
            "keywords": [
                "dotnet",
                "release",
                "publish",
                "out",
                "restore"
            ]
        }
    ],
    "buses": [],
    "servers": [],
    "size": 29661,
    "files": [],
    "num_buses": 0,
    "num_monitors": 0,
    "url": "git://github.com/MutasimMalik/Freestyle-Shoes.git",
    "num_discos": 0
}