{
    "discos": [],
    "avg_size_service": 1.1818181818181819,
    "buses": [],
    "num_gates": 0,
    "name": "nathanleclaire/dockerfiles",
    "structure": {
        "path": "/ansible/docker-compose.yml",
        "services": [],
        "detected_dbs": {
            "names": [],
            "num": 0,
            "shared_dbs": false,
            "services": []
        },
        "num_services": 0
    },
    "dbs": [],
    "dockers": [
        {
            "langs": [],
            "cmd_keywords": [
                "bootstrap",
                "playbooks",
                "yml"
            ],
            "from_full": "debian:jessie",
            "buses": [],
            "monitors": [],
            "from": "debian",
            "keywords": [
                "apt",
                "get",
                "install",
                "ansible",
                "ssh"
            ],
            "gates": [],
            "path": "/ansible/Dockerfile",
            "dbs": [],
            "discos": [],
            "cmd": "/playbooks/bootstrap.yml",
            "servers": []
        },
        {
            "langs": [],
            "cmd_keywords": [
                "riemann",
                "etc",
                "config"
            ],
            "from_full": "debian:jessie",
            "buses": [],
            "monitors": [],
            "from": "debian",
            "keywords": [
                "riemann",
                "apt",
                "get",
                "install",
                "version"
            ],
            "gates": [],
            "path": "/riemann-server/Dockerfile",
            "dbs": [],
            "discos": [],
            "cmd": "riemann /etc/riemann/riemann.config",
            "servers": []
        },
        {
            "langs": [],
            "cmd_keywords": [],
            "from_full": "debian:jessie",
            "buses": [],
            "monitors": [],
            "from": "debian",
            "keywords": [
                "apt",
                "install",
                "get",
                "utils",
                "lists"
            ],
            "gates": [],
            "path": "/ab/Dockerfile",
            "dbs": [],
            "discos": [],
            "cmd": "",
            "servers": []
        },
        {
            "langs": [],
            "cmd_keywords": [],
            "from_full": "debian:jessie",
            "buses": [],
            "monitors": [],
            "from": "debian",
            "keywords": [],
            "gates": [],
            "path": "/tailf/Dockerfile",
            "dbs": [],
            "discos": [],
            "cmd": "",
            "servers": []
        },
        {
            "langs": [],
            "cmd_keywords": [
                "fah",
                "passkey",
                "team",
                "usage",
                "user"
            ],
            "from_full": "debian",
            "buses": [],
            "monitors": [],
            "from": "debian",
            "keywords": [
                "force",
                "deb",
                "depends",
                "dpkg",
                "fah"
            ],
            "gates": [],
            "path": "/folding-at-home/Dockerfile",
            "dbs": [],
            "discos": [],
            "cmd": "FAHClient --user=\"$FAH_USER\" --team=\"$FAH_TEAM\" --passkey=\"$FAH_PASSKEY\" --cpu-usage=\"$FAH_CPU_USAGE\"",
            "servers": []
        },
        {
            "langs": [
                "python"
            ],
            "cmd_keywords": [],
            "from_full": "debian:jessie",
            "buses": [],
            "monitors": [],
            "from": "debian",
            "keywords": [
                "dev",
                "libhdf",
                "lib",
                "apt",
                "linux"
            ],
            "gates": [],
            "path": "/caffe/Dockerfile",
            "dbs": [],
            "discos": [],
            "cmd": "",
            "servers": []
        },
        {
            "langs": [
                "python"
            ],
            "cmd_keywords": [],
            "from_full": "debian:jessie",
            "buses": [],
            "monitors": [],
            "from": "debian",
            "keywords": [
                "python",
                "install",
                "pip",
                "dev",
                "apt"
            ],
            "gates": [],
            "path": "/keras/Dockerfile",
            "dbs": [],
            "discos": [],
            "cmd": "",
            "servers": []
        },
        {
            "langs": [],
            "cmd_keywords": [],
            "from_full": "alpine",
            "buses": [],
            "monitors": [],
            "from": "alpine",
            "keywords": [
                "add",
                "apk",
                "update",
                "curl"
            ],
            "gates": [],
            "path": "/curl/Dockerfile",
            "dbs": [],
            "discos": [],
            "cmd": "",
            "servers": []
        },
        {
            "path": "/machine/Dockerfile",
            "cmd": "",
            "cmd_keywords": [],
            "from": ""
        },
        {
            "langs": [
                "ruby"
            ],
            "cmd_keywords": [],
            "from_full": "debian",
            "buses": [],
            "monitors": [],
            "from": "debian",
            "keywords": [
                "ruby",
                "get",
                "install",
                "dev",
                "apt"
            ],
            "gates": [],
            "path": "/riemann-health/Dockerfile",
            "dbs": [],
            "discos": [],
            "cmd": "",
            "servers": []
        },
        {
            "langs": [
                "ruby"
            ],
            "cmd_keywords": [
                "dash",
                "riemann"
            ],
            "from_full": "debian",
            "buses": [],
            "monitors": [],
            "from": "debian",
            "keywords": [
                "install",
                "get",
                "apt",
                "ruby",
                "dash"
            ],
            "gates": [],
            "path": "/riemann-dash/Dockerfile",
            "dbs": [],
            "discos": [],
            "cmd": "riemann-dash",
            "servers": []
        }
    ],
    "gates": [],
    "size": 13,
    "num_monitors": 0,
    "images": [
        "alpine",
        "debian"
    ],
    "num_buses": 0,
    "num_services": 0,
    "servers": [],
    "shared_dbs": false,
    "monitors": [],
    "num_discos": 0,
    "languages": [
        "dockerfile",
        "python",
        "shell"
    ],
    "url": "git://github.com/nathanleclaire/dockerfiles.git",
    "langs": [
        "ruby",
        "dockerfile",
        "python",
        "shell"
    ],
    "num_dbs": 0,
    "num_servers": 0,
    "num_langs": 4,
    "files": [],
    "num_dockers": 11,
    "num_files": 12
}