{
    "files": [
        {
            "monitors": [],
            "discos": [],
            "buses": [],
            "gates": [],
            "path": "/build.gradle",
            "dbs": [],
            "servers": []
        },
        {
            "monitors": [],
            "discos": [
                "consul",
                "eureka"
            ],
            "buses": [],
            "gates": [
                "gateway"
            ],
            "path": "/settings.gradle",
            "dbs": [],
            "servers": []
        },
        {
            "monitors": [],
            "discos": [
                "eureka"
            ],
            "buses": [],
            "gates": [],
            "path": "/eureka-client/build.gradle",
            "dbs": [],
            "servers": [
                "spring"
            ]
        },
        {
            "monitors": [],
            "discos": [],
            "buses": [],
            "gates": [],
            "path": "/api-utils/build.gradle",
            "dbs": [],
            "servers": [
                "spring"
            ]
        },
        {
            "monitors": [],
            "discos": [
                "eureka"
            ],
            "buses": [],
            "gates": [
                "gateway",
                "zuul"
            ],
            "path": "/api-gateway/build.gradle",
            "dbs": [],
            "servers": [
                "spring"
            ]
        },
        {
            "monitors": [],
            "discos": [
                "eureka"
            ],
            "buses": [],
            "gates": [],
            "path": "/eureka-server/build.gradle",
            "dbs": [],
            "servers": [
                "spring"
            ]
        },
        {
            "monitors": [],
            "discos": [
                "eureka"
            ],
            "buses": [],
            "gates": [],
            "path": "/service-order/build.gradle",
            "dbs": [
                "mysql"
            ],
            "servers": [
                "spring"
            ]
        },
        {
            "monitors": [],
            "discos": [],
            "buses": [],
            "gates": [],
            "path": "/service-order-bdd/build.gradle",
            "dbs": [],
            "servers": [
                "spring"
            ]
        },
        {
            "monitors": [],
            "discos": [],
            "buses": [],
            "gates": [],
            "path": "/gatling/build.gradle",
            "dbs": [],
            "servers": []
        },
        {
            "monitors": [],
            "discos": [
                "eureka"
            ],
            "buses": [],
            "gates": [],
            "path": "/config-server/build.gradle",
            "dbs": [],
            "servers": [
                "spring"
            ]
        },
        {
            "monitors": [],
            "discos": [
                "eureka"
            ],
            "buses": [],
            "gates": [],
            "path": "/bff/build.gradle",
            "dbs": [],
            "servers": [
                "spring"
            ]
        },
        {
            "monitors": [],
            "discos": [
                "eureka"
            ],
            "buses": [],
            "gates": [],
            "path": "/service-vehicle/build.gradle",
            "dbs": [
                "mysql"
            ],
            "servers": [
                "spring"
            ]
        },
        {
            "monitors": [],
            "discos": [
                "eureka"
            ],
            "buses": [],
            "gates": [],
            "path": "/zipkin-server/build.gradle",
            "dbs": [],
            "servers": [
                "spring"
            ]
        },
        {
            "monitors": [],
            "discos": [
                "consul"
            ],
            "buses": [],
            "gates": [],
            "path": "/consul-client/build.gradle",
            "dbs": [],
            "servers": [
                "spring"
            ]
        }
    ],
    "num_services": 8,
    "discos": [
        "eureka",
        "consul"
    ],
    "dbs": [
        "mysql",
        "oracle"
    ],
    "avg_size_service": 103.0,
    "name": "ndrlslz/micro-service",
    "num_buses": 0,
    "num_langs": 3,
    "monitors": [],
    "num_files": 25,
    "langs": [
        "bash",
        "shell",
        "java"
    ],
    "num_gates": 1,
    "dockers": [
        {
            "monitors": [],
            "discos": [],
            "dbs": [],
            "gates": [],
            "path": "/eureka-client/docker/Dockerfile",
            "cmd_keywords": [
                "run"
            ],
            "from_full": "infra-image",
            "servers": [],
            "buses": [],
            "langs": [],
            "cmd": "./run.sh",
            "from": "infra-image",
            "keywords": []
        },
        {
            "monitors": [],
            "discos": [],
            "dbs": [],
            "gates": [],
            "path": "/api-gateway/docker/Dockerfile",
            "cmd_keywords": [
                "run"
            ],
            "from_full": "infra-image",
            "servers": [],
            "buses": [],
            "langs": [],
            "cmd": "./run.sh",
            "from": "infra-image",
            "keywords": []
        },
        {
            "monitors": [],
            "discos": [],
            "dbs": [],
            "gates": [],
            "path": "/eureka-server/docker/Dockerfile",
            "cmd_keywords": [
                "run"
            ],
            "from_full": "infra-image",
            "servers": [],
            "buses": [],
            "langs": [],
            "cmd": "./run.sh",
            "from": "infra-image",
            "keywords": []
        },
        {
            "monitors": [],
            "discos": [],
            "dbs": [],
            "gates": [],
            "path": "/service-order/docker/Dockerfile",
            "cmd_keywords": [
                "run"
            ],
            "from_full": "infra-image",
            "servers": [],
            "buses": [],
            "langs": [],
            "cmd": "./run.sh",
            "from": "infra-image",
            "keywords": []
        },
        {
            "monitors": [],
            "discos": [],
            "dbs": [
                "oracle"
            ],
            "gates": [],
            "path": "/infra-image/Dockerfile",
            "cmd_keywords": [
                "bash"
            ],
            "from_full": "centos:7",
            "servers": [],
            "buses": [],
            "langs": [
                "bash"
            ],
            "cmd": "\"bash\"",
            "from": "centos",
            "keywords": [
                "jdk",
                "yum",
                "rpm",
                "com",
                "oracle"
            ]
        },
        {
            "monitors": [],
            "discos": [],
            "dbs": [],
            "gates": [],
            "path": "/config-server/docker/Dockerfile",
            "cmd_keywords": [
                "run"
            ],
            "from_full": "infra-image",
            "servers": [],
            "buses": [],
            "langs": [],
            "cmd": "./run.sh",
            "from": "infra-image",
            "keywords": []
        },
        {
            "monitors": [],
            "discos": [],
            "dbs": [],
            "gates": [],
            "path": "/bff/docker/Dockerfile",
            "cmd_keywords": [
                "run"
            ],
            "from_full": "infra-image",
            "servers": [],
            "buses": [],
            "langs": [],
            "cmd": "./run.sh",
            "from": "infra-image",
            "keywords": []
        },
        {
            "monitors": [],
            "discos": [],
            "dbs": [],
            "gates": [],
            "path": "/service-vehicle/docker/Dockerfile",
            "cmd_keywords": [
                "run"
            ],
            "from_full": "infra-image",
            "servers": [],
            "buses": [],
            "langs": [],
            "cmd": "./run.sh",
            "from": "infra-image",
            "keywords": []
        },
        {
            "monitors": [],
            "discos": [],
            "dbs": [],
            "gates": [],
            "path": "/zipkin-server/docker/Dockerfile",
            "cmd_keywords": [
                "run"
            ],
            "from_full": "infra-image",
            "servers": [],
            "buses": [],
            "langs": [],
            "cmd": "./run.sh",
            "from": "infra-image",
            "keywords": []
        },
        {
            "monitors": [],
            "discos": [],
            "dbs": [],
            "gates": [],
            "path": "/consul-client/docker/Dockerfile",
            "cmd_keywords": [
                "run"
            ],
            "from_full": "infra-image",
            "servers": [],
            "buses": [],
            "langs": [],
            "cmd": "./run.sh",
            "from": "infra-image",
            "keywords": []
        }
    ],
    "structure": {
        "path": "/docker-compose.yml",
        "detected_dbs": {
            "names": [],
            "services": [],
            "num": 0,
            "shared_dbs": false
        },
        "num_services": 8,
        "services": [
            {
                "monitors": [],
                "image": "bff",
                "discos": [],
                "buses": [],
                "gates": [],
                "name": "bff",
                "depends_on": [
                    "config-server"
                ],
                "dbs": [],
                "servers": [],
                "image_full": "bff"
            },
            {
                "monitors": [],
                "image": "zipkin-server",
                "discos": [],
                "buses": [],
                "gates": [],
                "name": "zipkin-server",
                "depends_on": [
                    "config-server"
                ],
                "dbs": [],
                "servers": [],
                "image_full": "zipkin-server"
            },
            {
                "monitors": [],
                "image": "service-vehicle",
                "discos": [],
                "buses": [],
                "gates": [],
                "name": "service-vehicle",
                "depends_on": [
                    "config-server"
                ],
                "dbs": [],
                "servers": [],
                "image_full": "service-vehicle"
            },
            {
                "monitors": [],
                "image": "eureka-client",
                "discos": [
                    "eureka"
                ],
                "buses": [],
                "gates": [],
                "name": "eureka-client",
                "depends_on": [
                    "config-server"
                ],
                "dbs": [],
                "servers": [],
                "image_full": "eureka-client"
            },
            {
                "monitors": [],
                "image": "config-server",
                "discos": [],
                "buses": [],
                "gates": [],
                "name": "config-server",
                "depends_on": [
                    "eureka-server"
                ],
                "dbs": [],
                "servers": [],
                "image_full": "config-server"
            },
            {
                "monitors": [],
                "image": "service-order",
                "discos": [],
                "buses": [],
                "gates": [],
                "name": "service-order",
                "depends_on": [
                    "config-server"
                ],
                "dbs": [],
                "servers": [],
                "image_full": "service-order"
            },
            {
                "monitors": [],
                "image": "eureka-server",
                "discos": [
                    "eureka"
                ],
                "buses": [],
                "gates": [],
                "name": "eureka-server",
                "depends_on": [],
                "dbs": [],
                "servers": [],
                "image_full": "eureka-server"
            },
            {
                "monitors": [],
                "image": "api-gateway",
                "discos": [],
                "buses": [],
                "gates": [
                    "gateway"
                ],
                "name": "api-gateway",
                "depends_on": [
                    "config-server"
                ],
                "dbs": [],
                "servers": [],
                "image_full": "api-gateway"
            }
        ]
    },
    "size": 1030,
    "num_discos": 2,
    "languages": [
        "java",
        "shell"
    ],
    "url": "git://github.com/ndrlslz/micro-service.git",
    "buses": [],
    "gates": [
        "zuul"
    ],
    "shared_dbs": false,
    "servers": [
        "spring"
    ],
    "images": [
        "infra-image",
        "centos"
    ],
    "num_servers": 1,
    "num_dockers": 10,
    "num_monitors": 0,
    "num_dbs": 2
}