{
    "num_monitors": 0,
    "name": "netowp/nest-microservices-issue",
    "langs": [],
    "discos": [],
    "files": [],
    "dockers": [],
    "size": 0,
    "dbs": [],
    "num_gates": 0,
    "monitors": [],
    "url": "git://github.com/netowp/nest-microservices-issue.git",
    "structure": {
        "services": [],
        "detected_dbs": {
            "services": [],
            "shared_dbs": false,
            "num": 0,
            "names": []
        },
        "path": [],
        "num_services": 0
    },
    "buses": [],
    "num_servers": 0,
    "avg_size_service": 0.0,
    "num_langs": 0,
    "images": [],
    "num_dockers": 0,
    "servers": [],
    "languages": [],
    "gates": [],
    "num_services": 0,
    "shared_dbs": false,
    "num_files": 1,
    "num_discos": 0,
    "num_buses": 0,
    "num_dbs": 0
}