{
    "size": 1384,
    "shared_dbs": false,
    "num_servers": 0,
    "name": "networknt/light-docker",
    "files": [],
    "num_files": 16,
    "num_langs": 3,
    "dbs": [
        "zookeeper",
        "mysql",
        "postgresql"
    ],
    "servers": [],
    "num_discos": 1,
    "url": "git://github.com/networknt/light-docker.git",
    "gates": [],
    "structure": {
        "services": [
            {
                "image": "networknt/email-mysql",
                "dbs": [
                    "mysql"
                ],
                "image_full": "networknt/email-mysql:latest",
                "buses": [],
                "servers": [],
                "monitors": [],
                "name": "mysql",
                "gates": [],
                "discos": [],
                "depends_on": []
            }
        ],
        "num_services": 1,
        "detected_dbs": {
            "num": 1,
            "names": [
                "mysql"
            ],
            "services": [
                "mysql"
            ],
            "shared_dbs": false
        },
        "path": "/email-mysql/docker-compose.yml"
    },
    "num_gates": 0,
    "num_dockers": 15,
    "num_dbs": 3,
    "num_services": 1,
    "langs": [
        "tsql",
        "java",
        "bash"
    ],
    "buses": [
        "kafka"
    ],
    "num_buses": 1,
    "num_monitors": 1,
    "languages": [
        "tsql"
    ],
    "dockers": [
        {
            "cmd_keywords": [
                "config",
                "server",
                "jar",
                "bin",
                "com"
            ],
            "cmd": "/bin/sh -c java -Dlight-4j-config-dir=/config -Dlogback.configurationFile=/config/logback.xml -cp /server.jar com.networknt.server.Server",
            "gates": [],
            "buses": [],
            "langs": [
                "java"
            ],
            "from": "openjdk",
            "monitors": [],
            "from_full": "openjdk:8-jre-alpine",
            "servers": [],
            "path": "/tram-cdcserver/Dockerfile",
            "dbs": [],
            "keywords": [],
            "discos": []
        },
        {
            "cmd_keywords": [],
            "cmd": "",
            "gates": [],
            "buses": [],
            "langs": [],
            "from": "postgres",
            "monitors": [],
            "from_full": "postgres:9.6",
            "servers": [],
            "path": "/postgres/Dockerfile",
            "dbs": [
                "postgresql"
            ],
            "keywords": [
                "apt",
                "install",
                "get",
                "dev",
                "postgres"
            ],
            "discos": []
        },
        {
            "cmd_keywords": [
                "help"
            ],
            "cmd": "help",
            "gates": [],
            "buses": [],
            "langs": [],
            "from": "maven",
            "monitors": [],
            "from_full": "maven:3.6.1-jdk-11-slim",
            "servers": [],
            "path": "/light-codegen/Dockerfile",
            "dbs": [],
            "keywords": [
                "light",
                "api",
                "codegen",
                "networknt",
                "home"
            ],
            "discos": []
        },
        {
            "cmd_keywords": [],
            "cmd": "",
            "gates": [],
            "buses": [],
            "langs": [],
            "from": "mysql",
            "monitors": [],
            "from_full": "mysql:5.7",
            "servers": [],
            "path": "/email-mysql/Dockerfile",
            "dbs": [
                "mysql"
            ],
            "keywords": [],
            "discos": []
        },
        {
            "cmd_keywords": [],
            "cmd": "",
            "gates": [],
            "buses": [],
            "langs": [],
            "from": "zookeeper",
            "monitors": [],
            "from_full": "zookeeper:3.4.13",
            "servers": [],
            "path": "/zookeeper/Dockerfile",
            "dbs": [
                "zookeeper"
            ],
            "keywords": [],
            "discos": [
                "zookeeper"
            ]
        },
        {
            "cmd_keywords": [],
            "cmd": "",
            "gates": [],
            "buses": [],
            "langs": [],
            "from": "mysql",
            "monitors": [],
            "from_full": "mysql:5.7",
            "servers": [],
            "path": "/mysql/Dockerfile",
            "dbs": [
                "mysql"
            ],
            "keywords": [],
            "discos": []
        },
        {
            "cmd_keywords": [],
            "cmd": "",
            "gates": [],
            "buses": [],
            "langs": [],
            "from": "mariadb",
            "monitors": [],
            "from_full": "mariadb:10.3",
            "servers": [],
            "path": "/mariadb/Dockerfile",
            "dbs": [
                "mariadb"
            ],
            "keywords": [],
            "discos": []
        },
        {
            "cmd_keywords": [],
            "cmd": "",
            "gates": [],
            "buses": [],
            "langs": [],
            "from": "logstash",
            "monitors": [],
            "from_full": "logstash:5",
            "servers": [],
            "path": "/logstash/Dockerfile",
            "dbs": [],
            "keywords": [],
            "discos": []
        },
        {
            "cmd_keywords": [
                "entrypoint",
                "tmp"
            ],
            "cmd": "/tmp/entrypoint.sh",
            "gates": [],
            "buses": [],
            "langs": [],
            "from": "kibana",
            "monitors": [],
            "from_full": "kibana:5",
            "servers": [],
            "path": "/kibana/Dockerfile",
            "dbs": [],
            "keywords": [
                "get",
                "apt",
                "install",
                "netcat",
                "entrypoint"
            ],
            "discos": []
        },
        {
            "cmd_keywords": [
                "config",
                "server",
                "jar",
                "bin",
                "com"
            ],
            "cmd": "/bin/sh -c java -Dlight-4j-config-dir=/config -Dlogback.configurationFile=/config/logback.xml -cp /server.jar com.networknt.server.Server",
            "gates": [],
            "buses": [],
            "langs": [
                "java"
            ],
            "from": "openjdk",
            "monitors": [],
            "from_full": "openjdk:8-jre-alpine",
            "servers": [],
            "path": "/tram-oracle-cdcserver/Dockerfile",
            "dbs": [],
            "keywords": [],
            "discos": []
        },
        {
            "cmd_keywords": [
                "run",
                "kafka"
            ],
            "cmd": "./run-kafka.sh",
            "gates": [],
            "buses": [
                "kafka"
            ],
            "langs": [],
            "from": "openjdk",
            "monitors": [],
            "from_full": "openjdk:8-jdk",
            "servers": [],
            "path": "/kafka/Dockerfile",
            "dbs": [],
            "keywords": [
                "kafka",
                "local",
                "dist",
                "org",
                "usr"
            ],
            "discos": []
        },
        {
            "cmd_keywords": [
                "help"
            ],
            "cmd": "help",
            "gates": [],
            "buses": [],
            "langs": [
                "bash"
            ],
            "from": "jimschubert/8-jdk-alpine-mvn",
            "monitors": [],
            "from_full": "jimschubert/8-jdk-alpine-mvn:latest",
            "servers": [],
            "path": "/swagger-bundler/Dockerfile",
            "dbs": [],
            "keywords": [
                "api",
                "light",
                "bundler",
                "swagger",
                "apk"
            ],
            "discos": []
        },
        {
            "cmd_keywords": [],
            "cmd": "",
            "gates": [],
            "buses": [],
            "langs": [],
            "from": "prom/prometheus",
            "monitors": [
                "prometheus"
            ],
            "from_full": "prom/prometheus",
            "servers": [],
            "path": "/prometheus/Dockerfile",
            "dbs": [],
            "keywords": [],
            "discos": []
        },
        {
            "cmd_keywords": [
                "config",
                "server",
                "jar",
                "service",
                "bin"
            ],
            "cmd": "/bin/sh -c java -Dlight-4j-config-dir=/config -Dlogback.configurationFile=/config/logback.xml -cp /server.jar:/service/* com.networknt.server.Server",
            "gates": [],
            "buses": [],
            "langs": [
                "java"
            ],
            "from": "openjdk",
            "monitors": [],
            "from_full": "openjdk:8-jre-alpine",
            "servers": [],
            "path": "/hybrid-services/Dockerfile",
            "dbs": [],
            "keywords": [],
            "discos": []
        },
        {
            "cmd_keywords": [
                "minimum",
                "network",
                "master",
                "host",
                "discovery"
            ],
            "cmd": "-E network.host=0.0.0.0 -E discovery.zen.minimum_master_nodes=1",
            "gates": [],
            "buses": [],
            "langs": [],
            "from": "elasticsearch",
            "monitors": [],
            "from_full": "elasticsearch:5",
            "servers": [],
            "path": "/elasticsearch/Dockerfile",
            "dbs": [],
            "keywords": [],
            "discos": []
        }
    ],
    "monitors": [
        "prometheus"
    ],
    "avg_size_service": 92.26666666666667,
    "discos": [
        "zookeeper"
    ],
    "images": [
        "kibana",
        "jimschubert/8-jdk-alpine-mvn",
        "mariadb",
        "postgres",
        "logstash",
        "elasticsearch",
        "zookeeper",
        "mysql",
        "openjdk",
        "maven",
        "prom/prometheus"
    ]
}