{
    "langs": [
        "java",
        "shell",
        "dockerfile"
    ],
    "languages": [
        "shell",
        "dockerfile"
    ],
    "url": "git://github.com/nextmetaphor/dockerized-java-microservice-api.git",
    "files": [],
    "gates": [],
    "discos": [],
    "num_monitors": 0,
    "num_dockers": 1,
    "num_dbs": 0,
    "avg_size_service": 15.0,
    "num_gates": 0,
    "num_servers": 0,
    "name": "nextmetaphor/dockerized-java-microservice-api",
    "num_discos": 0,
    "num_files": 2,
    "num_buses": 0,
    "servers": [],
    "dbs": [],
    "structure": {
        "services": [],
        "num_services": 0,
        "detected_dbs": {
            "names": [],
            "services": [],
            "shared_dbs": false,
            "num": 0
        },
        "path": []
    },
    "monitors": [],
    "size": 15,
    "dockers": [
        {
            "langs": [
                "java"
            ],
            "buses": [],
            "servers": [],
            "from_full": "nextmetaphor/alpine-java:latest",
            "gates": [],
            "discos": [],
            "dbs": [],
            "monitors": [],
            "cmd": "",
            "keywords": [],
            "path": "/Dockerfile",
            "from": "nextmetaphor/alpine-java",
            "cmd_keywords": []
        }
    ],
    "images": [
        "nextmetaphor/alpine-java"
    ],
    "buses": [],
    "num_services": 0,
    "num_langs": 3,
    "shared_dbs": false
}