{
    "num_services": 0,
    "num_buses": 0,
    "files": [],
    "num_dbs": 0,
    "num_discos": 0,
    "languages": [
        "dockerfile"
    ],
    "num_langs": 2,
    "images": [
        "nibo/java"
    ],
    "buses": [],
    "size": 19647,
    "servers": [],
    "num_gates": 0,
    "discos": [],
    "num_monitors": 0,
    "avg_size_service": 19647.0,
    "langs": [
        "dockerfile",
        "java"
    ],
    "dockers": [
        {
            "keywords": [
                "yum",
                "usr",
                "tmp",
                "clean",
                "all"
            ],
            "buses": [],
            "langs": [
                "java"
            ],
            "path": "/Dockerfile",
            "cmd": "",
            "gates": [],
            "from": "nibo/java",
            "monitors": [],
            "servers": [],
            "from_full": "nibo/java:8u171-jdk",
            "discos": [],
            "cmd_keywords": [],
            "dbs": []
        }
    ],
    "name": "nibocn/docker-java-microservice",
    "url": "git://github.com/nibocn/docker-java-microservice.git",
    "gates": [],
    "num_servers": 0,
    "monitors": [],
    "num_files": 2,
    "shared_dbs": false,
    "num_dockers": 1,
    "dbs": [],
    "structure": {
        "num_services": 0,
        "path": [],
        "services": [],
        "detected_dbs": {
            "shared_dbs": false,
            "num": 0,
            "services": [],
            "names": []
        }
    }
}