{
    "size": 1546,
    "num_dockers": 3,
    "discos": [],
    "num_files": 6,
    "avg_size_service": 515.3333333333334,
    "buses": [],
    "num_gates": 0,
    "langs": [
        "python",
        "javascript"
    ],
    "num_discos": 0,
    "num_monitors": 0,
    "dockers": [
        {
            "monitors": [],
            "cmd": "",
            "discos": [],
            "servers": [],
            "cmd_keywords": [],
            "from": "python",
            "path": "/services/users/Dockerfile",
            "keywords": [
                "dev",
                "pip",
                "install",
                "apk",
                "libffi"
            ],
            "buses": [],
            "langs": [
                "python"
            ],
            "gates": [],
            "dbs": [
                "postgresql"
            ],
            "from_full": "python:3.7.4-alpine"
        },
        {
            "monitors": [],
            "cmd": "",
            "discos": [],
            "servers": [],
            "cmd_keywords": [],
            "from": "postgres",
            "path": "/services/users/project/db/Dockerfile",
            "keywords": [],
            "buses": [],
            "langs": [],
            "gates": [],
            "dbs": [],
            "from_full": "postgres:11.4-alpine"
        },
        {
            "monitors": [],
            "cmd": "npm start",
            "discos": [],
            "servers": [
                "node"
            ],
            "cmd_keywords": [
                "start",
                "npm"
            ],
            "from": "node",
            "path": "/services/client/Dockerfile",
            "keywords": [
                "npm",
                "install",
                "scripts",
                "react",
                "silent"
            ],
            "buses": [],
            "langs": [],
            "gates": [],
            "dbs": [],
            "from_full": "node:13.5.0-alpine"
        }
    ],
    "num_dbs": 1,
    "monitors": [],
    "shared_dbs": false,
    "structure": {
        "services": [
            {
                "monitors": [],
                "buses": [],
                "image": "./services/users",
                "image_full": "./services/users",
                "discos": [],
                "name": "users",
                "depends_on": [
                    "users-db"
                ],
                "dbs": [],
                "servers": [],
                "gates": []
            },
            {
                "monitors": [],
                "buses": [],
                "image": "./services/users/project/db",
                "image_full": "./services/users/project/db",
                "discos": [],
                "name": "users-db",
                "depends_on": [],
                "dbs": [],
                "servers": [],
                "gates": []
            },
            {
                "monitors": [],
                "buses": [],
                "image": "./services/client",
                "image_full": "./services/client",
                "discos": [],
                "name": "client",
                "depends_on": [
                    "users"
                ],
                "dbs": [],
                "servers": [],
                "gates": []
            }
        ],
        "detected_dbs": {
            "num": 0,
            "names": [],
            "services": [],
            "shared_dbs": false
        },
        "num_services": 3,
        "path": "/docker-compose.yml"
    },
    "num_buses": 0,
    "servers": [
        "node",
        "flask"
    ],
    "url": "git://github.com/nicholaspretorius/testmaps.git",
    "num_services": 3,
    "gates": [],
    "files": [
        {
            "monitors": [],
            "buses": [],
            "discos": [],
            "gates": [],
            "dbs": [],
            "servers": [
                "flask"
            ],
            "path": "/services/users/requirements.txt"
        },
        {
            "monitors": [],
            "buses": [],
            "discos": [],
            "gates": [],
            "dbs": [],
            "servers": [],
            "path": "/services/client/package.json"
        }
    ],
    "name": "nicholaspretorius/testmaps",
    "languages": [
        "javascript",
        "python"
    ],
    "images": [
        "python",
        "postgres",
        "node"
    ],
    "dbs": [
        "postgresql"
    ],
    "num_servers": 2,
    "num_langs": 2
}