{
    "discos": [],
    "avg_size_service": 11.0,
    "buses": [],
    "num_gates": 1,
    "name": "NicolasT/static-container-registry",
    "structure": {
        "path": [],
        "services": [],
        "detected_dbs": {
            "names": [],
            "num": 0,
            "shared_dbs": false,
            "services": []
        },
        "num_services": 0
    },
    "dbs": [],
    "dockers": [
        {
            "langs": [
                "python"
            ],
            "cmd_keywords": [
                "daemon",
                "nginx",
                "off"
            ],
            "from_full": "docker.io/nginx:1.15.12-alpine",
            "buses": [],
            "monitors": [],
            "from": "docker.io/nginx",
            "keywords": [
                "conf",
                "location",
                "nginx",
                "static",
                "sed"
            ],
            "gates": [
                "nginx"
            ],
            "path": "/Dockerfile",
            "dbs": [],
            "discos": [],
            "cmd": "nginx -g daemon off;",
            "servers": []
        },
        {
            "langs": [
                "bash"
            ],
            "cmd_keywords": [],
            "from_full": "docker.io/ubuntu:xenial",
            "buses": [],
            "monitors": [],
            "from": "docker.io/ubuntu",
            "keywords": [
                "apt",
                "get",
                "bash",
                "install",
                "unit"
            ],
            "gates": [],
            "path": "/ci/docker/sut/Dockerfile",
            "dbs": [],
            "discos": [],
            "cmd": "",
            "servers": []
        },
        {
            "langs": [],
            "cmd_keywords": [],
            "from_full": "docker.io/ubuntu:xenial",
            "buses": [],
            "monitors": [],
            "from": "docker.io/ubuntu",
            "keywords": [
                "apt",
                "get",
                "install",
                "update",
                "ppa"
            ],
            "gates": [],
            "path": "/ci/docker/image-provisioner/Dockerfile",
            "dbs": [],
            "discos": [],
            "cmd": "",
            "servers": []
        }
    ],
    "gates": [
        "nginx"
    ],
    "size": 33,
    "num_monitors": 0,
    "images": [
        "docker.io/ubuntu",
        "docker.io/nginx"
    ],
    "num_buses": 0,
    "num_services": 0,
    "servers": [],
    "shared_dbs": false,
    "monitors": [],
    "num_discos": 0,
    "languages": [
        "shell",
        "python"
    ],
    "url": "git://github.com/NicolasT/static-container-registry.git",
    "langs": [
        "shell",
        "python",
        "bash"
    ],
    "num_dbs": 0,
    "num_servers": 0,
    "num_langs": 3,
    "files": [],
    "num_dockers": 3,
    "num_files": 4
}