{
    "gates": [],
    "num_gates": 0,
    "size": 6,
    "shared_dbs": false,
    "num_services": 0,
    "num_dbs": 0,
    "name": "njain1985/Docker-tomcat-NewRelic-Java",
    "dbs": [],
    "buses": [],
    "num_dockers": 1,
    "images": [
        "tomcat"
    ],
    "monitors": [],
    "files": [],
    "structure": {
        "detected_dbs": {
            "services": [],
            "names": [],
            "num": 0,
            "shared_dbs": false
        },
        "services": [],
        "path": [],
        "num_services": 0
    },
    "servers": [
        "tomcat"
    ],
    "num_discos": 0,
    "discos": [],
    "num_monitors": 0,
    "url": "git://github.com/njain1985/Docker-tomcat-NewRelic-Java.git",
    "langs": [
        "java",
        "dockerfile"
    ],
    "num_langs": 2,
    "dockers": [
        {
            "gates": [],
            "keywords": [
                "newrelic",
                "java",
                "unzip",
                "agent",
                "zip"
            ],
            "discos": [],
            "path": "/Dockerfile",
            "langs": [
                "java"
            ],
            "cmd_keywords": [
                "local",
                "run",
                "bin",
                "tomcat",
                "startup"
            ],
            "dbs": [],
            "servers": [
                "tomcat"
            ],
            "cmd": "/usr/local/tomcat/bin/startup.sh run",
            "from_full": "tomcat:latest",
            "buses": [],
            "from": "tomcat",
            "monitors": []
        }
    ],
    "avg_size_service": 6.0,
    "languages": [
        "dockerfile"
    ],
    "num_buses": 0,
    "num_files": 2,
    "num_servers": 1
}