{
    "avg_size_service": 1.3333333333333333,
    "buses": [],
    "num_dbs": 1,
    "files": [
        {
            "path": "/requirements.txt",
            "servers": [
                "flask"
            ],
            "dbs": [
                "redis"
            ],
            "monitors": [],
            "buses": [],
            "discos": [],
            "gates": []
        },
        {
            "path": "/foo/requirements.txt",
            "servers": [
                "flask"
            ],
            "dbs": [
                "redis"
            ],
            "monitors": [],
            "buses": [],
            "discos": [],
            "gates": []
        },
        {
            "path": "/bar/requirements.txt",
            "servers": [
                "flask"
            ],
            "dbs": [
                "redis"
            ],
            "monitors": [],
            "buses": [],
            "discos": [],
            "gates": []
        }
    ],
    "num_dockers": 3,
    "num_langs": 2,
    "num_servers": 1,
    "num_buses": 0,
    "num_discos": 0,
    "gates": [],
    "images": [
        "python"
    ],
    "size": 4,
    "structure": {
        "path": "/docker-compose.yml",
        "num_services": 3,
        "services": [
            {
                "buses": [],
                "name": "bar",
                "dbs": [],
                "monitors": [],
                "servers": [],
                "image": "bar-micro",
                "image_full": "bar-micro",
                "discos": [],
                "gates": [],
                "depends_on": []
            },
            {
                "buses": [],
                "name": "home",
                "dbs": [],
                "monitors": [],
                "servers": [],
                "image": "hello-micro",
                "image_full": "hello-micro",
                "discos": [],
                "gates": [],
                "depends_on": []
            },
            {
                "buses": [],
                "name": "foo",
                "dbs": [],
                "monitors": [],
                "servers": [],
                "image": "foo-micro",
                "image_full": "foo-micro",
                "discos": [],
                "gates": [],
                "depends_on": []
            }
        ],
        "detected_dbs": {
            "shared_dbs": false,
            "num": 0,
            "names": [],
            "services": []
        }
    },
    "num_files": 7,
    "servers": [
        "flask"
    ],
    "url": "git://github.com/NonCreature0714/learn-microservices.git",
    "dbs": [
        "redis"
    ],
    "monitors": [],
    "dockers": [
        {
            "from_full": "python:2.7-slim",
            "buses": [],
            "dbs": [],
            "monitors": [],
            "gates": [],
            "path": "/Dockerfile",
            "from": "python",
            "cmd": "python app.py",
            "cmd_keywords": [
                "python",
                "app"
            ],
            "servers": [],
            "keywords": [
                "install",
                "requirements",
                "host",
                "pip",
                "trusted"
            ],
            "discos": [],
            "langs": [
                "python"
            ]
        },
        {
            "from_full": "python:2.7-slim",
            "buses": [],
            "dbs": [],
            "monitors": [],
            "gates": [],
            "path": "/foo/Dockerfile",
            "from": "python",
            "cmd": "python app.py",
            "cmd_keywords": [
                "python",
                "app"
            ],
            "servers": [],
            "keywords": [
                "install",
                "requirements",
                "host",
                "pip",
                "trusted"
            ],
            "discos": [],
            "langs": [
                "python"
            ]
        },
        {
            "from_full": "python:2.7-slim",
            "buses": [],
            "dbs": [],
            "monitors": [],
            "gates": [],
            "path": "/bar/Dockerfile",
            "from": "python",
            "cmd": "python app.py",
            "cmd_keywords": [
                "python",
                "app"
            ],
            "servers": [],
            "keywords": [
                "install",
                "requirements",
                "host",
                "pip",
                "trusted"
            ],
            "discos": [],
            "langs": [
                "python"
            ]
        }
    ],
    "languages": [
        "python",
        "dockerfile"
    ],
    "num_services": 3,
    "num_gates": 0,
    "name": "NonCreature0714/learn-microservices",
    "shared_dbs": false,
    "langs": [
        "python",
        "dockerfile"
    ],
    "discos": [],
    "num_monitors": 0
}