{
    "discos": [],
    "avg_size_service": 1.0,
    "buses": [],
    "num_gates": 0,
    "name": "noonien/docker-openwrt-buildroot",
    "structure": {
        "path": [],
        "services": [],
        "detected_dbs": {
            "names": [],
            "num": 0,
            "shared_dbs": false,
            "services": []
        },
        "num_services": 0
    },
    "dbs": [],
    "dockers": [
        {
            "langs": [
                "gcc"
            ],
            "cmd_keywords": [],
            "from_full": "ubuntu:18.04",
            "buses": [],
            "monitors": [],
            "from": "ubuntu",
            "keywords": [
                "openwrt",
                "git",
                "get",
                "apt",
                "all"
            ],
            "gates": [],
            "path": "/17.01/Dockerfile",
            "dbs": [],
            "discos": [],
            "cmd": "",
            "servers": []
        },
        {
            "langs": [
                "gcc"
            ],
            "cmd_keywords": [],
            "from_full": "ubuntu:18.04",
            "buses": [],
            "monitors": [],
            "from": "ubuntu",
            "keywords": [
                "openwrt",
                "git",
                "get",
                "apt",
                "all"
            ],
            "gates": [],
            "path": "/18.06/Dockerfile",
            "dbs": [],
            "discos": [],
            "cmd": "",
            "servers": []
        }
    ],
    "gates": [],
    "size": 2,
    "num_monitors": 0,
    "images": [
        "ubuntu"
    ],
    "num_buses": 0,
    "num_services": 0,
    "servers": [],
    "shared_dbs": false,
    "monitors": [],
    "num_discos": 0,
    "languages": [
        "dockerfile"
    ],
    "url": "git://github.com/noonien/docker-openwrt-buildroot.git",
    "langs": [
        "dockerfile",
        "gcc"
    ],
    "num_dbs": 0,
    "num_servers": 0,
    "num_langs": 2,
    "files": [],
    "num_dockers": 2,
    "num_files": 3
}