{
    "dbs": [
        "redis",
        "mysql"
    ],
    "name": "nropelato/laravel-docker-image",
    "num_langs": 2,
    "languages": [
        "vba",
        "php"
    ],
    "shared_dbs": false,
    "servers": [
        "node",
        "laravel"
    ],
    "langs": [
        "vba",
        "php"
    ],
    "dockers": [
        {
            "buses": [],
            "dbs": [
                "mysql"
            ],
            "servers": [],
            "monitors": [],
            "cmd_keywords": [],
            "discos": [],
            "cmd": "",
            "path": "/Dockerfile",
            "from_full": "php:7.3.6-fpm-alpine3.9",
            "gates": [],
            "from": "php",
            "langs": [
                "php"
            ],
            "keywords": [
                "install",
                "pdo",
                "mysql",
                "html",
                "php"
            ]
        },
        {
            "buses": [],
            "dbs": [],
            "servers": [],
            "monitors": [],
            "cmd_keywords": [],
            "discos": [],
            "cmd": "",
            "path": "/.docker/nginx/Dockerfile",
            "from_full": "nginx:1.15.0-alpine",
            "gates": [
                "nginx"
            ],
            "from": "nginx",
            "langs": [],
            "keywords": [
                "conf",
                "default",
                "nginx",
                "etc"
            ]
        }
    ],
    "gates": [
        "nginx"
    ],
    "size": 220108,
    "num_dockers": 2,
    "num_discos": 0,
    "num_buses": 0,
    "buses": [],
    "images": [
        "nginx",
        "php"
    ],
    "num_servers": 2,
    "num_services": 4,
    "monitors": [],
    "structure": {
        "services": [
            {
                "buses": [],
                "image": "redis",
                "dbs": [
                    "redis"
                ],
                "gates": [],
                "image_full": "redis:alpine",
                "monitors": [],
                "name": "redis",
                "discos": [],
                "servers": [],
                "depends_on": []
            },
            {
                "buses": [],
                "image": ".docker/nginx",
                "dbs": [],
                "gates": [
                    "nginx"
                ],
                "image_full": ".docker/nginx",
                "monitors": [],
                "name": "nginx",
                "discos": [],
                "servers": [],
                "depends_on": []
            },
            {
                "buses": [],
                "image": ".",
                "dbs": [],
                "gates": [],
                "image_full": ".",
                "monitors": [],
                "name": "app",
                "discos": [],
                "servers": [],
                "depends_on": [
                    "db"
                ]
            },
            {
                "buses": [],
                "image": "mysql",
                "dbs": [
                    "mysql"
                ],
                "gates": [],
                "image_full": "mysql:5.7",
                "monitors": [],
                "name": "db",
                "discos": [],
                "servers": [],
                "depends_on": []
            }
        ],
        "num_services": 4,
        "detected_dbs": {
            "num": 2,
            "shared_dbs": false,
            "names": [
                "redis",
                "mysql"
            ],
            "services": [
                "redis",
                "db"
            ]
        },
        "path": "/docker-compose.yml"
    },
    "discos": [],
    "num_files": 4,
    "num_dbs": 2,
    "num_monitors": 0,
    "num_gates": 1,
    "url": "git://github.com/nropelato/laravel-docker-image.git",
    "avg_size_service": 110054.0,
    "files": [
        {
            "buses": [],
            "dbs": [],
            "gates": [],
            "monitors": [],
            "discos": [],
            "servers": [
                "node",
                "laravel"
            ],
            "path": "/package.json"
        }
    ]
}