{
    "size": 334,
    "num_servers": 2,
    "dbs": [],
    "files": [
        {
            "path": "/pom.xml",
            "gates": [],
            "servers": [],
            "buses": [],
            "discos": [],
            "dbs": [],
            "monitors": []
        },
        {
            "path": "/config/pom.xml",
            "gates": [],
            "servers": [
                "spring"
            ],
            "buses": [],
            "discos": [
                "eureka"
            ],
            "dbs": [],
            "monitors": []
        },
        {
            "path": "/school-service/pom.xml",
            "gates": [],
            "servers": [
                "spring"
            ],
            "buses": [],
            "discos": [
                "eureka"
            ],
            "dbs": [],
            "monitors": []
        },
        {
            "path": "/discovery/pom.xml",
            "gates": [],
            "servers": [
                "glassfish",
                "spring"
            ],
            "buses": [],
            "discos": [
                "eureka"
            ],
            "dbs": [],
            "monitors": []
        },
        {
            "path": "/school-ui/pom.xml",
            "gates": [],
            "servers": [
                "spring"
            ],
            "buses": [],
            "discos": [
                "eureka"
            ],
            "dbs": [],
            "monitors": []
        }
    ],
    "structure": {
        "num_services": 4,
        "services": [
            {
                "name": "discovery",
                "image": "developer.okta.com/microservice-docker-discovery",
                "depends_on": [],
                "buses": [],
                "gates": [],
                "servers": [],
                "image_full": "developer.okta.com/microservice-docker-discovery:0.0.1-SNAPSHOT",
                "discos": [],
                "dbs": [],
                "monitors": []
            },
            {
                "name": "config",
                "image": "developer.okta.com/microservice-docker-config",
                "depends_on": [
                    "discovery"
                ],
                "buses": [],
                "gates": [],
                "servers": [],
                "image_full": "developer.okta.com/microservice-docker-config:0.0.1-SNAPSHOT",
                "discos": [],
                "dbs": [],
                "monitors": []
            },
            {
                "name": "school-service",
                "image": "developer.okta.com/microservice-docker-school-service",
                "depends_on": [
                    "discovery",
                    "config"
                ],
                "buses": [],
                "gates": [],
                "servers": [],
                "image_full": "developer.okta.com/microservice-docker-school-service:0.0.1-SNAPSHOT",
                "discos": [],
                "dbs": [],
                "monitors": []
            },
            {
                "name": "school-ui",
                "image": "developer.okta.com/microservice-docker-school-ui",
                "depends_on": [
                    "discovery",
                    "config"
                ],
                "buses": [],
                "gates": [],
                "servers": [],
                "image_full": "developer.okta.com/microservice-docker-school-ui:0.0.1-SNAPSHOT",
                "discos": [],
                "dbs": [],
                "monitors": []
            }
        ],
        "path": "/docker-compose.yml",
        "detected_dbs": {
            "num": 0,
            "names": [],
            "shared_dbs": false,
            "services": []
        }
    },
    "buses": [],
    "images": [
        "openjdk"
    ],
    "num_discos": 1,
    "url": "git://github.com/oktadeveloper/okta-spring-microservices-https-example.git",
    "num_services": 4,
    "langs": [
        "java"
    ],
    "discos": [
        "eureka"
    ],
    "num_gates": 0,
    "shared_dbs": false,
    "num_files": 10,
    "num_monitors": 0,
    "gates": [],
    "servers": [
        "glassfish",
        "spring"
    ],
    "num_langs": 1,
    "languages": [
        "java"
    ],
    "monitors": [],
    "name": "oktadeveloper/okta-spring-microservices-https-example",
    "num_buses": 0,
    "avg_size_service": 83.5,
    "dockers": [
        {
            "path": "/config/Dockerfile",
            "gates": [],
            "servers": [],
            "langs": [
                "java"
            ],
            "cmd": "",
            "keywords": [
                "keytool",
                "storepass",
                "pem",
                "keystore",
                "file"
            ],
            "from": "openjdk",
            "buses": [],
            "from_full": "openjdk:8-jdk-alpine",
            "discos": [],
            "dbs": [],
            "monitors": [],
            "cmd_keywords": []
        },
        {
            "path": "/school-service/Dockerfile",
            "gates": [],
            "servers": [],
            "langs": [
                "java"
            ],
            "cmd": "",
            "keywords": [
                "keytool",
                "storepass",
                "pem",
                "keystore",
                "file"
            ],
            "from": "openjdk",
            "buses": [],
            "from_full": "openjdk:8-jdk-alpine",
            "discos": [],
            "dbs": [],
            "monitors": [],
            "cmd_keywords": []
        },
        {
            "path": "/discovery/Dockerfile",
            "gates": [],
            "servers": [],
            "langs": [
                "java"
            ],
            "cmd": "",
            "keywords": [
                "keytool",
                "storepass",
                "pem",
                "keystore",
                "file"
            ],
            "from": "openjdk",
            "buses": [],
            "from_full": "openjdk:8-jdk-alpine",
            "discos": [],
            "dbs": [],
            "monitors": [],
            "cmd_keywords": []
        },
        {
            "path": "/school-ui/Dockerfile",
            "gates": [],
            "servers": [],
            "langs": [
                "java"
            ],
            "cmd": "",
            "keywords": [
                "keytool",
                "storepass",
                "pem",
                "keystore",
                "file"
            ],
            "from": "openjdk",
            "buses": [],
            "from_full": "openjdk:8-jdk-alpine",
            "discos": [],
            "dbs": [],
            "monitors": [],
            "cmd_keywords": []
        }
    ],
    "num_dbs": 0,
    "num_dockers": 4
}