{
    "buses": [],
    "num_servers": 0,
    "languages": [
        "shell",
        "dockerfile"
    ],
    "dbs": [],
    "num_services": 0,
    "avg_size_service": 6.0,
    "servers": [],
    "structure": {
        "num_services": 0,
        "detected_dbs": {
            "services": [],
            "shared_dbs": false,
            "num": 0,
            "names": []
        },
        "services": [],
        "path": []
    },
    "monitors": [],
    "num_buses": 0,
    "images": [
        "ubuntu"
    ],
    "gates": [],
    "num_gates": 0,
    "num_langs": 3,
    "langs": [
        "shell",
        "dockerfile",
        "bash"
    ],
    "url": "git://github.com/OlegFS/DockerFiles.git",
    "num_discos": 0,
    "num_files": 2,
    "files": [],
    "shared_dbs": false,
    "num_monitors": 0,
    "name": "OlegFS/DockerFiles",
    "num_dbs": 0,
    "discos": [],
    "dockers": [
        {
            "langs": [
                "bash"
            ],
            "dbs": [],
            "path": "/base/Dockerfile",
            "servers": [],
            "monitors": [],
            "keywords": [
                "install",
                "sudo",
                "apt",
                "user",
                "python"
            ],
            "cmd": "[bash]",
            "buses": [],
            "from_full": "ubuntu:18.04",
            "from": "ubuntu",
            "discos": [],
            "cmd_keywords": [
                "bash"
            ],
            "gates": []
        }
    ],
    "num_dockers": 1,
    "size": 6
}