{
    "size": 62,
    "avg_size_service": 62.0,
    "name": "OmarMakled/device-detector-server",
    "languages": [
        "php"
    ],
    "servers": [],
    "num_dbs": 0,
    "images": [],
    "structure": {
        "path": "/docker-compose.yml",
        "num_services": 2,
        "services": [
            {
                "depends_on": [],
                "image_full": "php:fpm",
                "monitors": [],
                "name": "php",
                "image": "php",
                "servers": [],
                "buses": [],
                "dbs": [],
                "gates": [],
                "discos": []
            },
            {
                "depends_on": [],
                "image_full": "nginx:latest",
                "monitors": [],
                "name": "web",
                "image": "nginx",
                "servers": [],
                "buses": [],
                "dbs": [],
                "gates": [
                    "nginx"
                ],
                "discos": []
            }
        ],
        "detected_dbs": {
            "services": [],
            "names": [],
            "shared_dbs": false,
            "num": 0
        }
    },
    "num_dockers": 0,
    "num_buses": 0,
    "num_services": 2,
    "dockers": [],
    "num_langs": 1,
    "langs": [
        "php"
    ],
    "discos": [],
    "num_gates": 1,
    "num_monitors": 0,
    "num_files": 1,
    "files": [],
    "shared_dbs": false,
    "monitors": [],
    "num_servers": 0,
    "url": "git://github.com/OmarMakled/device-detector-server.git",
    "dbs": [],
    "num_discos": 0,
    "gates": [
        "nginx"
    ],
    "buses": []
}