{
    "num_files": 2,
    "num_services": 3,
    "num_discos": 0,
    "gates": [],
    "languages": [
        "java",
        "shell",
        "html"
    ],
    "num_dbs": 0,
    "dbs": [],
    "num_monitors": 0,
    "structure": {
        "detected_dbs": {
            "shared_dbs": false,
            "num": 0,
            "services": [],
            "names": []
        },
        "num_services": 3,
        "services": [
            {
                "image_full": "rabbitmq:3-management",
                "image": "rabbitmq",
                "dbs": [],
                "monitors": [],
                "depends_on": [
                    "rabbit1"
                ],
                "discos": [],
                "servers": [],
                "buses": [
                    "rabbitmq"
                ],
                "gates": [],
                "name": "rabbit2"
            },
            {
                "image_full": "rabbitmq:3-management",
                "image": "rabbitmq",
                "dbs": [],
                "monitors": [],
                "depends_on": [],
                "discos": [],
                "servers": [],
                "buses": [
                    "rabbitmq"
                ],
                "gates": [],
                "name": "rabbit1"
            },
            {
                "image_full": "rabbitmq:3-management",
                "image": "rabbitmq",
                "dbs": [],
                "monitors": [],
                "depends_on": [
                    "rabbit1"
                ],
                "discos": [],
                "servers": [],
                "buses": [
                    "rabbitmq"
                ],
                "gates": [],
                "name": "rabbit3"
            }
        ],
        "path": "/RabbitMQ/docker/RabbitMQ-Docker-cluster/docker-compose.yml"
    },
    "discos": [],
    "url": "git://github.com/oopsmails/general-info.git",
    "num_buses": 1,
    "files": [
        {
            "servers": [
                "spring"
            ],
            "dbs": [],
            "discos": [],
            "buses": [],
            "gates": [],
            "monitors": [],
            "path": "/spring-rest-unit-test/pom.xml"
        }
    ],
    "name": "oopsmails/general-info",
    "servers": [
        "spring"
    ],
    "num_dockers": 0,
    "buses": [
        "rabbitmq"
    ],
    "num_gates": 0,
    "num_langs": 3,
    "shared_dbs": false,
    "monitors": [],
    "dockers": [],
    "langs": [
        "shell",
        "java",
        "html"
    ],
    "num_servers": 1,
    "size": 30906,
    "images": [],
    "avg_size_service": 30906.0
}