{
    "num_services": 6,
    "dbs": [],
    "name": "OpenCodeCamp/opencodecamp.org",
    "files": [],
    "discos": [],
    "num_gates": 0,
    "num_buses": 1,
    "langs": [
        "html",
        "c#"
    ],
    "gates": [],
    "num_monitors": 0,
    "monitors": [],
    "images": [
        "base"
    ],
    "structure": {
        "num_services": 6,
        "detected_dbs": {
            "num": 0,
            "services": [],
            "names": [],
            "shared_dbs": false
        },
        "services": [
            {
                "buses": [],
                "depends_on": [],
                "gates": [],
                "dbs": [],
                "image_full": "mcr.microsoft.com/mssql/server:2017-latest",
                "monitors": [],
                "discos": [],
                "servers": [],
                "name": "sqldata",
                "image": "mcr.microsoft.com/mssql/server"
            },
            {
                "buses": [],
                "depends_on": [],
                "gates": [],
                "dbs": [],
                "image_full": "datalust/seq:latest",
                "monitors": [],
                "discos": [],
                "servers": [],
                "name": "seq",
                "image": "datalust/seq"
            },
            {
                "buses": [],
                "depends_on": [
                    "sqldata",
                    "rabbitmq"
                ],
                "gates": [],
                "dbs": [],
                "image_full": "${REGISTRY:-occ}/outgoingcommunications.api:${PLATFORM:-linux}-${TAG:-latest}",
                "monitors": [],
                "discos": [],
                "servers": [],
                "name": "outgoingcommunications.api",
                "image": "${REGISTRY"
            },
            {
                "buses": [
                    "rabbitmq"
                ],
                "depends_on": [],
                "gates": [],
                "dbs": [],
                "image_full": "rabbitmq:3-management-alpine",
                "monitors": [],
                "discos": [],
                "servers": [],
                "name": "rabbitmq",
                "image": "rabbitmq"
            },
            {
                "buses": [],
                "depends_on": [
                    "marketing.api",
                    "outgoingcommunications.api"
                ],
                "gates": [],
                "dbs": [],
                "image_full": "${REGISTRY:-occ}/webmvc:${PLATFORM:-linux}-${TAG:-latest}",
                "monitors": [],
                "discos": [],
                "servers": [],
                "name": "webmvc",
                "image": "${REGISTRY"
            },
            {
                "buses": [],
                "depends_on": [
                    "sqldata",
                    "rabbitmq"
                ],
                "gates": [],
                "dbs": [],
                "image_full": "${REGISTRY:-occ}/marketing.api:${PLATFORM:-linux}-${TAG:-latest}",
                "monitors": [],
                "discos": [],
                "servers": [],
                "name": "marketing.api",
                "image": "${REGISTRY"
            }
        ],
        "path": "/src/docker-compose.yml"
    },
    "shared_dbs": false,
    "languages": [
        "html",
        "c#"
    ],
    "avg_size_service": 1800.0,
    "buses": [
        "rabbitmq"
    ],
    "dockers": [
        {
            "from_full": "base",
            "langs": [],
            "dbs": [],
            "path": "/src/Services/Marketing/Marketing.Api/Dockerfile",
            "buses": [],
            "cmd_keywords": [],
            "discos": [],
            "monitors": [],
            "gates": [],
            "servers": [],
            "from": "base",
            "keywords": [
                "dotnet",
                "restore",
                "publish",
                "opencodecamp",
                "sln"
            ],
            "cmd": ""
        },
        {
            "from_full": "base",
            "langs": [],
            "dbs": [],
            "path": "/src/Services/OutgoingCommunications/OutgoingCommunications.Api/Dockerfile",
            "buses": [],
            "cmd_keywords": [],
            "discos": [],
            "monitors": [],
            "gates": [],
            "servers": [],
            "from": "base",
            "keywords": [
                "dotnet",
                "restore",
                "publish",
                "opencodecamp",
                "sln"
            ],
            "cmd": ""
        },
        {
            "from_full": "base",
            "langs": [],
            "dbs": [],
            "path": "/src/Web/WebMvc/Dockerfile",
            "buses": [],
            "cmd_keywords": [],
            "discos": [],
            "monitors": [],
            "gates": [],
            "servers": [],
            "from": "base",
            "keywords": [
                "dotnet",
                "restore",
                "publish",
                "opencodecamp",
                "sln"
            ],
            "cmd": ""
        }
    ],
    "servers": [],
    "num_dockers": 3,
    "url": "git://github.com/OpenCodeCamp/opencodecamp.org.git",
    "num_dbs": 0,
    "num_servers": 0,
    "num_discos": 0,
    "num_langs": 2,
    "num_files": 4,
    "size": 5400
}