{
    "dockers": [
        {
            "keywords": [
                "configure"
            ],
            "servers": [],
            "dbs": [],
            "from_full": "openliberty/open-liberty:kernel-java8-openj9-ubi",
            "cmd": "",
            "langs": [],
            "monitors": [],
            "path": "/start/inventory/Dockerfile",
            "discos": [],
            "from": "openliberty/open-liberty",
            "gates": [],
            "cmd_keywords": [],
            "buses": []
        },
        {
            "keywords": [
                "configure"
            ],
            "servers": [],
            "dbs": [],
            "from_full": "openliberty/open-liberty:kernel-java8-openj9-ubi",
            "cmd": "",
            "langs": [],
            "monitors": [],
            "path": "/start/system/Dockerfile",
            "discos": [],
            "from": "openliberty/open-liberty",
            "gates": [],
            "cmd_keywords": [],
            "buses": []
        },
        {
            "keywords": [
                "configure"
            ],
            "servers": [],
            "dbs": [],
            "from_full": "openliberty/open-liberty:kernel-java8-openj9-ubi",
            "cmd": "",
            "langs": [],
            "monitors": [],
            "path": "/finish/inventory/Dockerfile",
            "discos": [],
            "from": "openliberty/open-liberty",
            "gates": [],
            "cmd_keywords": [],
            "buses": []
        },
        {
            "keywords": [
                "configure"
            ],
            "servers": [],
            "dbs": [],
            "from_full": "openliberty/open-liberty:kernel-java8-openj9-ubi",
            "cmd": "",
            "langs": [],
            "monitors": [],
            "path": "/finish/system/Dockerfile",
            "discos": [],
            "from": "openliberty/open-liberty",
            "gates": [],
            "cmd_keywords": [],
            "buses": []
        }
    ],
    "languages": [
        "java",
        "html"
    ],
    "name": "OpenLiberty/guide-cloud-aws",
    "num_buses": 0,
    "structure": {
        "detected_dbs": {
            "num": 0,
            "shared_dbs": false,
            "services": [],
            "names": []
        },
        "num_services": 0,
        "services": [],
        "path": []
    },
    "num_dockers": 4,
    "num_servers": 2,
    "num_monitors": 0,
    "discos": [],
    "gates": [],
    "shared_dbs": false,
    "num_dbs": 0,
    "num_files": 11,
    "num_discos": 0,
    "files": [
        {
            "dbs": [],
            "servers": [],
            "path": "/start/pom.xml",
            "discos": [],
            "gates": [],
            "monitors": [],
            "buses": []
        },
        {
            "dbs": [],
            "servers": [
                "node",
                "glassfish"
            ],
            "path": "/start/inventory/pom.xml",
            "discos": [],
            "gates": [],
            "monitors": [],
            "buses": []
        },
        {
            "dbs": [],
            "servers": [
                "node"
            ],
            "path": "/start/system/pom.xml",
            "discos": [],
            "gates": [],
            "monitors": [],
            "buses": []
        },
        {
            "dbs": [],
            "servers": [],
            "path": "/finish/pom.xml",
            "discos": [],
            "gates": [],
            "monitors": [],
            "buses": []
        },
        {
            "dbs": [],
            "servers": [
                "node",
                "glassfish"
            ],
            "path": "/finish/inventory/pom.xml",
            "discos": [],
            "gates": [],
            "monitors": [],
            "buses": []
        },
        {
            "dbs": [],
            "servers": [
                "node"
            ],
            "path": "/finish/system/pom.xml",
            "discos": [],
            "gates": [],
            "monitors": [],
            "buses": []
        }
    ],
    "url": "git://github.com/OpenLiberty/guide-cloud-aws.git",
    "images": [
        "openliberty/open-liberty"
    ],
    "avg_size_service": 35.0,
    "num_services": 0,
    "dbs": [],
    "servers": [
        "node",
        "glassfish"
    ],
    "langs": [
        "java",
        "html"
    ],
    "num_gates": 0,
    "size": 140,
    "num_langs": 2,
    "monitors": [],
    "buses": []
}