{
    "discos": [],
    "avg_size_service": 6036.0,
    "buses": [],
    "num_gates": 0,
    "name": "openebs/openebs",
    "structure": {
        "path": [],
        "services": [],
        "detected_dbs": {
            "names": [],
            "num": 0,
            "shared_dbs": false,
            "services": []
        },
        "num_services": 0
    },
    "dbs": [],
    "dockers": [],
    "gates": [],
    "size": 6036,
    "num_monitors": 0,
    "images": [],
    "num_buses": 0,
    "num_services": 0,
    "servers": [],
    "shared_dbs": false,
    "monitors": [],
    "num_discos": 0,
    "languages": [],
    "url": "git://github.com/openebs/openebs.git",
    "langs": [],
    "num_dbs": 0,
    "num_servers": 0,
    "num_langs": 0,
    "files": [],
    "num_dockers": 0,
    "num_files": 1
}