{
    "buses": [],
    "num_servers": 0,
    "languages": [
        "shell",
        "dockerfile"
    ],
    "dbs": [],
    "num_services": 0,
    "avg_size_service": 15.0,
    "servers": [],
    "structure": {
        "num_services": 0,
        "detected_dbs": {
            "services": [],
            "shared_dbs": false,
            "num": 0,
            "names": []
        },
        "services": [],
        "path": []
    },
    "monitors": [],
    "num_buses": 0,
    "images": [
        "centos"
    ],
    "gates": [],
    "num_gates": 0,
    "num_langs": 2,
    "langs": [
        "shell",
        "dockerfile"
    ],
    "url": "git://github.com/opensciencegrid/docker-software-base.git",
    "num_discos": 0,
    "num_files": 2,
    "files": [],
    "shared_dbs": false,
    "num_monitors": 0,
    "name": "opensciencegrid/docker-software-base",
    "num_dbs": 0,
    "discos": [],
    "dockers": [
        {
            "langs": [],
            "dbs": [],
            "path": "/Dockerfile",
            "servers": [],
            "monitors": [],
            "keywords": [
                "yum",
                "osg",
                "release",
                "install",
                "image"
            ],
            "cmd": "/usr/local/sbin/supervisord_startup.sh",
            "buses": [],
            "from_full": "centos:centos7",
            "from": "centos",
            "discos": [],
            "cmd_keywords": [
                "usr",
                "supervisord",
                "sbin",
                "local",
                "startup"
            ],
            "gates": []
        }
    ],
    "num_dockers": 1,
    "size": 15
}