{
    "num_servers": 1,
    "num_gates": 0,
    "num_dockers": 1,
    "num_buses": 0,
    "dockers": [
        {
            "monitors": [],
            "servers": [],
            "buses": [],
            "from_full": "python:2.7-slim",
            "discos": [],
            "from": "python",
            "langs": [
                "python"
            ],
            "gates": [],
            "cmd_keywords": [
                "app",
                "python"
            ],
            "cmd": "python app.py",
            "path": "/Dockerfile",
            "dbs": [],
            "keywords": [
                "txt",
                "pypi",
                "trusted",
                "python",
                "requirements"
            ]
        }
    ],
    "shared_dbs": false,
    "languages": [
        "python",
        "dockerfile"
    ],
    "gates": [],
    "avg_size_service": 1.0,
    "discos": [],
    "num_dbs": 1,
    "monitors": [],
    "servers": [
        "flask"
    ],
    "num_langs": 2,
    "buses": [],
    "structure": {
        "path": "/docker-compose.yml",
        "services": [
            {
                "monitors": [],
                "servers": [],
                "gates": [],
                "image_full": "oumarkouf/start-docker:part1",
                "image": "oumarkouf/start-docker",
                "buses": [],
                "name": "web",
                "discos": [],
                "depends_on": [],
                "dbs": []
            }
        ],
        "detected_dbs": {
            "num": 0,
            "services": [],
            "names": [],
            "shared_dbs": false
        },
        "num_services": 1
    },
    "images": [
        "python"
    ],
    "num_files": 3,
    "num_services": 1,
    "langs": [
        "python",
        "dockerfile"
    ],
    "files": [
        {
            "monitors": [],
            "servers": [
                "flask"
            ],
            "gates": [],
            "buses": [],
            "discos": [],
            "path": "/requirements.txt",
            "dbs": [
                "redis"
            ]
        }
    ],
    "url": "git://github.com/oumarkouf/Microservices.git",
    "size": 1,
    "name": "oumarkouf/Microservices",
    "num_discos": 0,
    "num_monitors": 0,
    "dbs": [
        "redis"
    ]
}