{
    "size": 17,
    "avg_size_service": 17.0,
    "name": "PacktPublishing/Containers-for-Microservices-Kubernetes-and-Docker-Recipes",
    "languages": [
        "shell"
    ],
    "servers": [],
    "num_dbs": 0,
    "images": [
        "openjdk"
    ],
    "structure": {
        "path": [],
        "num_services": 0,
        "services": [],
        "detected_dbs": {
            "services": [],
            "names": [],
            "shared_dbs": false,
            "num": 0
        }
    },
    "num_dockers": 1,
    "num_buses": 0,
    "num_services": 0,
    "dockers": [
        {
            "path": "/Section_2/Dockerfile",
            "from": "openjdk",
            "langs": [
                "java"
            ],
            "cmd": "java Main",
            "servers": [],
            "from_full": "openjdk:7",
            "keywords": [
                "main",
                "javac",
                "java"
            ],
            "cmd_keywords": [
                "main",
                "java"
            ],
            "monitors": [],
            "buses": [],
            "dbs": [],
            "gates": [],
            "discos": []
        }
    ],
    "num_langs": 2,
    "langs": [
        "java",
        "shell"
    ],
    "discos": [],
    "num_gates": 0,
    "num_monitors": 0,
    "num_files": 2,
    "files": [],
    "shared_dbs": false,
    "monitors": [],
    "num_servers": 0,
    "url": "git://github.com/PacktPublishing/Containers-for-Microservices-Kubernetes-and-Docker-Recipes.git",
    "dbs": [],
    "num_discos": 0,
    "gates": [],
    "buses": []
}