{
    "dbs": [],
    "num_langs": 3,
    "buses": [],
    "monitors": [],
    "num_services": 3,
    "num_dbs": 0,
    "num_servers": 2,
    "discos": [],
    "dockers": [
        {
            "servers": [
                "node"
            ],
            "buses": [],
            "monitors": [],
            "cmd_keywords": [
                "start",
                "npm"
            ],
            "from_full": "node:current-alpine3.10",
            "gates": [],
            "dbs": [],
            "from": "node",
            "cmd": "npm start",
            "discos": [],
            "langs": [],
            "path": "/auth/Dockerfile",
            "keywords": [
                "install",
                "npm"
            ]
        },
        {
            "servers": [
                "node"
            ],
            "buses": [],
            "monitors": [],
            "cmd_keywords": [
                "start",
                "npm"
            ],
            "from_full": "node:current-alpine3.10",
            "gates": [],
            "dbs": [],
            "from": "node",
            "cmd": "npm start",
            "discos": [],
            "langs": [],
            "path": "/web/Dockerfile",
            "keywords": [
                "install",
                "npm"
            ]
        }
    ],
    "num_files": 5,
    "num_dockers": 2,
    "images": [
        "node"
    ],
    "size": 32,
    "servers": [
        "express",
        "node"
    ],
    "structure": {
        "detected_dbs": {
            "names": [],
            "shared_dbs": false,
            "services": [],
            "num": 0
        },
        "num_services": 3,
        "path": "/docker-compose.yml",
        "services": [
            {
                "discos": [],
                "servers": [],
                "image_full": "./web",
                "name": "web",
                "depends_on": [],
                "dbs": [],
                "buses": [],
                "image": "./web",
                "gates": [],
                "monitors": []
            },
            {
                "discos": [],
                "servers": [],
                "image_full": "./auth",
                "name": "auth",
                "depends_on": [],
                "dbs": [],
                "buses": [],
                "image": "./auth",
                "gates": [],
                "monitors": []
            },
            {
                "discos": [],
                "servers": [],
                "image_full": "nginx:1.17.10",
                "name": "nginx",
                "depends_on": [
                    "auth",
                    "web"
                ],
                "dbs": [],
                "buses": [],
                "image": "nginx",
                "gates": [
                    "nginx"
                ],
                "monitors": []
            }
        ]
    },
    "num_discos": 0,
    "files": [
        {
            "servers": [
                "express",
                "node"
            ],
            "gates": [],
            "dbs": [],
            "buses": [],
            "monitors": [],
            "discos": [],
            "path": "/auth/package.json"
        },
        {
            "servers": [
                "express",
                "node"
            ],
            "gates": [],
            "dbs": [],
            "buses": [],
            "monitors": [],
            "discos": [],
            "path": "/web/package.json"
        }
    ],
    "num_monitors": 0,
    "num_buses": 0,
    "num_gates": 1,
    "gates": [
        "nginx"
    ],
    "name": "pankajvaghela/docker-microservices",
    "avg_size_service": 16.0,
    "url": "git://github.com/pankajvaghela/docker-microservices.git",
    "shared_dbs": false,
    "langs": [
        "html",
        "dockerfile",
        "javascript"
    ],
    "languages": [
        "javascript",
        "html",
        "dockerfile"
    ]
}