{
    "structure": {
        "path": "/docker-compose.yml",
        "services": [
            {
                "servers": [],
                "buses": [],
                "gates": [],
                "monitors": [],
                "name": "backend",
                "dbs": [],
                "depends_on": [],
                "image": "backend/.",
                "image_full": "backend/.",
                "discos": []
            },
            {
                "servers": [],
                "buses": [],
                "gates": [],
                "monitors": [],
                "name": "frontend",
                "dbs": [],
                "depends_on": [],
                "image": "frontend/.",
                "image_full": "frontend/.",
                "discos": []
            }
        ],
        "num_services": 2,
        "detected_dbs": {
            "names": [],
            "num": 0,
            "services": [],
            "shared_dbs": false
        }
    },
    "discos": [],
    "size": 362,
    "num_gates": 0,
    "num_langs": 4,
    "servers": [
        "node",
        "flask"
    ],
    "gates": [],
    "num_servers": 2,
    "num_buses": 0,
    "files": [
        {
            "servers": [
                "flask"
            ],
            "buses": [],
            "gates": [],
            "monitors": [],
            "discos": [],
            "path": "/backend/requirements.txt",
            "dbs": []
        },
        {
            "servers": [
                "node"
            ],
            "buses": [],
            "gates": [],
            "monitors": [],
            "discos": [],
            "path": "/frontend/package.json",
            "dbs": []
        }
    ],
    "num_dockers": 2,
    "buses": [],
    "languages": [
        "html",
        "python",
        "vue",
        "dockerfile"
    ],
    "monitors": [],
    "dbs": [],
    "num_monitors": 0,
    "num_files": 5,
    "num_dbs": 0,
    "num_services": 2,
    "images": [
        "debian",
        "node"
    ],
    "url": "git://github.com/pascalwengerter/berlinpythonpizza-2019-pdfaas.git",
    "dockers": [
        {
            "cmd": "python app/app.py",
            "servers": [],
            "monitors": [],
            "discos": [],
            "buses": [],
            "path": "/backend/Dockerfile",
            "cmd_keywords": [
                "app",
                "python"
            ],
            "keywords": [
                "tar",
                "bin",
                "wkhtmltox",
                "usr",
                "get"
            ],
            "from_full": "debian:jessie",
            "gates": [],
            "from": "debian",
            "langs": [
                "python"
            ],
            "dbs": []
        },
        {
            "cmd": "http-server dist",
            "servers": [
                "node"
            ],
            "monitors": [],
            "discos": [],
            "buses": [],
            "path": "/frontend/Dockerfile",
            "cmd_keywords": [
                "dist",
                "server",
                "http"
            ],
            "keywords": [
                "npm",
                "install",
                "server",
                "run",
                "build"
            ],
            "from_full": "node:9.11.1-alpine",
            "gates": [],
            "from": "node",
            "langs": [],
            "dbs": []
        }
    ],
    "avg_size_service": 181.0,
    "shared_dbs": false,
    "num_discos": 0,
    "langs": [
        "vue",
        "html",
        "dockerfile",
        "python"
    ],
    "name": "pascalwengerter/berlinpythonpizza-2019-pdfaas"
}