{
    "gates": [],
    "num_gates": 0,
    "size": 1,
    "shared_dbs": false,
    "num_services": 0,
    "num_dbs": 1,
    "name": "pbn4/e-mikrofirma",
    "dbs": [
        "oracle"
    ],
    "buses": [],
    "num_dockers": 1,
    "images": [
        "ubuntu"
    ],
    "monitors": [],
    "files": [],
    "structure": {
        "detected_dbs": {
            "services": [],
            "names": [],
            "num": 0,
            "shared_dbs": false
        },
        "services": [],
        "path": [],
        "num_services": 0
    },
    "servers": [],
    "num_discos": 0,
    "discos": [],
    "num_monitors": 0,
    "url": "git://github.com/pbn4/e-mikrofirma.git",
    "langs": [
        "java",
        "dockerfile"
    ],
    "num_langs": 2,
    "dockers": [
        {
            "gates": [],
            "keywords": [
                "mikrofirma",
                "apt",
                "get",
                "tar",
                "user"
            ],
            "discos": [],
            "path": "/Dockerfile",
            "langs": [
                "java"
            ],
            "cmd_keywords": [
                "lib",
                "jar",
                "mikrofirma",
                "java",
                "microlauncher"
            ],
            "dbs": [
                "oracle"
            ],
            "servers": [],
            "cmd": "cd e-mikrofirma/micro &&    java -jar MicroLauncher.lib",
            "from_full": "ubuntu:16.04",
            "buses": [],
            "from": "ubuntu",
            "monitors": []
        }
    ],
    "avg_size_service": 1.0,
    "languages": [
        "dockerfile"
    ],
    "num_buses": 0,
    "num_files": 2,
    "num_servers": 0
}