{
    "languages": [
        "go"
    ],
    "num_servers": 0,
    "shared_dbs": false,
    "name": "Pepeye/microed-cli",
    "servers": [],
    "num_monitors": 0,
    "num_langs": 1,
    "images": [],
    "langs": [
        "go"
    ],
    "dockers": [],
    "gates": [],
    "num_buses": 0,
    "discos": [],
    "monitors": [],
    "num_files": 1,
    "structure": {
        "path": [],
        "services": [],
        "num_services": 0,
        "detected_dbs": {
            "services": [],
            "names": [],
            "num": 0,
            "shared_dbs": false
        }
    },
    "dbs": [],
    "num_dbs": 0,
    "avg_size_service": 2.0,
    "num_services": 0,
    "buses": [],
    "files": [],
    "url": "git://github.com/Pepeye/microed-cli.git",
    "num_dockers": 0,
    "size": 2,
    "num_discos": 0,
    "num_gates": 0
}