{
    "size": 2,
    "num_discos": 0,
    "num_services": 0,
    "num_monitors": 0,
    "num_langs": 2,
    "dockers": [
        {
            "cmd_keywords": [],
            "from": "",
            "path": "/Dockerfile",
            "cmd": ""
        }
    ],
    "files": [],
    "langs": [
        "go",
        "dockerfile"
    ],
    "url": "git://github.com/peppiii/docker-customer-service.git",
    "buses": [],
    "shared_dbs": false,
    "structure": {
        "services": [],
        "detected_dbs": {
            "names": [],
            "services": [],
            "shared_dbs": false,
            "num": 0
        },
        "num_services": 0,
        "path": []
    },
    "name": "peppiii/docker-customer-service",
    "num_buses": 0,
    "servers": [],
    "num_files": 2,
    "num_dbs": 0,
    "num_gates": 0,
    "gates": [],
    "monitors": [],
    "avg_size_service": 2.0,
    "languages": [
        "go",
        "dockerfile"
    ],
    "num_dockers": 1,
    "dbs": [],
    "num_servers": 0,
    "discos": [],
    "images": []
}