{
    "avg_size_service": 2047.0,
    "discos": [],
    "images": [
        "ubuntu"
    ],
    "num_dockers": 1,
    "num_servers": 0,
    "langs": [
        "shell",
        "php",
        "dockerfile",
        "bash"
    ],
    "languages": [
        "php",
        "shell",
        "dockerfile"
    ],
    "num_services": 0,
    "num_gates": 1,
    "num_langs": 4,
    "monitors": [],
    "gates": [
        "nginx"
    ],
    "servers": [],
    "num_monitors": 0,
    "structure": {
        "path": [],
        "services": [],
        "num_services": 0,
        "detected_dbs": {
            "names": [],
            "num": 0,
            "services": [],
            "shared_dbs": false
        }
    },
    "size": 2047,
    "url": "git://github.com/perfumerlabs/badges.git",
    "num_buses": 0,
    "shared_dbs": false,
    "files": [],
    "num_discos": 0,
    "dockers": [
        {
            "path": "/Dockerfile",
            "from_full": "ubuntu:xenial",
            "from": "ubuntu",
            "cmd": "",
            "keywords": [
                "php",
                "apt",
                "list",
                "nginx",
                "badges"
            ],
            "servers": [],
            "gates": [
                "nginx"
            ],
            "langs": [
                "bash"
            ],
            "discos": [],
            "monitors": [],
            "cmd_keywords": [],
            "dbs": [
                "mongodb"
            ],
            "buses": []
        }
    ],
    "name": "perfumerlabs/badges",
    "buses": [],
    "num_files": 2,
    "dbs": [
        "db"
    ],
    "num_dbs": 1
}