{
    "dbs": [],
    "name": "PeterKneale/Europa",
    "num_langs": 1,
    "languages": [
        "c#"
    ],
    "shared_dbs": false,
    "servers": [],
    "langs": [
        "c#"
    ],
    "dockers": [
        {
            "buses": [],
            "dbs": [],
            "servers": [],
            "monitors": [],
            "cmd_keywords": [],
            "discos": [],
            "cmd": "",
            "path": "/Dockerfile",
            "from_full": "microsoft/aspnetcore:2",
            "gates": [],
            "from": "microsoft/aspnetcore",
            "langs": [],
            "keywords": [
                "dotnet",
                "publish",
                "output",
                "release",
                "app"
            ]
        },
        {
            "buses": [],
            "dbs": [],
            "servers": [],
            "monitors": [],
            "cmd_keywords": [],
            "discos": [],
            "cmd": "",
            "path": "/Common/Europa.Database/Dockerfile",
            "from_full": "library/postgres",
            "gates": [],
            "from": "library/postgres",
            "langs": [],
            "keywords": []
        }
    ],
    "gates": [],
    "size": 2556,
    "num_dockers": 2,
    "num_discos": 0,
    "num_buses": 0,
    "buses": [],
    "images": [
        "library/postgres",
        "microsoft/aspnetcore"
    ],
    "num_servers": 0,
    "num_services": 2,
    "monitors": [],
    "structure": {
        "services": [
            {
                "buses": [],
                "image": "Dockerfile",
                "dbs": [],
                "gates": [],
                "image_full": "Dockerfile",
                "monitors": [],
                "name": "web",
                "discos": [],
                "servers": [],
                "depends_on": [
                    "db"
                ]
            },
            {
                "buses": [],
                "image": "Dockerfile",
                "dbs": [],
                "gates": [],
                "image_full": "Dockerfile",
                "monitors": [],
                "name": "db",
                "discos": [],
                "servers": [],
                "depends_on": []
            }
        ],
        "num_services": 2,
        "detected_dbs": {
            "num": 0,
            "shared_dbs": false,
            "names": [],
            "services": []
        },
        "path": "/docker-compose.yml"
    },
    "discos": [],
    "num_files": 3,
    "num_dbs": 0,
    "num_monitors": 0,
    "num_gates": 0,
    "url": "git://github.com/PeterKneale/Europa.git",
    "avg_size_service": 1278.0,
    "files": []
}