{
    "dbs": [
        "mysql",
        "memcached"
    ],
    "size": 55,
    "num_files": 4,
    "files": [],
    "monitors": [],
    "servers": [],
    "gates": [],
    "num_dockers": 3,
    "url": "git://github.com/phoenix090/skyhigh_containerization.git",
    "shared_dbs": false,
    "num_gates": 0,
    "discos": [],
    "images": [
        "python",
        "ubuntu"
    ],
    "structure": {
        "services": [
            {
                "servers": [],
                "dbs": [],
                "depends_on": [],
                "name": "keystone",
                "image_full": "127.0.0.1:5001/keystone",
                "image": "127.0.0.1",
                "discos": [],
                "monitors": [],
                "gates": [],
                "buses": []
            },
            {
                "servers": [],
                "dbs": [
                    "memcached"
                ],
                "depends_on": [],
                "name": "memcached",
                "image_full": "memcached:latest",
                "image": "memcached",
                "discos": [],
                "monitors": [],
                "gates": [],
                "buses": []
            }
        ],
        "detected_dbs": {
            "names": [
                "memcached"
            ],
            "services": [
                "memcached"
            ],
            "num": 1,
            "shared_dbs": false
        },
        "num_services": 2,
        "path": "/docker-compose.yml"
    },
    "langs": [
        "python",
        "dockerfile"
    ],
    "languages": [
        "python",
        "dockerfile"
    ],
    "num_buses": 0,
    "dockers": [
        {
            "keywords": [
                "apache",
                "pip",
                "conf",
                "sites",
                "manage"
            ],
            "dbs": [
                "memcached"
            ],
            "langs": [
                "python"
            ],
            "from_full": "ubuntu",
            "from": "ubuntu",
            "monitors": [],
            "cmd_keywords": [
                "apache",
                "usr",
                "sbin",
                "dforeground"
            ],
            "servers": [],
            "gates": [],
            "path": "/horizon/Dockerfile",
            "cmd": "/usr/sbin/apache2 -DFOREGROUND",
            "buses": [],
            "discos": []
        },
        {
            "keywords": [
                "apt",
                "install",
                "etc",
                "python",
                "dev"
            ],
            "dbs": [
                "mysql"
            ],
            "langs": [
                "python"
            ],
            "from_full": "python:2.7.12",
            "from": "python",
            "monitors": [],
            "cmd_keywords": [
                "bootstrap"
            ],
            "servers": [],
            "gates": [],
            "path": "/keystone-microservice/keystone/Dockerfile",
            "cmd": "sh -x /bootstrap.sh",
            "buses": [],
            "discos": []
        },
        {
            "keywords": [
                "install",
                "apt",
                "python",
                "dev",
                "keystone"
            ],
            "dbs": [
                "memcached"
            ],
            "langs": [
                "python"
            ],
            "from_full": "python:2.7.12",
            "from": "python",
            "monitors": [],
            "cmd_keywords": [
                "bootstrap"
            ],
            "servers": [],
            "gates": [],
            "path": "/keystone-microservice/keystone/backup/Dockerfile",
            "cmd": "sh -x /bootstrap.sh",
            "buses": [],
            "discos": []
        }
    ],
    "buses": [],
    "num_discos": 0,
    "num_servers": 0,
    "num_dbs": 2,
    "name": "phoenix090/skyhigh_containerization",
    "num_monitors": 0,
    "avg_size_service": 18.333333333333332,
    "num_services": 2,
    "num_langs": 2
}