{
    "avg_size_service": 954.0,
    "discos": [],
    "images": [
        "python"
    ],
    "num_dockers": 3,
    "num_servers": 0,
    "langs": [
        "css",
        "python",
        "javascript"
    ],
    "languages": [
        "css",
        "javascript",
        "python"
    ],
    "num_services": 0,
    "num_gates": 0,
    "num_langs": 3,
    "monitors": [],
    "gates": [],
    "servers": [],
    "num_monitors": 0,
    "structure": {
        "path": [],
        "services": [],
        "num_services": 0,
        "detected_dbs": {
            "names": [],
            "num": 0,
            "services": [],
            "shared_dbs": false
        }
    },
    "size": 2862,
    "url": "git://github.com/piratos/ecila.git",
    "num_buses": 0,
    "shared_dbs": false,
    "files": [],
    "num_discos": 0,
    "dockers": [
        {
            "path": "/main/Dockerfile",
            "from_full": "python:3.6-slim",
            "from": "python",
            "cmd": "chatapp.py",
            "keywords": [
                "apt",
                "get",
                "install",
                "wget",
                "dev"
            ],
            "servers": [],
            "gates": [],
            "langs": [
                "python"
            ],
            "discos": [],
            "monitors": [],
            "cmd_keywords": [
                "chatapp"
            ],
            "dbs": [],
            "buses": []
        },
        {
            "path": "/weather/Dockerfile",
            "from_full": "python:alpine3.7",
            "from": "python",
            "cmd": "weather_app.py",
            "keywords": [
                "install",
                "txt",
                "pip",
                "weather",
                "requirements"
            ],
            "servers": [],
            "gates": [],
            "langs": [
                "python"
            ],
            "discos": [],
            "monitors": [],
            "cmd_keywords": [
                "app",
                "weather"
            ],
            "dbs": [],
            "buses": []
        },
        {
            "path": "/web/Dockerfile",
            "from_full": "python:alpine3.7",
            "from": "python",
            "cmd": "server.py",
            "keywords": [
                "txt",
                "install",
                "web",
                "pip",
                "requirements"
            ],
            "servers": [],
            "gates": [],
            "langs": [
                "python"
            ],
            "discos": [],
            "monitors": [],
            "cmd_keywords": [
                "server"
            ],
            "dbs": [],
            "buses": []
        }
    ],
    "name": "piratos/ecila",
    "buses": [],
    "num_files": 4,
    "dbs": [],
    "num_dbs": 0
}