{
    "monitors": [],
    "gates": [
        "nginx"
    ],
    "num_gates": 1,
    "discos": [],
    "url": "git://github.com/ppresto/microservices_k8s_gettingstarted.git",
    "size": 422,
    "shared_dbs": false,
    "name": "ppresto/microservices_k8s_gettingstarted",
    "num_dockers": 3,
    "num_files": 7,
    "avg_size_service": 140.66666666666666,
    "buses": [],
    "num_servers": 2,
    "num_services": 0,
    "images": [
        "nginx",
        "python",
        "openjdk"
    ],
    "num_langs": 5,
    "structure": {
        "detected_dbs": {
            "num": 0,
            "shared_dbs": false,
            "names": [],
            "services": []
        },
        "path": [],
        "num_services": 0,
        "services": []
    },
    "langs": [
        "bash",
        "shell",
        "javascript",
        "python",
        "java"
    ],
    "files": [
        {
            "dbs": [],
            "monitors": [],
            "buses": [],
            "path": "/sa-logic/sa/requirements.txt",
            "discos": [],
            "servers": [
                "flask"
            ],
            "gates": []
        },
        {
            "dbs": [],
            "monitors": [],
            "buses": [],
            "path": "/sa-webapp/pom.xml",
            "discos": [],
            "servers": [
                "spring"
            ],
            "gates": []
        },
        {
            "dbs": [],
            "monitors": [],
            "buses": [],
            "path": "/sa-frontend/package.json",
            "discos": [],
            "servers": [],
            "gates": []
        }
    ],
    "dockers": [
        {
            "langs": [
                "python"
            ],
            "monitors": [],
            "buses": [],
            "gates": [],
            "from": "python",
            "discos": [],
            "keywords": [
                "txt",
                "requirements",
                "textblob",
                "install",
                "download"
            ],
            "from_full": "python:3.6.6-alpine",
            "cmd": "sentiment_analysis.py",
            "path": "/sa-logic/Dockerfile",
            "dbs": [],
            "servers": [],
            "cmd_keywords": [
                "analysis",
                "sentiment"
            ]
        },
        {
            "langs": [
                "java"
            ],
            "monitors": [],
            "buses": [],
            "gates": [],
            "from": "openjdk",
            "discos": [],
            "keywords": [],
            "from_full": "openjdk:8-jdk-alpine",
            "cmd": "java -jar sentiment-analysis-web-0.0.1-SNAPSHOT.jar --sa.logic.api.url=${SA_LOGIC_API_URL}",
            "path": "/sa-webapp/Dockerfile",
            "dbs": [],
            "servers": [],
            "cmd_keywords": [
                "logic",
                "url",
                "jar",
                "api",
                "sentiment"
            ]
        },
        {
            "langs": [
                "bash"
            ],
            "monitors": [],
            "buses": [],
            "gates": [
                "nginx"
            ],
            "from": "nginx",
            "discos": [],
            "keywords": [
                "install",
                "apt",
                "get",
                "set",
                "bash"
            ],
            "from_full": "nginx",
            "cmd": "",
            "path": "/sa-frontend/Dockerfile",
            "dbs": [],
            "servers": [],
            "cmd_keywords": []
        }
    ],
    "languages": [
        "javascript",
        "shell",
        "java"
    ],
    "num_dbs": 0,
    "dbs": [],
    "num_discos": 0,
    "servers": [
        "flask",
        "spring"
    ],
    "num_buses": 0,
    "num_monitors": 0
}