{
    "avg_size_service": 335.0,
    "buses": [],
    "num_dbs": 0,
    "files": [
        {
            "path": "/OrderManagementService/pom.xml",
            "servers": [
                "spring"
            ],
            "dbs": [],
            "monitors": [],
            "buses": [],
            "discos": [
                "eureka"
            ],
            "gates": []
        },
        {
            "path": "/ZuulProxyServer/pom.xml",
            "servers": [
                "spring"
            ],
            "dbs": [],
            "monitors": [],
            "buses": [],
            "discos": [
                "eureka"
            ],
            "gates": [
                "zuul"
            ]
        },
        {
            "path": "/EurekaServiceRegistryServer/pom.xml",
            "servers": [
                "spring"
            ],
            "dbs": [],
            "monitors": [],
            "buses": [],
            "discos": [
                "eureka"
            ],
            "gates": []
        },
        {
            "path": "/InventoryManagementService/pom.xml",
            "servers": [
                "spring"
            ],
            "dbs": [],
            "monitors": [],
            "buses": [],
            "discos": [
                "eureka"
            ],
            "gates": []
        },
        {
            "path": "/ConfigurationServer/pom.xml",
            "servers": [
                "spring"
            ],
            "dbs": [],
            "monitors": [],
            "buses": [],
            "discos": [],
            "gates": []
        }
    ],
    "num_dockers": 1,
    "num_langs": 1,
    "num_servers": 1,
    "num_buses": 0,
    "num_discos": 1,
    "gates": [
        "zuul"
    ],
    "images": [
        "openjdk"
    ],
    "size": 335,
    "structure": {
        "path": [],
        "num_services": 0,
        "services": [],
        "detected_dbs": {
            "shared_dbs": false,
            "num": 0,
            "names": [],
            "services": []
        }
    },
    "num_files": 7,
    "servers": [
        "spring"
    ],
    "url": "git://github.com/prashantrr143/Microservices-Architecture.git",
    "dbs": [],
    "monitors": [],
    "dockers": [
        {
            "from_full": "openjdk:8-jdk-alpine",
            "buses": [],
            "dbs": [],
            "monitors": [],
            "gates": [],
            "path": "/OrderManagementService/Dockerfile",
            "from": "openjdk",
            "cmd": "",
            "cmd_keywords": [],
            "servers": [],
            "keywords": [],
            "discos": [],
            "langs": []
        }
    ],
    "languages": [
        "java"
    ],
    "num_services": 0,
    "num_gates": 1,
    "name": "prashantrr143/Microservices-Architecture",
    "shared_dbs": false,
    "langs": [
        "java"
    ],
    "discos": [
        "eureka"
    ],
    "num_monitors": 0
}