{
    "servers": [
        "spring"
    ],
    "name": "Premkumarcandy/Lego-Project",
    "num_gates": 1,
    "avg_size_service": 329.42857142857144,
    "structure": {
        "services": [
            {
                "gates": [],
                "buses": [],
                "image_full": "../microservice-demo/microservice-demo-turbine-server",
                "servers": [],
                "depends_on": [
                    "eureka"
                ],
                "name": "turbine",
                "dbs": [],
                "image": "../microservice-demo/microservice-demo-turbine-server",
                "monitors": [
                    "turbine"
                ],
                "discos": []
            },
            {
                "gates": [
                    "zuul"
                ],
                "buses": [],
                "image_full": "../microservice-demo/microservice-demo-zuul-server",
                "servers": [],
                "depends_on": [
                    "eureka"
                ],
                "name": "zuul",
                "dbs": [],
                "image": "../microservice-demo/microservice-demo-zuul-server",
                "monitors": [],
                "discos": []
            },
            {
                "gates": [],
                "buses": [],
                "image_full": "../microservice-demo/microservice-demo-customer",
                "servers": [],
                "depends_on": [
                    "eureka"
                ],
                "name": "customer",
                "dbs": [],
                "image": "../microservice-demo/microservice-demo-customer",
                "monitors": [],
                "discos": []
            },
            {
                "gates": [],
                "buses": [],
                "image_full": "../microservice-demo/microservice-demo-order",
                "servers": [],
                "depends_on": [
                    "eureka"
                ],
                "name": "order",
                "dbs": [],
                "image": "../microservice-demo/microservice-demo-order",
                "monitors": [],
                "discos": []
            },
            {
                "gates": [],
                "buses": [],
                "image_full": "../microservice-demo/microservice-demo-catalog",
                "servers": [],
                "depends_on": [
                    "eureka"
                ],
                "name": "catalog",
                "dbs": [],
                "image": "../microservice-demo/microservice-demo-catalog",
                "monitors": [],
                "discos": []
            },
            {
                "gates": [],
                "buses": [],
                "image_full": "../microservice-demo/microservice-demo-eureka-server",
                "servers": [],
                "depends_on": [],
                "name": "eureka",
                "dbs": [],
                "image": "../microservice-demo/microservice-demo-eureka-server",
                "monitors": [],
                "discos": [
                    "eureka"
                ]
            }
        ],
        "num_services": 6,
        "path": "/DevOps_POC/docker/docker-compose.yml",
        "detected_dbs": {
            "num": 0,
            "names": [],
            "services": [],
            "shared_dbs": false
        }
    },
    "num_dbs": 1,
    "buses": [],
    "langs": [
        "javascript",
        "java"
    ],
    "shared_dbs": false,
    "files": [
        {
            "gates": [
                "zuul"
            ],
            "buses": [],
            "path": "/DevOps_POC/microservice-demo/pom.xml",
            "servers": [
                "spring"
            ],
            "dbs": [],
            "monitors": [
                "turbine"
            ],
            "discos": [
                "eureka"
            ]
        },
        {
            "gates": [],
            "buses": [],
            "path": "/DevOps_POC/microservice-demo/microservice-demo-eureka-server/pom.xml",
            "servers": [
                "spring"
            ],
            "dbs": [],
            "monitors": [],
            "discos": [
                "eureka"
            ]
        },
        {
            "gates": [],
            "buses": [],
            "path": "/DevOps_POC/microservice-demo/microservice-demo-customer/pom.xml",
            "servers": [
                "spring"
            ],
            "dbs": [
                "hsqldb"
            ],
            "monitors": [],
            "discos": [
                "eureka"
            ]
        },
        {
            "gates": [
                "zuul"
            ],
            "buses": [],
            "path": "/DevOps_POC/microservice-demo/microservice-demo-zuul-server/pom.xml",
            "servers": [
                "spring"
            ],
            "dbs": [],
            "monitors": [],
            "discos": [
                "eureka"
            ]
        },
        {
            "gates": [],
            "buses": [],
            "path": "/DevOps_POC/microservice-demo/microservice-demo-turbine-server/pom.xml",
            "servers": [
                "spring"
            ],
            "dbs": [],
            "monitors": [
                "turbine"
            ],
            "discos": []
        },
        {
            "gates": [],
            "buses": [],
            "path": "/DevOps_POC/microservice-demo/microservice-demo-catalog/pom.xml",
            "servers": [
                "spring"
            ],
            "dbs": [
                "hsqldb"
            ],
            "monitors": [],
            "discos": [
                "eureka"
            ]
        },
        {
            "gates": [],
            "buses": [],
            "path": "/DevOps_POC/microservice-demo/microservice-demo-order/pom.xml",
            "servers": [
                "spring"
            ],
            "dbs": [
                "hsqldb"
            ],
            "monitors": [],
            "discos": [
                "eureka"
            ]
        },
        {
            "gates": [],
            "buses": [],
            "path": "/LegoUI/LegoUI/pom.xml",
            "servers": [],
            "dbs": [],
            "monitors": [],
            "discos": []
        },
        {
            "gates": [],
            "buses": [],
            "path": "/LegoUI/LegoUI/target/m2e-wtp/web-resources/META-INF/maven/com.hcl.db/LegoUI/pom.xml",
            "servers": [],
            "dbs": [],
            "monitors": [],
            "discos": []
        },
        {
            "gates": [
                "zuul"
            ],
            "buses": [],
            "path": "/microservice-master/microservice-demo/pom.xml",
            "servers": [
                "spring"
            ],
            "dbs": [],
            "monitors": [
                "turbine"
            ],
            "discos": [
                "eureka"
            ]
        },
        {
            "gates": [],
            "buses": [],
            "path": "/microservice-master/microservice-demo/microservice-demo-eureka-server/pom.xml",
            "servers": [
                "spring"
            ],
            "dbs": [],
            "monitors": [],
            "discos": [
                "eureka"
            ]
        },
        {
            "gates": [],
            "buses": [],
            "path": "/microservice-master/microservice-demo/microservice-demo-customer/pom.xml",
            "servers": [
                "spring"
            ],
            "dbs": [
                "hsqldb"
            ],
            "monitors": [],
            "discos": [
                "eureka"
            ]
        },
        {
            "gates": [
                "zuul"
            ],
            "buses": [],
            "path": "/microservice-master/microservice-demo/microservice-demo-zuul-server/pom.xml",
            "servers": [
                "spring"
            ],
            "dbs": [],
            "monitors": [],
            "discos": [
                "eureka"
            ]
        },
        {
            "gates": [],
            "buses": [],
            "path": "/microservice-master/microservice-demo/microservice-demo-turbine-server/pom.xml",
            "servers": [
                "spring"
            ],
            "dbs": [],
            "monitors": [
                "turbine"
            ],
            "discos": []
        },
        {
            "gates": [],
            "buses": [],
            "path": "/microservice-master/microservice-demo/microservice-demo-catalog/pom.xml",
            "servers": [
                "spring"
            ],
            "dbs": [
                "hsqldb"
            ],
            "monitors": [],
            "discos": [
                "eureka"
            ]
        },
        {
            "gates": [],
            "buses": [],
            "path": "/microservice-master/microservice-demo/microservice-demo-order/pom.xml",
            "servers": [
                "spring"
            ],
            "dbs": [
                "hsqldb"
            ],
            "monitors": [],
            "discos": [
                "eureka"
            ]
        }
    ],
    "size": 9224,
    "num_dockers": 28,
    "url": "git://github.com/Premkumarcandy/Lego-Project.git",
    "gates": [
        "zuul"
    ],
    "num_servers": 1,
    "images": [
        "alpine",
        "frolvlad/alpine-glibc",
        "ewolff/docker-java",
        "java"
    ],
    "num_services": 6,
    "languages": [
        "javascript",
        "java"
    ],
    "num_files": 45,
    "discos": [
        "eureka"
    ],
    "dockers": [
        {
            "gates": [],
            "from_full": "alpine:3.2",
            "cmd_keywords": [],
            "path": "/DevOps_POC/docker/java/Dockerfile",
            "servers": [],
            "cmd": "",
            "from": "alpine",
            "buses": [],
            "langs": [
                "java"
            ],
            "dbs": [
                "oracle"
            ],
            "discos": [],
            "monitors": [],
            "keywords": [
                "java",
                "home",
                "jre",
                "lib",
                "bin"
            ]
        },
        {
            "gates": [],
            "from_full": "ewolff/docker-java",
            "cmd_keywords": [
                "jar",
                "eureka",
                "snapshot",
                "server",
                "bin"
            ],
            "path": "/DevOps_POC/microservice-demo/microservice-demo-eureka-server/Dockerfile",
            "servers": [],
            "cmd": "/usr/bin/java -Xmx400m -Xms400m -jar microservice-demo-eureka-server-0.0.1-SNAPSHOT.jar",
            "from": "ewolff/docker-java",
            "buses": [],
            "langs": [
                "java"
            ],
            "dbs": [],
            "discos": [
                "eureka"
            ],
            "monitors": [],
            "keywords": []
        },
        {
            "gates": [],
            "from_full": "ewolff/docker-java",
            "cmd_keywords": [
                "jar",
                "snapshot",
                "customer",
                "bin",
                "demo"
            ],
            "path": "/DevOps_POC/microservice-demo/microservice-demo-customer/Dockerfile",
            "servers": [],
            "cmd": "/usr/bin/java -Xmx400m -Xms400m -jar microservice-demo-customer-0.0.1-SNAPSHOT.jar",
            "from": "ewolff/docker-java",
            "buses": [],
            "langs": [
                "java"
            ],
            "dbs": [],
            "discos": [],
            "monitors": [],
            "keywords": []
        },
        {
            "gates": [
                "zuul"
            ],
            "from_full": "ewolff/docker-java",
            "cmd_keywords": [
                "jar",
                "zuul",
                "snapshot",
                "server",
                "bin"
            ],
            "path": "/DevOps_POC/microservice-demo/microservice-demo-zuul-server/Dockerfile",
            "servers": [],
            "cmd": "/usr/bin/java -Xmx600m -Xms600m -jar microservice-demo-zuul-server-0.0.1-SNAPSHOT.jar",
            "from": "ewolff/docker-java",
            "buses": [],
            "langs": [
                "java"
            ],
            "dbs": [],
            "discos": [],
            "monitors": [],
            "keywords": []
        },
        {
            "gates": [],
            "from_full": "ewolff/docker-java",
            "cmd_keywords": [
                "jar",
                "turbine",
                "snapshot",
                "server",
                "bin"
            ],
            "path": "/DevOps_POC/microservice-demo/microservice-demo-turbine-server/Dockerfile",
            "servers": [],
            "cmd": "/usr/bin/java -Xmx400m -Xms400m -jar microservice-demo-turbine-server-0.0.1-SNAPSHOT.jar",
            "from": "ewolff/docker-java",
            "buses": [],
            "langs": [
                "java"
            ],
            "dbs": [],
            "discos": [],
            "monitors": [
                "turbine"
            ],
            "keywords": []
        },
        {
            "gates": [],
            "from_full": "ewolff/docker-java",
            "cmd_keywords": [
                "jar",
                "snapshot",
                "catalog",
                "bin",
                "demo"
            ],
            "path": "/DevOps_POC/microservice-demo/microservice-demo-catalog/Dockerfile",
            "servers": [],
            "cmd": "/usr/bin/java -Xmx400m -Xms400m -jar microservice-demo-catalog-0.0.1-SNAPSHOT.jar",
            "from": "ewolff/docker-java",
            "buses": [],
            "langs": [
                "java"
            ],
            "dbs": [],
            "discos": [],
            "monitors": [],
            "keywords": []
        },
        {
            "gates": [],
            "from_full": "ewolff/docker-java",
            "cmd_keywords": [
                "jar",
                "snapshot",
                "bin",
                "order",
                "demo"
            ],
            "path": "/DevOps_POC/microservice-demo/microservice-demo-order/Dockerfile",
            "servers": [],
            "cmd": "/usr/bin/java -Xmx400m -Xms400m -jar microservice-demo-order-0.0.1-SNAPSHOT.jar",
            "from": "ewolff/docker-java",
            "buses": [],
            "langs": [
                "java"
            ],
            "dbs": [],
            "discos": [],
            "monitors": [],
            "keywords": []
        },
        {
            "gates": [
                "zuul"
            ],
            "from_full": "java",
            "cmd_keywords": [
                "demo",
                "microservice",
                "jar",
                "server",
                "zuul"
            ],
            "path": "/DevOps_POC/docker-vagrant/zuul/Dockerfile",
            "servers": [],
            "cmd": "/usr/bin/java -Xmx400m -Xms400m -jar /microservice-demo/microservice-demo-zuul-server/target/microservice-demo-zuul-server-0.0.1-SNAPSHOT.jar",
            "from": "java",
            "buses": [],
            "langs": [
                "java"
            ],
            "dbs": [],
            "discos": [],
            "monitors": [],
            "keywords": []
        },
        {
            "gates": [],
            "from_full": "java",
            "cmd_keywords": [
                "demo",
                "microservice",
                "jar",
                "order",
                "snapshot"
            ],
            "path": "/DevOps_POC/docker-vagrant/order-app/Dockerfile",
            "servers": [],
            "cmd": "/usr/bin/java -Xmx400m -Xms400m -jar /microservice-demo/microservice-demo-order/target/microservice-demo-order-0.0.1-SNAPSHOT.jar",
            "from": "java",
            "buses": [],
            "langs": [
                "java"
            ],
            "dbs": [],
            "discos": [],
            "monitors": [],
            "keywords": []
        },
        {
            "gates": [],
            "from_full": "frolvlad/alpine-glibc:3.2",
            "cmd_keywords": [],
            "path": "/DevOps_POC/docker-vagrant/java/Dockerfile",
            "servers": [],
            "cmd": "",
            "from": "frolvlad/alpine-glibc",
            "buses": [],
            "langs": [
                "java"
            ],
            "dbs": [
                "oracle"
            ],
            "discos": [],
            "monitors": [],
            "keywords": [
                "java",
                "home",
                "jre",
                "lib",
                "bin"
            ]
        },
        {
            "gates": [],
            "from_full": "java",
            "cmd_keywords": [
                "demo",
                "microservice",
                "jar",
                "customer",
                "snapshot"
            ],
            "path": "/DevOps_POC/docker-vagrant/customer-app/Dockerfile",
            "servers": [],
            "cmd": "/usr/bin/java -Xmx400m -Xms400m -jar /microservice-demo/microservice-demo-customer/target/microservice-demo-customer-0.0.1-SNAPSHOT.jar",
            "from": "java",
            "buses": [],
            "langs": [
                "java"
            ],
            "dbs": [],
            "discos": [],
            "monitors": [],
            "keywords": []
        },
        {
            "gates": [],
            "from_full": "java",
            "cmd_keywords": [
                "demo",
                "microservice",
                "jar",
                "catalog",
                "snapshot"
            ],
            "path": "/DevOps_POC/docker-vagrant/catalog-app/Dockerfile",
            "servers": [],
            "cmd": "/usr/bin/java -Xmx400m -Xms400m -jar /microservice-demo/microservice-demo-catalog/target/microservice-demo-catalog-0.0.1-SNAPSHOT.jar",
            "from": "java",
            "buses": [],
            "langs": [
                "java"
            ],
            "dbs": [],
            "discos": [],
            "monitors": [],
            "keywords": []
        },
        {
            "gates": [],
            "from_full": "java",
            "cmd_keywords": [
                "demo",
                "microservice",
                "jar",
                "server",
                "turbine"
            ],
            "path": "/DevOps_POC/docker-vagrant/turbine/Dockerfile",
            "servers": [],
            "cmd": "/usr/bin/java -Xmx400m -Xms400m -jar /microservice-demo/microservice-demo-turbine-server/target/microservice-demo-turbine-server-0.0.1-SNAPSHOT.jar",
            "from": "java",
            "buses": [],
            "langs": [
                "java"
            ],
            "dbs": [],
            "discos": [],
            "monitors": [
                "turbine"
            ],
            "keywords": []
        },
        {
            "gates": [],
            "from_full": "java",
            "cmd_keywords": [
                "demo",
                "microservice",
                "jar",
                "server",
                "eureka"
            ],
            "path": "/DevOps_POC/docker-vagrant/eureka/Dockerfile",
            "servers": [],
            "cmd": "/usr/bin/java -Xmx400m -Xms400m -jar /microservice-demo/microservice-demo-eureka-server/target/microservice-demo-eureka-server-0.0.1-SNAPSHOT.jar",
            "from": "java",
            "buses": [],
            "langs": [
                "java"
            ],
            "dbs": [],
            "discos": [
                "eureka"
            ],
            "monitors": [],
            "keywords": []
        },
        {
            "gates": [],
            "from_full": "alpine:3.2",
            "cmd_keywords": [],
            "path": "/microservice-master/docker/java/Dockerfile",
            "servers": [],
            "cmd": "",
            "from": "alpine",
            "buses": [],
            "langs": [
                "java"
            ],
            "dbs": [
                "oracle"
            ],
            "discos": [],
            "monitors": [],
            "keywords": [
                "java",
                "home",
                "jre",
                "lib",
                "bin"
            ]
        },
        {
            "gates": [],
            "from_full": "ewolff/docker-java",
            "cmd_keywords": [
                "jar",
                "eureka",
                "snapshot",
                "server",
                "bin"
            ],
            "path": "/microservice-master/microservice-demo/microservice-demo-eureka-server/Dockerfile",
            "servers": [],
            "cmd": "/usr/bin/java -Xmx400m -Xms400m -jar microservice-demo-eureka-server-0.0.1-SNAPSHOT.jar",
            "from": "ewolff/docker-java",
            "buses": [],
            "langs": [
                "java"
            ],
            "dbs": [],
            "discos": [
                "eureka"
            ],
            "monitors": [],
            "keywords": []
        },
        {
            "gates": [],
            "from_full": "ewolff/docker-java",
            "cmd_keywords": [
                "jar",
                "snapshot",
                "customer",
                "bin",
                "demo"
            ],
            "path": "/microservice-master/microservice-demo/microservice-demo-customer/Dockerfile",
            "servers": [],
            "cmd": "/usr/bin/java -Xmx400m -Xms400m -jar microservice-demo-customer-0.0.1-SNAPSHOT.jar",
            "from": "ewolff/docker-java",
            "buses": [],
            "langs": [
                "java"
            ],
            "dbs": [],
            "discos": [],
            "monitors": [],
            "keywords": []
        },
        {
            "gates": [
                "zuul"
            ],
            "from_full": "ewolff/docker-java",
            "cmd_keywords": [
                "jar",
                "zuul",
                "snapshot",
                "server",
                "bin"
            ],
            "path": "/microservice-master/microservice-demo/microservice-demo-zuul-server/Dockerfile",
            "servers": [],
            "cmd": "/usr/bin/java -Xmx600m -Xms600m -jar microservice-demo-zuul-server-0.0.1-SNAPSHOT.jar",
            "from": "ewolff/docker-java",
            "buses": [],
            "langs": [
                "java"
            ],
            "dbs": [],
            "discos": [],
            "monitors": [],
            "keywords": []
        },
        {
            "gates": [],
            "from_full": "ewolff/docker-java",
            "cmd_keywords": [
                "jar",
                "turbine",
                "snapshot",
                "server",
                "bin"
            ],
            "path": "/microservice-master/microservice-demo/microservice-demo-turbine-server/Dockerfile",
            "servers": [],
            "cmd": "/usr/bin/java -Xmx400m -Xms400m -jar microservice-demo-turbine-server-0.0.1-SNAPSHOT.jar",
            "from": "ewolff/docker-java",
            "buses": [],
            "langs": [
                "java"
            ],
            "dbs": [],
            "discos": [],
            "monitors": [
                "turbine"
            ],
            "keywords": []
        },
        {
            "gates": [],
            "from_full": "ewolff/docker-java",
            "cmd_keywords": [
                "jar",
                "snapshot",
                "catalog",
                "bin",
                "demo"
            ],
            "path": "/microservice-master/microservice-demo/microservice-demo-catalog/Dockerfile",
            "servers": [],
            "cmd": "/usr/bin/java -Xmx400m -Xms400m -jar microservice-demo-catalog-0.0.1-SNAPSHOT.jar",
            "from": "ewolff/docker-java",
            "buses": [],
            "langs": [
                "java"
            ],
            "dbs": [],
            "discos": [],
            "monitors": [],
            "keywords": []
        },
        {
            "gates": [],
            "from_full": "ewolff/docker-java",
            "cmd_keywords": [
                "jar",
                "snapshot",
                "bin",
                "order",
                "demo"
            ],
            "path": "/microservice-master/microservice-demo/microservice-demo-order/Dockerfile",
            "servers": [],
            "cmd": "/usr/bin/java -Xmx400m -Xms400m -jar microservice-demo-order-0.0.1-SNAPSHOT.jar",
            "from": "ewolff/docker-java",
            "buses": [],
            "langs": [
                "java"
            ],
            "dbs": [],
            "discos": [],
            "monitors": [],
            "keywords": []
        },
        {
            "gates": [
                "zuul"
            ],
            "from_full": "java",
            "cmd_keywords": [
                "demo",
                "microservice",
                "jar",
                "server",
                "zuul"
            ],
            "path": "/microservice-master/docker-vagrant/zuul/Dockerfile",
            "servers": [],
            "cmd": "/usr/bin/java -Xmx400m -Xms400m -jar /microservice-demo/microservice-demo-zuul-server/target/microservice-demo-zuul-server-0.0.1-SNAPSHOT.jar",
            "from": "java",
            "buses": [],
            "langs": [
                "java"
            ],
            "dbs": [],
            "discos": [],
            "monitors": [],
            "keywords": []
        },
        {
            "gates": [],
            "from_full": "java",
            "cmd_keywords": [
                "demo",
                "microservice",
                "jar",
                "order",
                "snapshot"
            ],
            "path": "/microservice-master/docker-vagrant/order-app/Dockerfile",
            "servers": [],
            "cmd": "/usr/bin/java -Xmx400m -Xms400m -jar /microservice-demo/microservice-demo-order/target/microservice-demo-order-0.0.1-SNAPSHOT.jar",
            "from": "java",
            "buses": [],
            "langs": [
                "java"
            ],
            "dbs": [],
            "discos": [],
            "monitors": [],
            "keywords": []
        },
        {
            "gates": [],
            "from_full": "frolvlad/alpine-glibc:3.2",
            "cmd_keywords": [],
            "path": "/microservice-master/docker-vagrant/java/Dockerfile",
            "servers": [],
            "cmd": "",
            "from": "frolvlad/alpine-glibc",
            "buses": [],
            "langs": [
                "java"
            ],
            "dbs": [
                "oracle"
            ],
            "discos": [],
            "monitors": [],
            "keywords": [
                "java",
                "home",
                "jre",
                "lib",
                "bin"
            ]
        },
        {
            "gates": [],
            "from_full": "java",
            "cmd_keywords": [
                "demo",
                "microservice",
                "jar",
                "customer",
                "snapshot"
            ],
            "path": "/microservice-master/docker-vagrant/customer-app/Dockerfile",
            "servers": [],
            "cmd": "/usr/bin/java -Xmx400m -Xms400m -jar /microservice-demo/microservice-demo-customer/target/microservice-demo-customer-0.0.1-SNAPSHOT.jar",
            "from": "java",
            "buses": [],
            "langs": [
                "java"
            ],
            "dbs": [],
            "discos": [],
            "monitors": [],
            "keywords": []
        },
        {
            "gates": [],
            "from_full": "java",
            "cmd_keywords": [
                "demo",
                "microservice",
                "jar",
                "catalog",
                "snapshot"
            ],
            "path": "/microservice-master/docker-vagrant/catalog-app/Dockerfile",
            "servers": [],
            "cmd": "/usr/bin/java -Xmx400m -Xms400m -jar /microservice-demo/microservice-demo-catalog/target/microservice-demo-catalog-0.0.1-SNAPSHOT.jar",
            "from": "java",
            "buses": [],
            "langs": [
                "java"
            ],
            "dbs": [],
            "discos": [],
            "monitors": [],
            "keywords": []
        },
        {
            "gates": [],
            "from_full": "java",
            "cmd_keywords": [
                "demo",
                "microservice",
                "jar",
                "server",
                "turbine"
            ],
            "path": "/microservice-master/docker-vagrant/turbine/Dockerfile",
            "servers": [],
            "cmd": "/usr/bin/java -Xmx400m -Xms400m -jar /microservice-demo/microservice-demo-turbine-server/target/microservice-demo-turbine-server-0.0.1-SNAPSHOT.jar",
            "from": "java",
            "buses": [],
            "langs": [
                "java"
            ],
            "dbs": [],
            "discos": [],
            "monitors": [
                "turbine"
            ],
            "keywords": []
        },
        {
            "gates": [],
            "from_full": "java",
            "cmd_keywords": [
                "demo",
                "microservice",
                "jar",
                "server",
                "eureka"
            ],
            "path": "/microservice-master/docker-vagrant/eureka/Dockerfile",
            "servers": [],
            "cmd": "/usr/bin/java -Xmx400m -Xms400m -jar /microservice-demo/microservice-demo-eureka-server/target/microservice-demo-eureka-server-0.0.1-SNAPSHOT.jar",
            "from": "java",
            "buses": [],
            "langs": [
                "java"
            ],
            "dbs": [],
            "discos": [
                "eureka"
            ],
            "monitors": [],
            "keywords": []
        }
    ],
    "num_langs": 2,
    "num_monitors": 1,
    "num_buses": 0,
    "dbs": [
        "oracle"
    ],
    "monitors": [
        "turbine"
    ],
    "num_discos": 1
}