{
    "size": 3,
    "shared_dbs": false,
    "num_servers": 0,
    "name": "pum-purum-pum-pum/websockets_compose_traefik",
    "files": [],
    "num_files": 3,
    "num_langs": 2,
    "dbs": [],
    "servers": [],
    "num_discos": 1,
    "url": "git://github.com/pum-purum-pum-pum/websockets_compose_traefik.git",
    "gates": [],
    "structure": {
        "services": [
            {
                "image": ".",
                "dbs": [],
                "image_full": ".",
                "buses": [],
                "servers": [],
                "monitors": [],
                "name": "game",
                "gates": [],
                "discos": [],
                "depends_on": []
            },
            {
                "image": "containous/whoami",
                "dbs": [],
                "image_full": "containous/whoami",
                "buses": [],
                "servers": [],
                "monitors": [],
                "name": "whoami",
                "gates": [],
                "discos": [],
                "depends_on": []
            },
            {
                "image": "traefik",
                "dbs": [],
                "image_full": "traefik:v2.0",
                "buses": [],
                "servers": [],
                "monitors": [],
                "name": "traefik",
                "gates": [],
                "discos": [
                    "traefik"
                ],
                "depends_on": []
            }
        ],
        "num_services": 3,
        "detected_dbs": {
            "num": 0,
            "names": [],
            "services": [],
            "shared_dbs": false
        },
        "path": "/docker-compose.yml"
    },
    "num_gates": 0,
    "num_dockers": 2,
    "num_dbs": 0,
    "num_services": 3,
    "langs": [
        "rust",
        "dockerfile"
    ],
    "buses": [],
    "num_buses": 0,
    "num_monitors": 0,
    "languages": [
        "dockerfile"
    ],
    "dockers": [
        {
            "cmd_keywords": [],
            "cmd": "",
            "gates": [],
            "buses": [],
            "langs": [
                "rust"
            ],
            "from": "ubuntu",
            "monitors": [],
            "from_full": "ubuntu:18.04",
            "servers": [],
            "path": "/Dockerfile",
            "dbs": [],
            "keywords": [
                "get",
                "apt",
                "install",
                "libssl",
                "dev"
            ],
            "discos": []
        },
        {
            "cmd_keywords": [],
            "cmd": "",
            "gates": [],
            "buses": [],
            "langs": [],
            "from": "traefik",
            "monitors": [],
            "from_full": "traefik:v2.0",
            "servers": [],
            "path": "/traefik/Dockerfile",
            "dbs": [],
            "keywords": [
                "acme",
                "traefik",
                "etc",
                "json",
                "mkdir"
            ],
            "discos": [
                "traefik"
            ]
        }
    ],
    "monitors": [],
    "avg_size_service": 1.5,
    "discos": [
        "traefik"
    ],
    "images": [
        "ubuntu",
        "traefik"
    ]
}