{
    "structure": {
        "detected_dbs": {
            "num": 0,
            "names": [],
            "shared_dbs": false,
            "services": []
        },
        "num_services": 1,
        "path": "/docker-compose.yml",
        "services": [
            {
                "depends_on": [],
                "name": "core-microservice-frontend",
                "dbs": [],
                "image": "proflo/core-microservice-frontend",
                "monitors": [],
                "servers": [],
                "image_full": "proflo/core-microservice-frontend:<VERSION>",
                "buses": [],
                "discos": [],
                "gates": []
            }
        ]
    },
    "dbs": [],
    "dockers": [
        {
            "dbs": [],
            "path": "/Dockerfile",
            "buses": [],
            "cmd_keywords": [
                "off",
                "nginx",
                "daemon"
            ],
            "gates": [
                "nginx"
            ],
            "discos": [],
            "from_full": "nginx:1.17.3-alpine",
            "langs": [],
            "monitors": [],
            "servers": [],
            "keywords": [
                "npm",
                "prod",
                "run",
                "install",
                "build"
            ],
            "from": "nginx",
            "cmd": "nginx -g daemon off;"
        }
    ],
    "files": [
        {
            "dbs": [],
            "path": "/package.json",
            "monitors": [],
            "servers": [
                "node"
            ],
            "buses": [],
            "gates": [],
            "discos": []
        }
    ],
    "languages": [
        "typescript",
        "css",
        "html"
    ],
    "num_dbs": 0,
    "num_monitors": 0,
    "images": [
        "nginx"
    ],
    "name": "pushpendrakushwaha/proflo-core-microservice-frontend",
    "shared_dbs": false,
    "num_servers": 1,
    "num_langs": 3,
    "buses": [],
    "num_services": 1,
    "num_dockers": 1,
    "size": 3922,
    "avg_size_service": 3922.0,
    "gates": [
        "nginx"
    ],
    "discos": [],
    "langs": [
        "css",
        "html",
        "typescript"
    ],
    "num_files": 3,
    "url": "git://github.com/pushpendrakushwaha/proflo-core-microservice-frontend.git",
    "monitors": [],
    "servers": [
        "node"
    ],
    "num_buses": 0,
    "num_discos": 0,
    "num_gates": 1
}