{
    "languages": [
        "c#"
    ],
    "num_servers": 0,
    "shared_dbs": false,
    "name": "rafaeldias97/MicroServiceExample",
    "servers": [],
    "num_monitors": 0,
    "num_langs": 1,
    "images": [],
    "langs": [
        "c#"
    ],
    "dockers": [],
    "gates": [],
    "num_buses": 0,
    "discos": [],
    "monitors": [],
    "num_files": 1,
    "structure": {
        "path": "/docker-compose.yml",
        "services": [
            {
                "image_full": "microsoft/mssql-server-linux:latest",
                "depends_on": [],
                "dbs": [],
                "buses": [],
                "gates": [],
                "name": "mssql-account",
                "image": "microsoft/mssql-server-linux",
                "servers": [],
                "discos": [],
                "monitors": []
            },
            {
                "image_full": "mongo:latest",
                "depends_on": [],
                "dbs": [
                    "mongo"
                ],
                "buses": [],
                "gates": [],
                "name": "mongodb-account",
                "image": "mongo",
                "servers": [],
                "discos": [],
                "monitors": []
            }
        ],
        "num_services": 2,
        "detected_dbs": {
            "services": [
                "mongodb-account"
            ],
            "names": [
                "mongo"
            ],
            "num": 1,
            "shared_dbs": false
        }
    },
    "dbs": [
        "mongo"
    ],
    "num_dbs": 1,
    "avg_size_service": 309.0,
    "num_services": 2,
    "buses": [],
    "files": [],
    "url": "git://github.com/rafaeldias97/MicroServiceExample.git",
    "num_dockers": 0,
    "size": 309,
    "num_discos": 0,
    "num_gates": 0
}