{
    "size": 10,
    "num_monitors": 0,
    "num_discos": 0,
    "shared_dbs": false,
    "langs": [
        "dockerfile",
        "shell"
    ],
    "buses": [],
    "num_langs": 2,
    "num_dbs": 0,
    "discos": [],
    "avg_size_service": 5.0,
    "images": [
        "logstash",
        "kibana"
    ],
    "gates": [],
    "dockers": [
        {
            "monitors": [],
            "from": "logstash",
            "langs": [],
            "servers": [],
            "buses": [],
            "cmd_keywords": [],
            "cmd": "",
            "path": "/logstash/Dockerfile",
            "keywords": [],
            "dbs": [],
            "gates": [],
            "from_full": "logstash:5-alpine",
            "discos": []
        },
        {
            "monitors": [],
            "from": "kibana",
            "langs": [],
            "servers": [],
            "buses": [],
            "cmd_keywords": [
                "entrypoint",
                "tmp"
            ],
            "cmd": "/tmp/entrypoint.sh",
            "path": "/kibana/Dockerfile",
            "keywords": [
                "install",
                "apt",
                "get",
                "sense",
                "tmp"
            ],
            "dbs": [],
            "gates": [],
            "from_full": "kibana:latest",
            "discos": []
        }
    ],
    "structure": {
        "detected_dbs": {
            "num": 0,
            "shared_dbs": false,
            "services": [],
            "names": []
        },
        "services": [],
        "path": [],
        "num_services": 0
    },
    "num_dockers": 2,
    "num_files": 3,
    "num_services": 0,
    "num_gates": 0,
    "name": "rchicoli/docker-microservices",
    "url": "git://github.com/rchicoli/docker-microservices.git",
    "monitors": [],
    "servers": [],
    "dbs": [],
    "num_servers": 0,
    "num_buses": 0,
    "files": [],
    "languages": [
        "dockerfile",
        "shell"
    ]
}