{
    "size": 141,
    "shared_dbs": false,
    "num_servers": 1,
    "name": "redmic-project/server-socket",
    "files": [
        {
            "gates": [],
            "dbs": [
                "foundation"
            ],
            "buses": [
                "kafka"
            ],
            "servers": [
                "spring"
            ],
            "path": "/pom.xml",
            "monitors": [
                "prometheus"
            ],
            "discos": []
        }
    ],
    "num_files": 3,
    "num_langs": 1,
    "dbs": [
        "foundation"
    ],
    "servers": [
        "spring"
    ],
    "num_discos": 0,
    "url": "git://github.com/redmic-project/server-socket.git",
    "gates": [],
    "structure": {
        "services": [],
        "num_services": 0,
        "detected_dbs": {
            "num": 0,
            "names": [],
            "services": [],
            "shared_dbs": false
        },
        "path": []
    },
    "num_gates": 0,
    "num_dockers": 1,
    "num_dbs": 1,
    "num_services": 0,
    "langs": [
        "java"
    ],
    "buses": [
        "kafka"
    ],
    "num_buses": 1,
    "num_monitors": 1,
    "languages": [
        "java"
    ],
    "dockers": [
        {
            "cmd_keywords": [],
            "cmd": "",
            "gates": [],
            "buses": [],
            "langs": [],
            "from": "${PARENT_IMAGE_NAME}",
            "monitors": [],
            "from_full": "${PARENT_IMAGE_NAME}:${PARENT_IMAGE_TAG}",
            "servers": [],
            "path": "/Dockerfile",
            "dbs": [],
            "keywords": [],
            "discos": []
        }
    ],
    "monitors": [
        "prometheus"
    ],
    "avg_size_service": 141.0,
    "discos": [],
    "images": [
        "${PARENT_IMAGE_NAME}"
    ]
}