{
    "size": 21,
    "avg_size_service": 21.0,
    "name": "remorses/cloud-run-compose",
    "languages": [
        "python",
        "hcl"
    ],
    "servers": [],
    "num_dbs": 0,
    "images": [
        "python"
    ],
    "structure": {
        "path": "/docker-compose.yml",
        "num_services": 1,
        "services": [
            {
                "depends_on": [],
                "image_full": "gcr.io/cloudrun/hello",
                "monitors": [],
                "name": "example-cloudrun-compose",
                "image": "gcr.io/cloudrun/hello",
                "servers": [],
                "buses": [],
                "dbs": [],
                "gates": [],
                "discos": []
            }
        ],
        "detected_dbs": {
            "services": [],
            "names": [],
            "shared_dbs": false,
            "num": 0
        }
    },
    "num_dockers": 1,
    "num_buses": 0,
    "num_services": 1,
    "dockers": [
        {
            "path": "/Dockerfile",
            "from": "python",
            "langs": [
                "python"
            ],
            "cmd": "python -m ",
            "servers": [],
            "from_full": "python:3.7.4-alpine",
            "keywords": [],
            "cmd_keywords": [
                "python"
            ],
            "monitors": [],
            "buses": [],
            "dbs": [],
            "gates": [],
            "discos": []
        }
    ],
    "num_langs": 2,
    "langs": [
        "hcl",
        "python"
    ],
    "discos": [],
    "num_gates": 0,
    "num_monitors": 0,
    "num_files": 3,
    "files": [
        {
            "path": "/requirements.txt",
            "monitors": [],
            "dbs": [],
            "buses": [],
            "servers": [],
            "gates": [],
            "discos": []
        }
    ],
    "shared_dbs": false,
    "monitors": [],
    "num_servers": 0,
    "url": "git://github.com/remorses/cloud-run-compose.git",
    "dbs": [],
    "num_discos": 0,
    "gates": [],
    "buses": []
}