{
    "gates": [
        "zuul"
    ],
    "num_buses": 0,
    "url": "git://github.com/renemartinezb86/jhipster-microservices.git",
    "images": [
        "openjdk"
    ],
    "avg_size_service": 881.25,
    "num_langs": 3,
    "num_monitors": 2,
    "num_dockers": 4,
    "num_discos": 1,
    "num_servers": 2,
    "buses": [],
    "discos": [
        "eureka"
    ],
    "dockers": [
        {
            "path": "/gateway/src/main/docker/Dockerfile",
            "cmd_keywords": [
                "sleep",
                "java",
                "jhipster",
                "application",
                "will"
            ],
            "discos": [],
            "gates": [],
            "dbs": [],
            "from": "openjdk",
            "langs": [
                "java"
            ],
            "servers": [],
            "cmd": "echo \"The application will start in ${JHIPSTER_SLEEP}s...\" &&     sleep ${JHIPSTER_SLEEP} &&     java ${JAVA_OPTS} -Djava.security.egd=file:/dev/./urandom -jar /app.war",
            "from_full": "openjdk:8-jre-alpine",
            "monitors": [],
            "keywords": [],
            "buses": []
        },
        {
            "path": "/registry/Dockerfile",
            "cmd_keywords": [
                "git",
                "spring",
                "server",
                "java",
                "config"
            ],
            "discos": [],
            "gates": [],
            "dbs": [],
            "from": "openjdk",
            "langs": [
                "java"
            ],
            "servers": [
                "spring"
            ],
            "cmd": "java         ${JAVA_OPTS} -Djava.security.egd=file:/dev/./urandom         -jar /jhipster-registry.war         --spring.cloud.config.server.git.uri=${GIT_URI}         --spring.cloud.config.server.git.search-paths=${GIT_SEARCH_PATHS}",
            "from_full": "openjdk:8-jre-alpine",
            "monitors": [],
            "keywords": [
                "target",
                "apt",
                "code",
                "get",
                "tmp"
            ],
            "buses": []
        },
        {
            "path": "/registry/src/main/docker/Dockerfile",
            "cmd_keywords": [
                "sleep",
                "java",
                "jhipster",
                "application",
                "will"
            ],
            "discos": [],
            "gates": [],
            "dbs": [],
            "from": "openjdk",
            "langs": [
                "java"
            ],
            "servers": [],
            "cmd": "echo \"The application will start in ${JHIPSTER_SLEEP}s...\" &&     sleep ${JHIPSTER_SLEEP} &&     java ${JAVA_OPTS} -Djava.security.egd=file:/dev/./urandom -jar /app.war",
            "from_full": "openjdk:8-jre-alpine",
            "monitors": [],
            "keywords": [],
            "buses": []
        },
        {
            "path": "/microservice/src/main/docker/Dockerfile",
            "cmd_keywords": [
                "sleep",
                "java",
                "jhipster",
                "application",
                "will"
            ],
            "discos": [],
            "gates": [],
            "dbs": [],
            "from": "openjdk",
            "langs": [
                "java"
            ],
            "servers": [],
            "cmd": "echo \"The application will start in ${JHIPSTER_SLEEP}s...\" &&     sleep ${JHIPSTER_SLEEP} &&     java ${JAVA_OPTS} -Djava.security.egd=file:/dev/./urandom -jar /app.war",
            "from_full": "openjdk:8-jre-alpine",
            "monitors": [],
            "keywords": [],
            "buses": []
        }
    ],
    "size": 3525,
    "name": "renemartinezb86/jhipster-microservices",
    "num_services": 12,
    "dbs": [
        "mongo",
        "postgresql",
        "hazelcast",
        "max"
    ],
    "shared_dbs": false,
    "langs": [
        "typescript",
        "java",
        "html"
    ],
    "languages": [
        "java",
        "typescript",
        "html"
    ],
    "servers": [
        "spring",
        "node"
    ],
    "num_files": 11,
    "monitors": [
        "prometheus",
        "graphite"
    ],
    "num_dbs": 4,
    "num_gates": 1,
    "files": [
        {
            "path": "/gateway/pom.xml",
            "servers": [
                "spring",
                "node"
            ],
            "discos": [
                "eureka"
            ],
            "monitors": [
                "prometheus",
                "graphite",
                "monitoring"
            ],
            "gates": [
                "zuul",
                "gateway"
            ],
            "dbs": [
                "postgresql",
                "hazelcast"
            ],
            "buses": []
        },
        {
            "path": "/registry/pom.xml",
            "servers": [
                "spring",
                "node"
            ],
            "discos": [
                "eureka"
            ],
            "monitors": [
                "prometheus",
                "graphite",
                "monitoring"
            ],
            "gates": [
                "zuul"
            ],
            "dbs": [],
            "buses": []
        },
        {
            "path": "/microservice/pom.xml",
            "servers": [
                "spring",
                "node"
            ],
            "discos": [
                "eureka"
            ],
            "monitors": [
                "prometheus",
                "graphite",
                "monitoring"
            ],
            "gates": [],
            "dbs": [
                "mongodb",
                "mongo"
            ],
            "buses": []
        },
        {
            "path": "/gateway/package.json",
            "servers": [
                "node"
            ],
            "discos": [],
            "monitors": [],
            "gates": [
                "gateway"
            ],
            "dbs": [
                "max"
            ],
            "buses": []
        },
        {
            "path": "/registry/package.json",
            "servers": [
                "spring",
                "node"
            ],
            "discos": [
                "eureka"
            ],
            "monitors": [],
            "gates": [],
            "dbs": [],
            "buses": []
        },
        {
            "path": "/microservice/package.json",
            "servers": [
                "node"
            ],
            "discos": [],
            "monitors": [],
            "gates": [],
            "dbs": [],
            "buses": []
        }
    ],
    "structure": {
        "path": "/docker/docker-compose.yml",
        "num_services": 12,
        "detected_dbs": {
            "services": [
                "microservice-mongodb"
            ],
            "num": 1,
            "names": [
                "mongo"
            ],
            "shared_dbs": false
        },
        "services": [
            {
                "discos": [],
                "monitors": [],
                "depends_on": [
                    "jhipster-elasticsearch"
                ],
                "servers": [],
                "image_full": "",
                "name": "jhipster-logstash",
                "gates": [],
                "image": "",
                "dbs": [],
                "buses": []
            },
            {
                "discos": [],
                "monitors": [],
                "depends_on": [
                    "jhipster-elasticsearch"
                ],
                "servers": [],
                "image_full": "",
                "name": "jhipster-zipkin",
                "gates": [],
                "image": "",
                "dbs": [],
                "buses": []
            },
            {
                "discos": [],
                "monitors": [],
                "depends_on": [],
                "servers": [],
                "image_full": "",
                "name": "jhipster-elasticsearch",
                "gates": [],
                "image": "",
                "dbs": [],
                "buses": []
            },
            {
                "discos": [],
                "monitors": [],
                "depends_on": [],
                "servers": [],
                "image_full": "rbravet/gateway",
                "name": "gateway-app",
                "gates": [
                    "gateway"
                ],
                "image": "rbravet/gateway",
                "dbs": [],
                "buses": []
            },
            {
                "discos": [],
                "monitors": [],
                "depends_on": [
                    "jhipster-elasticsearch"
                ],
                "servers": [],
                "image_full": "",
                "name": "jhipster-curator",
                "gates": [],
                "image": "",
                "dbs": [],
                "buses": []
            },
            {
                "discos": [],
                "monitors": [],
                "depends_on": [],
                "servers": [],
                "image_full": "",
                "name": "jhipster-registry",
                "gates": [],
                "image": "",
                "dbs": [],
                "buses": []
            },
            {
                "discos": [],
                "monitors": [],
                "depends_on": [],
                "servers": [],
                "image_full": "mongo:3.4.10",
                "name": "microservice-mongodb",
                "gates": [],
                "image": "mongo",
                "dbs": [
                    "mongo"
                ],
                "buses": []
            },
            {
                "discos": [],
                "monitors": [],
                "depends_on": [],
                "servers": [],
                "image_full": "postgres:9.6.5",
                "name": "gateway-postgresql",
                "gates": [],
                "image": "postgres",
                "dbs": [],
                "buses": []
            },
            {
                "discos": [],
                "monitors": [],
                "depends_on": [],
                "servers": [],
                "image_full": "rbravet/microservice",
                "name": "microservice-app",
                "gates": [],
                "image": "rbravet/microservice",
                "dbs": [],
                "buses": []
            },
            {
                "discos": [],
                "monitors": [],
                "depends_on": [
                    "jhipster-elasticsearch"
                ],
                "servers": [],
                "image_full": "",
                "name": "jhipster-import-dashboards",
                "gates": [],
                "image": "",
                "dbs": [],
                "buses": []
            },
            {
                "discos": [],
                "monitors": [],
                "depends_on": [],
                "servers": [],
                "image_full": "elasticsearch:2.4.6",
                "name": "gateway-elasticsearch",
                "gates": [],
                "image": "elasticsearch",
                "dbs": [],
                "buses": []
            },
            {
                "discos": [],
                "monitors": [],
                "depends_on": [
                    "jhipster-elasticsearch"
                ],
                "servers": [],
                "image_full": "",
                "name": "jhipster-console",
                "gates": [],
                "image": "",
                "dbs": [],
                "buses": []
            }
        ]
    }
}