{
    "discos": [],
    "avg_size_service": 4.0,
    "buses": [],
    "num_gates": 0,
    "name": "renskiy/cron-docker-image",
    "structure": {
        "path": [],
        "services": [],
        "detected_dbs": {
            "names": [],
            "num": 0,
            "shared_dbs": false,
            "services": []
        },
        "num_services": 0
    },
    "dbs": [],
    "dockers": [
        {
            "langs": [
                "bash"
            ],
            "cmd_keywords": [
                "cron",
                "start"
            ],
            "from_full": "alpine:latest",
            "buses": [],
            "monitors": [],
            "from": "alpine",
            "keywords": [
                "log",
                "var",
                "cron",
                "bash",
                "apk"
            ],
            "gates": [],
            "path": "/alpine/Dockerfile",
            "dbs": [],
            "discos": [],
            "cmd": "start-cron",
            "servers": []
        },
        {
            "langs": [],
            "cmd_keywords": [
                "cron",
                "start"
            ],
            "from_full": "debian:latest",
            "buses": [],
            "monitors": [],
            "from": "debian",
            "keywords": [
                "apt",
                "get",
                "cron",
                "pam",
                "var"
            ],
            "gates": [],
            "path": "/debian/Dockerfile",
            "dbs": [],
            "discos": [],
            "cmd": "start-cron",
            "servers": []
        }
    ],
    "gates": [],
    "size": 8,
    "num_monitors": 0,
    "images": [
        "alpine",
        "debian"
    ],
    "num_buses": 0,
    "num_services": 0,
    "servers": [],
    "shared_dbs": false,
    "monitors": [],
    "num_discos": 0,
    "languages": [
        "shell",
        "dockerfile"
    ],
    "url": "git://github.com/renskiy/cron-docker-image.git",
    "langs": [
        "dockerfile",
        "bash",
        "shell"
    ],
    "num_dbs": 0,
    "num_servers": 0,
    "num_langs": 3,
    "files": [],
    "num_dockers": 2,
    "num_files": 3
}