{
    "discos": [],
    "avg_size_service": 40.0,
    "buses": [],
    "num_gates": 0,
    "name": "respawner/docker-steamcmd",
    "structure": {
        "path": [],
        "services": [],
        "detected_dbs": {
            "names": [],
            "num": 0,
            "shared_dbs": false,
            "services": []
        },
        "num_services": 0
    },
    "dbs": [],
    "dockers": [
        {
            "langs": [
                "gcc"
            ],
            "cmd_keywords": [],
            "from_full": "debian:buster",
            "buses": [],
            "monitors": [],
            "from": "debian",
            "keywords": [
                "steamcmd",
                "steam",
                "apt",
                "get",
                "home"
            ],
            "gates": [],
            "path": "/Dockerfile",
            "dbs": [],
            "discos": [],
            "cmd": "",
            "servers": []
        }
    ],
    "gates": [],
    "size": 40,
    "num_monitors": 0,
    "images": [
        "debian"
    ],
    "num_buses": 0,
    "num_services": 0,
    "servers": [],
    "shared_dbs": false,
    "monitors": [],
    "num_discos": 0,
    "languages": [
        "shell",
        "dockerfile"
    ],
    "url": "git://github.com/respawner/docker-steamcmd.git",
    "langs": [
        "dockerfile",
        "gcc",
        "shell"
    ],
    "num_dbs": 0,
    "num_servers": 0,
    "num_langs": 3,
    "files": [],
    "num_dockers": 1,
    "num_files": 2
}