{
    "num_services": 0,
    "num_buses": 0,
    "files": [
        {
            "gates": [],
            "buses": [],
            "monitors": [],
            "servers": [
                "express",
                "node"
            ],
            "path": "/package.json",
            "discos": [],
            "dbs": []
        }
    ],
    "num_dbs": 0,
    "num_discos": 0,
    "languages": [
        "javascript"
    ],
    "num_langs": 2,
    "images": [
        "node"
    ],
    "buses": [],
    "size": 388,
    "servers": [
        "express",
        "node"
    ],
    "num_gates": 0,
    "discos": [],
    "num_monitors": 0,
    "avg_size_service": 388.0,
    "langs": [
        "gcc",
        "javascript"
    ],
    "dockers": [
        {
            "keywords": [
                "dev",
                "apt",
                "install",
                "get",
                "xfonts"
            ],
            "buses": [],
            "langs": [
                "gcc"
            ],
            "path": "/Dockerfile",
            "cmd": "npm start",
            "gates": [],
            "from": "node",
            "monitors": [],
            "servers": [
                "node"
            ],
            "from_full": "node:latest",
            "discos": [],
            "cmd_keywords": [
                "start",
                "npm"
            ],
            "dbs": []
        }
    ],
    "name": "ronanamsterdam/twitterGifexporter",
    "url": "git://github.com/ronanamsterdam/twitterGifexporter.git",
    "gates": [],
    "num_servers": 2,
    "monitors": [],
    "num_files": 3,
    "shared_dbs": false,
    "num_dockers": 1,
    "dbs": [],
    "structure": {
        "num_services": 0,
        "path": [],
        "services": [],
        "detected_dbs": {
            "shared_dbs": false,
            "num": 0,
            "services": [],
            "names": []
        }
    }
}