{
    "servers": [
        "spring",
        "express",
        "node"
    ],
    "num_dbs": 1,
    "langs": [
        "java",
        "c#",
        "javascript",
        "dockerfile"
    ],
    "num_services": 0,
    "num_dockers": 7,
    "num_discos": 0,
    "num_servers": 3,
    "languages": [
        "java",
        "c#",
        "javascript",
        "dockerfile"
    ],
    "gates": [],
    "images": [
        "rmacdonaldsmith/docker-debian-mono-devel",
        "alpine",
        "java"
    ],
    "discos": [],
    "dbs": [
        "db"
    ],
    "monitors": [],
    "num_langs": 4,
    "name": "Roykk/dockerdag",
    "buses": [],
    "size": 26,
    "num_buses": 0,
    "num_files": 11,
    "url": "git://github.com/Roykk/dockerdag.git",
    "dockers": [
        {
            "servers": [
                "node"
            ],
            "path": "/nodeDock/Dockerfile",
            "from_full": "alpine",
            "langs": [],
            "cmd": "node /src/nodeapp.js",
            "buses": [],
            "keywords": [
                "add",
                "nodejs",
                "update",
                "apk",
                "npm"
            ],
            "gates": [],
            "cmd_keywords": [
                "nodeapp",
                "src",
                "node"
            ],
            "discos": [],
            "dbs": [],
            "monitors": [],
            "from": "alpine"
        },
        {
            "servers": [
                "node"
            ],
            "path": "/nodeDock/solution/Dockerfile",
            "from_full": "alpine",
            "langs": [],
            "cmd": "node /src/nodeapp.js",
            "buses": [],
            "keywords": [
                "add",
                "nodejs",
                "update",
                "apk",
                "npm"
            ],
            "gates": [],
            "cmd_keywords": [
                "nodeapp",
                "src",
                "node"
            ],
            "discos": [],
            "dbs": [],
            "monitors": [],
            "from": "alpine"
        },
        {
            "servers": [],
            "path": "/SimpleNancy/Dockerfile",
            "from_full": "rmacdonaldsmith/docker-debian-mono-devel",
            "langs": [],
            "cmd": "./run.sh",
            "buses": [],
            "keywords": [
                "nuget",
                "sln",
                "get",
                "simplenancy",
                "apt"
            ],
            "gates": [],
            "cmd_keywords": [
                "run"
            ],
            "discos": [],
            "dbs": [],
            "monitors": [],
            "from": "rmacdonaldsmith/docker-debian-mono-devel"
        },
        {
            "servers": [],
            "path": "/SimpleNancy/solution/Dockerfile",
            "from_full": "rmacdonaldsmith/docker-debian-mono-devel",
            "langs": [],
            "cmd": "./run.sh",
            "buses": [],
            "keywords": [
                "nuget",
                "sln",
                "get",
                "simplenancy",
                "apt"
            ],
            "gates": [],
            "cmd_keywords": [
                "run"
            ],
            "discos": [],
            "dbs": [],
            "monitors": [],
            "from": "rmacdonaldsmith/docker-debian-mono-devel"
        },
        {
            "servers": [],
            "path": "/springboot/Dockerfile",
            "from_full": "java:8",
            "langs": [
                "java"
            ],
            "cmd": "java -jar -Djava.security.egd=file:/dev/./urandom /myApplication.jar",
            "buses": [],
            "keywords": [],
            "gates": [],
            "cmd_keywords": [
                "jar",
                "java",
                "dev",
                "security",
                "egd"
            ],
            "discos": [],
            "dbs": [],
            "monitors": [],
            "from": "java"
        },
        {
            "servers": [],
            "path": "/springboot/solution/Dockerfile",
            "from_full": "java:8",
            "langs": [
                "java"
            ],
            "cmd": "",
            "buses": [],
            "keywords": [],
            "gates": [],
            "cmd_keywords": [],
            "discos": [],
            "dbs": [],
            "monitors": [],
            "from": "java"
        },
        {
            "cmd_keywords": [],
            "cmd": "",
            "path": "/Live/Dockerfile",
            "from": ""
        }
    ],
    "num_gates": 0,
    "shared_dbs": false,
    "avg_size_service": 3.7142857142857144,
    "structure": {
        "services": [],
        "num_services": 0,
        "path": "/docker-compose.yml",
        "detected_dbs": {
            "services": [],
            "names": [],
            "shared_dbs": false,
            "num": 0
        }
    },
    "num_monitors": 0,
    "files": [
        {
            "servers": [
                "spring"
            ],
            "buses": [],
            "path": "/springboot/pom.xml",
            "gates": [],
            "discos": [],
            "dbs": [],
            "monitors": []
        },
        {
            "servers": [],
            "buses": [],
            "path": "/Live/pom.xml",
            "gates": [],
            "discos": [],
            "dbs": [],
            "monitors": []
        },
        {
            "servers": [
                "express",
                "node"
            ],
            "buses": [],
            "path": "/nodeDock/package.json",
            "gates": [],
            "discos": [],
            "dbs": [
                "mongodb"
            ],
            "monitors": []
        }
    ]
}