{
    "size": 300,
    "num_dockers": 5,
    "discos": [
        "eureka"
    ],
    "num_files": 10,
    "avg_size_service": 60.0,
    "buses": [],
    "num_gates": 0,
    "langs": [
        "java",
        "dockerfile"
    ],
    "num_discos": 1,
    "num_monitors": 0,
    "dockers": [
        {
            "monitors": [],
            "cmd": "",
            "discos": [],
            "servers": [],
            "cmd_keywords": [],
            "from": "alpine",
            "path": "/Dockerfile",
            "keywords": [
                "apk",
                "openjdk",
                "add",
                "cache"
            ],
            "buses": [],
            "langs": [],
            "gates": [],
            "dbs": [],
            "from_full": "alpine:edge"
        },
        {
            "monitors": [],
            "cmd": "",
            "discos": [],
            "servers": [],
            "cmd_keywords": [],
            "from": "maven",
            "path": "/config-server/Dockerfile",
            "keywords": [
                "app",
                "mvn",
                "pom",
                "clean",
                "package"
            ],
            "buses": [],
            "langs": [],
            "gates": [],
            "dbs": [],
            "from_full": "maven:3.5-jdk-8"
        },
        {
            "monitors": [],
            "cmd": "",
            "discos": [],
            "servers": [],
            "cmd_keywords": [],
            "from": "maven",
            "path": "/book-service/Dockerfile",
            "keywords": [
                "get",
                "apt",
                "clean",
                "app",
                "netcat"
            ],
            "buses": [],
            "langs": [],
            "gates": [],
            "dbs": [],
            "from_full": "maven:3.5-jdk-8"
        },
        {
            "monitors": [],
            "cmd": "",
            "discos": [],
            "servers": [],
            "cmd_keywords": [],
            "from": "maven",
            "path": "/service-discovery/Dockerfile",
            "keywords": [
                "app",
                "mvn",
                "pom",
                "clean",
                "package"
            ],
            "buses": [],
            "langs": [],
            "gates": [],
            "dbs": [],
            "from_full": "maven:3.5-jdk-8"
        },
        {
            "monitors": [],
            "cmd": "",
            "discos": [],
            "servers": [],
            "cmd_keywords": [],
            "from": "maven",
            "path": "/author-service/Dockerfile",
            "keywords": [
                "get",
                "app",
                "apt",
                "clean",
                "netcat"
            ],
            "buses": [],
            "langs": [],
            "gates": [],
            "dbs": [],
            "from_full": "maven:3.5-jdk-8"
        }
    ],
    "num_dbs": 0,
    "monitors": [],
    "shared_dbs": false,
    "structure": {
        "services": [
            {
                "monitors": [],
                "buses": [],
                "image": "book-service",
                "image_full": "book-service",
                "discos": [],
                "name": "book-service",
                "depends_on": [
                    "config-server",
                    "eureka-server"
                ],
                "dbs": [],
                "servers": [],
                "gates": []
            },
            {
                "monitors": [],
                "buses": [],
                "image": "author-service",
                "image_full": "author-service",
                "discos": [],
                "name": "author-service",
                "depends_on": [
                    "config-server",
                    "eureka-server"
                ],
                "dbs": [],
                "servers": [],
                "gates": []
            },
            {
                "monitors": [],
                "buses": [],
                "image": "eureka-server",
                "image_full": "eureka-server",
                "discos": [
                    "eureka"
                ],
                "name": "eureka-server",
                "depends_on": [],
                "dbs": [],
                "servers": [],
                "gates": []
            },
            {
                "monitors": [],
                "buses": [],
                "image": "config-server",
                "image_full": "config-server",
                "discos": [],
                "name": "config-server",
                "depends_on": [],
                "dbs": [],
                "servers": [],
                "gates": []
            }
        ],
        "detected_dbs": {
            "num": 0,
            "names": [],
            "services": [],
            "shared_dbs": false
        },
        "num_services": 4,
        "path": "/docker-compose.yml"
    },
    "num_buses": 0,
    "servers": [
        "spring"
    ],
    "url": "git://github.com/rrohitramsen/microservice-docker-travis-aws.git",
    "num_services": 4,
    "gates": [],
    "files": [
        {
            "monitors": [],
            "buses": [],
            "discos": [],
            "gates": [],
            "dbs": [],
            "servers": [
                "spring"
            ],
            "path": "/config-server/pom.xml"
        },
        {
            "monitors": [],
            "buses": [],
            "discos": [
                "eureka"
            ],
            "gates": [],
            "dbs": [],
            "servers": [
                "spring"
            ],
            "path": "/book-service/pom.xml"
        },
        {
            "monitors": [],
            "buses": [],
            "discos": [
                "eureka"
            ],
            "gates": [],
            "dbs": [],
            "servers": [
                "spring"
            ],
            "path": "/service-discovery/pom.xml"
        },
        {
            "monitors": [],
            "buses": [],
            "discos": [
                "eureka"
            ],
            "gates": [],
            "dbs": [],
            "servers": [
                "spring"
            ],
            "path": "/author-service/pom.xml"
        }
    ],
    "name": "rrohitramsen/microservice-docker-travis-aws",
    "languages": [
        "java",
        "dockerfile"
    ],
    "images": [
        "alpine",
        "maven"
    ],
    "dbs": [],
    "num_servers": 1,
    "num_langs": 2
}