{
    "languages": [
        "java"
    ],
    "num_servers": 1,
    "shared_dbs": false,
    "name": "rslvn/fileservice",
    "servers": [
        "spring"
    ],
    "num_monitors": 0,
    "num_langs": 1,
    "images": [
        "openjdk"
    ],
    "langs": [
        "java"
    ],
    "dockers": [
        {
            "cmd_keywords": [],
            "dbs": [],
            "buses": [],
            "langs": [],
            "cmd": "",
            "keywords": [],
            "path": "/server/Dockerfile",
            "gates": [],
            "from": "openjdk",
            "from_full": "openjdk:8-jre-alpine",
            "servers": [],
            "discos": [],
            "monitors": []
        },
        {
            "cmd_keywords": [],
            "dbs": [],
            "buses": [],
            "langs": [],
            "cmd": "",
            "keywords": [],
            "path": "/discovery/Dockerfile",
            "gates": [],
            "from": "openjdk",
            "from_full": "openjdk:8-jre-alpine",
            "servers": [],
            "discos": [],
            "monitors": []
        },
        {
            "cmd_keywords": [],
            "dbs": [],
            "buses": [],
            "langs": [],
            "cmd": "",
            "keywords": [],
            "path": "/client/Dockerfile",
            "gates": [],
            "from": "openjdk",
            "from_full": "openjdk:8-jre-alpine",
            "servers": [],
            "discos": [],
            "monitors": []
        }
    ],
    "gates": [],
    "num_buses": 0,
    "discos": [
        "eureka"
    ],
    "monitors": [],
    "num_files": 9,
    "structure": {
        "path": "/docker-compose.yml",
        "services": [
            {
                "image_full": "./discovery",
                "depends_on": [],
                "dbs": [],
                "buses": [],
                "gates": [],
                "name": "discovery",
                "image": "./discovery",
                "servers": [],
                "discos": [],
                "monitors": []
            },
            {
                "image_full": "./server",
                "depends_on": [
                    "discovery"
                ],
                "dbs": [],
                "buses": [],
                "gates": [],
                "name": "server",
                "image": "./server",
                "servers": [],
                "discos": [],
                "monitors": []
            },
            {
                "image_full": "./client",
                "depends_on": [
                    "server"
                ],
                "dbs": [],
                "buses": [],
                "gates": [],
                "name": "client",
                "image": "./client",
                "servers": [],
                "discos": [],
                "monitors": []
            }
        ],
        "num_services": 3,
        "detected_dbs": {
            "services": [],
            "names": [],
            "num": 0,
            "shared_dbs": false
        }
    },
    "dbs": [
        "oracle"
    ],
    "num_dbs": 1,
    "avg_size_service": 56.333333333333336,
    "num_services": 3,
    "buses": [],
    "files": [
        {
            "dbs": [
                "oracle"
            ],
            "path": "/pom.xml",
            "gates": [],
            "servers": [
                "spring"
            ],
            "buses": [],
            "discos": [
                "eureka"
            ],
            "monitors": []
        },
        {
            "dbs": [],
            "path": "/server/pom.xml",
            "gates": [],
            "servers": [
                "spring"
            ],
            "buses": [],
            "discos": [
                "eureka"
            ],
            "monitors": []
        },
        {
            "dbs": [],
            "path": "/discovery/pom.xml",
            "gates": [],
            "servers": [
                "spring"
            ],
            "buses": [],
            "discos": [
                "eureka"
            ],
            "monitors": []
        },
        {
            "dbs": [],
            "path": "/client/pom.xml",
            "gates": [],
            "servers": [
                "spring"
            ],
            "buses": [],
            "discos": [
                "eureka"
            ],
            "monitors": []
        },
        {
            "dbs": [],
            "path": "/api/pom.xml",
            "gates": [],
            "servers": [
                "spring"
            ],
            "buses": [],
            "discos": [],
            "monitors": []
        }
    ],
    "url": "git://github.com/rslvn/fileservice.git",
    "num_dockers": 3,
    "size": 169,
    "num_discos": 1,
    "num_gates": 0
}