{
    "avg_size_service": 25.0,
    "discos": [],
    "images": [
        "python"
    ],
    "num_dockers": 1,
    "num_servers": 1,
    "langs": [
        "python",
        "html"
    ],
    "languages": [
        "python",
        "html"
    ],
    "num_services": 2,
    "num_gates": 0,
    "num_langs": 2,
    "monitors": [],
    "gates": [],
    "servers": [
        "django"
    ],
    "num_monitors": 0,
    "structure": {
        "path": "/docker-compose.yml",
        "services": [
            {
                "depends_on": [
                    "db"
                ],
                "image": ".",
                "image_full": ".",
                "gates": [],
                "name": "django",
                "buses": [],
                "servers": [],
                "monitors": [],
                "dbs": [],
                "discos": []
            },
            {
                "depends_on": [],
                "image": "postgres",
                "image_full": "postgres:12.3-alpine",
                "gates": [],
                "name": "db",
                "buses": [],
                "servers": [],
                "monitors": [],
                "dbs": [],
                "discos": []
            }
        ],
        "num_services": 2,
        "detected_dbs": {
            "names": [],
            "num": 0,
            "services": [],
            "shared_dbs": false
        }
    },
    "size": 25,
    "url": "git://github.com/RussBallard/ApacheLogMicroservice.git",
    "num_buses": 0,
    "shared_dbs": false,
    "files": [
        {
            "path": "/requirements.txt",
            "discos": [],
            "monitors": [],
            "gates": [],
            "servers": [
                "django"
            ],
            "dbs": [],
            "buses": []
        }
    ],
    "num_discos": 0,
    "dockers": [
        {
            "path": "/Dockerfile",
            "from_full": "python:3.8",
            "from": "python",
            "cmd": "",
            "keywords": [
                "install",
                "python",
                "get",
                "apt",
                "pip"
            ],
            "servers": [],
            "gates": [],
            "langs": [
                "python"
            ],
            "discos": [],
            "monitors": [],
            "cmd_keywords": [],
            "dbs": [
                "postgresql"
            ],
            "buses": []
        }
    ],
    "name": "RussBallard/ApacheLogMicroservice",
    "buses": [],
    "num_files": 3,
    "dbs": [
        "postgresql"
    ],
    "num_dbs": 1
}