{
    "languages": [
        "python"
    ],
    "num_servers": 1,
    "shared_dbs": false,
    "name": "rvictory1/testdriven-app",
    "servers": [
        "flask"
    ],
    "num_monitors": 0,
    "num_langs": 1,
    "images": [
        "postgres"
    ],
    "langs": [
        "python"
    ],
    "dockers": [
        {
            "cmd_keywords": [],
            "dbs": [],
            "buses": [],
            "langs": [],
            "cmd": "",
            "keywords": [],
            "path": "/services/users/project/db/Dockerfile",
            "gates": [],
            "from": "postgres",
            "from_full": "postgres:10.4-alpine",
            "servers": [],
            "discos": [],
            "monitors": []
        }
    ],
    "gates": [],
    "num_buses": 0,
    "discos": [],
    "monitors": [],
    "num_files": 3,
    "structure": {
        "path": [],
        "services": [],
        "num_services": 0,
        "detected_dbs": {
            "services": [],
            "names": [],
            "num": 0,
            "shared_dbs": false
        }
    },
    "dbs": [],
    "num_dbs": 0,
    "avg_size_service": 18.0,
    "num_services": 0,
    "buses": [],
    "files": [
        {
            "dbs": [],
            "path": "/services/users/requirements.txt",
            "gates": [],
            "servers": [
                "flask"
            ],
            "buses": [],
            "discos": [],
            "monitors": []
        }
    ],
    "url": "git://github.com/rvictory1/testdriven-app.git",
    "num_dockers": 1,
    "size": 18,
    "num_discos": 0,
    "num_gates": 0
}