{
    "discos": [],
    "avg_size_service": 15.0,
    "buses": [],
    "num_gates": 0,
    "name": "ryankurte/docker-rpi-emu",
    "structure": {
        "path": [],
        "services": [],
        "detected_dbs": {
            "names": [],
            "num": 0,
            "shared_dbs": false,
            "services": []
        },
        "num_services": 0
    },
    "dbs": [],
    "dockers": [
        {
            "langs": [],
            "cmd_keywords": [],
            "from_full": "ubuntu",
            "buses": [],
            "monitors": [],
            "from": "ubuntu",
            "keywords": [
                "apt",
                "get",
                "qemu",
                "mkdir",
                "home"
            ],
            "gates": [],
            "path": "/Dockerfile",
            "dbs": [],
            "discos": [],
            "cmd": "",
            "servers": []
        }
    ],
    "gates": [],
    "size": 15,
    "num_monitors": 0,
    "images": [
        "ubuntu"
    ],
    "num_buses": 0,
    "num_services": 0,
    "servers": [],
    "shared_dbs": false,
    "monitors": [],
    "num_discos": 0,
    "languages": [
        "shell",
        "makefile"
    ],
    "url": "git://github.com/ryankurte/docker-rpi-emu.git",
    "langs": [
        "makefile",
        "shell"
    ],
    "num_dbs": 0,
    "num_servers": 0,
    "num_langs": 2,
    "files": [],
    "num_dockers": 1,
    "num_files": 2
}