{
    "size": 896,
    "num_dockers": 0,
    "discos": [
        "grpc"
    ],
    "num_files": 4,
    "avg_size_service": 896.0,
    "buses": [],
    "num_gates": 1,
    "langs": [
        "javascript",
        "css"
    ],
    "num_discos": 1,
    "num_monitors": 0,
    "dockers": [],
    "num_dbs": 0,
    "monitors": [],
    "shared_dbs": false,
    "structure": {
        "services": [
            {
                "monitors": [],
                "buses": [],
                "image": ".docker",
                "image_full": ".docker",
                "discos": [],
                "name": "table",
                "depends_on": [],
                "dbs": [],
                "servers": [],
                "gates": []
            },
            {
                "monitors": [],
                "buses": [],
                "image": ".docker",
                "image_full": ".docker",
                "discos": [],
                "name": "gateway",
                "depends_on": [
                    "table"
                ],
                "dbs": [],
                "servers": [],
                "gates": []
            },
            {
                "monitors": [],
                "buses": [],
                "image": "./",
                "image_full": "./",
                "discos": [],
                "name": "client",
                "depends_on": [],
                "dbs": [],
                "servers": [],
                "gates": []
            }
        ],
        "detected_dbs": {
            "num": 0,
            "names": [],
            "services": [],
            "shared_dbs": false
        },
        "num_services": 3,
        "path": "/docker-compose.yml"
    },
    "num_buses": 0,
    "servers": [
        "node",
        "express"
    ],
    "url": "git://github.com/salihsagdilek/nestjs-grpc-microservice.git",
    "num_services": 3,
    "gates": [
        "gateway"
    ],
    "files": [
        {
            "monitors": [],
            "buses": [],
            "discos": [
                "grpc"
            ],
            "gates": [
                "gateway"
            ],
            "dbs": [],
            "servers": [
                "express",
                "node"
            ],
            "path": "/server/gateway/package.json"
        },
        {
            "monitors": [],
            "buses": [],
            "discos": [
                "grpc"
            ],
            "gates": [],
            "dbs": [],
            "servers": [
                "express",
                "node"
            ],
            "path": "/server/microservices/table/package.json"
        },
        {
            "monitors": [],
            "buses": [],
            "discos": [],
            "gates": [],
            "dbs": [],
            "servers": [
                "node"
            ],
            "path": "/client/package.json"
        }
    ],
    "name": "salihsagdilek/nestjs-grpc-microservice",
    "languages": [
        "css",
        "javascript"
    ],
    "images": [],
    "dbs": [],
    "num_servers": 2,
    "num_langs": 2
}