{
    "discos": [],
    "avg_size_service": 10.0,
    "buses": [],
    "num_gates": 0,
    "name": "sameersbn/docker-squid",
    "structure": {
        "path": "/docker-compose.yml",
        "services": [],
        "detected_dbs": {
            "names": [],
            "num": 0,
            "shared_dbs": false,
            "services": []
        },
        "num_services": 0
    },
    "dbs": [],
    "dockers": [
        {
            "langs": [],
            "cmd_keywords": [],
            "from_full": "ubuntu:bionic-20190612",
            "buses": [],
            "monitors": [],
            "from": "ubuntu",
            "keywords": [
                "apt",
                "squid",
                "get",
                "frontend",
                "lists"
            ],
            "gates": [],
            "path": "/Dockerfile",
            "dbs": [],
            "discos": [],
            "cmd": "",
            "servers": []
        }
    ],
    "gates": [],
    "size": 10,
    "num_monitors": 0,
    "images": [
        "ubuntu"
    ],
    "num_buses": 0,
    "num_services": 0,
    "servers": [],
    "shared_dbs": false,
    "monitors": [],
    "num_discos": 0,
    "languages": [
        "shell",
        "dockerfile"
    ],
    "url": "git://github.com/sameersbn/docker-squid.git",
    "langs": [
        "dockerfile",
        "shell"
    ],
    "num_dbs": 0,
    "num_servers": 0,
    "num_langs": 2,
    "files": [],
    "num_dockers": 1,
    "num_files": 2
}