{
    "gates": [],
    "num_gates": 0,
    "size": 17,
    "shared_dbs": false,
    "num_services": 0,
    "num_dbs": 0,
    "name": "samvid25/c-lightning-docker",
    "dbs": [],
    "buses": [],
    "num_dockers": 0,
    "images": [],
    "monitors": [],
    "files": [],
    "structure": {
        "detected_dbs": {
            "services": [],
            "names": [],
            "num": 0,
            "shared_dbs": false
        },
        "services": [],
        "path": [],
        "num_services": 0
    },
    "servers": [],
    "num_discos": 0,
    "discos": [],
    "num_monitors": 0,
    "url": "git://github.com/samvid25/c-lightning-docker.git",
    "langs": [],
    "num_langs": 0,
    "dockers": [],
    "avg_size_service": 17.0,
    "languages": [],
    "num_buses": 0,
    "num_files": 1,
    "num_servers": 0
}