{
    "dbs": [
        "zookeeper"
    ],
    "name": "saumitras/kafka-twitter-docker",
    "num_langs": 2,
    "languages": [
        "scala",
        "shell"
    ],
    "shared_dbs": false,
    "servers": [],
    "langs": [
        "scala",
        "shell"
    ],
    "dockers": [],
    "gates": [],
    "size": 10,
    "num_dockers": 0,
    "num_discos": 1,
    "num_buses": 1,
    "buses": [
        "kafka"
    ],
    "images": [],
    "num_servers": 0,
    "num_services": 4,
    "monitors": [],
    "structure": {
        "services": [
            {
                "buses": [],
                "image": "saumitras01/zookeeper",
                "dbs": [
                    "zookeeper"
                ],
                "gates": [],
                "image_full": "saumitras01/zookeeper:v3.4.9",
                "monitors": [],
                "name": "zookeeper",
                "discos": [
                    "zookeeper"
                ],
                "servers": [],
                "depends_on": []
            },
            {
                "buses": [],
                "image": "saumitras01/tweet-consumer-app",
                "dbs": [],
                "gates": [],
                "image_full": "saumitras01/tweet-consumer-app:latest",
                "monitors": [],
                "name": "tweet-consumer",
                "discos": [],
                "servers": [],
                "depends_on": [
                    "kafka"
                ]
            },
            {
                "buses": [],
                "image": "saumitras01/tweet-producer-app",
                "dbs": [],
                "gates": [],
                "image_full": "saumitras01/tweet-producer-app:latest",
                "monitors": [],
                "name": "tweet-producer",
                "discos": [],
                "servers": [],
                "depends_on": [
                    "kafka"
                ]
            },
            {
                "buses": [
                    "kafka"
                ],
                "image": "saumitras01/kafka",
                "dbs": [],
                "gates": [],
                "image_full": "saumitras01/kafka:latest",
                "monitors": [],
                "name": "kafka",
                "discos": [],
                "servers": [],
                "depends_on": [
                    "zookeeper"
                ]
            }
        ],
        "num_services": 4,
        "detected_dbs": {
            "num": 1,
            "shared_dbs": false,
            "names": [
                "zookeeper"
            ],
            "services": [
                "zookeeper"
            ]
        },
        "path": "/docker-compose.yml"
    },
    "discos": [
        "zookeeper"
    ],
    "num_files": 1,
    "num_dbs": 1,
    "num_monitors": 0,
    "num_gates": 0,
    "url": "git://github.com/saumitras/kafka-twitter-docker.git",
    "avg_size_service": 10.0,
    "files": []
}