{
    "langs": [
        "java"
    ],
    "languages": [
        "java"
    ],
    "url": "git://github.com/sawantss/micro-services-poc.git",
    "files": [
        {
            "monitors": [],
            "path": "/customer/build.gradle",
            "servers": [
                "spring"
            ],
            "gates": [],
            "discos": [],
            "buses": [],
            "dbs": [
                "cassandra"
            ]
        }
    ],
    "gates": [],
    "discos": [],
    "num_monitors": 0,
    "num_dockers": 1,
    "num_dbs": 1,
    "avg_size_service": 32.0,
    "num_gates": 0,
    "num_servers": 1,
    "name": "sawantss/micro-services-poc",
    "num_discos": 0,
    "num_files": 3,
    "num_buses": 0,
    "servers": [
        "spring"
    ],
    "dbs": [
        "cassandra"
    ],
    "structure": {
        "services": [],
        "num_services": 0,
        "detected_dbs": {
            "names": [],
            "services": [],
            "shared_dbs": false,
            "num": 0
        },
        "path": []
    },
    "monitors": [],
    "size": 32,
    "dockers": [
        {
            "langs": [],
            "buses": [],
            "servers": [],
            "from_full": "frolvlad/alpine-oraclejdk8:slim",
            "gates": [],
            "discos": [],
            "dbs": [],
            "monitors": [],
            "cmd": "",
            "keywords": [
                "touch",
                "app",
                "jar"
            ],
            "path": "/customer/src/main/docker/Dockerfile",
            "from": "frolvlad/alpine-oraclejdk8",
            "cmd_keywords": []
        }
    ],
    "images": [
        "frolvlad/alpine-oraclejdk8"
    ],
    "buses": [],
    "num_services": 0,
    "num_langs": 1,
    "shared_dbs": false
}