{
    "discos": [],
    "avg_size_service": 1.0,
    "buses": [],
    "num_gates": 0,
    "name": "sdebruyn/docker-debian-git",
    "structure": {
        "path": [],
        "services": [],
        "detected_dbs": {
            "names": [],
            "num": 0,
            "shared_dbs": false,
            "services": []
        },
        "num_services": 0
    },
    "dbs": [],
    "dockers": [
        {
            "langs": [],
            "cmd_keywords": [
                "git",
                "help"
            ],
            "from_full": "debian:stable-slim",
            "buses": [],
            "monitors": [],
            "from": "debian",
            "keywords": [
                "apt",
                "get",
                "var",
                "usr",
                "tmp"
            ],
            "gates": [],
            "path": "/Dockerfile",
            "dbs": [],
            "discos": [],
            "cmd": "git help",
            "servers": []
        }
    ],
    "gates": [],
    "size": 1,
    "num_monitors": 0,
    "images": [
        "debian"
    ],
    "num_buses": 0,
    "num_services": 0,
    "servers": [],
    "shared_dbs": false,
    "monitors": [],
    "num_discos": 0,
    "languages": [
        "dockerfile"
    ],
    "url": "git://github.com/sdebruyn/docker-debian-git.git",
    "langs": [
        "dockerfile"
    ],
    "num_dbs": 0,
    "num_servers": 0,
    "num_langs": 1,
    "files": [],
    "num_dockers": 1,
    "num_files": 2
}