{
    "gates": [],
    "num_gates": 0,
    "size": 19,
    "shared_dbs": false,
    "num_services": 0,
    "num_dbs": 0,
    "name": "selcukusta/filebeat-docker-logs-sample",
    "dbs": [],
    "buses": [],
    "num_dockers": 1,
    "images": [
        "microsoft/dotnet"
    ],
    "monitors": [],
    "files": [],
    "structure": {
        "detected_dbs": {
            "services": [],
            "names": [],
            "num": 0,
            "shared_dbs": false
        },
        "services": [],
        "path": [],
        "num_services": 0
    },
    "servers": [],
    "num_discos": 0,
    "discos": [],
    "num_monitors": 0,
    "url": "git://github.com/selcukusta/filebeat-docker-logs-sample.git",
    "langs": [
        "c#",
        "shell"
    ],
    "num_langs": 2,
    "dockers": [
        {
            "gates": [],
            "keywords": [
                "publish",
                "release",
                "folder",
                "dotnet",
                "linux"
            ],
            "discos": [],
            "path": "/app/Dockerfile",
            "langs": [],
            "cmd_keywords": [],
            "dbs": [],
            "servers": [],
            "cmd": "",
            "from_full": "microsoft/dotnet:2.1-aspnetcore-runtime-alpine",
            "buses": [],
            "from": "microsoft/dotnet",
            "monitors": []
        }
    ],
    "avg_size_service": 19.0,
    "languages": [
        "c#",
        "shell"
    ],
    "num_buses": 0,
    "num_files": 2,
    "num_servers": 0
}