{
    "servers": [
        "node"
    ],
    "name": "senssei/microservices-on-frontend-docker",
    "num_gates": 1,
    "avg_size_service": 374.3333333333333,
    "structure": {
        "services": [
            {
                "gates": [],
                "buses": [],
                "image_full": "Dockerfile",
                "servers": [],
                "depends_on": [],
                "name": "angular-microservice",
                "dbs": [],
                "image": "Dockerfile",
                "monitors": [],
                "discos": []
            },
            {
                "gates": [],
                "buses": [],
                "image_full": "Dockerfile",
                "servers": [],
                "depends_on": [
                    "react-microservice",
                    "angular-microservice"
                ],
                "name": "microservices",
                "dbs": [],
                "image": "Dockerfile",
                "monitors": [],
                "discos": []
            },
            {
                "gates": [],
                "buses": [],
                "image_full": "Dockerfile",
                "servers": [],
                "depends_on": [],
                "name": "react-microservice",
                "dbs": [],
                "image": "Dockerfile",
                "monitors": [],
                "discos": []
            }
        ],
        "num_services": 3,
        "path": "/docker-compose.yml",
        "detected_dbs": {
            "num": 0,
            "names": [],
            "services": [],
            "shared_dbs": false
        }
    },
    "num_dbs": 0,
    "buses": [],
    "langs": [
        "typescript",
        "javascript",
        "html"
    ],
    "shared_dbs": false,
    "files": [
        {
            "gates": [],
            "buses": [],
            "path": "/angular-microservice/package.json",
            "servers": [
                "node"
            ],
            "dbs": [],
            "monitors": [],
            "discos": []
        },
        {
            "gates": [],
            "buses": [],
            "path": "/react-microservice/package.json",
            "servers": [],
            "dbs": [],
            "monitors": [],
            "discos": []
        }
    ],
    "size": 1123,
    "num_dockers": 3,
    "url": "git://github.com/senssei/microservices-on-frontend-docker.git",
    "gates": [
        "nginx"
    ],
    "num_servers": 1,
    "images": [
        "nginx"
    ],
    "num_services": 3,
    "languages": [
        "typescript",
        "html",
        "javascript"
    ],
    "num_files": 6,
    "discos": [],
    "dockers": [
        {
            "gates": [
                "nginx"
            ],
            "from_full": "nginx",
            "cmd_keywords": [
                "nginx",
                "daemon",
                "off"
            ],
            "path": "/Dockerfile",
            "servers": [],
            "cmd": "nginx -g daemon off;",
            "from": "nginx",
            "buses": [],
            "langs": [],
            "dbs": [],
            "discos": [],
            "monitors": [],
            "keywords": []
        },
        {
            "gates": [
                "nginx"
            ],
            "from_full": "nginx",
            "cmd_keywords": [
                "nginx",
                "daemon",
                "off"
            ],
            "path": "/angular-microservice/Dockerfile",
            "servers": [],
            "cmd": "nginx -g daemon off;",
            "from": "nginx",
            "buses": [],
            "langs": [],
            "dbs": [],
            "discos": [],
            "monitors": [],
            "keywords": [
                "npm",
                "run",
                "install",
                "src",
                "mkdir"
            ]
        },
        {
            "gates": [
                "nginx"
            ],
            "from_full": "nginx",
            "cmd_keywords": [
                "nginx",
                "daemon",
                "off"
            ],
            "path": "/react-microservice/Dockerfile",
            "servers": [],
            "cmd": "nginx -g daemon off;",
            "from": "nginx",
            "buses": [],
            "langs": [],
            "dbs": [],
            "discos": [],
            "monitors": [],
            "keywords": [
                "npm",
                "install",
                "silent",
                "run",
                "scripts"
            ]
        }
    ],
    "num_langs": 3,
    "num_monitors": 0,
    "num_buses": 0,
    "dbs": [],
    "monitors": [],
    "num_discos": 0
}