{
    "avg_size_service": 168.25,
    "discos": [],
    "images": [
        "openjdk",
        "tomcat"
    ],
    "num_dockers": 4,
    "num_servers": 3,
    "langs": [
        "smarty",
        "java"
    ],
    "languages": [
        "java",
        "smarty"
    ],
    "num_services": 2,
    "num_gates": 0,
    "num_langs": 2,
    "monitors": [],
    "gates": [],
    "servers": [
        "glassfish",
        "spring",
        "tomcat"
    ],
    "num_monitors": 0,
    "structure": {
        "path": "/apps/03-todo-web-application-mysql/docker-compose.yml",
        "services": [
            {
                "depends_on": [
                    "mysql"
                ],
                "image": "ser610/todo-web-application-mysql",
                "image_full": "ser610/todo-web-application-mysql:0.0.1-SNAPSHOT",
                "gates": [],
                "name": "todo-web-application",
                "buses": [],
                "servers": [],
                "monitors": [],
                "dbs": [
                    "mysql"
                ],
                "discos": []
            },
            {
                "depends_on": [],
                "image": "mysql",
                "image_full": "mysql:5.7",
                "gates": [],
                "name": "mysql",
                "buses": [],
                "servers": [],
                "monitors": [],
                "dbs": [
                    "mysql"
                ],
                "discos": []
            }
        ],
        "num_services": 2,
        "detected_dbs": {
            "names": [
                "mysql"
            ],
            "num": 2,
            "services": [
                "todo-web-application",
                "mysql"
            ],
            "shared_dbs": false
        }
    },
    "size": 673,
    "url": "git://github.com/ser0090/kubernetes-crash.git",
    "num_buses": 0,
    "shared_dbs": false,
    "files": [
        {
            "path": "/apps/03-todo-web-application-mysql/pom.xml",
            "discos": [],
            "monitors": [],
            "gates": [],
            "servers": [
                "spring",
                "tomcat"
            ],
            "dbs": [
                "mysql"
            ],
            "buses": []
        },
        {
            "path": "/apps/01-hello-world-rest-api/pom.xml",
            "discos": [],
            "monitors": [],
            "gates": [],
            "servers": [
                "spring"
            ],
            "dbs": [],
            "buses": []
        },
        {
            "path": "/apps/02-todo-web-application-h2/pom.xml",
            "discos": [],
            "monitors": [],
            "gates": [],
            "servers": [
                "spring",
                "tomcat"
            ],
            "dbs": [],
            "buses": []
        },
        {
            "path": "/apps/04-currency-exchange-microservice-basic/pom.xml",
            "discos": [],
            "monitors": [],
            "gates": [],
            "servers": [
                "spring",
                "glassfish"
            ],
            "dbs": [],
            "buses": []
        }
    ],
    "num_discos": 0,
    "dockers": [
        {
            "path": "/apps/03-todo-web-application-mysql/Dockerfile",
            "from_full": "tomcat:8.0.51-jre8-alpine",
            "from": "tomcat",
            "cmd": "catalina.sh run",
            "keywords": [
                "local",
                "usr",
                "webapps",
                "tomcat"
            ],
            "servers": [
                "tomcat"
            ],
            "gates": [],
            "langs": [],
            "discos": [],
            "monitors": [],
            "cmd_keywords": [
                "catalina",
                "run"
            ],
            "dbs": [],
            "buses": []
        },
        {
            "path": "/apps/01-hello-world-rest-api/Dockerfile",
            "from_full": "openjdk:8-jdk-alpine",
            "from": "openjdk",
            "cmd": "",
            "keywords": [],
            "servers": [],
            "gates": [],
            "langs": [],
            "discos": [],
            "monitors": [],
            "cmd_keywords": [],
            "dbs": [],
            "buses": []
        },
        {
            "path": "/apps/02-todo-web-application-h2/Dockerfile",
            "from_full": "tomcat:8.0.51-jre8-alpine",
            "from": "tomcat",
            "cmd": "catalina.sh run",
            "keywords": [
                "local",
                "usr",
                "webapps",
                "tomcat"
            ],
            "servers": [
                "tomcat"
            ],
            "gates": [],
            "langs": [],
            "discos": [],
            "monitors": [],
            "cmd_keywords": [
                "catalina",
                "run"
            ],
            "dbs": [],
            "buses": []
        },
        {
            "path": "/apps/04-currency-exchange-microservice-basic/Dockerfile",
            "from_full": "openjdk:8-jdk-alpine",
            "from": "openjdk",
            "cmd": "",
            "keywords": [],
            "servers": [],
            "gates": [],
            "langs": [],
            "discos": [],
            "monitors": [],
            "cmd_keywords": [],
            "dbs": [],
            "buses": []
        }
    ],
    "name": "ser0090/kubernetes-crash",
    "buses": [],
    "num_files": 9,
    "dbs": [
        "mysql"
    ],
    "num_dbs": 1
}