{
    "buses": [],
    "avg_size_service": 2.0,
    "num_dbs": 0,
    "num_services": 0,
    "langs": [
        "dockerfile",
        "scratch",
        "go"
    ],
    "num_langs": 3,
    "structure": {
        "path": [],
        "services": [],
        "detected_dbs": {
            "shared_dbs": false,
            "names": [],
            "num": 0,
            "services": []
        },
        "num_services": 0
    },
    "shared_dbs": false,
    "num_buses": 0,
    "dockers": [
        {
            "buses": [],
            "from_full": "scratch",
            "cmd": "./main",
            "from": "scratch",
            "path": "/Dockerfile",
            "langs": [
                "scratch"
            ],
            "monitors": [],
            "cmd_keywords": [
                "main"
            ],
            "discos": [],
            "keywords": [
                "upx",
                "main",
                "apt",
                "linux",
                "strip"
            ],
            "dbs": [],
            "gates": [],
            "servers": []
        }
    ],
    "dbs": [],
    "languages": [
        "dockerfile",
        "go"
    ],
    "gates": [],
    "servers": [],
    "num_gates": 0,
    "name": "shahidhk/placeholder",
    "num_monitors": 0,
    "monitors": [],
    "discos": [],
    "files": [],
    "size": 2,
    "num_dockers": 1,
    "num_files": 2,
    "url": "git://github.com/shahidhk/placeholder.git",
    "num_servers": 0,
    "images": [
        "scratch"
    ],
    "num_discos": 0
}