{
    "discos": [],
    "avg_size_service": 4.0,
    "buses": [],
    "num_gates": 0,
    "name": "Shaked/docker-whatsapp",
    "structure": {
        "path": [],
        "services": [],
        "detected_dbs": {
            "names": [],
            "num": 0,
            "shared_dbs": false,
            "services": []
        },
        "num_services": 0
    },
    "dbs": [
        "memcached"
    ],
    "dockers": [
        {
            "langs": [
                "php"
            ],
            "cmd_keywords": [],
            "from_full": "ubuntu:15.04",
            "buses": [],
            "monitors": [],
            "from": "ubuntu",
            "keywords": [
                "php",
                "install",
                "get",
                "apt",
                "ini"
            ],
            "gates": [],
            "path": "/Dockerfile",
            "dbs": [
                "memcached"
            ],
            "discos": [],
            "cmd": "",
            "servers": []
        }
    ],
    "gates": [],
    "size": 4,
    "num_monitors": 0,
    "images": [
        "ubuntu"
    ],
    "num_buses": 0,
    "num_services": 0,
    "servers": [],
    "shared_dbs": false,
    "monitors": [],
    "num_discos": 0,
    "languages": [
        "dockerfile",
        "shell"
    ],
    "url": "git://github.com/Shaked/docker-whatsapp.git",
    "langs": [
        "dockerfile",
        "php",
        "shell"
    ],
    "num_dbs": 1,
    "num_servers": 0,
    "num_langs": 3,
    "files": [],
    "num_dockers": 1,
    "num_files": 2
}