{
    "size": 32,
    "num_files": 3,
    "dockers": [
        {
            "from_full": "node:alpine",
            "gates": [],
            "discos": [],
            "cmd": "pm2-runtime npm -- start",
            "monitors": [],
            "keywords": [
                "install",
                "npm"
            ],
            "from": "node",
            "langs": [],
            "cmd_keywords": [
                "runtime",
                "npm",
                "start"
            ],
            "servers": [
                "node"
            ],
            "buses": [],
            "path": "/Dockerfile",
            "dbs": []
        }
    ],
    "avg_size_service": 32.0,
    "num_services": 2,
    "servers": [
        "express",
        "node"
    ],
    "num_discos": 0,
    "num_langs": 1,
    "discos": [],
    "buses": [],
    "url": "git://github.com/sharmarajdaksh/dockerized-secrets-microservice.git",
    "structure": {
        "num_services": 2,
        "path": "/docker-compose.yml",
        "services": [
            {
                "servers": [],
                "image": "postgres",
                "depends_on": [],
                "name": "postgres",
                "dbs": [],
                "gates": [],
                "buses": [],
                "discos": [],
                "image_full": "postgres",
                "monitors": []
            },
            {
                "servers": [],
                "image": ".",
                "depends_on": [],
                "name": "auth_microservice",
                "dbs": [],
                "gates": [],
                "buses": [],
                "discos": [],
                "image_full": ".",
                "monitors": []
            }
        ],
        "detected_dbs": {
            "num": 0,
            "names": [],
            "shared_dbs": false,
            "services": []
        }
    },
    "shared_dbs": false,
    "gates": [],
    "num_gates": 0,
    "name": "sharmarajdaksh/dockerized-secrets-microservice",
    "num_buses": 0,
    "num_servers": 2,
    "num_dbs": 0,
    "monitors": [],
    "langs": [
        "javascript"
    ],
    "dbs": [],
    "files": [
        {
            "servers": [
                "express",
                "node"
            ],
            "gates": [],
            "discos": [],
            "dbs": [],
            "buses": [],
            "path": "/package.json",
            "monitors": []
        }
    ],
    "images": [
        "node"
    ],
    "num_dockers": 1,
    "languages": [
        "javascript"
    ],
    "num_monitors": 0
}