{
    "size": 822,
    "num_discos": 0,
    "num_services": 0,
    "num_monitors": 0,
    "num_langs": 1,
    "dockers": [],
    "files": [
        {
            "dbs": [],
            "gates": [],
            "discos": [],
            "monitors": [],
            "servers": [
                "tomcat",
                "spring"
            ],
            "path": "/BankTransactionListApp/pom.xml",
            "buses": []
        }
    ],
    "langs": [
        "java"
    ],
    "url": "git://github.com/sibsankarb4/Digital-BankTransactionListApp.git",
    "buses": [],
    "shared_dbs": false,
    "structure": {
        "services": [],
        "detected_dbs": {
            "names": [],
            "services": [],
            "shared_dbs": false,
            "num": 0
        },
        "num_services": 0,
        "path": []
    },
    "name": "sibsankarb4/Digital-BankTransactionListApp",
    "num_buses": 0,
    "servers": [
        "tomcat",
        "spring"
    ],
    "num_files": 2,
    "num_dbs": 0,
    "num_gates": 0,
    "gates": [],
    "monitors": [],
    "avg_size_service": 822.0,
    "languages": [
        "java"
    ],
    "num_dockers": 0,
    "dbs": [],
    "num_servers": 2,
    "discos": [],
    "images": []
}