{
    "dbs": [],
    "num_langs": 2,
    "buses": [],
    "monitors": [],
    "num_services": 0,
    "num_dbs": 0,
    "num_servers": 1,
    "discos": [],
    "dockers": [],
    "num_files": 7,
    "num_dockers": 0,
    "images": [],
    "size": 913,
    "servers": [
        "express"
    ],
    "structure": {
        "detected_dbs": {
            "names": [],
            "shared_dbs": false,
            "services": [],
            "num": 0
        },
        "num_services": 0,
        "path": [],
        "services": []
    },
    "num_discos": 0,
    "files": [
        {
            "servers": [
                "express"
            ],
            "gates": [],
            "dbs": [],
            "buses": [],
            "monitors": [],
            "discos": [],
            "path": "/blog/comments/package.json"
        },
        {
            "servers": [
                "express"
            ],
            "gates": [],
            "dbs": [],
            "buses": [],
            "monitors": [],
            "discos": [],
            "path": "/blog/posts/package.json"
        },
        {
            "servers": [
                "express"
            ],
            "gates": [],
            "dbs": [],
            "buses": [],
            "monitors": [],
            "discos": [],
            "path": "/blog/moderation/package.json"
        },
        {
            "servers": [],
            "gates": [],
            "dbs": [],
            "buses": [],
            "monitors": [],
            "discos": [],
            "path": "/blog/client/package.json"
        },
        {
            "servers": [
                "express"
            ],
            "gates": [],
            "dbs": [],
            "buses": [],
            "monitors": [],
            "discos": [],
            "path": "/blog/event-bus/package.json"
        },
        {
            "servers": [
                "express"
            ],
            "gates": [],
            "dbs": [],
            "buses": [],
            "monitors": [],
            "discos": [],
            "path": "/blog/query/package.json"
        }
    ],
    "num_monitors": 0,
    "num_buses": 0,
    "num_gates": 0,
    "gates": [],
    "name": "Sihong31/React-Node-Microservices",
    "avg_size_service": 913.0,
    "url": "git://github.com/Sihong31/React-Node-Microservices.git",
    "shared_dbs": false,
    "langs": [
        "html",
        "javascript"
    ],
    "languages": [
        "javascript",
        "html"
    ]
}