{
    "monitors": [],
    "structure": {
        "path": [],
        "detected_dbs": {
            "shared_dbs": false,
            "services": [],
            "names": [],
            "num": 0
        },
        "services": [],
        "num_services": 0
    },
    "num_langs": 1,
    "name": "Sindhu-Parkavi-Raghunathan/Monolithic_To_Microservices_Docker_Kebernetes_TravisCI",
    "num_dockers": 4,
    "buses": [],
    "dbs": [],
    "size": 71147,
    "num_discos": 0,
    "shared_dbs": false,
    "discos": [],
    "images": [
        "nginx",
        "node"
    ],
    "num_servers": 2,
    "files": [
        {
            "gates": [],
            "buses": [],
            "monitors": [],
            "servers": [
                "node"
            ],
            "path": "/Project/udacity-c3-frontend/package.json",
            "discos": [],
            "dbs": []
        },
        {
            "gates": [],
            "buses": [],
            "monitors": [],
            "servers": [
                "express",
                "node"
            ],
            "path": "/Project/udacity-c3-restapi-feed/package.json",
            "discos": [],
            "dbs": []
        },
        {
            "gates": [],
            "buses": [],
            "monitors": [],
            "servers": [
                "express",
                "node"
            ],
            "path": "/Project/udacity-c3-restapi-user/package.json",
            "discos": [],
            "dbs": []
        }
    ],
    "dockers": [
        {
            "buses": [],
            "cmd_keywords": [],
            "gates": [
                "nginx"
            ],
            "monitors": [],
            "dbs": [],
            "from": "nginx",
            "path": "/Project/udacity-c3-frontend/Dockerfile",
            "from_full": "nginx:alpine",
            "cmd": "",
            "keywords": [
                "build",
                "ionic",
                "npm"
            ],
            "discos": [],
            "servers": [],
            "langs": []
        },
        {
            "buses": [],
            "cmd_keywords": [
                "run",
                "dev",
                "npm"
            ],
            "gates": [],
            "monitors": [],
            "dbs": [],
            "from": "node",
            "path": "/Project/udacity-c3-restapi-feed/Dockerfile",
            "from_full": "node:12",
            "cmd": "npm run dev",
            "keywords": [
                "npm"
            ],
            "discos": [],
            "servers": [
                "node"
            ],
            "langs": []
        },
        {
            "buses": [],
            "cmd_keywords": [
                "run",
                "dev",
                "npm"
            ],
            "gates": [],
            "monitors": [],
            "dbs": [],
            "from": "node",
            "path": "/Project/udacity-c3-restapi-user/Dockerfile",
            "from_full": "node:12",
            "cmd": "npm run dev",
            "keywords": [
                "npm"
            ],
            "discos": [],
            "servers": [
                "node"
            ],
            "langs": []
        },
        {
            "buses": [],
            "cmd_keywords": [],
            "gates": [
                "nginx"
            ],
            "monitors": [],
            "dbs": [],
            "from": "nginx",
            "path": "/Project/udacity-c3-deployment/docker/Dockerfile",
            "from_full": "nginx:alpine",
            "cmd": "",
            "keywords": [],
            "discos": [],
            "servers": [],
            "langs": []
        }
    ],
    "url": "git://github.com/Sindhu-Parkavi-Raghunathan/Monolithic_To_Microservices_Docker_Kebernetes_TravisCI.git",
    "gates": [
        "nginx"
    ],
    "num_files": 8,
    "num_services": 0,
    "num_gates": 1,
    "num_dbs": 0,
    "avg_size_service": 17786.75,
    "langs": [
        "typescript"
    ],
    "num_buses": 0,
    "languages": [
        "typescript"
    ],
    "num_monitors": 0,
    "servers": [
        "express",
        "node"
    ]
}