{
    "num_discos": 0,
    "buses": [],
    "name": "SkypLabs/webprotege-dockerfile",
    "dbs": [
        "mongo"
    ],
    "num_services": 2,
    "avg_size_service": 10.0,
    "num_monitors": 0,
    "monitors": [],
    "discos": [],
    "servers": [
        "tomcat"
    ],
    "url": "git://github.com/SkypLabs/webprotege-dockerfile.git",
    "num_dockers": 1,
    "files": [],
    "shared_dbs": false,
    "size": 10,
    "languages": [
        "dockerfile"
    ],
    "gates": [],
    "num_langs": 2,
    "structure": {
        "detected_dbs": {
            "num": 1,
            "services": [
                "mongodb"
            ],
            "shared_dbs": false,
            "names": [
                "mongo"
            ]
        },
        "num_services": 2,
        "path": "/docker-compose.yml",
        "services": [
            {
                "depends_on": [],
                "discos": [],
                "servers": [],
                "buses": [],
                "name": "mongodb",
                "image_full": "mongo:3",
                "dbs": [
                    "mongo"
                ],
                "gates": [],
                "monitors": [],
                "image": "mongo"
            },
            {
                "depends_on": [
                    "mongodb"
                ],
                "discos": [],
                "servers": [],
                "buses": [],
                "name": "webprotege",
                "image_full": "skyplabs/webprotege",
                "dbs": [],
                "gates": [],
                "monitors": [],
                "image": "skyplabs/webprotege"
            }
        ]
    },
    "dockers": [
        {
            "from_full": "tomcat:8-alpine",
            "servers": [
                "tomcat"
            ],
            "buses": [],
            "dbs": [],
            "cmd": "catalina.sh run",
            "langs": [
                "java"
            ],
            "from": "tomcat",
            "monitors": [],
            "discos": [],
            "path": "/Dockerfile",
            "cmd_keywords": [
                "run",
                "catalina"
            ],
            "gates": [],
            "keywords": [
                "webprotege",
                "war",
                "mkdir",
                "dir",
                "version"
            ]
        }
    ],
    "num_files": 2,
    "num_gates": 0,
    "num_dbs": 1,
    "langs": [
        "dockerfile",
        "java"
    ],
    "images": [
        "tomcat"
    ],
    "num_buses": 0,
    "num_servers": 1
}