{
    "discos": [],
    "avg_size_service": 302.0,
    "buses": [],
    "num_gates": 0,
    "name": "slightlytyler/docker-ui-demo",
    "structure": {
        "path": [],
        "services": [],
        "detected_dbs": {
            "names": [],
            "num": 0,
            "shared_dbs": false,
            "services": []
        },
        "num_services": 0
    },
    "dbs": [],
    "dockers": [
        {
            "langs": [
                "scratch"
            ],
            "cmd_keywords": [],
            "from_full": "scratch",
            "buses": [],
            "monitors": [],
            "from": "scratch",
            "keywords": [
                "yarn",
                "install",
                "build"
            ],
            "gates": [],
            "path": "/Dockerfile",
            "dbs": [],
            "discos": [],
            "cmd": "",
            "servers": []
        }
    ],
    "gates": [],
    "size": 302,
    "num_monitors": 0,
    "images": [
        "scratch"
    ],
    "num_buses": 0,
    "num_services": 0,
    "servers": [
        "node"
    ],
    "shared_dbs": false,
    "monitors": [],
    "num_discos": 0,
    "languages": [
        "javascript",
        "makefile",
        "dockerfile"
    ],
    "url": "git://github.com/slightlytyler/docker-ui-demo.git",
    "langs": [
        "dockerfile",
        "scratch",
        "makefile",
        "javascript"
    ],
    "num_dbs": 0,
    "num_servers": 1,
    "num_langs": 4,
    "files": [
        {
            "path": "/package.json",
            "dbs": [],
            "discos": [],
            "servers": [
                "node"
            ],
            "buses": [],
            "monitors": [],
            "gates": []
        }
    ],
    "num_dockers": 1,
    "num_files": 3
}