{
    "dbs": [
        "mongo"
    ],
    "name": "smijar/discostack",
    "num_langs": 3,
    "languages": [
        "html",
        "shell",
        "java"
    ],
    "shared_dbs": true,
    "servers": [
        "spring"
    ],
    "langs": [
        "html",
        "shell",
        "java"
    ],
    "dockers": [
        {
            "buses": [],
            "dbs": [],
            "servers": [],
            "monitors": [],
            "cmd_keywords": [
                "jar",
                "urandom",
                "egd",
                "security",
                "java"
            ],
            "discos": [],
            "cmd": "java -Djava.security.egd=file:/dev/./urandom -jar /app.jar",
            "path": "/personsvc/Dockerfile",
            "from_full": "jeanblanchard/java:jre-8",
            "gates": [],
            "from": "jeanblanchard/java",
            "langs": [
                "java"
            ],
            "keywords": [
                "apk",
                "var",
                "update",
                "bash",
                "cache"
            ]
        },
        {
            "buses": [],
            "dbs": [],
            "servers": [],
            "monitors": [],
            "cmd_keywords": [
                "jar",
                "urandom",
                "egd",
                "security",
                "java"
            ],
            "discos": [],
            "cmd": "java -Djava.security.egd=file:/dev/./urandom -jar /app.jar",
            "path": "/personsvc/build/docker/Dockerfile",
            "from_full": "jeanblanchard/java:jre-8",
            "gates": [],
            "from": "jeanblanchard/java",
            "langs": [
                "java"
            ],
            "keywords": [
                "apk",
                "var",
                "update",
                "bash",
                "cache"
            ]
        },
        {
            "buses": [],
            "dbs": [],
            "servers": [],
            "monitors": [],
            "cmd_keywords": [
                "jar",
                "urandom",
                "egd",
                "security",
                "java"
            ],
            "discos": [],
            "cmd": "java -Djava.security.egd=file:/dev/./urandom -jar /app.jar",
            "path": "/productsvc/Dockerfile",
            "from_full": "jeanblanchard/java:jre-8",
            "gates": [],
            "from": "jeanblanchard/java",
            "langs": [
                "java"
            ],
            "keywords": [
                "apk",
                "var",
                "update",
                "bash",
                "cache"
            ]
        },
        {
            "buses": [],
            "dbs": [],
            "servers": [],
            "monitors": [],
            "cmd_keywords": [
                "jar",
                "urandom",
                "egd",
                "security",
                "java"
            ],
            "discos": [],
            "cmd": "java -Djava.security.egd=file:/dev/./urandom -jar /app.jar",
            "path": "/productsvc/build/docker/Dockerfile",
            "from_full": "jeanblanchard/java:jre-8",
            "gates": [],
            "from": "jeanblanchard/java",
            "langs": [
                "java"
            ],
            "keywords": [
                "apk",
                "var",
                "update",
                "bash",
                "cache"
            ]
        }
    ],
    "gates": [],
    "size": 737,
    "num_dockers": 4,
    "num_discos": 0,
    "num_buses": 0,
    "buses": [],
    "images": [
        "jeanblanchard/java"
    ],
    "num_servers": 1,
    "num_services": 3,
    "monitors": [],
    "structure": {
        "services": [
            {
                "buses": [],
                "image": "sparquelabs/person-svc",
                "dbs": [],
                "gates": [],
                "image_full": "sparquelabs/person-svc:0.1.0",
                "monitors": [],
                "name": "person-svc",
                "discos": [],
                "servers": [],
                "depends_on": [
                    "mongo-svc"
                ]
            },
            {
                "buses": [],
                "image": "mongo",
                "dbs": [
                    "mongo"
                ],
                "gates": [],
                "image_full": "mongo:4.0",
                "monitors": [],
                "name": "mongo-svc",
                "discos": [],
                "servers": [],
                "depends_on": []
            },
            {
                "buses": [],
                "image": "sparquelabs/product-svc",
                "dbs": [],
                "gates": [],
                "image_full": "sparquelabs/product-svc:0.1.0",
                "monitors": [],
                "name": "product-svc",
                "discos": [],
                "servers": [],
                "depends_on": [
                    "mongo-svc"
                ]
            }
        ],
        "num_services": 3,
        "detected_dbs": {
            "num": 1,
            "shared_dbs": true,
            "names": [
                "mongo"
            ],
            "services": [
                "mongo-svc"
            ]
        },
        "path": "/docker-compose.yml"
    },
    "discos": [],
    "num_files": 9,
    "num_dbs": 1,
    "num_monitors": 0,
    "num_gates": 0,
    "url": "git://github.com/smijar/discostack.git",
    "avg_size_service": 184.25,
    "files": [
        {
            "buses": [],
            "dbs": [
                "mongodb"
            ],
            "gates": [],
            "monitors": [],
            "discos": [],
            "servers": [
                "spring"
            ],
            "path": "/personsvc/build.gradle"
        },
        {
            "buses": [],
            "dbs": [
                "mongodb"
            ],
            "gates": [],
            "monitors": [],
            "discos": [],
            "servers": [
                "spring"
            ],
            "path": "/productsvc/build.gradle"
        },
        {
            "buses": [],
            "dbs": [],
            "gates": [],
            "monitors": [],
            "discos": [],
            "servers": [
                "spring"
            ],
            "path": "/personsvc/pom.xml"
        },
        {
            "buses": [],
            "dbs": [],
            "gates": [],
            "monitors": [],
            "discos": [],
            "servers": [
                "spring"
            ],
            "path": "/productsvc/pom.xml"
        }
    ]
}