{
    "servers": [
        "node"
    ],
    "num_monitors": 0,
    "num_gates": 0,
    "num_dbs": 0,
    "num_services": 1,
    "num_langs": 1,
    "shared_dbs": false,
    "num_servers": 1,
    "avg_size_service": 3.0,
    "files": [],
    "size": 3,
    "num_buses": 0,
    "buses": [],
    "num_discos": 0,
    "languages": [
        "dockerfile"
    ],
    "discos": [],
    "num_dockers": 1,
    "dbs": [],
    "num_files": 2,
    "gates": [],
    "images": [
        "node"
    ],
    "url": "git://github.com/smolinari/quasar-docker.git",
    "monitors": [],
    "name": "smolinari/quasar-docker",
    "dockers": [
        {
            "cmd": "/bin/sh",
            "servers": [
                "node"
            ],
            "cmd_keywords": [
                "bin"
            ],
            "gates": [],
            "from": "node",
            "from_full": "node:alpine",
            "monitors": [],
            "path": "/Dockerfile",
            "langs": [],
            "buses": [],
            "keywords": [
                "install",
                "cli",
                "npm",
                "vue",
                "init"
            ],
            "discos": [],
            "dbs": []
        }
    ],
    "langs": [
        "dockerfile"
    ],
    "structure": {
        "path": "/docker-compose.yml",
        "detected_dbs": {
            "names": [],
            "services": [],
            "shared_dbs": false,
            "num": 0
        },
        "services": [
            {
                "dbs": [],
                "image_full": ".",
                "name": "frontend",
                "monitors": [],
                "depends_on": [],
                "buses": [],
                "gates": [],
                "servers": [],
                "discos": [],
                "image": "."
            }
        ],
        "num_services": 1
    }
}