{
    "avg_size_service": 1682.0,
    "buses": [],
    "num_dbs": 0,
    "files": [
        {
            "path": "/requirements.txt",
            "servers": [
                "flask"
            ],
            "dbs": [],
            "monitors": [],
            "buses": [],
            "discos": [],
            "gates": []
        }
    ],
    "num_dockers": 1,
    "num_langs": 3,
    "num_servers": 1,
    "num_buses": 0,
    "num_discos": 0,
    "gates": [],
    "images": [
        "python"
    ],
    "size": 1682,
    "structure": {
        "path": [],
        "num_services": 0,
        "services": [],
        "detected_dbs": {
            "shared_dbs": false,
            "num": 0,
            "names": [],
            "services": []
        }
    },
    "num_files": 3,
    "servers": [
        "flask"
    ],
    "url": "git://github.com/sourabhgupta385/operationalize-ml-microservice-api.git",
    "dbs": [],
    "monitors": [],
    "dockers": [
        {
            "from_full": "python:3.7.3-stretch",
            "buses": [],
            "dbs": [],
            "monitors": [],
            "gates": [],
            "path": "/Dockerfile",
            "from": "python",
            "cmd": "python app.py",
            "cmd_keywords": [
                "python",
                "app"
            ],
            "servers": [],
            "keywords": [
                "pip",
                "install",
                "requirements",
                "host",
                "org"
            ],
            "discos": [],
            "langs": [
                "python"
            ]
        }
    ],
    "languages": [
        "python",
        "shell",
        "makefile"
    ],
    "num_services": 0,
    "num_gates": 0,
    "name": "sourabhgupta385/operationalize-ml-microservice-api",
    "shared_dbs": false,
    "langs": [
        "makefile",
        "python",
        "shell"
    ],
    "discos": [],
    "num_monitors": 0
}