{
    "discos": [],
    "avg_size_service": 4.0,
    "buses": [],
    "num_gates": 0,
    "name": "sphereio/docker-predictionio",
    "structure": {
        "path": [],
        "services": [],
        "detected_dbs": {
            "names": [],
            "num": 0,
            "shared_dbs": false,
            "services": []
        },
        "num_services": 0
    },
    "dbs": [
        "hbase"
    ],
    "dockers": [
        {
            "langs": [
                "python"
            ],
            "cmd_keywords": [],
            "from_full": "ubuntu",
            "buses": [],
            "monitors": [],
            "from": "ubuntu",
            "keywords": [
                "version",
                "hbase",
                "elasticsearch",
                "pio",
                "tar"
            ],
            "gates": [],
            "path": "/Dockerfile",
            "dbs": [
                "hbase"
            ],
            "discos": [],
            "cmd": "",
            "servers": []
        }
    ],
    "gates": [],
    "size": 4,
    "num_monitors": 0,
    "images": [
        "ubuntu"
    ],
    "num_buses": 0,
    "num_services": 0,
    "servers": [],
    "shared_dbs": false,
    "monitors": [],
    "num_discos": 0,
    "languages": [
        "dockerfile",
        "shell"
    ],
    "url": "git://github.com/sphereio/docker-predictionio.git",
    "langs": [
        "dockerfile",
        "python",
        "shell"
    ],
    "num_dbs": 1,
    "num_servers": 0,
    "num_langs": 3,
    "files": [],
    "num_dockers": 1,
    "num_files": 2
}