{
    "num_files": 196,
    "num_services": 13,
    "num_discos": 0,
    "gates": [
        "zuul"
    ],
    "languages": [
        "javascript"
    ],
    "num_dbs": 3,
    "dbs": [
        "mongo",
        "redis",
        "max"
    ],
    "num_monitors": 0,
    "structure": {
        "detected_dbs": {
            "shared_dbs": true,
            "num": 2,
            "services": [
                "redis",
                "mongo"
            ],
            "names": [
                "mongo",
                "redis"
            ]
        },
        "num_services": 13,
        "services": [
            {
                "image_full": "boilerplate/alltopics",
                "image": "boilerplate/alltopics",
                "dbs": [],
                "monitors": [],
                "depends_on": [
                    "microservice-mesh-base",
                    "mongo"
                ],
                "discos": [],
                "servers": [],
                "buses": [],
                "gates": [],
                "name": "microservice-alltopics"
            },
            {
                "image_full": "boilerplate/profile",
                "image": "boilerplate/profile",
                "dbs": [],
                "monitors": [],
                "depends_on": [
                    "microservice-mesh-base"
                ],
                "discos": [],
                "servers": [],
                "buses": [],
                "gates": [],
                "name": "microservice-profile"
            },
            {
                "image_full": "boilerplate/mesh-base",
                "image": "boilerplate/mesh-base",
                "dbs": [],
                "monitors": [],
                "depends_on": [],
                "discos": [],
                "servers": [],
                "buses": [],
                "gates": [],
                "name": "microservice-mesh-base"
            },
            {
                "image_full": "smebberson/alpine-redis",
                "image": "smebberson/alpine-redis",
                "dbs": [
                    "redis"
                ],
                "monitors": [],
                "depends_on": [],
                "discos": [],
                "servers": [],
                "buses": [],
                "gates": [],
                "name": "redis"
            },
            {
                "image_full": "boilerplate/badges",
                "image": "boilerplate/badges",
                "dbs": [],
                "monitors": [],
                "depends_on": [
                    "microservice-mesh-base"
                ],
                "discos": [],
                "servers": [],
                "buses": [],
                "gates": [],
                "name": "microservice-badges"
            },
            {
                "image_full": "boilerplate/http-server",
                "image": "boilerplate/http-server",
                "dbs": [],
                "monitors": [],
                "depends_on": [
                    "microservice-mesh-base"
                ],
                "discos": [],
                "servers": [],
                "buses": [],
                "gates": [],
                "name": "http-server0"
            },
            {
                "image_full": "mongo",
                "image": "mongo",
                "dbs": [
                    "mongo"
                ],
                "monitors": [],
                "depends_on": [],
                "discos": [],
                "servers": [],
                "buses": [],
                "gates": [],
                "name": "mongo"
            },
            {
                "image_full": "quizart/gameplay",
                "image": "quizart/gameplay",
                "dbs": [],
                "monitors": [],
                "depends_on": [
                    "microservice-mesh-base"
                ],
                "discos": [],
                "servers": [],
                "buses": [],
                "gates": [],
                "name": "microservice-gameplay"
            },
            {
                "image_full": "boilerplate/lobby-operations",
                "image": "boilerplate/lobby-operations",
                "dbs": [],
                "monitors": [],
                "depends_on": [
                    "microservice-mesh-base"
                ],
                "discos": [],
                "servers": [],
                "buses": [],
                "gates": [],
                "name": "microservice-lobby"
            },
            {
                "image_full": "boilerplate/accounts",
                "image": "boilerplate/accounts",
                "dbs": [],
                "monitors": [],
                "depends_on": [
                    "microservice-mesh-base"
                ],
                "discos": [],
                "servers": [],
                "buses": [],
                "gates": [],
                "name": "microservice-accounts"
            },
            {
                "image_full": "boilerplate/microservice-analytics",
                "image": "boilerplate/microservice-analytics",
                "dbs": [],
                "monitors": [],
                "depends_on": [
                    "microservice-mesh-base",
                    "mongo"
                ],
                "discos": [],
                "servers": [],
                "buses": [],
                "gates": [],
                "name": "microservice-analytics"
            },
            {
                "image_full": "boilerplate/jwt",
                "image": "boilerplate/jwt",
                "dbs": [],
                "monitors": [],
                "depends_on": [
                    "microservice-mesh-base"
                ],
                "discos": [],
                "servers": [],
                "buses": [],
                "gates": [],
                "name": "microservice-jwt"
            },
            {
                "image_full": "boilerplate/notification",
                "image": "boilerplate/notification",
                "dbs": [],
                "monitors": [],
                "depends_on": [
                    "microservice-mesh-base"
                ],
                "discos": [],
                "servers": [],
                "buses": [],
                "gates": [],
                "name": "microservice-notification"
            }
        ],
        "path": "/quizart-analytics-dev/docker-compose.yml"
    },
    "discos": [],
    "url": "git://github.com/spsingh559/Demo.git",
    "num_buses": 0,
    "files": [
        {
            "servers": [
                "express"
            ],
            "dbs": [],
            "discos": [],
            "buses": [],
            "gates": [],
            "monitors": [],
            "path": "/NotificationApp/package.json"
        },
        {
            "servers": [
                "express",
                "node"
            ],
            "dbs": [],
            "discos": [],
            "buses": [],
            "gates": [],
            "monitors": [],
            "path": "/NotificationApp/public/bower_components/react-router/package.json"
        },
        {
            "servers": [
                "node"
            ],
            "dbs": [],
            "discos": [],
            "buses": [],
            "gates": [],
            "monitors": [],
            "path": "/NotificationApp/public/bower_components/bootstrap/package.json"
        },
        {
            "servers": [
                "node"
            ],
            "dbs": [
                "redis"
            ],
            "discos": [],
            "buses": [],
            "gates": [],
            "monitors": [],
            "path": "/quizart-analytics-dev/chatservice/package.json"
        },
        {
            "servers": [
                "node"
            ],
            "dbs": [
                "mongo"
            ],
            "discos": [],
            "buses": [],
            "gates": [],
            "monitors": [],
            "path": "/quizart-analytics-dev/microservices/likesTopic/package.json"
        },
        {
            "servers": [
                "node"
            ],
            "dbs": [
                "mongo"
            ],
            "discos": [],
            "buses": [],
            "gates": [],
            "monitors": [],
            "path": "/quizart-analytics-dev/microservices/allTopics/package.json"
        },
        {
            "servers": [
                "mongoose",
                "node"
            ],
            "dbs": [
                "mongodb"
            ],
            "discos": [],
            "buses": [],
            "gates": [],
            "monitors": [],
            "path": "/quizart-analytics-dev/microservices/microservice-topic/package.json"
        },
        {
            "servers": [
                "node"
            ],
            "dbs": [
                "mongo"
            ],
            "discos": [],
            "buses": [],
            "gates": [],
            "monitors": [],
            "path": "/quizart-analytics-dev/microservices/myFavTopics/package.json"
        },
        {
            "servers": [
                "node"
            ],
            "dbs": [
                "mongo"
            ],
            "discos": [],
            "buses": [],
            "gates": [],
            "monitors": [],
            "path": "/quizart-analytics-dev/microservices/randomQuestion/package.json"
        },
        {
            "servers": [
                "node"
            ],
            "dbs": [],
            "discos": [],
            "buses": [],
            "gates": [],
            "monitors": [],
            "path": "/quizart-analytics-dev/microservices/microservice-mesh-base/package.json"
        },
        {
            "servers": [
                "mongoose",
                "node"
            ],
            "dbs": [
                "mongodb"
            ],
            "discos": [],
            "buses": [],
            "gates": [],
            "monitors": [],
            "path": "/quizart-analytics-dev/microservices/microservice-leaderboard/package.json"
        },
        {
            "servers": [
                "mongoose",
                "node"
            ],
            "dbs": [
                "mongodb"
            ],
            "discos": [],
            "buses": [],
            "gates": [],
            "monitors": [],
            "path": "/quizart-analytics-dev/microservices/microservice-chatrooms/package.json"
        },
        {
            "servers": [
                "node"
            ],
            "dbs": [],
            "discos": [],
            "buses": [],
            "gates": [],
            "monitors": [],
            "path": "/quizart-analytics-dev/microservices/microservice-lobby/package.json"
        },
        {
            "servers": [
                "mongoose",
                "node"
            ],
            "dbs": [
                "mongodb"
            ],
            "discos": [],
            "buses": [],
            "gates": [],
            "monitors": [],
            "path": "/quizart-analytics-dev/microservices/microservice-analytics/package.json"
        },
        {
            "servers": [
                "mongoose",
                "node"
            ],
            "dbs": [
                "mongodb"
            ],
            "discos": [],
            "buses": [],
            "gates": [],
            "monitors": [],
            "path": "/quizart-analytics-dev/microservices/microservice-friend/package.json"
        },
        {
            "servers": [
                "mongoose",
                "node"
            ],
            "dbs": [
                "mongodb"
            ],
            "discos": [],
            "buses": [],
            "gates": [],
            "monitors": [],
            "path": "/quizart-analytics-dev/microservices/microservice-profile/package.json"
        },
        {
            "servers": [
                "mongoose",
                "node"
            ],
            "dbs": [],
            "discos": [],
            "buses": [],
            "gates": [],
            "monitors": [],
            "path": "/quizart-analytics-dev/microservices/microservice-notification/package.json"
        },
        {
            "servers": [
                "mongoose",
                "node"
            ],
            "dbs": [
                "mongodb",
                "redis"
            ],
            "discos": [],
            "buses": [],
            "gates": [],
            "monitors": [],
            "path": "/quizart-analytics-dev/microservices/microservice-timeline/package.json"
        },
        {
            "servers": [
                "mongoose",
                "node"
            ],
            "dbs": [],
            "discos": [],
            "buses": [],
            "gates": [],
            "monitors": [],
            "path": "/quizart-analytics-dev/microservices/microservice-analytics1/package.json"
        },
        {
            "servers": [
                "mongoose",
                "node"
            ],
            "dbs": [],
            "discos": [],
            "buses": [],
            "gates": [],
            "monitors": [],
            "path": "/quizart-analytics-dev/microservices/microservice-badges/package.json"
        },
        {
            "servers": [
                "node"
            ],
            "dbs": [],
            "discos": [],
            "buses": [],
            "gates": [],
            "monitors": [],
            "path": "/quizart-analytics-dev/microservices/microservice-jwt/package.json"
        },
        {
            "servers": [
                "node"
            ],
            "dbs": [
                "mongo"
            ],
            "discos": [],
            "buses": [],
            "gates": [],
            "monitors": [],
            "path": "/quizart-analytics-dev/microservices/tournamentSection/package.json"
        },
        {
            "servers": [
                "mongoose",
                "node"
            ],
            "dbs": [
                "redis"
            ],
            "discos": [],
            "buses": [],
            "gates": [],
            "monitors": [],
            "path": "/quizart-analytics-dev/microservices/microservice-gameplay/package.json"
        },
        {
            "servers": [
                "mongoose",
                "node"
            ],
            "dbs": [
                "mongodb"
            ],
            "discos": [],
            "buses": [],
            "gates": [],
            "monitors": [],
            "path": "/quizart-analytics-dev/microservices/microservice-accounts/package.json"
        },
        {
            "servers": [
                "mongoose",
                "node"
            ],
            "dbs": [
                "mongodb"
            ],
            "discos": [],
            "buses": [],
            "gates": [],
            "monitors": [],
            "path": "/quizart-analytics-dev/microservices/microservice-tournaments/package.json"
        },
        {
            "servers": [
                "node"
            ],
            "dbs": [
                "mongo"
            ],
            "discos": [],
            "buses": [],
            "gates": [],
            "monitors": [],
            "path": "/quizart-analytics-dev/microservices/allTournaments/package.json"
        },
        {
            "servers": [
                "node"
            ],
            "dbs": [
                "mongo"
            ],
            "discos": [],
            "buses": [],
            "gates": [],
            "monitors": [],
            "path": "/quizart-analytics-dev/microservices/delLikedTopic/package.json"
        },
        {
            "servers": [
                "express",
                "node"
            ],
            "dbs": [
                "redis"
            ],
            "discos": [],
            "buses": [],
            "gates": [],
            "monitors": [],
            "path": "/quizart-analytics-dev/microservices/http-server/package.json"
        },
        {
            "servers": [
                "node"
            ],
            "dbs": [],
            "discos": [],
            "buses": [],
            "gates": [
                "zuul"
            ],
            "monitors": [],
            "path": "/quizart-analytics-dev/microservices/http-server/common-ui/bower_components/socket.io/package.json"
        },
        {
            "servers": [
                "express"
            ],
            "dbs": [],
            "discos": [],
            "buses": [],
            "gates": [],
            "monitors": [],
            "path": "/quizart-analytics-dev/microservices/http-server/common-ui/bower_components/socket.io/examples/chat/package.json"
        },
        {
            "servers": [],
            "dbs": [],
            "discos": [],
            "buses": [],
            "gates": [],
            "monitors": [],
            "path": "/quizart-analytics-dev/microservices/http-server/common-ui/bower_components/flexboxgrid/package.json"
        },
        {
            "servers": [],
            "dbs": [],
            "discos": [],
            "buses": [],
            "gates": [],
            "monitors": [],
            "path": "/quizart-analytics-dev/microservices/http-server/common-ui/bower_components/roboto-and-material-icons-fonts/package.json"
        },
        {
            "servers": [],
            "dbs": [],
            "discos": [],
            "buses": [],
            "gates": [
                "zuul"
            ],
            "monitors": [],
            "path": "/quizart-analytics-dev/microservices/http-server/common-ui/bower_components/socket.io-client/package.json"
        },
        {
            "servers": [],
            "dbs": [
                "redis"
            ],
            "discos": [],
            "buses": [],
            "gates": [],
            "monitors": [],
            "path": "/quizart-analytics-dev/microservices/http-server/rest-server/package.json"
        },
        {
            "servers": [],
            "dbs": [],
            "discos": [],
            "buses": [],
            "gates": [],
            "monitors": [],
            "path": "/Notification-master/project/package.json"
        },
        {
            "servers": [
                "express",
                "node"
            ],
            "dbs": [],
            "discos": [],
            "buses": [],
            "gates": [],
            "monitors": [],
            "path": "/Notification-master/project/public/bower_components/react-router/package.json"
        },
        {
            "servers": [
                "node"
            ],
            "dbs": [],
            "discos": [],
            "buses": [],
            "gates": [],
            "monitors": [],
            "path": "/Notification-master/project/public/bower_components/bootstrap/package.json"
        },
        {
            "servers": [],
            "dbs": [],
            "discos": [],
            "buses": [],
            "gates": [],
            "monitors": [],
            "path": "/ReactFacebookApp/package.json"
        },
        {
            "servers": [
                "node"
            ],
            "dbs": [],
            "discos": [],
            "buses": [],
            "gates": [],
            "monitors": [],
            "path": "/ReactFacebookApp/public/dependency/bootstrap/package.json"
        },
        {
            "servers": [],
            "dbs": [],
            "discos": [],
            "buses": [],
            "gates": [],
            "monitors": [],
            "path": "/ReactOmdbApi/package.json"
        },
        {
            "servers": [
                "node"
            ],
            "dbs": [],
            "discos": [],
            "buses": [],
            "gates": [],
            "monitors": [],
            "path": "/ReactOmdbApi/bower_components/bootstrap/package.json"
        },
        {
            "servers": [
                "node"
            ],
            "dbs": [],
            "discos": [],
            "buses": [],
            "gates": [],
            "monitors": [],
            "path": "/ReactOmdbApi/node_modules/babel-messages/package.json"
        },
        {
            "servers": [
                "node"
            ],
            "dbs": [],
            "discos": [],
            "buses": [],
            "gates": [],
            "monitors": [],
            "path": "/ReactOmdbApi/node_modules/concat-map/package.json"
        },
        {
            "servers": [
                "node"
            ],
            "dbs": [],
            "discos": [],
            "buses": [],
            "gates": [],
            "monitors": [],
            "path": "/ReactOmdbApi/node_modules/babel-plugin-transform-es2015-classes/package.json"
        },
        {
            "servers": [
                "node"
            ],
            "dbs": [],
            "discos": [],
            "buses": [],
            "gates": [],
            "monitors": [],
            "path": "/ReactOmdbApi/node_modules/babel-plugin-transform-react-jsx/package.json"
        },
        {
            "servers": [
                "node"
            ],
            "dbs": [],
            "discos": [],
            "buses": [],
            "gates": [],
            "monitors": [],
            "path": "/ReactOmdbApi/node_modules/babel-plugin-transform-es2015-spread/package.json"
        },
        {
            "servers": [
                "node"
            ],
            "dbs": [],
            "discos": [],
            "buses": [],
            "gates": [],
            "monitors": [],
            "path": "/ReactOmdbApi/node_modules/babel-plugin-transform-es2015-computed-properties/package.json"
        },
        {
            "servers": [
                "node"
            ],
            "dbs": [],
            "discos": [],
            "buses": [],
            "gates": [],
            "monitors": [],
            "path": "/ReactOmdbApi/node_modules/os-tmpdir/package.json"
        },
        {
            "servers": [
                "node"
            ],
            "dbs": [],
            "discos": [],
            "buses": [],
            "gates": [],
            "monitors": [],
            "path": "/ReactOmdbApi/node_modules/babel-plugin-transform-async-to-generator/package.json"
        },
        {
            "servers": [
                "node"
            ],
            "dbs": [],
            "discos": [],
            "buses": [],
            "gates": [],
            "monitors": [],
            "path": "/ReactOmdbApi/node_modules/babel-plugin-syntax-decorators/package.json"
        },
        {
            "servers": [
                "node"
            ],
            "dbs": [],
            "discos": [],
            "buses": [],
            "gates": [],
            "monitors": [],
            "path": "/ReactOmdbApi/node_modules/babel-helper-get-function-arity/package.json"
        },
        {
            "servers": [
                "node"
            ],
            "dbs": [],
            "discos": [],
            "buses": [],
            "gates": [],
            "monitors": [],
            "path": "/ReactOmdbApi/node_modules/regenerator-runtime/package.json"
        },
        {
            "servers": [
                "node"
            ],
            "dbs": [],
            "discos": [],
            "buses": [],
            "gates": [],
            "monitors": [],
            "path": "/ReactOmdbApi/node_modules/to-fast-properties/package.json"
        },
        {
            "servers": [
                "node"
            ],
            "dbs": [],
            "discos": [],
            "buses": [],
            "gates": [],
            "monitors": [],
            "path": "/ReactOmdbApi/node_modules/babel-preset-stage-3/package.json"
        },
        {
            "servers": [
                "node"
            ],
            "dbs": [],
            "discos": [],
            "buses": [],
            "gates": [],
            "monitors": [],
            "path": "/ReactOmdbApi/node_modules/babel-plugin-transform-strict-mode/package.json"
        },
        {
            "servers": [
                "node"
            ],
            "dbs": [],
            "discos": [],
            "buses": [],
            "gates": [],
            "monitors": [],
            "path": "/ReactOmdbApi/node_modules/minimist/package.json"
        },
        {
            "servers": [
                "node"
            ],
            "dbs": [],
            "discos": [],
            "buses": [],
            "gates": [],
            "monitors": [],
            "path": "/ReactOmdbApi/node_modules/user-home/package.json"
        },
        {
            "servers": [],
            "dbs": [],
            "discos": [],
            "buses": [],
            "gates": [],
            "monitors": [],
            "path": "/ReactOmdbApi/node_modules/babel-core/package.json"
        },
        {
            "servers": [
                "node"
            ],
            "dbs": [],
            "discos": [],
            "buses": [],
            "gates": [],
            "monitors": [],
            "path": "/ReactOmdbApi/node_modules/big.js/package.json"
        },
        {
            "servers": [
                "node"
            ],
            "dbs": [],
            "discos": [],
            "buses": [],
            "gates": [],
            "monitors": [],
            "path": "/ReactOmdbApi/node_modules/babel-plugin-transform-es2015-shorthand-properties/package.json"
        },
        {
            "servers": [
                "node"
            ],
            "dbs": [],
            "discos": [],
            "buses": [],
            "gates": [],
            "monitors": [],
            "path": "/ReactOmdbApi/node_modules/babel-plugin-transform-exponentiation-operator/package.json"
        },
        {
            "servers": [
                "node"
            ],
            "dbs": [],
            "discos": [],
            "buses": [],
            "gates": [],
            "monitors": [],
            "path": "/ReactOmdbApi/node_modules/babel-plugin-transform-react-jsx-source/package.json"
        },
        {
            "servers": [
                "node"
            ],
            "dbs": [],
            "discos": [],
            "buses": [],
            "gates": [],
            "monitors": [],
            "path": "/ReactOmdbApi/node_modules/babel-template/package.json"
        },
        {
            "servers": [
                "node"
            ],
            "dbs": [],
            "discos": [],
            "buses": [],
            "gates": [],
            "monitors": [],
            "path": "/ReactOmdbApi/node_modules/babel-helper-hoist-variables/package.json"
        },
        {
            "servers": [
                "node"
            ],
            "dbs": [],
            "discos": [],
            "buses": [],
            "gates": [],
            "monitors": [],
            "path": "/ReactOmdbApi/node_modules/babel-plugin-transform-es2015-template-literals/package.json"
        },
        {
            "servers": [
                "node"
            ],
            "dbs": [],
            "discos": [],
            "buses": [],
            "gates": [],
            "monitors": [],
            "path": "/ReactOmdbApi/node_modules/babel-plugin-transform-es2015-duplicate-keys/package.json"
        },
        {
            "servers": [
                "node"
            ],
            "dbs": [],
            "discos": [],
            "buses": [],
            "gates": [],
            "monitors": [],
            "path": "/ReactOmdbApi/node_modules/number-is-nan/package.json"
        },
        {
            "servers": [
                "node"
            ],
            "dbs": [],
            "discos": [],
            "buses": [],
            "gates": [],
            "monitors": [],
            "path": "/ReactOmdbApi/node_modules/babel-plugin-syntax-async-functions/package.json"
        },
        {
            "servers": [
                "node"
            ],
            "dbs": [],
            "discos": [],
            "buses": [],
            "gates": [],
            "monitors": [],
            "path": "/ReactOmdbApi/node_modules/regenerate/package.json"
        },
        {
            "path": "/ReactOmdbApi/node_modules/babylon/package.json"
        },
        {
            "servers": [
                "node"
            ],
            "dbs": [],
            "discos": [],
            "buses": [],
            "gates": [],
            "monitors": [],
            "path": "/ReactOmdbApi/node_modules/babel-helper-explode-class/package.json"
        },
        {
            "servers": [
                "node"
            ],
            "dbs": [],
            "discos": [],
            "buses": [],
            "gates": [],
            "monitors": [],
            "path": "/ReactOmdbApi/node_modules/invariant/package.json"
        },
        {
            "servers": [
                "node"
            ],
            "dbs": [],
            "discos": [],
            "buses": [],
            "gates": [],
            "monitors": [],
            "path": "/ReactOmdbApi/node_modules/babel-helper-define-map/package.json"
        },
        {
            "servers": [
                "node"
            ],
            "dbs": [],
            "discos": [],
            "buses": [],
            "gates": [],
            "monitors": [],
            "path": "/ReactOmdbApi/node_modules/babel-plugin-transform-react-display-name/package.json"
        },
        {
            "servers": [
                "node"
            ],
            "dbs": [],
            "discos": [],
            "buses": [],
            "gates": [],
            "monitors": [],
            "path": "/ReactOmdbApi/node_modules/babel-helper-bindify-decorators/package.json"
        },
        {
            "servers": [
                "node"
            ],
            "dbs": [],
            "discos": [],
            "buses": [],
            "gates": [],
            "monitors": [],
            "path": "/ReactOmdbApi/node_modules/balanced-match/package.json"
        },
        {
            "servers": [
                "node"
            ],
            "dbs": [],
            "discos": [],
            "buses": [],
            "gates": [],
            "monitors": [],
            "path": "/ReactOmdbApi/node_modules/babel-plugin-transform-decorators/package.json"
        },
        {
            "servers": [
                "node"
            ],
            "dbs": [],
            "discos": [],
            "buses": [],
            "gates": [],
            "monitors": [],
            "path": "/ReactOmdbApi/node_modules/babel-plugin-syntax-exponentiation-operator/package.json"
        },
        {
            "servers": [
                "node"
            ],
            "dbs": [],
            "discos": [],
            "buses": [],
            "gates": [],
            "monitors": [],
            "path": "/ReactOmdbApi/node_modules/babel-plugin-syntax-class-properties/package.json"
        },
        {
            "servers": [
                "node"
            ],
            "dbs": [],
            "discos": [],
            "buses": [],
            "gates": [],
            "monitors": [],
            "path": "/ReactOmdbApi/node_modules/babel-helper-remap-async-to-generator/package.json"
        },
        {
            "servers": [
                "node"
            ],
            "dbs": [],
            "discos": [],
            "buses": [],
            "gates": [],
            "monitors": [],
            "path": "/ReactOmdbApi/node_modules/babel-plugin-transform-es2015-parameters/package.json"
        },
        {
            "path": "/ReactOmdbApi/node_modules/regjsgen/package.json"
        },
        {
            "servers": [
                "node"
            ],
            "dbs": [],
            "discos": [],
            "buses": [],
            "gates": [],
            "monitors": [],
            "path": "/ReactOmdbApi/node_modules/ansi-regex/package.json"
        },
        {
            "servers": [
                "node"
            ],
            "dbs": [],
            "discos": [],
            "buses": [],
            "gates": [],
            "monitors": [],
            "path": "/ReactOmdbApi/node_modules/slash/package.json"
        },
        {
            "servers": [
                "node"
            ],
            "dbs": [],
            "discos": [],
            "buses": [],
            "gates": [],
            "monitors": [],
            "path": "/ReactOmdbApi/node_modules/babel-plugin-transform-class-properties/package.json"
        },
        {
            "servers": [
                "node"
            ],
            "dbs": [],
            "discos": [],
            "buses": [],
            "gates": [],
            "monitors": [],
            "path": "/ReactOmdbApi/node_modules/babel-plugin-transform-es2015-arrow-functions/package.json"
        },
        {
            "servers": [
                "node"
            ],
            "dbs": [],
            "discos": [],
            "buses": [],
            "gates": [],
            "monitors": [],
            "path": "/ReactOmdbApi/node_modules/babel-plugin-transform-object-rest-spread/package.json"
        },
        {
            "servers": [
                "node"
            ],
            "dbs": [],
            "discos": [],
            "buses": [],
            "gates": [],
            "monitors": [],
            "path": "/ReactOmdbApi/node_modules/babel-runtime/package.json"
        },
        {
            "servers": [
                "node"
            ],
            "dbs": [],
            "discos": [],
            "buses": [],
            "gates": [],
            "monitors": [],
            "path": "/ReactOmdbApi/node_modules/babel-plugin-transform-es2015-modules-commonjs/package.json"
        },
        {
            "servers": [
                "node"
            ],
            "dbs": [],
            "discos": [],
            "buses": [],
            "gates": [],
            "monitors": [],
            "path": "/ReactOmdbApi/node_modules/core-js/package.json"
        },
        {
            "servers": [
                "node"
            ],
            "dbs": [],
            "discos": [],
            "buses": [],
            "gates": [],
            "monitors": [],
            "path": "/ReactOmdbApi/node_modules/brace-expansion/package.json"
        },
        {
            "servers": [],
            "dbs": [],
            "discos": [],
            "buses": [],
            "gates": [],
            "monitors": [],
            "path": "/ReactOmdbApi/node_modules/babel-preset-stage-2/package.json"
        },
        {
            "servers": [
                "node"
            ],
            "dbs": [],
            "discos": [],
            "buses": [],
            "gates": [],
            "monitors": [],
            "path": "/ReactOmdbApi/node_modules/home-or-tmp/package.json"
        },
        {
            "servers": [
                "node"
            ],
            "dbs": [],
            "discos": [],
            "buses": [],
            "gates": [],
            "monitors": [],
            "path": "/ReactOmdbApi/node_modules/has-ansi/package.json"
        },
        {
            "servers": [
                "node"
            ],
            "dbs": [],
            "discos": [],
            "buses": [],
            "gates": [],
            "monitors": [],
            "path": "/ReactOmdbApi/node_modules/babel-helper-regex/package.json"
        },
        {
            "servers": [
                "node"
            ],
            "dbs": [],
            "discos": [],
            "buses": [],
            "gates": [],
            "monitors": [],
            "path": "/ReactOmdbApi/node_modules/babel-plugin-transform-flow-strip-types/package.json"
        },
        {
            "servers": [
                "node"
            ],
            "dbs": [],
            "discos": [],
            "buses": [],
            "gates": [],
            "monitors": [],
            "path": "/ReactOmdbApi/node_modules/babel-helper-call-delegate/package.json"
        },
        {
            "servers": [
                "node"
            ],
            "dbs": [],
            "discos": [],
            "buses": [],
            "gates": [],
            "monitors": [],
            "path": "/ReactOmdbApi/node_modules/babel-plugin-transform-es2015-sticky-regex/package.json"
        },
        {
            "servers": [
                "node"
            ],
            "dbs": [],
            "discos": [],
            "buses": [],
            "gates": [],
            "monitors": [],
            "path": "/ReactOmdbApi/node_modules/shebang-regex/package.json"
        },
        {
            "servers": [
                "node"
            ],
            "dbs": [],
            "discos": [],
            "buses": [],
            "gates": [],
            "monitors": [],
            "path": "/ReactOmdbApi/node_modules/babel-plugin-transform-es2015-unicode-regex/package.json"
        },
        {
            "servers": [
                "node"
            ],
            "dbs": [],
            "discos": [],
            "buses": [],
            "gates": [],
            "monitors": [],
            "path": "/ReactOmdbApi/node_modules/babel-plugin-syntax-trailing-function-commas/package.json"
        },
        {
            "servers": [
                "node"
            ],
            "dbs": [],
            "discos": [],
            "buses": [],
            "gates": [],
            "monitors": [],
            "path": "/ReactOmdbApi/node_modules/source-map-support/package.json"
        },
        {
            "servers": [
                "node"
            ],
            "dbs": [],
            "discos": [],
            "buses": [],
            "gates": [],
            "monitors": [],
            "path": "/ReactOmdbApi/node_modules/source-map-support/node_modules/source-map/package.json"
        },
        {
            "servers": [
                "node"
            ],
            "dbs": [],
            "discos": [],
            "buses": [],
            "gates": [],
            "monitors": [],
            "path": "/ReactOmdbApi/node_modules/jsesc/package.json"
        },
        {
            "servers": [
                "node"
            ],
            "dbs": [],
            "discos": [],
            "buses": [],
            "gates": [],
            "monitors": [],
            "path": "/ReactOmdbApi/node_modules/babel-plugin-transform-es2015-function-name/package.json"
        },
        {
            "servers": [
                "node"
            ],
            "dbs": [],
            "discos": [],
            "buses": [],
            "gates": [],
            "monitors": [],
            "path": "/ReactOmdbApi/node_modules/js-tokens/package.json"
        },
        {
            "servers": [
                "node"
            ],
            "dbs": [],
            "discos": [],
            "buses": [],
            "gates": [],
            "monitors": [],
            "path": "/ReactOmdbApi/node_modules/babel-plugin-transform-es2015-for-of/package.json"
        },
        {
            "servers": [],
            "dbs": [],
            "discos": [],
            "buses": [],
            "gates": [],
            "monitors": [],
            "path": "/ReactOmdbApi/node_modules/babel-preset-react/package.json"
        },
        {
            "servers": [
                "node"
            ],
            "dbs": [],
            "discos": [],
            "buses": [],
            "gates": [],
            "monitors": [],
            "path": "/ReactOmdbApi/node_modules/babel-helper-replace-supers/package.json"
        },
        {
            "servers": [
                "node"
            ],
            "dbs": [],
            "discos": [],
            "buses": [],
            "gates": [],
            "monitors": [],
            "path": "/ReactOmdbApi/node_modules/babel-plugin-transform-es2015-typeof-symbol/package.json"
        },
        {
            "servers": [
                "node"
            ],
            "dbs": [],
            "discos": [],
            "buses": [],
            "gates": [],
            "monitors": [],
            "path": "/ReactOmdbApi/node_modules/babel-plugin-syntax-flow/package.json"
        },
        {
            "path": "/ReactOmdbApi/node_modules/regexpu-core/package.json"
        },
        {
            "servers": [
                "node"
            ],
            "dbs": [],
            "discos": [],
            "buses": [],
            "gates": [],
            "monitors": [],
            "path": "/ReactOmdbApi/node_modules/supports-color/package.json"
        },
        {
            "servers": [
                "node"
            ],
            "dbs": [],
            "discos": [],
            "buses": [],
            "gates": [],
            "monitors": [],
            "path": "/ReactOmdbApi/node_modules/is-finite/package.json"
        },
        {
            "servers": [
                "node"
            ],
            "dbs": [],
            "discos": [],
            "buses": [],
            "gates": [],
            "monitors": [],
            "path": "/ReactOmdbApi/node_modules/babel-helper-optimise-call-expression/package.json"
        },
        {
            "servers": [
                "node"
            ],
            "dbs": [],
            "discos": [],
            "buses": [],
            "gates": [],
            "monitors": [],
            "path": "/ReactOmdbApi/node_modules/debug/package.json"
        },
        {
            "servers": [
                "node"
            ],
            "dbs": [],
            "discos": [],
            "buses": [],
            "gates": [],
            "monitors": [],
            "path": "/ReactOmdbApi/node_modules/babel-generator/package.json"
        },
        {
            "servers": [
                "node"
            ],
            "dbs": [],
            "discos": [],
            "buses": [],
            "gates": [],
            "monitors": [],
            "path": "/ReactOmdbApi/node_modules/babel-plugin-transform-react-jsx-self/package.json"
        },
        {
            "servers": [
                "node"
            ],
            "dbs": [],
            "discos": [],
            "buses": [],
            "gates": [],
            "monitors": [],
            "path": "/ReactOmdbApi/node_modules/babel-loader/package.json"
        },
        {
            "servers": [
                "node"
            ],
            "dbs": [],
            "discos": [],
            "buses": [],
            "gates": [],
            "monitors": [],
            "path": "/ReactOmdbApi/node_modules/babel-helper-builder-react-jsx/package.json"
        },
        {
            "servers": [
                "node"
            ],
            "dbs": [],
            "discos": [],
            "buses": [],
            "gates": [],
            "monitors": [],
            "path": "/ReactOmdbApi/node_modules/mkdirp/package.json"
        },
        {
            "servers": [
                "node"
            ],
            "dbs": [],
            "discos": [],
            "buses": [],
            "gates": [],
            "monitors": [],
            "path": "/ReactOmdbApi/node_modules/mkdirp/node_modules/minimist/package.json"
        },
        {
            "servers": [
                "node"
            ],
            "dbs": [],
            "discos": [],
            "buses": [],
            "gates": [],
            "monitors": [],
            "path": "/ReactOmdbApi/node_modules/path-exists/package.json"
        },
        {
            "servers": [
                "node"
            ],
            "dbs": [],
            "discos": [],
            "buses": [],
            "gates": [],
            "monitors": [],
            "path": "/ReactOmdbApi/node_modules/repeating/package.json"
        },
        {
            "servers": [
                "node"
            ],
            "dbs": [],
            "discos": [],
            "buses": [],
            "gates": [],
            "monitors": [],
            "path": "/ReactOmdbApi/node_modules/chalk/package.json"
        },
        {
            "servers": [],
            "dbs": [],
            "discos": [],
            "buses": [],
            "gates": [],
            "monitors": [],
            "path": "/ReactOmdbApi/node_modules/babel-preset-es2015/package.json"
        },
        {
            "servers": [
                "node"
            ],
            "dbs": [],
            "discos": [],
            "buses": [],
            "gates": [],
            "monitors": [],
            "path": "/ReactOmdbApi/node_modules/babel-plugin-transform-es2015-modules-systemjs/package.json"
        },
        {
            "servers": [
                "node"
            ],
            "dbs": [],
            "discos": [],
            "buses": [],
            "gates": [],
            "monitors": [],
            "path": "/ReactOmdbApi/node_modules/babel-plugin-transform-es2015-modules-umd/package.json"
        },
        {
            "servers": [
                "node"
            ],
            "dbs": [],
            "discos": [],
            "buses": [],
            "gates": [],
            "monitors": [],
            "path": "/ReactOmdbApi/node_modules/babel-helper-builder-binary-assignment-operator-visitor/package.json"
        },
        {
            "servers": [
                "node"
            ],
            "dbs": [],
            "discos": [],
            "buses": [],
            "gates": [],
            "monitors": [],
            "path": "/ReactOmdbApi/node_modules/babel-plugin-syntax-object-rest-spread/package.json"
        },
        {
            "servers": [
                "node"
            ],
            "dbs": [],
            "discos": [],
            "buses": [],
            "gates": [],
            "monitors": [],
            "path": "/ReactOmdbApi/node_modules/babel-plugin-transform-es2015-destructuring/package.json"
        },
        {
            "servers": [
                "node"
            ],
            "dbs": [],
            "discos": [],
            "buses": [],
            "gates": [],
            "monitors": [],
            "path": "/ReactOmdbApi/node_modules/babel-plugin-transform-es2015-modules-amd/package.json"
        },
        {
            "servers": [
                "node"
            ],
            "dbs": [],
            "discos": [],
            "buses": [],
            "gates": [],
            "monitors": [],
            "path": "/ReactOmdbApi/node_modules/convert-source-map/package.json"
        },
        {
            "servers": [
                "node"
            ],
            "dbs": [],
            "discos": [],
            "buses": [],
            "gates": [],
            "monitors": [],
            "path": "/ReactOmdbApi/node_modules/strip-ansi/package.json"
        },
        {
            "servers": [
                "node"
            ],
            "dbs": [],
            "discos": [],
            "buses": [],
            "gates": [],
            "monitors": [],
            "path": "/ReactOmdbApi/node_modules/esutils/package.json"
        },
        {
            "servers": [
                "node"
            ],
            "dbs": [],
            "discos": [],
            "buses": [],
            "gates": [],
            "monitors": [],
            "path": "/ReactOmdbApi/node_modules/babel-helpers/package.json"
        },
        {
            "servers": [
                "node"
            ],
            "dbs": [
                "max"
            ],
            "discos": [],
            "buses": [],
            "gates": [],
            "monitors": [],
            "path": "/ReactOmdbApi/node_modules/json5/package.json"
        },
        {
            "servers": [
                "node"
            ],
            "dbs": [],
            "discos": [],
            "buses": [],
            "gates": [],
            "monitors": [],
            "path": "/ReactOmdbApi/node_modules/private/package.json"
        },
        {
            "servers": [
                "node"
            ],
            "dbs": [],
            "discos": [],
            "buses": [],
            "gates": [],
            "monitors": [],
            "path": "/ReactOmdbApi/node_modules/amdefine/package.json"
        },
        {
            "servers": [
                "node"
            ],
            "dbs": [],
            "discos": [],
            "buses": [],
            "gates": [],
            "monitors": [],
            "path": "/ReactOmdbApi/node_modules/lodash/package.json"
        },
        {
            "servers": [
                "node"
            ],
            "dbs": [],
            "discos": [],
            "buses": [],
            "gates": [],
            "monitors": [],
            "path": "/ReactOmdbApi/node_modules/emojis-list/package.json"
        },
        {
            "servers": [
                "node"
            ],
            "dbs": [],
            "discos": [],
            "buses": [],
            "gates": [],
            "monitors": [],
            "path": "/ReactOmdbApi/node_modules/path-is-absolute/package.json"
        },
        {
            "servers": [
                "node"
            ],
            "dbs": [],
            "discos": [],
            "buses": [],
            "gates": [],
            "monitors": [],
            "path": "/ReactOmdbApi/node_modules/babel-helper-function-name/package.json"
        },
        {
            "servers": [
                "node"
            ],
            "dbs": [],
            "discos": [],
            "buses": [],
            "gates": [],
            "monitors": [],
            "path": "/ReactOmdbApi/node_modules/babel-plugin-transform-es2015-block-scoping/package.json"
        },
        {
            "servers": [
                "node"
            ],
            "dbs": [],
            "discos": [],
            "buses": [],
            "gates": [],
            "monitors": [],
            "path": "/ReactOmdbApi/node_modules/babel-plugin-transform-es2015-object-super/package.json"
        },
        {
            "path": "/ReactOmdbApi/node_modules/source-map/package.json"
        },
        {
            "servers": [
                "node"
            ],
            "dbs": [],
            "discos": [],
            "buses": [],
            "gates": [],
            "monitors": [],
            "path": "/ReactOmdbApi/node_modules/escape-string-regexp/package.json"
        },
        {
            "servers": [
                "node"
            ],
            "dbs": [],
            "discos": [],
            "buses": [],
            "gates": [],
            "monitors": [],
            "path": "/ReactOmdbApi/node_modules/babel-plugin-transform-regenerator/package.json"
        },
        {
            "servers": [
                "node"
            ],
            "dbs": [],
            "discos": [],
            "buses": [],
            "gates": [],
            "monitors": [],
            "path": "/ReactOmdbApi/node_modules/babel-register/package.json"
        },
        {
            "servers": [
                "node"
            ],
            "dbs": [],
            "discos": [],
            "buses": [],
            "gates": [],
            "monitors": [],
            "path": "/ReactOmdbApi/node_modules/globals/package.json"
        },
        {
            "servers": [
                "node"
            ],
            "dbs": [],
            "discos": [],
            "buses": [],
            "gates": [],
            "monitors": [],
            "path": "/ReactOmdbApi/node_modules/babel-helper-explode-assignable-expression/package.json"
        },
        {
            "servers": [
                "node"
            ],
            "dbs": [],
            "discos": [],
            "buses": [],
            "gates": [],
            "monitors": [],
            "path": "/ReactOmdbApi/node_modules/babel-plugin-syntax-jsx/package.json"
        },
        {
            "servers": [
                "node"
            ],
            "dbs": [],
            "discos": [],
            "buses": [],
            "gates": [],
            "monitors": [],
            "path": "/ReactOmdbApi/node_modules/minimatch/package.json"
        },
        {
            "servers": [
                "node"
            ],
            "dbs": [],
            "discos": [],
            "buses": [],
            "gates": [],
            "monitors": [],
            "path": "/ReactOmdbApi/node_modules/babel-plugin-transform-es2015-block-scoped-functions/package.json"
        },
        {
            "servers": [
                "node"
            ],
            "dbs": [],
            "discos": [],
            "buses": [],
            "gates": [],
            "monitors": [],
            "path": "/ReactOmdbApi/node_modules/loose-envify/package.json"
        },
        {
            "servers": [
                "node"
            ],
            "dbs": [],
            "discos": [],
            "buses": [],
            "gates": [],
            "monitors": [],
            "path": "/ReactOmdbApi/node_modules/loose-envify/node_modules/js-tokens/package.json"
        },
        {
            "servers": [
                "node"
            ],
            "dbs": [],
            "discos": [],
            "buses": [],
            "gates": [],
            "monitors": [],
            "path": "/ReactOmdbApi/node_modules/babel-plugin-transform-es2015-literals/package.json"
        },
        {
            "servers": [
                "node"
            ],
            "dbs": [],
            "discos": [],
            "buses": [],
            "gates": [],
            "monitors": [],
            "path": "/ReactOmdbApi/node_modules/regjsparser/package.json"
        },
        {
            "servers": [
                "node"
            ],
            "dbs": [],
            "discos": [],
            "buses": [],
            "gates": [],
            "monitors": [],
            "path": "/ReactOmdbApi/node_modules/ms/package.json"
        },
        {
            "servers": [
                "node"
            ],
            "dbs": [],
            "discos": [],
            "buses": [],
            "gates": [],
            "monitors": [],
            "path": "/ReactOmdbApi/node_modules/get-stdin/package.json"
        },
        {
            "servers": [
                "node"
            ],
            "dbs": [],
            "discos": [],
            "buses": [],
            "gates": [],
            "monitors": [],
            "path": "/ReactOmdbApi/node_modules/babel-traverse/package.json"
        },
        {
            "servers": [
                "node"
            ],
            "dbs": [],
            "discos": [],
            "buses": [],
            "gates": [],
            "monitors": [],
            "path": "/ReactOmdbApi/node_modules/babel-code-frame/package.json"
        },
        {
            "servers": [
                "node"
            ],
            "dbs": [],
            "discos": [],
            "buses": [],
            "gates": [],
            "monitors": [],
            "path": "/ReactOmdbApi/node_modules/detect-indent/package.json"
        },
        {
            "servers": [
                "node"
            ],
            "dbs": [],
            "discos": [],
            "buses": [],
            "gates": [],
            "monitors": [],
            "path": "/ReactOmdbApi/node_modules/loader-utils/package.json"
        },
        {
            "servers": [
                "node"
            ],
            "dbs": [
                "max"
            ],
            "discos": [],
            "buses": [],
            "gates": [],
            "monitors": [],
            "path": "/ReactOmdbApi/node_modules/loader-utils/node_modules/json5/package.json"
        },
        {
            "servers": [
                "node"
            ],
            "dbs": [],
            "discos": [],
            "buses": [],
            "gates": [],
            "monitors": [],
            "path": "/ReactOmdbApi/node_modules/babel-types/package.json"
        },
        {
            "servers": [
                "node"
            ],
            "dbs": [],
            "discos": [],
            "buses": [],
            "gates": [],
            "monitors": [],
            "path": "/ReactOmdbApi/node_modules/object-assign/package.json"
        },
        {
            "servers": [
                "node"
            ],
            "dbs": [],
            "discos": [],
            "buses": [],
            "gates": [],
            "monitors": [],
            "path": "/ReactOmdbApi/node_modules/ansi-styles/package.json"
        },
        {
            "servers": [
                "node"
            ],
            "dbs": [],
            "discos": [],
            "buses": [],
            "gates": [],
            "monitors": [],
            "path": "/ReactOmdbApi/node_modules/babel-plugin-check-es2015-constants/package.json"
        }
    ],
    "name": "spsingh559/Demo",
    "servers": [
        "express",
        "mongoose",
        "node"
    ],
    "num_dockers": 26,
    "buses": [],
    "num_gates": 1,
    "num_langs": 2,
    "shared_dbs": true,
    "monitors": [],
    "dockers": [
        {
            "servers": [
                "node"
            ],
            "from": "mhart/alpine-node",
            "buses": [],
            "gates": [],
            "monitors": [],
            "path": "/quizart-analytics-dev/base-image/Dockerfile",
            "keywords": [
                "seneca",
                "apk",
                "npm",
                "base",
                "install"
            ],
            "dbs": [],
            "langs": [
                "python"
            ],
            "cmd_keywords": [],
            "discos": [],
            "cmd": "",
            "from_full": "mhart/alpine-node"
        },
        {
            "servers": [],
            "from": "quizrtsocial/base-image",
            "buses": [],
            "gates": [],
            "monitors": [],
            "path": "/quizart-analytics-dev/chatservice/Dockerfile",
            "keywords": [
                "mkdir",
                "install",
                "chathistory",
                "data",
                "production"
            ],
            "dbs": [],
            "langs": [],
            "cmd_keywords": [
                "production",
                "npm",
                "start"
            ],
            "discos": [],
            "cmd": "npm start --production",
            "from_full": "quizrtsocial/base-image"
        },
        {
            "servers": [],
            "from": "quizrtsocial/base-image",
            "buses": [],
            "gates": [],
            "monitors": [],
            "path": "/quizart-analytics-dev/microservices/likesTopic/Dockerfile",
            "keywords": [
                "mkdir",
                "topic",
                "npm",
                "install",
                "like"
            ],
            "dbs": [],
            "langs": [],
            "cmd_keywords": [
                "npm",
                "start"
            ],
            "discos": [],
            "cmd": "npm start",
            "from_full": "quizrtsocial/base-image"
        },
        {
            "servers": [],
            "from": "quizrtsocial/base-image",
            "buses": [],
            "gates": [],
            "monitors": [],
            "path": "/quizart-analytics-dev/microservices/allTopics/Dockerfile",
            "keywords": [
                "mkdir",
                "install",
                "npm",
                "topics",
                "src"
            ],
            "dbs": [],
            "langs": [],
            "cmd_keywords": [
                "npm",
                "start"
            ],
            "discos": [],
            "cmd": "npm start",
            "from_full": "quizrtsocial/base-image"
        },
        {
            "servers": [],
            "from": "quizrtsocial/base-image",
            "buses": [],
            "gates": [],
            "monitors": [],
            "path": "/quizart-analytics-dev/microservices/microservice-topic/Dockerfile",
            "keywords": [
                "install",
                "production",
                "npm"
            ],
            "dbs": [],
            "langs": [],
            "cmd_keywords": [
                "production",
                "npm",
                "start"
            ],
            "discos": [],
            "cmd": "npm start --production",
            "from_full": "quizrtsocial/base-image"
        },
        {
            "servers": [],
            "from": "quizrtsocial/base-image",
            "buses": [],
            "gates": [],
            "monitors": [],
            "path": "/quizart-analytics-dev/microservices/myFavTopics/Dockerfile",
            "keywords": [
                "mkdir",
                "fav",
                "npm",
                "install",
                "src"
            ],
            "dbs": [],
            "langs": [],
            "cmd_keywords": [
                "npm",
                "start"
            ],
            "discos": [],
            "cmd": "npm start",
            "from_full": "quizrtsocial/base-image"
        },
        {
            "servers": [],
            "from": "quizrtsocial/base-image",
            "buses": [],
            "gates": [],
            "monitors": [],
            "path": "/quizart-analytics-dev/microservices/randomQuestion/Dockerfile",
            "keywords": [
                "mkdir",
                "question",
                "npm",
                "install",
                "src"
            ],
            "dbs": [],
            "langs": [],
            "cmd_keywords": [
                "npm",
                "start"
            ],
            "discos": [],
            "cmd": "npm start",
            "from_full": "quizrtsocial/base-image"
        },
        {
            "servers": [],
            "from": "quizrtsocial/base-image",
            "buses": [],
            "gates": [],
            "monitors": [],
            "path": "/quizart-analytics-dev/microservices/microservice-mesh-base/Dockerfile",
            "keywords": [
                "install",
                "production",
                "npm"
            ],
            "dbs": [],
            "langs": [],
            "cmd_keywords": [
                "production",
                "npm",
                "start"
            ],
            "discos": [],
            "cmd": "npm start --production",
            "from_full": "quizrtsocial/base-image"
        },
        {
            "servers": [],
            "from": "quizrtsocial/base-image",
            "buses": [],
            "gates": [],
            "monitors": [],
            "path": "/quizart-analytics-dev/microservices/microservice-leaderboard/Dockerfile",
            "keywords": [
                "mkdir",
                "install",
                "npm",
                "leaderboard",
                "usr"
            ],
            "dbs": [],
            "langs": [],
            "cmd_keywords": [
                "production",
                "npm",
                "start"
            ],
            "discos": [],
            "cmd": "npm start --production",
            "from_full": "quizrtsocial/base-image"
        },
        {
            "servers": [],
            "from": "quizrtsocial/base-image",
            "buses": [],
            "gates": [],
            "monitors": [],
            "path": "/quizart-analytics-dev/microservices/microservice-chatrooms/Dockerfile",
            "keywords": [
                "mkdir",
                "install",
                "chathistory",
                "data",
                "production"
            ],
            "dbs": [],
            "langs": [],
            "cmd_keywords": [
                "production",
                "npm",
                "start"
            ],
            "discos": [],
            "cmd": "npm start --production",
            "from_full": "quizrtsocial/base-image"
        },
        {
            "servers": [],
            "from": "quizrtsocial/base-image",
            "buses": [],
            "gates": [],
            "monitors": [],
            "path": "/quizart-analytics-dev/microservices/microservice-lobby/Dockerfile",
            "keywords": [
                "install",
                "production",
                "npm"
            ],
            "dbs": [],
            "langs": [],
            "cmd_keywords": [
                "production",
                "npm",
                "start"
            ],
            "discos": [],
            "cmd": "npm start --production",
            "from_full": "quizrtsocial/base-image"
        },
        {
            "servers": [],
            "from": "quizrtsocial/base-image",
            "buses": [],
            "gates": [],
            "monitors": [],
            "path": "/quizart-analytics-dev/microservices/microservice-analytics/Dockerfile",
            "keywords": [
                "install",
                "production",
                "npm"
            ],
            "dbs": [],
            "langs": [],
            "cmd_keywords": [
                "production",
                "npm",
                "start"
            ],
            "discos": [],
            "cmd": "npm start --production",
            "from_full": "quizrtsocial/base-image"
        },
        {
            "servers": [],
            "from": "quizrtsocial/base-image",
            "buses": [],
            "gates": [],
            "monitors": [],
            "path": "/quizart-analytics-dev/microservices/microservice-friend/Dockerfile",
            "keywords": [
                "install",
                "production",
                "npm"
            ],
            "dbs": [],
            "langs": [],
            "cmd_keywords": [
                "production",
                "npm",
                "start"
            ],
            "discos": [],
            "cmd": "npm start --production",
            "from_full": "quizrtsocial/base-image"
        },
        {
            "servers": [],
            "from": "quizrtsocial/base-image",
            "buses": [],
            "gates": [],
            "monitors": [],
            "path": "/quizart-analytics-dev/microservices/microservice-profile/Dockerfile",
            "keywords": [
                "install",
                "production",
                "npm"
            ],
            "dbs": [],
            "langs": [],
            "cmd_keywords": [
                "production",
                "npm",
                "start"
            ],
            "discos": [],
            "cmd": "npm start --production",
            "from_full": "quizrtsocial/base-image"
        },
        {
            "servers": [],
            "from": "quizrtsocial/base-image",
            "buses": [],
            "gates": [],
            "monitors": [],
            "path": "/quizart-analytics-dev/microservices/microservice-notification/Dockerfile",
            "keywords": [
                "install",
                "production",
                "npm"
            ],
            "dbs": [],
            "langs": [],
            "cmd_keywords": [
                "production",
                "npm",
                "start"
            ],
            "discos": [],
            "cmd": "npm start --production",
            "from_full": "quizrtsocial/base-image"
        },
        {
            "servers": [],
            "from": "quizrtsocial/base-image",
            "buses": [],
            "gates": [],
            "monitors": [],
            "path": "/quizart-analytics-dev/microservices/microservice-timeline/Dockerfile",
            "keywords": [
                "install",
                "production",
                "npm"
            ],
            "dbs": [],
            "langs": [],
            "cmd_keywords": [
                "production",
                "npm",
                "start"
            ],
            "discos": [],
            "cmd": "npm start --production",
            "from_full": "quizrtsocial/base-image"
        },
        {
            "servers": [],
            "from": "quizrtsocial/base-image",
            "buses": [],
            "gates": [],
            "monitors": [],
            "path": "/quizart-analytics-dev/microservices/microservice-analytics1/Dockerfile",
            "keywords": [
                "install",
                "production",
                "npm"
            ],
            "dbs": [],
            "langs": [],
            "cmd_keywords": [
                "production",
                "npm",
                "start"
            ],
            "discos": [],
            "cmd": "npm start --production",
            "from_full": "quizrtsocial/base-image"
        },
        {
            "servers": [],
            "from": "quizrtsocial/base-image",
            "buses": [],
            "gates": [],
            "monitors": [],
            "path": "/quizart-analytics-dev/microservices/microservice-badges/Dockerfile",
            "keywords": [
                "install",
                "production",
                "npm"
            ],
            "dbs": [],
            "langs": [],
            "cmd_keywords": [
                "production",
                "npm",
                "start"
            ],
            "discos": [],
            "cmd": "npm start --production",
            "from_full": "quizrtsocial/base-image"
        },
        {
            "servers": [],
            "from": "quizrtsocial/base-image",
            "buses": [],
            "gates": [],
            "monitors": [],
            "path": "/quizart-analytics-dev/microservices/microservice-jwt/Dockerfile",
            "keywords": [
                "install",
                "production",
                "npm"
            ],
            "dbs": [],
            "langs": [],
            "cmd_keywords": [
                "production",
                "npm",
                "start"
            ],
            "discos": [],
            "cmd": "npm start --production",
            "from_full": "quizrtsocial/base-image"
        },
        {
            "servers": [],
            "from": "quizrtsocial/base-image",
            "buses": [],
            "gates": [],
            "monitors": [],
            "path": "/quizart-analytics-dev/microservices/tournamentSection/Dockerfile",
            "keywords": [
                "mkdir",
                "install",
                "section",
                "src",
                "usr"
            ],
            "dbs": [],
            "langs": [],
            "cmd_keywords": [
                "npm",
                "start"
            ],
            "discos": [],
            "cmd": "npm start",
            "from_full": "quizrtsocial/base-image"
        },
        {
            "servers": [],
            "from": "quizrtsocial/base-image",
            "buses": [],
            "gates": [],
            "monitors": [],
            "path": "/quizart-analytics-dev/microservices/microservice-gameplay/Dockerfile",
            "keywords": [
                "install",
                "production",
                "npm"
            ],
            "dbs": [],
            "langs": [],
            "cmd_keywords": [
                "production",
                "npm",
                "start"
            ],
            "discos": [],
            "cmd": "npm start --production",
            "from_full": "quizrtsocial/base-image"
        },
        {
            "servers": [],
            "from": "quizrtsocial/base-image",
            "buses": [],
            "gates": [],
            "monitors": [],
            "path": "/quizart-analytics-dev/microservices/microservice-accounts/Dockerfile",
            "keywords": [
                "install",
                "production",
                "npm"
            ],
            "dbs": [],
            "langs": [],
            "cmd_keywords": [
                "production",
                "npm",
                "start"
            ],
            "discos": [],
            "cmd": "npm start --production",
            "from_full": "quizrtsocial/base-image"
        },
        {
            "servers": [],
            "from": "quizrtsocial/base-image",
            "buses": [],
            "gates": [],
            "monitors": [],
            "path": "/quizart-analytics-dev/microservices/microservice-tournaments/Dockerfile",
            "keywords": [
                "mkdir",
                "install",
                "npm",
                "src",
                "usr"
            ],
            "dbs": [],
            "langs": [],
            "cmd_keywords": [
                "npm",
                "start"
            ],
            "discos": [],
            "cmd": "npm start",
            "from_full": "quizrtsocial/base-image"
        },
        {
            "servers": [],
            "from": "quizrtsocial/base-image",
            "buses": [],
            "gates": [],
            "monitors": [],
            "path": "/quizart-analytics-dev/microservices/allTournaments/Dockerfile",
            "keywords": [
                "mkdir",
                "tournaments",
                "npm",
                "install",
                "src"
            ],
            "dbs": [],
            "langs": [],
            "cmd_keywords": [
                "npm",
                "start"
            ],
            "discos": [],
            "cmd": "npm start",
            "from_full": "quizrtsocial/base-image"
        },
        {
            "servers": [],
            "from": "quizrtsocial/base-image",
            "buses": [],
            "gates": [],
            "monitors": [],
            "path": "/quizart-analytics-dev/microservices/delLikedTopic/Dockerfile",
            "keywords": [
                "mkdir",
                "topic",
                "npm",
                "install",
                "del"
            ],
            "dbs": [],
            "langs": [],
            "cmd_keywords": [
                "npm",
                "start"
            ],
            "discos": [],
            "cmd": "npm start",
            "from_full": "quizrtsocial/base-image"
        },
        {
            "servers": [],
            "from": "quizrtsocial/base-image",
            "buses": [],
            "gates": [],
            "monitors": [],
            "path": "/quizart-analytics-dev/microservices/http-server/Dockerfile",
            "keywords": [
                "install",
                "production",
                "npm"
            ],
            "dbs": [],
            "langs": [],
            "cmd_keywords": [
                "npm",
                "start"
            ],
            "discos": [],
            "cmd": "npm start",
            "from_full": "quizrtsocial/base-image"
        }
    ],
    "langs": [
        "python",
        "javascript"
    ],
    "num_servers": 3,
    "size": 133974,
    "images": [
        "mhart/alpine-node",
        "quizrtsocial/base-image"
    ],
    "avg_size_service": 5152.846153846154
}