{
    "num_discos": 1,
    "buses": [
        "amqp",
        "rabbitmq"
    ],
    "name": "sqshq/piggymetrics",
    "dbs": [
        "mongo"
    ],
    "num_services": 14,
    "avg_size_service": 226.2,
    "num_monitors": 1,
    "monitors": [
        "turbine"
    ],
    "discos": [
        "eureka"
    ],
    "servers": [
        "spring"
    ],
    "url": "git://github.com/sqshq/piggymetrics.git",
    "num_dockers": 10,
    "files": [
        {
            "discos": [],
            "path": "/pom.xml",
            "servers": [
                "spring"
            ],
            "buses": [],
            "dbs": [],
            "gates": [
                "gateway"
            ],
            "monitors": [
                "turbine",
                "monitoring"
            ]
        },
        {
            "discos": [
                "eureka"
            ],
            "path": "/auth-service/pom.xml",
            "servers": [
                "spring"
            ],
            "buses": [],
            "dbs": [
                "mongodb",
                "mongo"
            ],
            "gates": [],
            "monitors": []
        },
        {
            "discos": [
                "eureka"
            ],
            "path": "/statistics-service/pom.xml",
            "servers": [
                "spring"
            ],
            "buses": [
                "amqp"
            ],
            "dbs": [
                "mongodb",
                "mongo"
            ],
            "gates": [],
            "monitors": []
        },
        {
            "discos": [],
            "path": "/config/pom.xml",
            "servers": [
                "spring"
            ],
            "buses": [],
            "dbs": [],
            "gates": [],
            "monitors": []
        },
        {
            "discos": [],
            "path": "/monitoring/pom.xml",
            "servers": [
                "spring"
            ],
            "buses": [],
            "dbs": [],
            "gates": [],
            "monitors": [
                "monitoring"
            ]
        },
        {
            "discos": [
                "eureka"
            ],
            "path": "/gateway/pom.xml",
            "servers": [
                "spring"
            ],
            "buses": [],
            "dbs": [],
            "gates": [
                "gateway",
                "zuul"
            ],
            "monitors": []
        },
        {
            "discos": [
                "eureka"
            ],
            "path": "/notification-service/pom.xml",
            "servers": [
                "spring"
            ],
            "buses": [
                "amqp"
            ],
            "dbs": [
                "mongodb",
                "mongo"
            ],
            "gates": [],
            "monitors": []
        },
        {
            "discos": [
                "eureka"
            ],
            "path": "/registry/pom.xml",
            "servers": [
                "spring"
            ],
            "buses": [],
            "dbs": [],
            "gates": [],
            "monitors": []
        },
        {
            "discos": [
                "eureka"
            ],
            "path": "/turbine-stream-service/pom.xml",
            "servers": [
                "spring"
            ],
            "buses": [],
            "dbs": [],
            "gates": [],
            "monitors": [
                "turbine"
            ]
        },
        {
            "discos": [
                "eureka"
            ],
            "path": "/account-service/pom.xml",
            "servers": [
                "spring"
            ],
            "buses": [
                "amqp"
            ],
            "dbs": [
                "mongodb",
                "mongo"
            ],
            "gates": [],
            "monitors": []
        }
    ],
    "shared_dbs": false,
    "size": 2262,
    "languages": [
        "java",
        "css",
        "javascript",
        "html"
    ],
    "gates": [
        "zuul"
    ],
    "num_langs": 4,
    "structure": {
        "detected_dbs": {
            "num": 4,
            "services": [
                "account-mongodb",
                "statistics-mongodb",
                "notification-mongodb",
                "auth-mongodb"
            ],
            "shared_dbs": false,
            "names": [
                "mongodb"
            ]
        },
        "num_services": 14,
        "path": "/docker-compose.yml",
        "services": [
            {
                "depends_on": [
                    "config"
                ],
                "discos": [],
                "servers": [],
                "buses": [],
                "name": "monitoring",
                "image_full": "sqshq/piggymetrics-monitoring",
                "dbs": [],
                "gates": [],
                "monitors": [
                    "monitoring"
                ],
                "image": "sqshq/piggymetrics-monitoring"
            },
            {
                "depends_on": [
                    "config"
                ],
                "discos": [],
                "servers": [],
                "buses": [],
                "name": "registry",
                "image_full": "sqshq/piggymetrics-registry",
                "dbs": [],
                "gates": [],
                "monitors": [],
                "image": "sqshq/piggymetrics-registry"
            },
            {
                "depends_on": [],
                "discos": [],
                "servers": [],
                "buses": [],
                "name": "account-mongodb",
                "image_full": "sqshq/piggymetrics-mongodb",
                "dbs": [
                    "mongodb"
                ],
                "gates": [],
                "monitors": [],
                "image": "sqshq/piggymetrics-mongodb"
            },
            {
                "depends_on": [
                    "config"
                ],
                "discos": [],
                "servers": [],
                "buses": [],
                "name": "turbine-stream-service",
                "image_full": "sqshq/piggymetrics-turbine-stream-service",
                "dbs": [],
                "gates": [],
                "monitors": [
                    "turbine"
                ],
                "image": "sqshq/piggymetrics-turbine-stream-service"
            },
            {
                "depends_on": [],
                "discos": [],
                "servers": [],
                "buses": [],
                "name": "config",
                "image_full": "sqshq/piggymetrics-config",
                "dbs": [],
                "gates": [],
                "monitors": [],
                "image": "sqshq/piggymetrics-config"
            },
            {
                "depends_on": [
                    "config"
                ],
                "discos": [],
                "servers": [],
                "buses": [],
                "name": "notification-service",
                "image_full": "sqshq/piggymetrics-notification-service",
                "dbs": [],
                "gates": [],
                "monitors": [],
                "image": "sqshq/piggymetrics-notification-service"
            },
            {
                "depends_on": [
                    "config"
                ],
                "discos": [],
                "servers": [],
                "buses": [],
                "name": "account-service",
                "image_full": "sqshq/piggymetrics-account-service",
                "dbs": [],
                "gates": [],
                "monitors": [],
                "image": "sqshq/piggymetrics-account-service"
            },
            {
                "depends_on": [
                    "config"
                ],
                "discos": [],
                "servers": [],
                "buses": [],
                "name": "statistics-service",
                "image_full": "sqshq/piggymetrics-statistics-service",
                "dbs": [],
                "gates": [],
                "monitors": [],
                "image": "sqshq/piggymetrics-statistics-service"
            },
            {
                "depends_on": [],
                "discos": [],
                "servers": [],
                "buses": [
                    "rabbitmq"
                ],
                "name": "rabbitmq",
                "image_full": "rabbitmq:3-management",
                "dbs": [],
                "gates": [],
                "monitors": [],
                "image": "rabbitmq"
            },
            {
                "depends_on": [],
                "discos": [],
                "servers": [],
                "buses": [],
                "name": "statistics-mongodb",
                "image_full": "sqshq/piggymetrics-mongodb",
                "dbs": [
                    "mongodb"
                ],
                "gates": [],
                "monitors": [],
                "image": "sqshq/piggymetrics-mongodb"
            },
            {
                "depends_on": [
                    "config"
                ],
                "discos": [],
                "servers": [],
                "buses": [],
                "name": "auth-service",
                "image_full": "sqshq/piggymetrics-auth-service",
                "dbs": [],
                "gates": [],
                "monitors": [],
                "image": "sqshq/piggymetrics-auth-service"
            },
            {
                "depends_on": [
                    "config"
                ],
                "discos": [],
                "servers": [],
                "buses": [],
                "name": "gateway",
                "image_full": "sqshq/piggymetrics-gateway",
                "dbs": [],
                "gates": [
                    "gateway"
                ],
                "monitors": [],
                "image": "sqshq/piggymetrics-gateway"
            },
            {
                "depends_on": [],
                "discos": [],
                "servers": [],
                "buses": [],
                "name": "notification-mongodb",
                "image_full": "sqshq/piggymetrics-mongodb",
                "dbs": [
                    "mongodb"
                ],
                "gates": [],
                "monitors": [],
                "image": "sqshq/piggymetrics-mongodb"
            },
            {
                "depends_on": [],
                "discos": [],
                "servers": [],
                "buses": [],
                "name": "auth-mongodb",
                "image_full": "sqshq/piggymetrics-mongodb",
                "dbs": [
                    "mongodb"
                ],
                "gates": [],
                "monitors": [],
                "image": "sqshq/piggymetrics-mongodb"
            }
        ]
    },
    "dockers": [
        {
            "from_full": "java:8-jre",
            "servers": [],
            "buses": [],
            "dbs": [],
            "cmd": "java -Xmx200m -jar /app/auth-service.jar",
            "langs": [
                "java"
            ],
            "from": "java",
            "monitors": [],
            "discos": [],
            "path": "/auth-service/Dockerfile",
            "cmd_keywords": [
                "jar",
                "service",
                "auth",
                "xmx",
                "java"
            ],
            "gates": [],
            "keywords": []
        },
        {
            "from_full": "java:8-jre",
            "servers": [],
            "buses": [],
            "dbs": [],
            "cmd": "java -Xmx200m -jar /app/statistics-service.jar",
            "langs": [
                "java"
            ],
            "from": "java",
            "monitors": [],
            "discos": [],
            "path": "/statistics-service/Dockerfile",
            "cmd_keywords": [
                "jar",
                "service",
                "statistics",
                "xmx",
                "java"
            ],
            "gates": [],
            "keywords": []
        },
        {
            "from_full": "java:8-jre",
            "servers": [],
            "buses": [],
            "dbs": [],
            "cmd": "java -Xmx200m -jar /app/config.jar",
            "langs": [
                "java"
            ],
            "from": "java",
            "monitors": [],
            "discos": [],
            "path": "/config/Dockerfile",
            "cmd_keywords": [
                "jar",
                "xmx",
                "java",
                "config",
                "app"
            ],
            "gates": [],
            "keywords": []
        },
        {
            "from_full": "java:8-jre",
            "servers": [],
            "buses": [],
            "dbs": [],
            "cmd": "java -Xmx200m -jar /app/monitoring.jar",
            "langs": [
                "java"
            ],
            "from": "java",
            "monitors": [
                "monitoring"
            ],
            "discos": [],
            "path": "/monitoring/Dockerfile",
            "cmd_keywords": [
                "jar",
                "xmx",
                "java",
                "monitoring",
                "app"
            ],
            "gates": [],
            "keywords": []
        },
        {
            "from_full": "java:8-jre",
            "servers": [],
            "buses": [],
            "dbs": [],
            "cmd": "java -Xmx200m -jar /app/gateway.jar",
            "langs": [
                "java"
            ],
            "from": "java",
            "monitors": [],
            "discos": [],
            "path": "/gateway/Dockerfile",
            "cmd_keywords": [
                "jar",
                "xmx",
                "java",
                "gateway",
                "app"
            ],
            "gates": [
                "gateway"
            ],
            "keywords": []
        },
        {
            "from_full": "java:8-jre",
            "servers": [],
            "buses": [],
            "dbs": [],
            "cmd": "java -Xmx200m -jar /app/notification-service.jar",
            "langs": [
                "java"
            ],
            "from": "java",
            "monitors": [],
            "discos": [],
            "path": "/notification-service/Dockerfile",
            "cmd_keywords": [
                "jar",
                "service",
                "notification",
                "xmx",
                "java"
            ],
            "gates": [],
            "keywords": []
        },
        {
            "from_full": "java:8-jre",
            "servers": [],
            "buses": [],
            "dbs": [],
            "cmd": "java -Xmx200m -jar /app/registry.jar",
            "langs": [
                "java"
            ],
            "from": "java",
            "monitors": [],
            "discos": [],
            "path": "/registry/Dockerfile",
            "cmd_keywords": [
                "jar",
                "xmx",
                "java",
                "registry",
                "app"
            ],
            "gates": [],
            "keywords": []
        },
        {
            "from_full": "mongo:3",
            "servers": [],
            "buses": [],
            "dbs": [
                "mongo"
            ],
            "cmd": "",
            "langs": [],
            "from": "mongo",
            "monitors": [],
            "discos": [],
            "path": "/mongodb/Dockerfile",
            "cmd_keywords": [],
            "gates": [],
            "keywords": [
                "apt",
                "get",
                "chmod",
                "init",
                "initx"
            ]
        },
        {
            "from_full": "java:8-jre",
            "servers": [],
            "buses": [],
            "dbs": [],
            "cmd": "java -Xmx200m -jar /app/turbine-stream-service.jar",
            "langs": [
                "java"
            ],
            "from": "java",
            "monitors": [
                "turbine"
            ],
            "discos": [],
            "path": "/turbine-stream-service/Dockerfile",
            "cmd_keywords": [
                "jar",
                "turbine",
                "stream",
                "service",
                "xmx"
            ],
            "gates": [],
            "keywords": []
        },
        {
            "from_full": "java:8-jre",
            "servers": [],
            "buses": [],
            "dbs": [],
            "cmd": "java -Xmx200m -jar /app/account-service.jar",
            "langs": [
                "java"
            ],
            "from": "java",
            "monitors": [],
            "discos": [],
            "path": "/account-service/Dockerfile",
            "cmd_keywords": [
                "jar",
                "service",
                "account",
                "xmx",
                "java"
            ],
            "gates": [],
            "keywords": []
        }
    ],
    "num_files": 21,
    "num_gates": 1,
    "num_dbs": 1,
    "langs": [
        "java",
        "javascript",
        "css",
        "html"
    ],
    "images": [
        "java",
        "mongo"
    ],
    "num_buses": 2,
    "num_servers": 1
}