{
    "size": 614,
    "avg_size_service": 204.66666666666666,
    "name": "srlyttle/microservices-Node-GraphQL-React-Docker",
    "languages": [
        "javascript"
    ],
    "servers": [
        "node",
        "express"
    ],
    "num_dbs": 1,
    "images": [
        "node"
    ],
    "structure": {
        "path": "/docker-compose.yml",
        "num_services": 5,
        "services": [
            {
                "depends_on": [],
                "image_full": "mysql:5.7.20",
                "monitors": [],
                "name": "listings-service-db",
                "image": "mysql",
                "servers": [],
                "buses": [],
                "dbs": [
                    "mysql"
                ],
                "gates": [],
                "discos": []
            },
            {
                "depends_on": [
                    "listings-service",
                    "users-service"
                ],
                "image_full": "./api-gateway",
                "monitors": [],
                "name": "api-gateway",
                "image": "./api-gateway",
                "servers": [],
                "buses": [],
                "dbs": [],
                "gates": [
                    "gateway"
                ],
                "discos": []
            },
            {
                "depends_on": [],
                "image_full": "mysql:5.7.20",
                "monitors": [],
                "name": "users-service-db",
                "image": "mysql",
                "servers": [],
                "buses": [],
                "dbs": [
                    "mysql"
                ],
                "gates": [],
                "discos": []
            },
            {
                "depends_on": [
                    "listings-service-db"
                ],
                "image_full": "./listings-service",
                "monitors": [],
                "name": "listings-service",
                "image": "./listings-service",
                "servers": [],
                "buses": [],
                "dbs": [],
                "gates": [],
                "discos": []
            },
            {
                "depends_on": [
                    "users-service-db"
                ],
                "image_full": "./users-service",
                "monitors": [],
                "name": "users-service",
                "image": "./users-service",
                "servers": [],
                "buses": [],
                "dbs": [],
                "gates": [],
                "discos": []
            }
        ],
        "detected_dbs": {
            "services": [
                "listings-service-db",
                "users-service-db"
            ],
            "names": [
                "mysql"
            ],
            "shared_dbs": false,
            "num": 2
        }
    },
    "num_dockers": 3,
    "num_buses": 0,
    "num_services": 5,
    "dockers": [
        {
            "path": "/api-gateway/Dockerfile",
            "from": "node",
            "langs": [],
            "cmd": "yarn watch",
            "servers": [
                "node"
            ],
            "from_full": "node:12",
            "keywords": [
                "yarn"
            ],
            "cmd_keywords": [
                "yarn",
                "watch"
            ],
            "monitors": [],
            "buses": [],
            "dbs": [],
            "gates": [],
            "discos": []
        },
        {
            "path": "/listings-service/Dockerfile",
            "from": "node",
            "langs": [],
            "cmd": "yarn watch",
            "servers": [
                "node"
            ],
            "from_full": "node:12",
            "keywords": [
                "yarn"
            ],
            "cmd_keywords": [
                "yarn",
                "watch"
            ],
            "monitors": [],
            "buses": [],
            "dbs": [],
            "gates": [],
            "discos": []
        },
        {
            "path": "/users-service/Dockerfile",
            "from": "node",
            "langs": [],
            "cmd": "yarn watch",
            "servers": [
                "node"
            ],
            "from_full": "node:12",
            "keywords": [
                "yarn"
            ],
            "cmd_keywords": [
                "yarn",
                "watch"
            ],
            "monitors": [],
            "buses": [],
            "dbs": [],
            "gates": [],
            "discos": []
        }
    ],
    "num_langs": 1,
    "langs": [
        "javascript"
    ],
    "discos": [],
    "num_gates": 1,
    "num_monitors": 0,
    "num_files": 8,
    "files": [
        {
            "path": "/package.json",
            "monitors": [],
            "dbs": [
                "mysql"
            ],
            "buses": [],
            "servers": [],
            "gates": [],
            "discos": []
        },
        {
            "path": "/api-gateway/package.json",
            "monitors": [],
            "dbs": [],
            "buses": [],
            "servers": [
                "express"
            ],
            "gates": [
                "gateway"
            ],
            "discos": []
        },
        {
            "path": "/listings-service/package.json",
            "monitors": [],
            "dbs": [
                "mysql"
            ],
            "buses": [],
            "servers": [
                "express"
            ],
            "gates": [],
            "discos": []
        },
        {
            "path": "/users-service/package.json",
            "monitors": [],
            "dbs": [
                "mysql"
            ],
            "buses": [],
            "servers": [
                "express"
            ],
            "gates": [],
            "discos": []
        }
    ],
    "shared_dbs": false,
    "monitors": [],
    "num_servers": 2,
    "url": "git://github.com/srlyttle/microservices-Node-GraphQL-React-Docker.git",
    "dbs": [
        "mysql"
    ],
    "num_discos": 0,
    "gates": [
        "gateway"
    ],
    "buses": []
}