{
    "dbs": [],
    "num_dbs": 0,
    "shared_dbs": false,
    "name": "ssemichev/eagle",
    "num_buses": 0,
    "num_monitors": 0,
    "monitors": [],
    "langs": [
        "shell",
        "jupyternotebook",
        "scala"
    ],
    "gates": [],
    "size": 267,
    "languages": [
        "scala",
        "jupyternotebook",
        "shell"
    ],
    "num_langs": 3,
    "structure": {
        "path": [],
        "services": [],
        "detected_dbs": {
            "services": [],
            "names": [],
            "shared_dbs": false,
            "num": 0
        },
        "num_services": 0
    },
    "servers": [],
    "num_servers": 0,
    "num_files": 1,
    "images": [],
    "buses": [],
    "avg_size_service": 267.0,
    "num_services": 0,
    "files": [],
    "num_dockers": 0,
    "dockers": [],
    "num_discos": 0,
    "discos": [],
    "num_gates": 0,
    "url": "git://github.com/ssemichev/eagle.git"
}