{
    "servers": [
        "tomcat",
        "spring"
    ],
    "name": "stansa/microservicespoc",
    "num_gates": 1,
    "avg_size_service": 164831.91666666666,
    "structure": {
        "services": [],
        "num_services": 0,
        "path": "/deploy/docker/docker-compose.yml",
        "detected_dbs": {
            "num": 0,
            "names": [],
            "services": [],
            "shared_dbs": false
        }
    },
    "num_dbs": 2,
    "buses": [
        "qpid"
    ],
    "langs": [
        "tsql",
        "java"
    ],
    "shared_dbs": false,
    "files": [
        {
            "gates": [],
            "buses": [],
            "path": "/pom.xml",
            "servers": [
                "tomcat",
                "spring"
            ],
            "dbs": [],
            "monitors": [],
            "discos": []
        },
        {
            "gates": [
                "zuul"
            ],
            "buses": [
                "qpid"
            ],
            "path": "/movie-microservice/pom.xml",
            "servers": [
                "spring"
            ],
            "dbs": [
                "mysql",
                "hsqldb"
            ],
            "monitors": [],
            "discos": [
                "eureka"
            ]
        },
        {
            "gates": [
                "zuul"
            ],
            "buses": [
                "qpid"
            ],
            "path": "/rating-microservice/pom.xml",
            "servers": [
                "spring"
            ],
            "dbs": [],
            "monitors": [],
            "discos": [
                "eureka"
            ]
        },
        {
            "gates": [
                "zuul"
            ],
            "buses": [],
            "path": "/ui-search/pom.xml",
            "servers": [
                "spring"
            ],
            "dbs": [],
            "monitors": [],
            "discos": [
                "eureka"
            ]
        },
        {
            "gates": [
                "zuul"
            ],
            "buses": [],
            "path": "/config-microservice/pom.xml",
            "servers": [
                "spring"
            ],
            "dbs": [],
            "monitors": [],
            "discos": [
                "eureka"
            ]
        },
        {
            "gates": [],
            "buses": [],
            "path": "/discovery-microservice/pom.xml",
            "servers": [
                "spring"
            ],
            "dbs": [],
            "monitors": [],
            "discos": [
                "eureka"
            ]
        },
        {
            "gates": [
                "zuul"
            ],
            "buses": [],
            "path": "/user-microservice/pom.xml",
            "servers": [
                "spring"
            ],
            "dbs": [
                "couchbase"
            ],
            "monitors": [],
            "discos": [
                "eureka"
            ]
        }
    ],
    "size": 1977983,
    "num_dockers": 12,
    "url": "git://github.com/stansa/microservicespoc.git",
    "gates": [
        "zuul"
    ],
    "num_servers": 2,
    "images": [
        "jeanblanchard/java"
    ],
    "num_services": 0,
    "languages": [
        "tsql"
    ],
    "num_files": 20,
    "discos": [
        "eureka"
    ],
    "dockers": [
        {
            "gates": [],
            "from_full": "jeanblanchard/java:8",
            "cmd_keywords": [],
            "path": "/movie-microservice/target/docker/Dockerfile",
            "servers": [],
            "cmd": "",
            "from": "jeanblanchard/java",
            "buses": [],
            "langs": [
                "java"
            ],
            "dbs": [],
            "discos": [],
            "monitors": [],
            "keywords": [
                "apk",
                "bash",
                "var",
                "update",
                "jar"
            ]
        },
        {
            "gates": [],
            "from_full": "jeanblanchard/java:8",
            "cmd_keywords": [],
            "path": "/movie-microservice/src/main/docker/Dockerfile",
            "servers": [],
            "cmd": "",
            "from": "jeanblanchard/java",
            "buses": [],
            "langs": [
                "java"
            ],
            "dbs": [],
            "discos": [],
            "monitors": [],
            "keywords": [
                "apk",
                "bash",
                "var",
                "update",
                "jar"
            ]
        },
        {
            "gates": [],
            "from_full": "jeanblanchard/java:8",
            "cmd_keywords": [],
            "path": "/rating-microservice/target/docker/Dockerfile",
            "servers": [],
            "cmd": "",
            "from": "jeanblanchard/java",
            "buses": [],
            "langs": [
                "java"
            ],
            "dbs": [],
            "discos": [],
            "monitors": [],
            "keywords": [
                "apk",
                "bash",
                "var",
                "update",
                "jar"
            ]
        },
        {
            "gates": [],
            "from_full": "jeanblanchard/java:8",
            "cmd_keywords": [],
            "path": "/rating-microservice/src/main/docker/Dockerfile",
            "servers": [],
            "cmd": "",
            "from": "jeanblanchard/java",
            "buses": [],
            "langs": [
                "java"
            ],
            "dbs": [],
            "discos": [],
            "monitors": [],
            "keywords": [
                "apk",
                "bash",
                "var",
                "update",
                "jar"
            ]
        },
        {
            "gates": [],
            "from_full": "jeanblanchard/java:8",
            "cmd_keywords": [],
            "path": "/ui-search/target/docker/Dockerfile",
            "servers": [],
            "cmd": "",
            "from": "jeanblanchard/java",
            "buses": [],
            "langs": [
                "java"
            ],
            "dbs": [],
            "discos": [],
            "monitors": [],
            "keywords": [
                "apk",
                "bash",
                "var",
                "update",
                "jar"
            ]
        },
        {
            "gates": [],
            "from_full": "jeanblanchard/java:8",
            "cmd_keywords": [],
            "path": "/ui-search/src/main/docker/Dockerfile",
            "servers": [],
            "cmd": "",
            "from": "jeanblanchard/java",
            "buses": [],
            "langs": [
                "java"
            ],
            "dbs": [],
            "discos": [],
            "monitors": [],
            "keywords": [
                "apk",
                "bash",
                "var",
                "update",
                "jar"
            ]
        },
        {
            "gates": [],
            "from_full": "jeanblanchard/java:8",
            "cmd_keywords": [],
            "path": "/config-microservice/target/docker/Dockerfile",
            "servers": [],
            "cmd": "",
            "from": "jeanblanchard/java",
            "buses": [],
            "langs": [
                "java"
            ],
            "dbs": [],
            "discos": [],
            "monitors": [],
            "keywords": [
                "apk",
                "bash",
                "var",
                "update",
                "jar"
            ]
        },
        {
            "gates": [],
            "from_full": "jeanblanchard/java:8",
            "cmd_keywords": [],
            "path": "/config-microservice/src/main/docker/Dockerfile",
            "servers": [],
            "cmd": "",
            "from": "jeanblanchard/java",
            "buses": [],
            "langs": [
                "java"
            ],
            "dbs": [],
            "discos": [],
            "monitors": [],
            "keywords": [
                "apk",
                "bash",
                "var",
                "update",
                "jar"
            ]
        },
        {
            "gates": [],
            "from_full": "jeanblanchard/java:8",
            "cmd_keywords": [],
            "path": "/discovery-microservice/target/docker/Dockerfile",
            "servers": [],
            "cmd": "",
            "from": "jeanblanchard/java",
            "buses": [],
            "langs": [
                "java"
            ],
            "dbs": [],
            "discos": [],
            "monitors": [],
            "keywords": [
                "apk",
                "bash",
                "var",
                "update",
                "jar"
            ]
        },
        {
            "gates": [],
            "from_full": "jeanblanchard/java:8",
            "cmd_keywords": [],
            "path": "/discovery-microservice/src/main/docker/Dockerfile",
            "servers": [],
            "cmd": "",
            "from": "jeanblanchard/java",
            "buses": [],
            "langs": [
                "java"
            ],
            "dbs": [],
            "discos": [],
            "monitors": [],
            "keywords": [
                "apk",
                "bash",
                "var",
                "update",
                "jar"
            ]
        },
        {
            "gates": [],
            "from_full": "jeanblanchard/java:8",
            "cmd_keywords": [],
            "path": "/user-microservice/target/docker/Dockerfile",
            "servers": [],
            "cmd": "",
            "from": "jeanblanchard/java",
            "buses": [],
            "langs": [
                "java"
            ],
            "dbs": [],
            "discos": [],
            "monitors": [],
            "keywords": [
                "apk",
                "bash",
                "var",
                "update",
                "jar"
            ]
        },
        {
            "gates": [],
            "from_full": "jeanblanchard/java:8",
            "cmd_keywords": [],
            "path": "/user-microservice/src/main/docker/Dockerfile",
            "servers": [],
            "cmd": "",
            "from": "jeanblanchard/java",
            "buses": [],
            "langs": [
                "java"
            ],
            "dbs": [],
            "discos": [],
            "monitors": [],
            "keywords": [
                "apk",
                "bash",
                "var",
                "update",
                "jar"
            ]
        }
    ],
    "num_langs": 2,
    "num_monitors": 0,
    "num_buses": 1,
    "dbs": [
        "mysql",
        "couchbase"
    ],
    "monitors": [],
    "num_discos": 1
}