{
    "discos": [],
    "avg_size_service": 843.25,
    "buses": [],
    "num_gates": 0,
    "name": "stefanvt1981/ContainerWebApp",
    "structure": {
        "path": "/docker-compose.yml",
        "services": [
            {
                "name": "imageservice",
                "dbs": [],
                "depends_on": [],
                "discos": [],
                "image_full": "${DOCKER_REGISTRY-ordinadockerworkshopms}/imageservice",
                "image": "${DOCKER_REGISTRY-ordinadockerworkshopms}/imageservice",
                "servers": [],
                "buses": [],
                "monitors": [],
                "gates": []
            },
            {
                "name": "containerwebappdemo",
                "dbs": [],
                "depends_on": [],
                "discos": [],
                "image_full": "${DOCKER_REGISTRY-ordinadockerworkshopms}/containerwebappdemo",
                "image": "${DOCKER_REGISTRY-ordinadockerworkshopms}/containerwebappdemo",
                "servers": [],
                "buses": [],
                "monitors": [],
                "gates": []
            },
            {
                "name": "testmessageservice",
                "dbs": [],
                "depends_on": [],
                "discos": [],
                "image_full": "${DOCKER_REGISTRY-ordinadockerworkshopms}/testmessageservice",
                "image": "${DOCKER_REGISTRY-ordinadockerworkshopms}/testmessageservice",
                "servers": [],
                "buses": [],
                "monitors": [],
                "gates": []
            },
            {
                "name": "messageservice",
                "dbs": [],
                "depends_on": [],
                "discos": [],
                "image_full": "${DOCKER_REGISTRY-ordinadockerworkshopms}/messageservice",
                "image": "${DOCKER_REGISTRY-ordinadockerworkshopms}/messageservice",
                "servers": [],
                "buses": [],
                "monitors": [],
                "gates": []
            }
        ],
        "detected_dbs": {
            "names": [],
            "num": 0,
            "shared_dbs": false,
            "services": []
        },
        "num_services": 4
    },
    "dbs": [],
    "dockers": [
        {
            "langs": [],
            "cmd_keywords": [],
            "from_full": "base",
            "buses": [],
            "monitors": [],
            "from": "base",
            "keywords": [
                "containerwebappdemo",
                "dotnet",
                "csproj",
                "release",
                "app"
            ],
            "gates": [],
            "path": "/ContainerWebAppDemo/Dockerfile",
            "dbs": [],
            "discos": [],
            "cmd": "",
            "servers": []
        },
        {
            "langs": [],
            "cmd_keywords": [],
            "from_full": "base",
            "buses": [],
            "monitors": [],
            "from": "base",
            "keywords": [
                "messageservice",
                "dotnet",
                "csproj",
                "release",
                "app"
            ],
            "gates": [],
            "path": "/MessageService/Dockerfile",
            "dbs": [],
            "discos": [],
            "cmd": "",
            "servers": []
        },
        {
            "langs": [],
            "cmd_keywords": [],
            "from_full": "base",
            "buses": [],
            "monitors": [],
            "from": "base",
            "keywords": [
                "testmessageservice",
                "dotnet",
                "csproj",
                "release",
                "app"
            ],
            "gates": [],
            "path": "/TestMessageService/Dockerfile",
            "dbs": [],
            "discos": [],
            "cmd": "",
            "servers": []
        },
        {
            "langs": [],
            "cmd_keywords": [],
            "from_full": "base",
            "buses": [],
            "monitors": [],
            "from": "base",
            "keywords": [
                "imageservice",
                "dotnet",
                "csproj",
                "release",
                "app"
            ],
            "gates": [],
            "path": "/ImageService/Dockerfile",
            "dbs": [],
            "discos": [],
            "cmd": "",
            "servers": []
        }
    ],
    "gates": [],
    "size": 3373,
    "num_monitors": 0,
    "images": [
        "base"
    ],
    "num_buses": 0,
    "num_services": 4,
    "servers": [],
    "shared_dbs": false,
    "monitors": [],
    "num_discos": 0,
    "languages": [
        "c#",
        "html"
    ],
    "url": "git://github.com/stefanvt1981/ContainerWebApp.git",
    "langs": [
        "html",
        "c#"
    ],
    "num_dbs": 0,
    "num_servers": 0,
    "num_langs": 2,
    "files": [],
    "num_dockers": 4,
    "num_files": 5
}