{
    "dbs": [],
    "name": "Subhra-Barpanda/springboot-docker-demo",
    "num_langs": 1,
    "languages": [
        "java"
    ],
    "shared_dbs": false,
    "servers": [
        "spring"
    ],
    "langs": [
        "java"
    ],
    "dockers": [
        {
            "buses": [],
            "dbs": [],
            "servers": [],
            "monitors": [],
            "cmd_keywords": [],
            "discos": [],
            "cmd": "",
            "path": "/Dockerfile",
            "from_full": "openjdk:8",
            "gates": [],
            "from": "openjdk",
            "langs": [],
            "keywords": []
        }
    ],
    "gates": [],
    "size": 11969,
    "num_dockers": 1,
    "num_discos": 0,
    "num_buses": 0,
    "buses": [],
    "images": [
        "openjdk"
    ],
    "num_servers": 1,
    "num_services": 0,
    "monitors": [],
    "structure": {
        "services": [],
        "num_services": 0,
        "detected_dbs": {
            "num": 0,
            "shared_dbs": false,
            "names": [],
            "services": []
        },
        "path": []
    },
    "discos": [],
    "num_files": 3,
    "num_dbs": 0,
    "num_monitors": 0,
    "num_gates": 0,
    "url": "git://github.com/Subhra-Barpanda/springboot-docker-demo.git",
    "avg_size_service": 11969.0,
    "files": [
        {
            "buses": [],
            "dbs": [],
            "gates": [],
            "monitors": [],
            "discos": [],
            "servers": [
                "spring"
            ],
            "path": "/pom.xml"
        }
    ]
}