{
    "size": 470,
    "shared_dbs": false,
    "num_servers": 1,
    "name": "suhailkhanqbox/movie-spring-angular-",
    "files": [
        {
            "gates": [],
            "dbs": [],
            "buses": [],
            "servers": [
                "spring"
            ],
            "path": "/pom.xml",
            "monitors": [],
            "discos": []
        },
        {
            "gates": [],
            "dbs": [
                "mysql",
                "mongodb"
            ],
            "buses": [],
            "servers": [
                "spring"
            ],
            "path": "/movie-microservice/pom.xml",
            "monitors": [],
            "discos": [
                "eureka"
            ]
        },
        {
            "gates": [],
            "dbs": [],
            "buses": [],
            "servers": [
                "spring"
            ],
            "path": "/spring-eureka-server/pom.xml",
            "monitors": [],
            "discos": [
                "eureka"
            ]
        },
        {
            "gates": [],
            "dbs": [
                "mysql"
            ],
            "buses": [],
            "servers": [
                "spring"
            ],
            "path": "/usermicroservice/pom.xml",
            "monitors": [],
            "discos": [
                "eureka"
            ]
        },
        {
            "gates": [],
            "dbs": [],
            "buses": [],
            "servers": [
                "spring"
            ],
            "path": "/configserver/pom.xml",
            "monitors": [],
            "discos": [
                "eureka"
            ]
        },
        {
            "gates": [
                "zuul",
                "gateway"
            ],
            "dbs": [],
            "buses": [],
            "servers": [
                "spring"
            ],
            "path": "/API-Gateway-Demo/pom.xml",
            "monitors": [],
            "discos": [
                "eureka"
            ]
        }
    ],
    "num_files": 12,
    "num_langs": 1,
    "dbs": [
        "mongo",
        "mysql"
    ],
    "servers": [
        "spring"
    ],
    "num_discos": 1,
    "url": "git://github.com/suhailkhanqbox/movie-spring-angular-.git",
    "gates": [
        "zuul"
    ],
    "structure": {
        "services": [
            {
                "image": "eureka1",
                "dbs": [],
                "image_full": "eureka1",
                "buses": [],
                "servers": [],
                "monitors": [],
                "name": "spring-eureka",
                "gates": [],
                "discos": [
                    "eureka"
                ],
                "depends_on": []
            },
            {
                "image": "API-Gateway-Demo/",
                "dbs": [],
                "image_full": "API-Gateway-Demo/",
                "buses": [],
                "servers": [],
                "monitors": [],
                "name": "spring-zuul",
                "gates": [
                    "gateway"
                ],
                "discos": [],
                "depends_on": []
            },
            {
                "image": "movie-microservice/",
                "dbs": [],
                "image_full": "movie-microservice/",
                "buses": [],
                "servers": [],
                "monitors": [],
                "name": "spring-movie",
                "gates": [],
                "discos": [],
                "depends_on": [
                    "mongo"
                ]
            },
            {
                "image": "usermicroservice/",
                "dbs": [],
                "image_full": "usermicroservice/",
                "buses": [],
                "servers": [],
                "monitors": [],
                "name": "spring-user",
                "gates": [],
                "discos": [],
                "depends_on": [
                    "mysql"
                ]
            },
            {
                "image": "mongo",
                "dbs": [
                    "mongo"
                ],
                "image_full": "mongo:3.4-xenial",
                "buses": [],
                "servers": [],
                "monitors": [],
                "name": "mongo",
                "gates": [],
                "discos": [],
                "depends_on": []
            },
            {
                "image": "config-docker",
                "dbs": [],
                "image_full": "config-docker",
                "buses": [],
                "servers": [],
                "monitors": [],
                "name": "spring-config-server",
                "gates": [],
                "discos": [],
                "depends_on": []
            },
            {
                "image": "mysql",
                "dbs": [
                    "mysql"
                ],
                "image_full": "mysql:latest",
                "buses": [],
                "servers": [],
                "monitors": [],
                "name": "mysql",
                "gates": [],
                "discos": [],
                "depends_on": []
            }
        ],
        "num_services": 7,
        "detected_dbs": {
            "num": 2,
            "names": [
                "mongo",
                "mysql"
            ],
            "services": [
                "mongo",
                "mysql"
            ],
            "shared_dbs": false
        },
        "path": "/docker-compose.yml"
    },
    "num_gates": 1,
    "num_dockers": 5,
    "num_dbs": 2,
    "num_services": 7,
    "langs": [
        "java"
    ],
    "buses": [],
    "num_buses": 0,
    "num_monitors": 0,
    "languages": [
        "java"
    ],
    "dockers": [
        {
            "cmd_keywords": [],
            "cmd": "",
            "gates": [],
            "buses": [],
            "langs": [
                "java"
            ],
            "from": "java",
            "monitors": [],
            "from_full": "java:8-jre",
            "servers": [],
            "path": "/movie-microservice/Dockerfile",
            "dbs": [],
            "keywords": [],
            "discos": []
        },
        {
            "cmd_keywords": [],
            "cmd": "",
            "gates": [],
            "buses": [],
            "langs": [
                "java"
            ],
            "from": "java",
            "monitors": [],
            "from_full": "java:8-jre",
            "servers": [],
            "path": "/spring-eureka-server/Dockerfile",
            "dbs": [],
            "keywords": [],
            "discos": []
        },
        {
            "cmd_keywords": [],
            "cmd": "",
            "gates": [],
            "buses": [],
            "langs": [
                "java"
            ],
            "from": "java",
            "monitors": [],
            "from_full": "java:8-jre",
            "servers": [],
            "path": "/usermicroservice/Dockerfile",
            "dbs": [],
            "keywords": [],
            "discos": []
        },
        {
            "cmd_keywords": [],
            "cmd": "",
            "gates": [],
            "buses": [],
            "langs": [
                "java"
            ],
            "from": "java",
            "monitors": [],
            "from_full": "java:8-jre",
            "servers": [],
            "path": "/configserver/Dockerfile",
            "dbs": [],
            "keywords": [],
            "discos": []
        },
        {
            "cmd_keywords": [],
            "cmd": "",
            "gates": [],
            "buses": [],
            "langs": [
                "java"
            ],
            "from": "java",
            "monitors": [],
            "from_full": "java:8-jre",
            "servers": [],
            "path": "/API-Gateway-Demo/Dockerfile",
            "dbs": [],
            "keywords": [],
            "discos": []
        }
    ],
    "monitors": [],
    "avg_size_service": 94.0,
    "discos": [
        "eureka"
    ],
    "images": [
        "java"
    ]
}