{
    "buses": [],
    "num_servers": 0,
    "languages": [
        "dockerfile",
        "makefile"
    ],
    "dbs": [],
    "num_services": 0,
    "avg_size_service": 3.0,
    "servers": [],
    "structure": {
        "num_services": 0,
        "detected_dbs": {
            "services": [],
            "shared_dbs": false,
            "num": 0,
            "names": []
        },
        "services": [],
        "path": []
    },
    "monitors": [],
    "num_buses": 0,
    "images": [
        "debian"
    ],
    "gates": [],
    "num_gates": 0,
    "num_langs": 3,
    "langs": [
        "gcc",
        "makefile",
        "dockerfile"
    ],
    "url": "git://github.com/SUNET/docker-tpm2.git",
    "num_discos": 0,
    "num_files": 2,
    "files": [],
    "shared_dbs": false,
    "num_monitors": 0,
    "name": "SUNET/docker-tpm2",
    "num_dbs": 0,
    "discos": [],
    "dockers": [
        {
            "langs": [
                "gcc"
            ],
            "dbs": [],
            "path": "/Dockerfile",
            "servers": [],
            "monitors": [],
            "keywords": [
                "install",
                "dev",
                "apt",
                "get",
                "tpm"
            ],
            "cmd": "",
            "buses": [],
            "from_full": "debian:sid",
            "from": "debian",
            "discos": [],
            "cmd_keywords": [],
            "gates": []
        }
    ],
    "num_dockers": 1,
    "size": 3
}