{
    "num_servers": 1,
    "num_gates": 0,
    "num_dockers": 1,
    "num_buses": 0,
    "dockers": [
        {
            "monitors": [],
            "servers": [],
            "buses": [],
            "from_full": "python:3-alpine",
            "discos": [],
            "from": "python",
            "langs": [
                "python"
            ],
            "gates": [],
            "cmd_keywords": [
                "services",
                "python"
            ],
            "cmd": "python services.py",
            "path": "/Dockerfile",
            "dbs": [],
            "keywords": [
                "pip",
                "requirements",
                "txt",
                "install",
                "dir"
            ]
        }
    ],
    "shared_dbs": false,
    "languages": [
        "python"
    ],
    "gates": [],
    "avg_size_service": 545.0,
    "discos": [
        "consul"
    ],
    "num_dbs": 0,
    "monitors": [],
    "servers": [
        "flask"
    ],
    "num_langs": 1,
    "buses": [],
    "structure": {
        "path": [],
        "services": [],
        "detected_dbs": {
            "num": 0,
            "services": [],
            "names": [],
            "shared_dbs": false
        },
        "num_services": 0
    },
    "images": [
        "python"
    ],
    "num_files": 3,
    "num_services": 0,
    "langs": [
        "python"
    ],
    "files": [
        {
            "monitors": [],
            "servers": [
                "flask"
            ],
            "gates": [],
            "buses": [],
            "discos": [
                "consul"
            ],
            "path": "/requirements.txt",
            "dbs": []
        }
    ],
    "url": "git://github.com/swiftops/junit_result_aggregation.git",
    "size": 545,
    "name": "swiftops/junit_result_aggregation",
    "num_discos": 1,
    "num_monitors": 0,
    "dbs": []
}