{
    "avg_size_service": 3.0,
    "buses": [],
    "num_dbs": 1,
    "files": [
        {
            "path": "/services/users/requirements.txt",
            "servers": [
                "flask"
            ],
            "dbs": [],
            "monitors": [],
            "buses": [],
            "discos": [],
            "gates": []
        }
    ],
    "num_dockers": 2,
    "num_langs": 1,
    "num_servers": 1,
    "num_buses": 0,
    "num_discos": 0,
    "gates": [],
    "images": [
        "postgres",
        "python"
    ],
    "size": 6,
    "structure": {
        "path": "/docker-compose.yml",
        "num_services": 2,
        "services": [
            {
                "buses": [],
                "name": "users-db",
                "dbs": [],
                "monitors": [],
                "servers": [],
                "image": "Dockerfile",
                "image_full": "Dockerfile",
                "discos": [],
                "gates": [],
                "depends_on": []
            },
            {
                "buses": [],
                "name": "users",
                "dbs": [],
                "monitors": [],
                "servers": [],
                "image": "Dockerfile",
                "image_full": "Dockerfile",
                "discos": [],
                "gates": [],
                "depends_on": [
                    "users-db"
                ]
            }
        ],
        "detected_dbs": {
            "shared_dbs": false,
            "num": 0,
            "names": [],
            "services": []
        }
    },
    "num_files": 4,
    "servers": [
        "flask"
    ],
    "url": "git://github.com/swmcc/Microservices-with-Docker-Flask-and-React.git",
    "dbs": [
        "postgresql"
    ],
    "monitors": [],
    "dockers": [
        {
            "from_full": "python:3.7.2-alpine",
            "buses": [],
            "dbs": [
                "postgresql"
            ],
            "monitors": [],
            "gates": [],
            "path": "/services/users/Dockerfile",
            "from": "python",
            "cmd": "/usr/src/app/entrypoint.sh",
            "cmd_keywords": [
                "entrypoint",
                "app",
                "usr",
                "src"
            ],
            "servers": [],
            "keywords": [
                "apk",
                "add",
                "dev",
                "entrypoint",
                "gcc"
            ],
            "discos": [],
            "langs": [
                "python"
            ]
        },
        {
            "from_full": "postgres:11.2-alpine",
            "buses": [],
            "dbs": [],
            "monitors": [],
            "gates": [],
            "path": "/services/users/project/db/Dockerfile",
            "from": "postgres",
            "cmd": "",
            "cmd_keywords": [],
            "servers": [],
            "keywords": [],
            "discos": [],
            "langs": []
        }
    ],
    "languages": [
        "python"
    ],
    "num_services": 2,
    "num_gates": 0,
    "name": "swmcc/Microservices-with-Docker-Flask-and-React",
    "shared_dbs": false,
    "langs": [
        "python"
    ],
    "discos": [],
    "num_monitors": 0
}