{
    "dockers": [
        {
            "discos": [],
            "path": "/demo_layout/discovery/src/main/docker/Dockerfile",
            "buses": [],
            "dbs": [],
            "servers": [],
            "langs": [
                "java"
            ],
            "keywords": [
                "bash",
                "touch",
                "app",
                "jar"
            ],
            "monitors": [],
            "from_full": "java:8",
            "from": "java",
            "gates": [],
            "cmd_keywords": [],
            "cmd": ""
        }
    ],
    "num_buses": 0,
    "languages": [
        "shell",
        "java"
    ],
    "discos": [
        "eureka"
    ],
    "name": "syuukawa/springcloud_docker",
    "url": "git://github.com/syuukawa/springcloud_docker.git",
    "gates": [],
    "num_monitors": 0,
    "monitors": [],
    "num_dockers": 1,
    "avg_size_service": 14.0,
    "images": [
        "java"
    ],
    "num_services": 0,
    "num_discos": 1,
    "size": 14,
    "buses": [],
    "dbs": [],
    "servers": [
        "spring"
    ],
    "langs": [
        "java",
        "shell"
    ],
    "structure": {
        "num_services": 0,
        "services": [],
        "detected_dbs": {
            "num": 0,
            "shared_dbs": false,
            "services": [],
            "names": []
        },
        "path": "/demo_layout/docker-compose.yml"
    },
    "shared_dbs": false,
    "num_servers": 1,
    "num_langs": 2,
    "num_gates": 0,
    "num_dbs": 0,
    "files": [
        {
            "monitors": [],
            "discos": [],
            "path": "/demo_layout/pom.xml",
            "buses": [],
            "dbs": [],
            "servers": [
                "spring"
            ],
            "gates": []
        },
        {
            "monitors": [],
            "discos": [
                "eureka"
            ],
            "path": "/demo_layout/discovery/pom.xml",
            "buses": [],
            "dbs": [],
            "servers": [
                "spring"
            ],
            "gates": []
        }
    ],
    "num_files": 4
}