{
    "dbs": [],
    "num_langs": 4,
    "buses": [],
    "monitors": [],
    "num_services": 0,
    "num_dbs": 0,
    "num_servers": 1,
    "discos": [],
    "dockers": [
        {
            "servers": [
                "flask"
            ],
            "buses": [],
            "monitors": [],
            "cmd_keywords": [],
            "from_full": "python:3.7.3-stretch",
            "gates": [],
            "dbs": [],
            "from": "python",
            "cmd": "",
            "discos": [],
            "langs": [
                "python"
            ],
            "path": "/Dockerfile",
            "keywords": [
                "pip",
                "install",
                "pylint",
                "learn",
                "numpy"
            ]
        }
    ],
    "num_files": 3,
    "num_dockers": 1,
    "images": [
        "python"
    ],
    "size": 4103,
    "servers": [
        "flask"
    ],
    "structure": {
        "detected_dbs": {
            "names": [],
            "shared_dbs": false,
            "services": [],
            "num": 0
        },
        "num_services": 0,
        "path": [],
        "services": []
    },
    "num_discos": 0,
    "files": [
        {
            "servers": [
                "flask"
            ],
            "gates": [],
            "dbs": [],
            "buses": [],
            "monitors": [],
            "discos": [],
            "path": "/requirements.txt"
        }
    ],
    "num_monitors": 0,
    "num_buses": 0,
    "num_gates": 0,
    "gates": [],
    "name": "talkdeepak/UdacityProjectMicroService",
    "avg_size_service": 4103.0,
    "url": "git://github.com/talkdeepak/UdacityProjectMicroService.git",
    "shared_dbs": false,
    "langs": [
        "python",
        "shell",
        "makefile",
        "dockerfile"
    ],
    "languages": [
        "python",
        "shell",
        "makefile",
        "dockerfile"
    ]
}