{
    "servers": [],
    "num_dbs": 0,
    "langs": [
        "go",
        "golang"
    ],
    "num_services": 1,
    "num_dockers": 1,
    "num_discos": 0,
    "num_servers": 0,
    "languages": [
        "go"
    ],
    "gates": [],
    "images": [
        "golang"
    ],
    "discos": [],
    "dbs": [],
    "monitors": [],
    "num_langs": 2,
    "name": "TBouder/fizzBuzz-Challenge",
    "buses": [],
    "size": 44,
    "num_buses": 0,
    "num_files": 2,
    "url": "git://github.com/TBouder/fizzBuzz-Challenge.git",
    "dockers": [
        {
            "servers": [],
            "path": "/Dockerfile",
            "from_full": "golang:1.13.3",
            "langs": [
                "golang"
            ],
            "cmd": "",
            "buses": [],
            "keywords": [
                "cgo",
                "goarch",
                "installsuffix",
                "mod",
                "goos"
            ],
            "gates": [],
            "cmd_keywords": [],
            "discos": [],
            "dbs": [],
            "monitors": [],
            "from": "golang"
        }
    ],
    "num_gates": 0,
    "shared_dbs": false,
    "avg_size_service": 44.0,
    "structure": {
        "services": [
            {
                "image_full": ".",
                "servers": [],
                "name": "fizzbuzz",
                "depends_on": [],
                "buses": [],
                "gates": [],
                "discos": [],
                "dbs": [],
                "monitors": [],
                "image": "."
            }
        ],
        "num_services": 1,
        "path": "/docker-compose.yml",
        "detected_dbs": {
            "services": [],
            "names": [],
            "shared_dbs": false,
            "num": 0
        }
    },
    "num_monitors": 0,
    "files": []
}