{
    "size": 472,
    "num_dockers": 0,
    "discos": [],
    "num_files": 1,
    "avg_size_service": 472.0,
    "buses": [],
    "num_gates": 0,
    "langs": [
        "scala"
    ],
    "num_discos": 0,
    "num_monitors": 0,
    "dockers": [],
    "num_dbs": 1,
    "monitors": [],
    "shared_dbs": false,
    "structure": {
        "services": [
            {
                "monitors": [],
                "buses": [],
                "image": "redis",
                "image_full": "redis:5.0.0",
                "discos": [],
                "name": "redis",
                "depends_on": [],
                "dbs": [
                    "redis"
                ],
                "servers": [],
                "gates": []
            },
            {
                "monitors": [],
                "buses": [],
                "image": "elasticsearch",
                "image_full": "elasticsearch:6.4.1",
                "discos": [],
                "name": "elasticsearch",
                "depends_on": [],
                "dbs": [],
                "servers": [],
                "gates": []
            }
        ],
        "detected_dbs": {
            "num": 1,
            "names": [
                "redis"
            ],
            "services": [
                "redis"
            ],
            "shared_dbs": false
        },
        "num_services": 2,
        "path": "/test-framework/scalatest/src/test/resources/docker-compose.yml"
    },
    "num_buses": 0,
    "servers": [],
    "url": "git://github.com/testcontainers/testcontainers-scala.git",
    "num_services": 2,
    "gates": [],
    "files": [],
    "name": "testcontainers/testcontainers-scala",
    "languages": [
        "scala"
    ],
    "images": [],
    "dbs": [
        "redis"
    ],
    "num_servers": 0,
    "num_langs": 1
}