{
    "size": 2029,
    "num_dockers": 7,
    "discos": [],
    "num_files": 68,
    "avg_size_service": 289.85714285714283,
    "buses": [
        "amqp",
        "kafka",
        "rabbitmq",
        "pulsar"
    ],
    "num_gates": 1,
    "langs": [
        "java"
    ],
    "num_discos": 0,
    "num_monitors": 1,
    "dockers": [
        {
            "monitors": [],
            "cmd": "",
            "discos": [],
            "servers": [],
            "cmd_keywords": [],
            "from": "postgres",
            "path": "/core/src/test/resources/Dockerfile",
            "keywords": [],
            "buses": [],
            "langs": [],
            "gates": [],
            "dbs": [],
            "from_full": "postgres"
        },
        {
            "monitors": [],
            "cmd": "/passthrough.sh",
            "discos": [],
            "servers": [],
            "cmd_keywords": [
                "passthrough"
            ],
            "from": "alpine",
            "path": "/core/src/test/resources/compose-dockerfile/Dockerfile",
            "keywords": [],
            "buses": [],
            "langs": [],
            "gates": [],
            "dbs": [],
            "from_full": "alpine:3.2"
        },
        {
            "monitors": [],
            "cmd": "",
            "discos": [],
            "servers": [],
            "cmd_keywords": [],
            "from": "alpine",
            "path": "/core/src/test/resources/dockerfile-build-invalid/Dockerfile",
            "keywords": [],
            "buses": [],
            "langs": [],
            "gates": [],
            "dbs": [],
            "from_full": "alpine:3.2"
        },
        {
            "monitors": [],
            "cmd": "redis-server",
            "discos": [],
            "servers": [],
            "cmd_keywords": [
                "redis",
                "server"
            ],
            "from": "redis",
            "path": "/core/src/test/resources/compose-build-test/Dockerfile",
            "keywords": [],
            "buses": [],
            "langs": [],
            "gates": [],
            "dbs": [
                "redis"
            ],
            "from_full": "redis:2.6.17"
        },
        {
            "monitors": [],
            "cmd": "ping -c 5 www.google.com",
            "discos": [],
            "servers": [],
            "cmd_keywords": [
                "com",
                "google",
                "www",
                "ping"
            ],
            "from": "alpine",
            "path": "/core/src/test/resources/mappable-dockerfile/Dockerfile",
            "keywords": [
                "cat",
                "txt",
                "somefile",
                "test"
            ],
            "buses": [],
            "langs": [],
            "gates": [],
            "dbs": [],
            "from_full": "alpine:3.2"
        },
        {
            "monitors": [],
            "cmd": "",
            "discos": [],
            "servers": [],
            "cmd_keywords": [],
            "from": "alpine",
            "path": "/core/src/test/resources/dockerfile-build-test/Dockerfile",
            "keywords": [],
            "buses": [],
            "langs": [],
            "gates": [],
            "dbs": [],
            "from_full": "alpine:3.2"
        },
        {
            "monitors": [],
            "cmd": "/write_file_and_loop.sh",
            "discos": [],
            "servers": [],
            "cmd_keywords": [
                "write",
                "file",
                "and",
                "loop"
            ],
            "from": "alpine",
            "path": "/core/src/test/resources/health-wait-strategy-dockerfile/Dockerfile",
            "keywords": [
                "write",
                "chmod",
                "file",
                "and",
                "loop"
            ],
            "buses": [],
            "langs": [],
            "gates": [],
            "dbs": [],
            "from_full": "alpine:3.7"
        }
    ],
    "num_dbs": 10,
    "monitors": [
        "influxdb"
    ],
    "shared_dbs": false,
    "structure": {
        "services": [
            {
                "monitors": [],
                "buses": [],
                "image": "python",
                "image_full": "python:3.6",
                "discos": [],
                "name": "docs",
                "depends_on": [],
                "dbs": [],
                "servers": [],
                "gates": []
            }
        ],
        "detected_dbs": {
            "num": 0,
            "names": [],
            "services": [],
            "shared_dbs": false
        },
        "num_services": 1,
        "path": "/docker-compose.yml"
    },
    "num_buses": 4,
    "servers": [
        "glassfish",
        "spring",
        "tomcat",
        "jetty"
    ],
    "url": "git://github.com/testcontainers/testcontainers-java.git",
    "num_services": 1,
    "gates": [
        "nginx"
    ],
    "files": [
        {
            "monitors": [],
            "buses": [],
            "discos": [],
            "gates": [],
            "dbs": [],
            "servers": [],
            "path": "/requirements.txt"
        },
        {
            "monitors": [],
            "buses": [],
            "discos": [],
            "gates": [],
            "dbs": [],
            "servers": [],
            "path": "/build.gradle"
        },
        {
            "monitors": [],
            "buses": [],
            "discos": [],
            "gates": [],
            "dbs": [
                "redis",
                "enterprise"
            ],
            "servers": [],
            "path": "/settings.gradle"
        },
        {
            "monitors": [],
            "buses": [
                "amqp",
                "rabbitmq"
            ],
            "discos": [],
            "gates": [],
            "dbs": [
                "redis",
                "mongodb",
                "mongo"
            ],
            "servers": [
                "glassfish"
            ],
            "path": "/core/build.gradle"
        },
        {
            "monitors": [],
            "buses": [],
            "discos": [],
            "gates": [],
            "dbs": [],
            "servers": [],
            "path": "/docs/examples/spock/redis/build.gradle"
        },
        {
            "monitors": [],
            "buses": [],
            "discos": [],
            "gates": [],
            "dbs": [],
            "servers": [],
            "path": "/docs/examples/junit5/redis/build.gradle"
        },
        {
            "monitors": [],
            "buses": [],
            "discos": [],
            "gates": [],
            "dbs": [],
            "servers": [],
            "path": "/docs/examples/junit4/generic/build.gradle"
        },
        {
            "monitors": [],
            "buses": [],
            "discos": [],
            "gates": [],
            "dbs": [],
            "servers": [],
            "path": "/docs/examples/junit4/redis/build.gradle"
        },
        {
            "monitors": [],
            "buses": [],
            "discos": [],
            "gates": [],
            "dbs": [],
            "servers": [],
            "path": "/bom/build.gradle"
        },
        {
            "monitors": [],
            "buses": [],
            "discos": [],
            "gates": [],
            "dbs": [],
            "servers": [],
            "path": "/test-support/build.gradle"
        },
        {
            "monitors": [],
            "buses": [],
            "discos": [],
            "gates": [],
            "dbs": [],
            "servers": [],
            "path": "/examples/build.gradle"
        },
        {
            "monitors": [],
            "buses": [],
            "discos": [],
            "gates": [],
            "dbs": [
                "redis",
                "mongodb",
                "enterprise"
            ],
            "servers": [
                "spring"
            ],
            "path": "/examples/settings.gradle"
        },
        {
            "monitors": [],
            "buses": [],
            "discos": [],
            "gates": [],
            "dbs": [
                "redis"
            ],
            "servers": [],
            "path": "/examples/disque-job-queue/build.gradle"
        },
        {
            "monitors": [],
            "buses": [],
            "discos": [],
            "gates": [],
            "dbs": [],
            "servers": [
                "spring"
            ],
            "path": "/examples/selenium-container/build.gradle"
        },
        {
            "monitors": [],
            "buses": [],
            "discos": [],
            "gates": [],
            "dbs": [
                "redis",
                "postgresql"
            ],
            "servers": [
                "spring"
            ],
            "path": "/examples/spring-boot/build.gradle"
        },
        {
            "monitors": [],
            "buses": [],
            "discos": [],
            "gates": [],
            "dbs": [
                "redis"
            ],
            "servers": [
                "spring"
            ],
            "path": "/examples/spring-boot-kotlin-redis/build.gradle"
        },
        {
            "monitors": [],
            "buses": [],
            "discos": [],
            "gates": [],
            "dbs": [],
            "servers": [],
            "path": "/examples/mongodb-container/build.gradle"
        },
        {
            "monitors": [],
            "buses": [],
            "discos": [],
            "gates": [],
            "dbs": [],
            "servers": [],
            "path": "/examples/solr-container/build.gradle"
        },
        {
            "monitors": [],
            "buses": [],
            "discos": [],
            "gates": [],
            "dbs": [
                "redis"
            ],
            "servers": [],
            "path": "/examples/redis-backed-cache/build.gradle"
        },
        {
            "monitors": [],
            "buses": [],
            "discos": [],
            "gates": [],
            "dbs": [
                "redis"
            ],
            "servers": [],
            "path": "/examples/redis-backed-cache-testng/build.gradle"
        },
        {
            "monitors": [],
            "buses": [],
            "discos": [],
            "gates": [],
            "dbs": [
                "postgresql"
            ],
            "servers": [],
            "path": "/examples/linked-container/build.gradle"
        },
        {
            "monitors": [],
            "buses": [],
            "discos": [],
            "gates": [],
            "dbs": [
                "redis"
            ],
            "servers": [],
            "path": "/examples/singleton-container/build.gradle"
        },
        {
            "monitors": [],
            "buses": [],
            "discos": [],
            "gates": [],
            "dbs": [],
            "servers": [],
            "path": "/examples/cucumber/build.gradle"
        },
        {
            "monitors": [],
            "buses": [],
            "discos": [],
            "gates": [],
            "dbs": [],
            "servers": [],
            "path": "/modules/build.gradle"
        },
        {
            "monitors": [],
            "buses": [],
            "discos": [],
            "gates": [],
            "dbs": [
                "postgresql",
                "mysql"
            ],
            "servers": [],
            "path": "/modules/spock/build.gradle"
        },
        {
            "monitors": [],
            "buses": [],
            "discos": [],
            "gates": [],
            "dbs": [
                "couchbase"
            ],
            "servers": [],
            "path": "/modules/couchbase/build.gradle"
        },
        {
            "monitors": [],
            "buses": [],
            "discos": [],
            "gates": [
                "nginx"
            ],
            "dbs": [],
            "servers": [
                "jetty"
            ],
            "path": "/modules/selenium/build.gradle"
        },
        {
            "monitors": [],
            "buses": [],
            "discos": [],
            "gates": [],
            "dbs": [
                "redis"
            ],
            "servers": [],
            "path": "/modules/toxiproxy/build.gradle"
        },
        {
            "monitors": [],
            "buses": [],
            "discos": [],
            "gates": [],
            "dbs": [
                "clickhouse"
            ],
            "servers": [],
            "path": "/modules/clickhouse/build.gradle"
        },
        {
            "monitors": [],
            "buses": [],
            "discos": [],
            "gates": [],
            "dbs": [
                "sql"
            ],
            "servers": [],
            "path": "/modules/mssqlserver/build.gradle"
        },
        {
            "monitors": [],
            "buses": [
                "pulsar"
            ],
            "discos": [],
            "gates": [],
            "dbs": [],
            "servers": [],
            "path": "/modules/pulsar/build.gradle"
        },
        {
            "monitors": [],
            "buses": [],
            "discos": [],
            "gates": [
                "nginx"
            ],
            "dbs": [],
            "servers": [],
            "path": "/modules/nginx/build.gradle"
        },
        {
            "monitors": [],
            "buses": [],
            "discos": [],
            "gates": [],
            "dbs": [],
            "servers": [],
            "path": "/modules/presto/build.gradle"
        },
        {
            "monitors": [],
            "buses": [],
            "discos": [],
            "gates": [],
            "dbs": [
                "postgresql",
                "cockroachdb"
            ],
            "servers": [],
            "path": "/modules/cockroachdb/build.gradle"
        },
        {
            "monitors": [],
            "buses": [],
            "discos": [],
            "gates": [],
            "dbs": [],
            "servers": [],
            "path": "/modules/mockserver/build.gradle"
        },
        {
            "monitors": [],
            "buses": [],
            "discos": [],
            "gates": [],
            "dbs": [],
            "servers": [],
            "path": "/modules/db2/build.gradle"
        },
        {
            "monitors": [],
            "buses": [],
            "discos": [],
            "gates": [],
            "dbs": [
                "postgresql"
            ],
            "servers": [],
            "path": "/modules/postgresql/build.gradle"
        },
        {
            "monitors": [],
            "buses": [],
            "discos": [],
            "gates": [],
            "dbs": [
                "mysql"
            ],
            "servers": [
                "tomcat"
            ],
            "path": "/modules/jdbc-test/build.gradle"
        },
        {
            "monitors": [],
            "buses": [],
            "discos": [],
            "gates": [],
            "dbs": [
                "mysql"
            ],
            "servers": [],
            "path": "/modules/mysql/build.gradle"
        },
        {
            "monitors": [],
            "buses": [],
            "discos": [],
            "gates": [],
            "dbs": [],
            "servers": [],
            "path": "/modules/dynalite/build.gradle"
        },
        {
            "monitors": [],
            "buses": [],
            "discos": [],
            "gates": [],
            "dbs": [
                "mariadb"
            ],
            "servers": [],
            "path": "/modules/mariadb/build.gradle"
        },
        {
            "monitors": [],
            "buses": [],
            "discos": [],
            "gates": [],
            "dbs": [],
            "servers": [
                "tomcat"
            ],
            "path": "/modules/jdbc/build.gradle"
        },
        {
            "monitors": [],
            "buses": [],
            "discos": [],
            "gates": [],
            "dbs": [
                "mongodb"
            ],
            "servers": [],
            "path": "/modules/mongodb/build.gradle"
        },
        {
            "monitors": [],
            "buses": [],
            "discos": [],
            "gates": [],
            "dbs": [
                "cassandra"
            ],
            "servers": [],
            "path": "/modules/cassandra/build.gradle"
        },
        {
            "monitors": [],
            "buses": [],
            "discos": [],
            "gates": [],
            "dbs": [],
            "servers": [],
            "path": "/modules/neo4j/build.gradle"
        },
        {
            "monitors": [],
            "buses": [],
            "discos": [],
            "gates": [],
            "dbs": [
                "orientdb"
            ],
            "servers": [],
            "path": "/modules/orientdb/build.gradle"
        },
        {
            "monitors": [],
            "buses": [],
            "discos": [],
            "gates": [],
            "dbs": [],
            "servers": [],
            "path": "/modules/localstack/build.gradle"
        },
        {
            "monitors": [],
            "buses": [],
            "discos": [],
            "gates": [],
            "dbs": [],
            "servers": [],
            "path": "/modules/solr/build.gradle"
        },
        {
            "monitors": [],
            "buses": [
                "kafka"
            ],
            "discos": [],
            "gates": [],
            "dbs": [],
            "servers": [],
            "path": "/modules/kafka/build.gradle"
        },
        {
            "monitors": [],
            "buses": [
                "amqp",
                "rabbitmq"
            ],
            "discos": [],
            "gates": [],
            "dbs": [],
            "servers": [],
            "path": "/modules/rabbitmq/build.gradle"
        },
        {
            "monitors": [],
            "buses": [],
            "discos": [],
            "gates": [],
            "dbs": [
                "postgresql",
                "mysql",
                "redis"
            ],
            "servers": [],
            "path": "/modules/junit-jupiter/build.gradle"
        },
        {
            "monitors": [],
            "buses": [],
            "discos": [],
            "gates": [],
            "dbs": [],
            "servers": [],
            "path": "/modules/elasticsearch/build.gradle"
        },
        {
            "monitors": [],
            "buses": [],
            "discos": [],
            "gates": [],
            "dbs": [
                "postgresql"
            ],
            "servers": [],
            "path": "/modules/r2dbc/build.gradle"
        },
        {
            "monitors": [],
            "buses": [],
            "discos": [],
            "gates": [],
            "dbs": [
                "oracle"
            ],
            "servers": [],
            "path": "/modules/oracle-xe/build.gradle"
        },
        {
            "monitors": [],
            "buses": [],
            "discos": [],
            "gates": [],
            "dbs": [],
            "servers": [],
            "path": "/modules/vault/build.gradle"
        },
        {
            "monitors": [],
            "buses": [],
            "discos": [],
            "gates": [],
            "dbs": [],
            "servers": [],
            "path": "/modules/database-commons/build.gradle"
        },
        {
            "monitors": [
                "influxdb"
            ],
            "buses": [],
            "discos": [],
            "gates": [],
            "dbs": [],
            "servers": [],
            "path": "/modules/influxdb/build.gradle"
        },
        {
            "monitors": [],
            "buses": [],
            "discos": [],
            "gates": [],
            "dbs": [],
            "servers": [],
            "path": "/gradle/ci-support.gradle"
        },
        {
            "monitors": [],
            "buses": [],
            "discos": [],
            "gates": [],
            "dbs": [],
            "servers": [],
            "path": "/gradle/publishing.gradle"
        },
        {
            "monitors": [],
            "buses": [],
            "discos": [],
            "gates": [],
            "dbs": [],
            "servers": [],
            "path": "/gradle/bintray.gradle"
        }
    ],
    "name": "testcontainers/testcontainers-java",
    "languages": [
        "java"
    ],
    "images": [
        "redis",
        "postgres",
        "alpine"
    ],
    "dbs": [
        "couchbase",
        "clickhouse",
        "mongo",
        "enterprise",
        "oracle",
        "redis",
        "sql",
        "postgresql",
        "mysql",
        "cassandra"
    ],
    "num_servers": 4,
    "num_langs": 1
}