{
    "size": 534,
    "avg_size_service": 106.8,
    "name": "ThE-MaRaC/microservices-groovy",
    "languages": [
        "groovy",
        "dockerfile"
    ],
    "servers": [
        "spring"
    ],
    "num_dbs": 0,
    "images": [
        "openjdk"
    ],
    "structure": {
        "path": "/docker-compose.yml",
        "num_services": 7,
        "services": [
            {
                "depends_on": [
                    "config-server"
                ],
                "image_full": "mariobros/user-management-service:0.0.2-SNAPSHOT",
                "monitors": [],
                "name": "user-management-service",
                "image": "mariobros/user-management-service",
                "servers": [],
                "buses": [],
                "dbs": [],
                "gates": [],
                "discos": []
            },
            {
                "depends_on": [],
                "image_full": "mariobros/eureka-discovery-service:0.0.2-SNAPSHOT",
                "monitors": [],
                "name": "eureka-discovery-service",
                "image": "mariobros/eureka-discovery-service",
                "servers": [],
                "buses": [],
                "dbs": [],
                "gates": [],
                "discos": [
                    "eureka"
                ]
            },
            {
                "depends_on": [
                    "config-server"
                ],
                "image_full": "mariobros/admin-server:0.0.2-SNAPSHOT",
                "monitors": [],
                "name": "admin-server",
                "image": "mariobros/admin-server",
                "servers": [],
                "buses": [],
                "dbs": [],
                "gates": [],
                "discos": []
            },
            {
                "depends_on": [
                    "eureka-discovery-service"
                ],
                "image_full": "mariobros/config-server:0.0.2-SNAPSHOT",
                "monitors": [],
                "name": "config-server",
                "image": "mariobros/config-server",
                "servers": [],
                "buses": [],
                "dbs": [],
                "gates": [],
                "discos": []
            },
            {
                "depends_on": [
                    "zuul-gateway-service"
                ],
                "image_full": "mariobros/react-client:0.0.1-SNAPSHOT",
                "monitors": [],
                "name": "react-client",
                "image": "mariobros/react-client",
                "servers": [],
                "buses": [],
                "dbs": [],
                "gates": [],
                "discos": []
            },
            {
                "depends_on": [
                    "zuul-gateway-service"
                ],
                "image_full": "mariobros/angular-client:0.0.1-SNAPSHOT",
                "monitors": [],
                "name": "angular-client",
                "image": "mariobros/angular-client",
                "servers": [],
                "buses": [],
                "dbs": [],
                "gates": [],
                "discos": []
            },
            {
                "depends_on": [
                    "config-server"
                ],
                "image_full": "mariobros/zuul-gateway-service:0.0.2-SNAPSHOT",
                "monitors": [],
                "name": "zuul-gateway-service",
                "image": "mariobros/zuul-gateway-service",
                "servers": [],
                "buses": [],
                "dbs": [],
                "gates": [
                    "zuul"
                ],
                "discos": []
            }
        ],
        "detected_dbs": {
            "services": [],
            "names": [],
            "shared_dbs": false,
            "num": 0
        }
    },
    "num_dockers": 5,
    "num_buses": 0,
    "num_services": 7,
    "dockers": [
        {
            "path": "/user-management-service/Dockerfile",
            "from": "openjdk",
            "langs": [],
            "cmd": "",
            "servers": [],
            "from_full": "openjdk:8-jre",
            "keywords": [],
            "cmd_keywords": [],
            "monitors": [],
            "buses": [],
            "dbs": [],
            "gates": [],
            "discos": []
        },
        {
            "path": "/config-server/Dockerfile",
            "from": "openjdk",
            "langs": [],
            "cmd": "",
            "servers": [],
            "from_full": "openjdk:8-jre",
            "keywords": [],
            "cmd_keywords": [],
            "monitors": [],
            "buses": [],
            "dbs": [],
            "gates": [],
            "discos": []
        },
        {
            "path": "/zuul-gateway-service/Dockerfile",
            "from": "openjdk",
            "langs": [],
            "cmd": "",
            "servers": [],
            "from_full": "openjdk:8-jre",
            "keywords": [],
            "cmd_keywords": [],
            "monitors": [],
            "buses": [],
            "dbs": [],
            "gates": [],
            "discos": []
        },
        {
            "path": "/admin-server/Dockerfile",
            "from": "openjdk",
            "langs": [],
            "cmd": "",
            "servers": [],
            "from_full": "openjdk:8-jre",
            "keywords": [],
            "cmd_keywords": [],
            "monitors": [],
            "buses": [],
            "dbs": [],
            "gates": [],
            "discos": []
        },
        {
            "path": "/eureka-discovery-service/Dockerfile",
            "from": "openjdk",
            "langs": [],
            "cmd": "",
            "servers": [],
            "from_full": "openjdk:8-jre",
            "keywords": [],
            "cmd_keywords": [],
            "monitors": [],
            "buses": [],
            "dbs": [],
            "gates": [],
            "discos": []
        }
    ],
    "num_langs": 2,
    "langs": [
        "dockerfile",
        "groovy"
    ],
    "discos": [
        "eureka"
    ],
    "num_gates": 1,
    "num_monitors": 0,
    "num_files": 12,
    "files": [
        {
            "path": "/pom.xml",
            "monitors": [],
            "dbs": [],
            "buses": [],
            "servers": [],
            "gates": [
                "zuul",
                "gateway"
            ],
            "discos": [
                "eureka"
            ]
        },
        {
            "path": "/user-management-service/pom.xml",
            "monitors": [],
            "dbs": [],
            "buses": [],
            "servers": [
                "spring"
            ],
            "gates": [],
            "discos": [
                "eureka"
            ]
        },
        {
            "path": "/config-server/pom.xml",
            "monitors": [],
            "dbs": [],
            "buses": [],
            "servers": [
                "spring"
            ],
            "gates": [],
            "discos": [
                "eureka"
            ]
        },
        {
            "path": "/zuul-gateway-service/pom.xml",
            "monitors": [],
            "dbs": [],
            "buses": [],
            "servers": [
                "spring"
            ],
            "gates": [
                "zuul",
                "gateway"
            ],
            "discos": [
                "eureka"
            ]
        },
        {
            "path": "/admin-server/pom.xml",
            "monitors": [],
            "dbs": [],
            "buses": [],
            "servers": [
                "spring"
            ],
            "gates": [],
            "discos": [
                "eureka"
            ]
        },
        {
            "path": "/eureka-discovery-service/pom.xml",
            "monitors": [],
            "dbs": [],
            "buses": [],
            "servers": [
                "spring"
            ],
            "gates": [],
            "discos": [
                "eureka"
            ]
        }
    ],
    "shared_dbs": false,
    "monitors": [],
    "num_servers": 1,
    "url": "git://github.com/ThE-MaRaC/microservices-groovy.git",
    "dbs": [],
    "num_discos": 1,
    "gates": [
        "zuul"
    ],
    "buses": []
}