{
    "discos": [],
    "avg_size_service": 5.0,
    "buses": [],
    "num_gates": 0,
    "name": "theasp/docker-novnc",
    "structure": {
        "path": "/docker-compose.yml",
        "services": [
            {
                "name": "ide",
                "dbs": [],
                "depends_on": [
                    "novnc"
                ],
                "discos": [],
                "image_full": "psharkey/intellij:latest",
                "image": "psharkey/intellij",
                "servers": [],
                "buses": [],
                "monitors": [],
                "gates": []
            },
            {
                "name": "novnc",
                "dbs": [],
                "depends_on": [],
                "discos": [],
                "image_full": "theasp/novnc:latest",
                "image": "theasp/novnc",
                "servers": [],
                "buses": [],
                "monitors": [],
                "gates": []
            }
        ],
        "detected_dbs": {
            "names": [],
            "num": 0,
            "shared_dbs": false,
            "services": []
        },
        "num_services": 2
    },
    "dbs": [],
    "dockers": [
        {
            "langs": [
                "bash"
            ],
            "cmd_keywords": [
                "entrypoint",
                "app"
            ],
            "from_full": "debian:buster",
            "buses": [],
            "monitors": [],
            "from": "debian",
            "keywords": [
                "apt",
                "get",
                "xterm",
                "bash",
                "novnc"
            ],
            "gates": [],
            "path": "/Dockerfile",
            "dbs": [],
            "discos": [],
            "cmd": "/app/entrypoint.sh",
            "servers": []
        }
    ],
    "gates": [],
    "size": 5,
    "num_monitors": 0,
    "images": [
        "debian"
    ],
    "num_buses": 0,
    "num_services": 2,
    "servers": [],
    "shared_dbs": false,
    "monitors": [],
    "num_discos": 0,
    "languages": [
        "dockerfile",
        "shell"
    ],
    "url": "git://github.com/theasp/docker-novnc.git",
    "langs": [
        "dockerfile",
        "bash",
        "shell"
    ],
    "num_dbs": 0,
    "num_servers": 0,
    "num_langs": 3,
    "files": [],
    "num_dockers": 1,
    "num_files": 2
}