{
    "dbs": [],
    "num_dbs": 0,
    "shared_dbs": false,
    "name": "TheMicroservicesAgency/msa-image-ruby",
    "num_buses": 0,
    "num_monitors": 0,
    "monitors": [],
    "langs": [
        "ruby",
        "dockerfile"
    ],
    "gates": [
        "nginx"
    ],
    "size": 22,
    "languages": [
        "dockerfile"
    ],
    "num_langs": 2,
    "structure": {
        "path": [],
        "services": [],
        "detected_dbs": {
            "services": [],
            "names": [],
            "shared_dbs": false,
            "num": 0
        },
        "num_services": 0
    },
    "servers": [],
    "num_servers": 0,
    "num_files": 2,
    "images": [
        "alpine"
    ],
    "buses": [],
    "avg_size_service": 22.0,
    "num_services": 0,
    "files": [],
    "num_dockers": 1,
    "dockers": [
        {
            "cmd": "",
            "dbs": [],
            "buses": [],
            "servers": [],
            "from_full": "alpine:3.4",
            "path": "/Dockerfile",
            "from": "alpine",
            "monitors": [],
            "langs": [
                "ruby"
            ],
            "gates": [
                "nginx"
            ],
            "cmd_keywords": [],
            "discos": [],
            "keywords": [
                "nginx",
                "http",
                "module",
                "usr",
                "dev"
            ]
        }
    ],
    "num_discos": 0,
    "discos": [],
    "num_gates": 1,
    "url": "git://github.com/TheMicroservicesAgency/msa-image-ruby.git"
}