{
    "avg_size_service": 8.5,
    "buses": [],
    "num_dbs": 0,
    "files": [
        {
            "path": "/app/requirements.txt",
            "servers": [
                "flask"
            ],
            "dbs": [],
            "monitors": [],
            "buses": [],
            "discos": [],
            "gates": []
        }
    ],
    "num_dockers": 2,
    "num_langs": 3,
    "num_servers": 1,
    "num_buses": 0,
    "num_discos": 1,
    "gates": [
        "gateway"
    ],
    "images": [
        "envoyproxy/envoy"
    ],
    "size": 17,
    "structure": {
        "path": "/docker-compose.yml",
        "num_services": 2,
        "services": [
            {
                "buses": [],
                "name": "front-envoy",
                "dbs": [],
                "monitors": [],
                "servers": [],
                "image": "gateway/Dockerfile",
                "image_full": "gateway/Dockerfile",
                "discos": [],
                "gates": [
                    "gateway"
                ],
                "depends_on": []
            },
            {
                "buses": [],
                "name": "app",
                "dbs": [],
                "monitors": [],
                "servers": [],
                "image": "Dockerfile",
                "image_full": "Dockerfile",
                "discos": [],
                "gates": [],
                "depends_on": []
            }
        ],
        "detected_dbs": {
            "shared_dbs": false,
            "num": 0,
            "names": [],
            "services": []
        }
    },
    "num_files": 4,
    "servers": [
        "flask"
    ],
    "url": "git://github.com/theodesp/flask-envoy-docker-microservice.git",
    "dbs": [],
    "monitors": [],
    "dockers": [
        {
            "from_full": "envoyproxy/envoy:latest",
            "buses": [],
            "dbs": [],
            "monitors": [],
            "gates": [],
            "path": "/gateway/Dockerfile",
            "from": "envoyproxy/envoy",
            "cmd": "/usr/local/bin/envoy -c /etc/front-proxy-envoy.json --service-cluster front-proxy",
            "cmd_keywords": [
                "front",
                "envoy",
                "proxy",
                "local",
                "usr"
            ],
            "servers": [],
            "keywords": [
                "get",
                "apt",
                "install",
                "curl",
                "update"
            ],
            "discos": [
                "envoy"
            ],
            "langs": []
        },
        {
            "from_full": "envoyproxy/envoy:latest",
            "buses": [],
            "dbs": [],
            "monitors": [],
            "gates": [],
            "path": "/app/Dockerfile",
            "from": "envoyproxy/envoy",
            "cmd": "",
            "cmd_keywords": [],
            "servers": [],
            "keywords": [
                "apt",
                "get",
                "python",
                "install",
                "pip"
            ],
            "discos": [
                "envoy"
            ],
            "langs": [
                "python"
            ]
        }
    ],
    "languages": [
        "python",
        "shell",
        "dockerfile"
    ],
    "num_services": 2,
    "num_gates": 1,
    "name": "theodesp/flask-envoy-docker-microservice",
    "shared_dbs": false,
    "langs": [
        "python",
        "shell",
        "dockerfile"
    ],
    "discos": [
        "envoy"
    ],
    "num_monitors": 0
}