{
    "size": 1983,
    "num_servers": 3,
    "dbs": [
        "mongo",
        "max"
    ],
    "files": [
        {
            "path": "/trucks_Manager/trucks-api-server/package.json",
            "gates": [],
            "servers": [
                "node",
                "mongoose",
                "express"
            ],
            "buses": [],
            "discos": [],
            "dbs": [
                "max"
            ],
            "monitors": []
        },
        {
            "path": "/trucks_Manager/microservice-ia/package.json",
            "gates": [],
            "servers": [
                "node",
                "mongoose",
                "express"
            ],
            "buses": [],
            "discos": [],
            "dbs": [],
            "monitors": []
        },
        {
            "path": "/trucks_Manager/microservice-finance/package.json",
            "gates": [],
            "servers": [
                "node",
                "mongoose"
            ],
            "buses": [],
            "discos": [],
            "dbs": [
                "max"
            ],
            "monitors": []
        },
        {
            "path": "/front-trucks/package.json",
            "gates": [],
            "servers": [
                "node"
            ],
            "buses": [],
            "discos": [],
            "dbs": [],
            "monitors": []
        }
    ],
    "structure": {
        "num_services": 4,
        "services": [
            {
                "name": "finance",
                "image": "./microservice-finance",
                "depends_on": [
                    "db",
                    "ia"
                ],
                "buses": [],
                "gates": [],
                "servers": [],
                "image_full": "./microservice-finance",
                "discos": [],
                "dbs": [],
                "monitors": []
            },
            {
                "name": "ia",
                "image": "./microservice-ia",
                "depends_on": [
                    "db"
                ],
                "buses": [],
                "gates": [],
                "servers": [],
                "image_full": "./microservice-ia",
                "discos": [],
                "dbs": [],
                "monitors": []
            },
            {
                "name": "api",
                "image": "./trucks-api-server",
                "depends_on": [
                    "db"
                ],
                "buses": [],
                "gates": [],
                "servers": [],
                "image_full": "./trucks-api-server",
                "discos": [],
                "dbs": [],
                "monitors": []
            },
            {
                "name": "db",
                "image": "mongo",
                "depends_on": [],
                "buses": [],
                "gates": [],
                "servers": [],
                "image_full": "mongo",
                "discos": [],
                "dbs": [
                    "mongo"
                ],
                "monitors": []
            }
        ],
        "path": "/trucks_Manager/docker-compose.yml",
        "detected_dbs": {
            "num": 1,
            "names": [
                "mongo"
            ],
            "shared_dbs": true,
            "services": [
                "db"
            ]
        }
    },
    "buses": [],
    "images": [
        "mhart/alpine-node"
    ],
    "num_discos": 0,
    "url": "git://github.com/TheoYounes/trucks-api.git",
    "num_services": 4,
    "langs": [
        "html",
        "javascript"
    ],
    "discos": [],
    "num_gates": 0,
    "shared_dbs": true,
    "num_files": 8,
    "num_monitors": 0,
    "gates": [],
    "servers": [
        "node",
        "mongoose",
        "express"
    ],
    "num_langs": 2,
    "languages": [
        "javascript",
        "html"
    ],
    "monitors": [],
    "name": "TheoYounes/trucks-api",
    "num_buses": 0,
    "avg_size_service": 661.0,
    "dockers": [
        {
            "path": "/trucks_Manager/trucks-api-server/Dockerfile",
            "gates": [],
            "servers": [
                "node"
            ],
            "langs": [],
            "cmd": "yarn start",
            "keywords": [
                "install",
                "yarn"
            ],
            "from": "mhart/alpine-node",
            "buses": [],
            "from_full": "mhart/alpine-node",
            "discos": [],
            "dbs": [],
            "monitors": [],
            "cmd_keywords": [
                "yarn",
                "start"
            ]
        },
        {
            "path": "/trucks_Manager/microservice-ia/Dockerfile",
            "gates": [],
            "servers": [
                "node"
            ],
            "langs": [],
            "cmd": "yarn start",
            "keywords": [
                "yarn"
            ],
            "from": "mhart/alpine-node",
            "buses": [],
            "from_full": "mhart/alpine-node",
            "discos": [],
            "dbs": [],
            "monitors": [],
            "cmd_keywords": [
                "yarn",
                "start"
            ]
        },
        {
            "path": "/trucks_Manager/microservice-finance/Dockerfile",
            "gates": [],
            "servers": [
                "node"
            ],
            "langs": [],
            "cmd": "yarn start",
            "keywords": [
                "yarn"
            ],
            "from": "mhart/alpine-node",
            "buses": [],
            "from_full": "mhart/alpine-node",
            "discos": [],
            "dbs": [],
            "monitors": [],
            "cmd_keywords": [
                "yarn",
                "start"
            ]
        }
    ],
    "num_dbs": 2,
    "num_dockers": 3
}