{
    "dbs": [],
    "name": "thiagoboeker/Chat-Message-Microservice-Using-Docker-gRPC",
    "num_langs": 3,
    "languages": [
        "go",
        "dockerfile"
    ],
    "shared_dbs": false,
    "servers": [],
    "langs": [
        "go",
        "golang",
        "dockerfile"
    ],
    "dockers": [
        {
            "buses": [],
            "dbs": [],
            "servers": [],
            "monitors": [],
            "cmd_keywords": [
                "server"
            ],
            "discos": [
                "grpc"
            ],
            "cmd": "server",
            "path": "/Dockerfile",
            "from_full": "golang:1.9",
            "gates": [],
            "from": "golang",
            "langs": [
                "golang"
            ],
            "keywords": [
                "protoc",
                "golang",
                "get",
                "github",
                "grpc"
            ]
        }
    ],
    "gates": [],
    "size": 4593,
    "num_dockers": 1,
    "num_discos": 1,
    "num_buses": 0,
    "buses": [],
    "images": [
        "golang"
    ],
    "num_servers": 0,
    "num_services": 0,
    "monitors": [],
    "structure": {
        "services": [],
        "num_services": 0,
        "detected_dbs": {
            "num": 0,
            "shared_dbs": false,
            "names": [],
            "services": []
        },
        "path": []
    },
    "discos": [
        "grpc"
    ],
    "num_files": 2,
    "num_dbs": 0,
    "num_monitors": 0,
    "num_gates": 0,
    "url": "git://github.com/thiagoboeker/Chat-Message-Microservice-Using-Docker-gRPC.git",
    "avg_size_service": 4593.0,
    "files": []
}