{
    "discos": [],
    "avg_size_service": 252.0,
    "buses": [],
    "num_gates": 0,
    "name": "TIBCOSoftware/js-docker",
    "structure": {
        "path": "/docker-compose.yml",
        "services": [
            {
                "name": "jasperserver-pro",
                "dbs": [],
                "depends_on": [
                    "jasperserver-pro-cmdline",
                    "jasperserver_pro_repository"
                ],
                "discos": [],
                "image_full": "${IMAGE_REPOSITORY}${JASPERREPORTS_SERVER_APP_IMAGE_NAME}:${JASPERREPORTS_SERVER_IMAGE_TAG}",
                "image": "${IMAGE_REPOSITORY}${JASPERREPORTS_SERVER_APP_IMAGE_NAME}",
                "servers": [],
                "buses": [],
                "monitors": [],
                "gates": []
            },
            {
                "name": "jasperserver-pro-cmdline",
                "dbs": [],
                "depends_on": [
                    "jasperserver_pro_repository"
                ],
                "discos": [],
                "image_full": "${IMAGE_REPOSITORY}${JASPERREPORTS_SERVER_CMDLINE_IMAGE_NAME}:${JASPERREPORTS_SERVER_IMAGE_TAG}",
                "image": "${IMAGE_REPOSITORY}${JASPERREPORTS_SERVER_CMDLINE_IMAGE_NAME}",
                "servers": [],
                "buses": [],
                "monitors": [],
                "gates": []
            },
            {
                "name": "jasperserver_pro_repository",
                "dbs": [],
                "depends_on": [],
                "discos": [],
                "image_full": "postgres:10",
                "image": "postgres",
                "servers": [],
                "buses": [],
                "monitors": [],
                "gates": []
            }
        ],
        "detected_dbs": {
            "names": [],
            "num": 0,
            "shared_dbs": false,
            "services": []
        },
        "num_services": 3
    },
    "dbs": [
        "postgresql"
    ],
    "dockers": [
        {
            "langs": [
                "java"
            ],
            "cmd_keywords": [
                "run"
            ],
            "from_full": "${TOMCAT_BASE_IMAGE}",
            "buses": [],
            "monitors": [],
            "from": "${TOMCAT_BASE_IMAGE}",
            "keywords": [
                "connector",
                "type",
                "ssl",
                "attr",
                "insert"
            ],
            "gates": [],
            "path": "/Dockerfile",
            "dbs": [
                "postgresql"
            ],
            "discos": [],
            "cmd": "run",
            "servers": [
                "tomcat"
            ]
        }
    ],
    "gates": [],
    "size": 252,
    "num_monitors": 0,
    "images": [
        "${TOMCAT_BASE_IMAGE}"
    ],
    "num_buses": 0,
    "num_services": 3,
    "servers": [
        "tomcat"
    ],
    "shared_dbs": false,
    "monitors": [],
    "num_discos": 0,
    "languages": [
        "shell",
        "batchfile"
    ],
    "url": "git://github.com/TIBCOSoftware/js-docker.git",
    "langs": [
        "batchfile",
        "java",
        "shell"
    ],
    "num_dbs": 1,
    "num_servers": 1,
    "num_langs": 3,
    "files": [],
    "num_dockers": 1,
    "num_files": 2
}