{
    "dbs": [],
    "num_langs": 1,
    "buses": [
        "nats"
    ],
    "monitors": [],
    "num_services": 0,
    "num_dbs": 0,
    "num_servers": 2,
    "discos": [],
    "dockers": [],
    "num_files": 2,
    "num_dockers": 0,
    "images": [],
    "size": 74,
    "servers": [
        "express",
        "node"
    ],
    "structure": {
        "detected_dbs": {
            "names": [],
            "shared_dbs": false,
            "services": [],
            "num": 0
        },
        "num_services": 0,
        "path": [],
        "services": []
    },
    "num_discos": 0,
    "files": [
        {
            "servers": [
                "express",
                "node"
            ],
            "gates": [],
            "dbs": [],
            "buses": [
                "nats"
            ],
            "monitors": [],
            "discos": [],
            "path": "/package.json"
        }
    ],
    "num_monitors": 0,
    "num_buses": 1,
    "num_gates": 0,
    "gates": [],
    "name": "tientham/microservices-ticketing-common",
    "avg_size_service": 74.0,
    "url": "git://github.com/tientham/microservices-ticketing-common.git",
    "shared_dbs": false,
    "langs": [
        "typescript"
    ],
    "languages": [
        "typescript"
    ]
}