{
    "buses": [],
    "num_langs": 2,
    "dbs": [],
    "languages": [
        "java",
        "dockerfile"
    ],
    "files": [
        {
            "servers": [
                "spring"
            ],
            "buses": [],
            "monitors": [],
            "path": "/pom.xml",
            "dbs": [],
            "discos": [],
            "gates": []
        }
    ],
    "size": 67,
    "name": "totbotuser/docker-springboot-demo",
    "num_servers": 1,
    "structure": {
        "num_services": 0,
        "services": [],
        "path": [],
        "detected_dbs": {
            "names": [],
            "num": 0,
            "services": [],
            "shared_dbs": false
        }
    },
    "shared_dbs": false,
    "num_services": 0,
    "num_dbs": 0,
    "discos": [],
    "gates": [],
    "servers": [
        "spring"
    ],
    "images": [
        "openjdk"
    ],
    "num_gates": 0,
    "num_buses": 0,
    "dockers": [
        {
            "servers": [],
            "buses": [],
            "dbs": [],
            "keywords": [],
            "from_full": "openjdk:8",
            "monitors": [],
            "langs": [],
            "from": "openjdk",
            "discos": [],
            "gates": [],
            "cmd": "",
            "cmd_keywords": [],
            "path": "/Dockerfile"
        }
    ],
    "num_discos": 0,
    "num_dockers": 1,
    "monitors": [],
    "url": "git://github.com/totbotuser/docker-springboot-demo.git",
    "langs": [
        "java",
        "dockerfile"
    ],
    "num_files": 3,
    "num_monitors": 0,
    "avg_size_service": 67.0
}