{
    "buses": [],
    "avg_size_service": 10.833333333333334,
    "num_dbs": 0,
    "num_services": 2,
    "langs": [
        "dockerfile",
        "makefile",
        "hcl",
        "go",
        "bash"
    ],
    "num_langs": 5,
    "structure": {
        "path": "/003_docker_compose_merge/docker-compose.yml",
        "services": [
            {
                "buses": [],
                "discos": [],
                "depends_on": [],
                "image_full": "alpine:3.11.6",
                "name": "bar",
                "dbs": [],
                "servers": [],
                "image": "alpine",
                "gates": [],
                "monitors": []
            },
            {
                "buses": [],
                "discos": [],
                "depends_on": [],
                "image_full": "alpine:3.11.6",
                "name": "baz",
                "dbs": [],
                "servers": [],
                "image": "alpine",
                "gates": [],
                "monitors": []
            }
        ],
        "detected_dbs": {
            "shared_dbs": false,
            "names": [],
            "num": 0,
            "services": []
        },
        "num_services": 2
    },
    "shared_dbs": false,
    "num_buses": 0,
    "dockers": [
        {
            "buses": [],
            "from_full": "alpine:3.11.6",
            "cmd": "./server",
            "from": "alpine",
            "path": "/001_haproxy_scaling_containers/server/Dockerfile",
            "langs": [],
            "monitors": [],
            "cmd_keywords": [
                "server"
            ],
            "discos": [],
            "keywords": [
                "cgo",
                "linux",
                "goos",
                "installsuffix",
                "enabled"
            ],
            "dbs": [],
            "gates": [],
            "servers": []
        },
        {
            "buses": [],
            "from_full": "alpine:3.11.6",
            "cmd": "./server",
            "from": "alpine",
            "path": "/002_nginx_scaling_containers/server/Dockerfile",
            "langs": [],
            "monitors": [],
            "cmd_keywords": [
                "server"
            ],
            "discos": [],
            "keywords": [
                "cgo",
                "linux",
                "goos",
                "installsuffix",
                "enabled"
            ],
            "dbs": [],
            "gates": [],
            "servers": []
        },
        {
            "buses": [],
            "from_full": "alpine:3.11.6",
            "cmd": "./server",
            "from": "alpine",
            "path": "/005_haproxy_grpc_load_balancing/gateway/Dockerfile",
            "langs": [],
            "monitors": [],
            "cmd_keywords": [
                "server"
            ],
            "discos": [],
            "keywords": [
                "module",
                "cgo",
                "linux",
                "mod",
                "build"
            ],
            "dbs": [],
            "gates": [],
            "servers": []
        },
        {
            "buses": [],
            "from_full": "alpine:3.11.6",
            "keywords": [
                "module",
                "cgo",
                "linux",
                "mod",
                "build"
            ],
            "from": "alpine",
            "path": "/005_haproxy_grpc_load_balancing/resource/Dockerfile",
            "langs": [],
            "monitors": [],
            "cmd_keywords": [
                "server"
            ],
            "discos": [],
            "cmd": "./server",
            "dbs": [],
            "gates": [],
            "servers": []
        },
        {
            "buses": [],
            "from_full": "alpine:3.11.6",
            "keywords": [
                "secret",
                "cgo",
                "main",
                "cat",
                "github"
            ],
            "from": "alpine",
            "path": "/004_docker_buildkit/buildkit/Dockerfile",
            "langs": [],
            "monitors": [],
            "cmd_keywords": [
                "app"
            ],
            "discos": [],
            "cmd": "./app",
            "dbs": [],
            "gates": [],
            "servers": []
        },
        {
            "buses": [],
            "from_full": "base",
            "cmd": "-f /root/Procfile start",
            "from": "base",
            "path": "/007_hashicorp_docker_compose/Dockerfile",
            "langs": [
                "bash"
            ],
            "monitors": [],
            "cmd_keywords": [
                "root",
                "procfile",
                "start"
            ],
            "discos": [
                "consul"
            ],
            "keywords": [
                "zip",
                "bin",
                "tmp",
                "yum",
                "unzip"
            ],
            "dbs": [],
            "gates": [],
            "servers": []
        }
    ],
    "dbs": [],
    "languages": [
        "go",
        "dockerfile",
        "hcl",
        "makefile"
    ],
    "gates": [],
    "servers": [],
    "num_gates": 0,
    "name": "tranngoclam/ops-lab",
    "num_monitors": 0,
    "monitors": [],
    "discos": [
        "consul"
    ],
    "files": [],
    "size": 65,
    "num_dockers": 6,
    "num_files": 7,
    "url": "git://github.com/tranngoclam/ops-lab.git",
    "num_servers": 0,
    "images": [
        "base",
        "alpine"
    ],
    "num_discos": 1
}