{
    "discos": [],
    "avg_size_service": 134.0,
    "buses": [],
    "num_gates": 0,
    "name": "tttapa/VSCode-Docker-Cpp",
    "structure": {
        "path": [],
        "services": [],
        "detected_dbs": {
            "names": [],
            "num": 0,
            "shared_dbs": false,
            "services": []
        },
        "num_services": 0
    },
    "dbs": [],
    "dockers": [
        {
            "langs": [
                "gcc"
            ],
            "cmd_keywords": [],
            "from_full": "ubuntu:latest",
            "buses": [],
            "monitors": [],
            "from": "ubuntu",
            "keywords": [
                "bin",
                "usr",
                "update",
                "install",
                "gcc"
            ],
            "gates": [],
            "path": "/Dockerfile",
            "dbs": [],
            "discos": [],
            "cmd": "",
            "servers": []
        }
    ],
    "gates": [],
    "size": 134,
    "num_monitors": 0,
    "images": [
        "ubuntu"
    ],
    "num_buses": 0,
    "num_services": 0,
    "servers": [],
    "shared_dbs": false,
    "monitors": [],
    "num_discos": 0,
    "languages": [
        "cmake",
        "c++",
        "dockerfile"
    ],
    "url": "git://github.com/tttapa/VSCode-Docker-Cpp.git",
    "langs": [
        "cmake",
        "gcc",
        "dockerfile",
        "c++"
    ],
    "num_dbs": 0,
    "num_servers": 0,
    "num_langs": 4,
    "files": [],
    "num_dockers": 1,
    "num_files": 2
}