{
    "size": 39,
    "num_monitors": 0,
    "num_discos": 0,
    "shared_dbs": false,
    "langs": [
        "dockerfile",
        "shell",
        "bash",
        "golang",
        "go"
    ],
    "buses": [],
    "num_langs": 5,
    "num_dbs": 0,
    "discos": [],
    "avg_size_service": 2.6,
    "images": [
        "alpine",
        "tomwhiston/micro-golang"
    ],
    "gates": [],
    "dockers": [
        {
            "monitors": [],
            "from": "tomwhiston/micro-golang",
            "langs": [
                "golang"
            ],
            "servers": [],
            "buses": [],
            "cmd_keywords": [
                "app"
            ],
            "cmd": "app",
            "path": "/context/prod/Dockerfile",
            "keywords": [],
            "dbs": [],
            "gates": [],
            "from_full": "tomwhiston/micro-golang:base",
            "discos": []
        },
        {
            "monitors": [],
            "from": "tomwhiston/micro-golang",
            "langs": [
                "golang"
            ],
            "servers": [],
            "buses": [],
            "cmd_keywords": [
                "scripts",
                "entrypoint"
            ],
            "cmd": "/go/scripts/entrypoint.sh",
            "path": "/context/toolchain/Dockerfile",
            "keywords": [
                "default",
                "make",
                "scripts",
                "cache",
                "entrypoint"
            ],
            "dbs": [],
            "gates": [],
            "from_full": "tomwhiston/micro-golang:base",
            "discos": []
        },
        {
            "monitors": [],
            "from": "alpine",
            "langs": [],
            "servers": [],
            "buses": [],
            "cmd_keywords": [],
            "cmd": "",
            "path": "/context/base/Dockerfile",
            "keywords": [
                "glibc",
                "alpine",
                "package",
                "filename",
                "apk"
            ],
            "dbs": [],
            "gates": [],
            "from_full": "alpine:3.7",
            "discos": []
        },
        {
            "monitors": [],
            "from": "tomwhiston/micro-golang",
            "langs": [
                "golang"
            ],
            "servers": [],
            "buses": [],
            "cmd_keywords": [],
            "cmd": "",
            "path": "/context/prodv3/builder/Dockerfile",
            "keywords": [
                "cache",
                "dep",
                "apk",
                "dev",
                "add"
            ],
            "dbs": [],
            "gates": [],
            "from_full": "tomwhiston/micro-golang:base",
            "discos": []
        },
        {
            "monitors": [],
            "from": "tomwhiston/micro-golang",
            "langs": [
                "golang"
            ],
            "servers": [],
            "buses": [],
            "cmd_keywords": [
                "app"
            ],
            "cmd": "app",
            "path": "/context/prodv3/runtime/Dockerfile",
            "keywords": [],
            "dbs": [],
            "gates": [],
            "from_full": "tomwhiston/micro-golang:base",
            "discos": []
        },
        {
            "monitors": [],
            "from": "tomwhiston/micro-golang",
            "langs": [
                "golang"
            ],
            "servers": [],
            "buses": [],
            "cmd_keywords": [
                "scripts",
                "test"
            ],
            "cmd": "/go/scripts/test.sh",
            "path": "/context/test/Dockerfile",
            "keywords": [],
            "dbs": [],
            "gates": [],
            "from_full": "tomwhiston/micro-golang:test-base",
            "discos": []
        },
        {
            "monitors": [],
            "from": "tomwhiston/micro-golang",
            "langs": [
                "golang"
            ],
            "servers": [],
            "buses": [],
            "cmd_keywords": [
                "scripts",
                "test"
            ],
            "cmd": "/go/scripts/test.sh",
            "path": "/context/test/base/Dockerfile",
            "keywords": [
                "get",
                "com",
                "github",
                "cover",
                "golang"
            ],
            "dbs": [],
            "gates": [],
            "from_full": "tomwhiston/micro-golang:base",
            "discos": []
        },
        {
            "monitors": [],
            "from": "alpine",
            "langs": [
                "bash"
            ],
            "servers": [],
            "buses": [],
            "cmd_keywords": [],
            "cmd": "sh",
            "path": "/ci/Dockerfile",
            "keywords": [
                "docker",
                "goss",
                "local",
                "usr",
                "bin"
            ],
            "dbs": [],
            "gates": [],
            "from_full": "alpine:3.7",
            "discos": []
        },
        {
            "monitors": [],
            "from": "tomwhiston/micro-golang",
            "langs": [
                "golang"
            ],
            "servers": [],
            "buses": [],
            "cmd_keywords": [],
            "cmd": "",
            "path": "/tests/prodv3-dep/Dockerfile",
            "keywords": [],
            "dbs": [],
            "gates": [],
            "from_full": "tomwhiston/micro-golang:prodv3-runtime",
            "discos": []
        },
        {
            "monitors": [],
            "from": "tomwhiston/micro-golang",
            "langs": [
                "golang"
            ],
            "servers": [],
            "buses": [],
            "cmd_keywords": [],
            "cmd": "",
            "path": "/tests/prod/Dockerfile",
            "keywords": [],
            "dbs": [],
            "gates": [],
            "from_full": "tomwhiston/micro-golang:prod",
            "discos": []
        },
        {
            "monitors": [],
            "from": "tomwhiston/micro-golang",
            "langs": [
                "golang"
            ],
            "servers": [],
            "buses": [],
            "cmd_keywords": [],
            "cmd": "",
            "path": "/tests/toolchain/Dockerfile",
            "keywords": [],
            "dbs": [],
            "gates": [],
            "from_full": "tomwhiston/micro-golang:toolchain",
            "discos": []
        },
        {
            "monitors": [],
            "from": "tomwhiston/micro-golang",
            "langs": [
                "golang"
            ],
            "servers": [],
            "buses": [],
            "cmd_keywords": [],
            "cmd": "",
            "path": "/tests/test-dep/Dockerfile",
            "keywords": [],
            "dbs": [],
            "gates": [],
            "from_full": "tomwhiston/micro-golang:test",
            "discos": []
        },
        {
            "monitors": [],
            "from": "tomwhiston/micro-golang",
            "langs": [
                "golang"
            ],
            "servers": [],
            "buses": [],
            "cmd_keywords": [],
            "cmd": "",
            "path": "/tests/prod-dep/Dockerfile",
            "keywords": [],
            "dbs": [],
            "gates": [],
            "from_full": "tomwhiston/micro-golang:prod",
            "discos": []
        },
        {
            "monitors": [],
            "from": "tomwhiston/micro-golang",
            "langs": [
                "golang"
            ],
            "servers": [],
            "buses": [],
            "cmd_keywords": [],
            "cmd": "",
            "path": "/tests/prodv3/Dockerfile",
            "keywords": [],
            "dbs": [],
            "gates": [],
            "from_full": "tomwhiston/micro-golang:prodv3-runtime",
            "discos": []
        },
        {
            "monitors": [],
            "from": "tomwhiston/micro-golang",
            "langs": [
                "golang"
            ],
            "servers": [],
            "buses": [],
            "cmd_keywords": [],
            "cmd": "",
            "path": "/tests/test/Dockerfile",
            "keywords": [],
            "dbs": [],
            "gates": [],
            "from_full": "tomwhiston/micro-golang:test",
            "discos": []
        }
    ],
    "structure": {
        "detected_dbs": {
            "num": 0,
            "shared_dbs": false,
            "services": [],
            "names": []
        },
        "services": [
            {
                "image": "tomwhiston/micro-golang-integration-test",
                "depends_on": [],
                "discos": [],
                "monitors": [],
                "image_full": "tomwhiston/micro-golang-integration-test:dep",
                "gates": [],
                "dbs": [],
                "servers": [],
                "buses": [],
                "name": "micro_container_test"
            }
        ],
        "path": "/tests/test-dep/docker-compose.yml",
        "num_services": 1
    },
    "num_dockers": 15,
    "num_files": 16,
    "num_services": 1,
    "num_gates": 0,
    "name": "twhiston/micro-golang",
    "url": "git://github.com/twhiston/micro-golang.git",
    "monitors": [],
    "servers": [],
    "dbs": [],
    "num_servers": 0,
    "num_buses": 0,
    "files": [],
    "languages": [
        "dockerfile",
        "shell",
        "go"
    ]
}