{
    "structure": {
        "detected_dbs": {
            "num": 0,
            "names": [],
            "shared_dbs": false,
            "services": []
        },
        "num_services": 0,
        "path": [],
        "services": []
    },
    "dbs": [],
    "dockers": [
        {
            "dbs": [],
            "path": "/Dockerfile",
            "buses": [],
            "cmd_keywords": [
                "webserver",
                "src",
                "python"
            ],
            "gates": [],
            "discos": [],
            "from_full": "python:3-slim",
            "langs": [
                "python"
            ],
            "monitors": [],
            "servers": [],
            "keywords": [
                "pip",
                "install",
                "requests",
                "tornado"
            ],
            "from": "python",
            "cmd": "python src/webserver.py"
        }
    ],
    "files": [],
    "languages": [
        "python"
    ],
    "num_dbs": 0,
    "num_monitors": 0,
    "images": [
        "python"
    ],
    "name": "TyrManuZ/c8y-python-microservice-sdk",
    "shared_dbs": false,
    "num_servers": 0,
    "num_langs": 1,
    "buses": [],
    "num_services": 0,
    "num_dockers": 1,
    "size": 29,
    "avg_size_service": 29.0,
    "gates": [],
    "discos": [],
    "langs": [
        "python"
    ],
    "num_files": 2,
    "url": "git://github.com/TyrManuZ/c8y-python-microservice-sdk.git",
    "monitors": [],
    "servers": [],
    "num_buses": 0,
    "num_discos": 0,
    "num_gates": 0
}