{
    "num_services": 0,
    "size": 12,
    "num_dbs": 0,
    "num_buses": 0,
    "buses": [],
    "num_servers": 0,
    "langs": [
        "go",
        "golang"
    ],
    "shared_dbs": false,
    "name": "tz70s/kubernetes-fault-injector",
    "languages": [
        "go"
    ],
    "monitors": [],
    "avg_size_service": 4.0,
    "num_discos": 0,
    "discos": [],
    "images": [
        "golang"
    ],
    "servers": [],
    "dbs": [],
    "num_monitors": 0,
    "structure": {
        "detected_dbs": {
            "shared_dbs": false,
            "services": [],
            "num": 0,
            "names": []
        },
        "num_services": 0,
        "path": [],
        "services": []
    },
    "url": "git://github.com/tz70s/kubernetes-fault-injector.git",
    "num_dockers": 3,
    "num_langs": 2,
    "files": [],
    "dockers": [
        {
            "from_full": "golang",
            "discos": [],
            "from": "golang",
            "servers": [],
            "dbs": [],
            "cmd_keywords": [],
            "gates": [],
            "buses": [],
            "cmd": "",
            "langs": [
                "golang"
            ],
            "keywords": [
                "getloop",
                "mkdir",
                "app",
                "build"
            ],
            "monitors": [],
            "path": "/GetLoop/Dockerfile"
        },
        {
            "from_full": "golang",
            "discos": [],
            "from": "golang",
            "servers": [],
            "dbs": [],
            "cmd_keywords": [],
            "gates": [],
            "buses": [],
            "cmd": "",
            "langs": [
                "golang"
            ],
            "keywords": [
                "mkdir",
                "app",
                "injector",
                "build"
            ],
            "monitors": [],
            "path": "/Injector/Dockerfile"
        },
        {
            "from_full": "golang",
            "discos": [],
            "from": "golang",
            "servers": [],
            "dbs": [],
            "cmd_keywords": [
                "app",
                "kube",
                "plugin",
                "injector"
            ],
            "gates": [],
            "buses": [],
            "cmd": "/app/kube-injector-plugin",
            "langs": [
                "golang"
            ],
            "keywords": [
                "godep",
                "get",
                "client",
                "plugin",
                "checkout"
            ],
            "monitors": [],
            "path": "/Kube-Plugin/Dockerfile"
        }
    ],
    "gates": [],
    "num_files": 4,
    "num_gates": 0
}