{
    "gates": [],
    "images": [
        "centos"
    ],
    "num_dbs": 0,
    "structure": {
        "num_services": 0,
        "path": [],
        "services": [],
        "detected_dbs": {
            "num": 0,
            "services": [],
            "shared_dbs": false,
            "names": []
        }
    },
    "num_files": 2,
    "num_gates": 0,
    "discos": [],
    "num_dockers": 1,
    "shared_dbs": false,
    "languages": [
        "shell",
        "dockerfile"
    ],
    "name": "umccr/arteria-bcl2fastq-docker",
    "num_langs": 3,
    "avg_size_service": 3.0,
    "monitors": [],
    "num_servers": 0,
    "num_services": 0,
    "dbs": [],
    "langs": [
        "shell",
        "dockerfile",
        "python"
    ],
    "dockers": [
        {
            "gates": [],
            "path": "/Dockerfile",
            "langs": [
                "python"
            ],
            "dbs": [],
            "buses": [],
            "servers": [],
            "from": "centos",
            "discos": [],
            "from_full": "centos:7",
            "cmd": "",
            "monitors": [],
            "cmd_keywords": [],
            "keywords": [
                "install",
                "yum",
                "bcl",
                "fastq",
                "service"
            ]
        }
    ],
    "buses": [],
    "servers": [],
    "size": 3,
    "files": [],
    "num_buses": 0,
    "num_monitors": 0,
    "url": "git://github.com/umccr/arteria-bcl2fastq-docker.git",
    "num_discos": 0
}