{
    "dbs": [
        "db"
    ],
    "num_dbs": 1,
    "shared_dbs": true,
    "name": "UNArqui17i-B/API-gateway",
    "num_buses": 0,
    "num_monitors": 0,
    "monitors": [],
    "langs": [
        "raml",
        "javascript"
    ],
    "gates": [
        "gateway"
    ],
    "size": 86,
    "languages": [
        "javascript",
        "raml"
    ],
    "num_langs": 2,
    "structure": {
        "path": "/docker-compose.yml",
        "services": [
            {
                "discos": [],
                "servers": [],
                "dbs": [],
                "image": "blinkbox/update",
                "name": "update_ms",
                "depends_on": [
                    "couch_db"
                ],
                "monitors": [],
                "buses": [],
                "gates": [],
                "image_full": "blinkbox/update"
            },
            {
                "discos": [],
                "servers": [],
                "dbs": [],
                "image": "blinkbox/delete",
                "name": "delete_ms",
                "depends_on": [
                    "couch_db"
                ],
                "monitors": [],
                "buses": [],
                "gates": [],
                "image_full": "blinkbox/delete"
            },
            {
                "discos": [],
                "servers": [],
                "dbs": [],
                "image": ".",
                "name": "api_gateway",
                "depends_on": [
                    "user_ms",
                    "auth_ms",
                    "notification_ms",
                    "update_ms",
                    "delete_ms",
                    "upload_ms",
                    "file_access_ms"
                ],
                "monitors": [],
                "buses": [],
                "gates": [],
                "image_full": "."
            },
            {
                "discos": [],
                "servers": [],
                "dbs": [
                    "couchdb"
                ],
                "image": "klaemo/couchdb",
                "name": "couch_db",
                "depends_on": [],
                "monitors": [],
                "buses": [],
                "gates": [],
                "image_full": "klaemo/couchdb:2.0-single"
            },
            {
                "discos": [],
                "servers": [],
                "dbs": [],
                "image": "blinkbox/user-crud",
                "name": "user_ms",
                "depends_on": [
                    "couch_db"
                ],
                "monitors": [],
                "buses": [],
                "gates": [],
                "image_full": "blinkbox/user-crud"
            },
            {
                "discos": [],
                "servers": [],
                "dbs": [],
                "image": "blinkbox/upload",
                "name": "upload_ms",
                "depends_on": [
                    "couch_db"
                ],
                "monitors": [],
                "buses": [],
                "gates": [],
                "image_full": "blinkbox/upload"
            },
            {
                "discos": [],
                "servers": [],
                "dbs": [],
                "image": "blinkbox/fileaccess",
                "name": "file_access_ms",
                "depends_on": [
                    "couch_db"
                ],
                "monitors": [],
                "buses": [],
                "gates": [],
                "image_full": "blinkbox/fileaccess"
            },
            {
                "discos": [],
                "servers": [],
                "dbs": [],
                "image": "blinkbox/notification",
                "name": "notification_ms",
                "depends_on": [],
                "monitors": [],
                "buses": [],
                "gates": [],
                "image_full": "blinkbox/notification"
            },
            {
                "discos": [],
                "servers": [],
                "dbs": [],
                "image": "blinkbox/authentication",
                "name": "auth_ms",
                "depends_on": [
                    "couch_db"
                ],
                "monitors": [],
                "buses": [],
                "gates": [],
                "image_full": "blinkbox/authentication"
            }
        ],
        "detected_dbs": {
            "services": [
                "couch_db"
            ],
            "names": [
                "couchdb"
            ],
            "shared_dbs": true,
            "num": 1
        },
        "num_services": 9
    },
    "servers": [
        "node",
        "express"
    ],
    "num_servers": 2,
    "num_files": 5,
    "images": [
        "klaemo/couchdb",
        "node"
    ],
    "buses": [],
    "avg_size_service": 28.666666666666668,
    "num_services": 9,
    "files": [
        {
            "path": "/package.json",
            "servers": [
                "node",
                "express"
            ],
            "monitors": [],
            "gates": [
                "gateway"
            ],
            "buses": [],
            "dbs": [],
            "discos": []
        }
    ],
    "num_dockers": 3,
    "dockers": [
        {
            "cmd": "npm start",
            "dbs": [],
            "buses": [],
            "servers": [
                "node"
            ],
            "from_full": "node:7.6-slim",
            "path": "/Dockerfile",
            "from": "node",
            "monitors": [],
            "langs": [],
            "gates": [],
            "cmd_keywords": [
                "start",
                "npm"
            ],
            "discos": [],
            "keywords": [
                "npm",
                "install",
                "production"
            ]
        },
        {
            "cmd": "",
            "dbs": [
                "couchdb"
            ],
            "buses": [],
            "servers": [],
            "from_full": "klaemo/couchdb:2.0-single",
            "path": "/files_db/Dockerfile",
            "from": "klaemo/couchdb",
            "monitors": [],
            "langs": [],
            "gates": [],
            "cmd_keywords": [],
            "discos": [],
            "keywords": []
        },
        {
            "cmd": "",
            "dbs": [
                "couchdb"
            ],
            "buses": [],
            "servers": [],
            "from_full": "klaemo/couchdb:2.0-single",
            "path": "/users_db/Dockerfile",
            "from": "klaemo/couchdb",
            "monitors": [],
            "langs": [],
            "gates": [],
            "cmd_keywords": [],
            "discos": [],
            "keywords": []
        }
    ],
    "num_discos": 0,
    "discos": [],
    "num_gates": 1,
    "url": "git://github.com/UNArqui17i-B/API-gateway.git"
}