{
    "languages": [
        "java"
    ],
    "num_servers": 1,
    "shared_dbs": false,
    "name": "vaibhavg12/scalifornia-tour-micsroservice",
    "servers": [
        "spring"
    ],
    "num_monitors": 0,
    "num_langs": 1,
    "images": [],
    "langs": [
        "java"
    ],
    "dockers": [],
    "gates": [],
    "num_buses": 0,
    "discos": [],
    "monitors": [],
    "num_files": 2,
    "structure": {
        "path": [],
        "services": [],
        "num_services": 0,
        "detected_dbs": {
            "services": [],
            "names": [],
            "num": 0,
            "shared_dbs": false
        }
    },
    "dbs": [],
    "num_dbs": 0,
    "avg_size_service": 193.0,
    "num_services": 0,
    "buses": [],
    "files": [
        {
            "dbs": [],
            "path": "/pom.xml",
            "gates": [],
            "servers": [
                "spring"
            ],
            "buses": [],
            "discos": [],
            "monitors": []
        }
    ],
    "url": "git://github.com/vaibhavg12/scalifornia-tour-micsroservice.git",
    "num_dockers": 0,
    "size": 193,
    "num_discos": 0,
    "num_gates": 0
}