{
    "size": 457,
    "num_dockers": 0,
    "discos": [],
    "num_files": 2,
    "avg_size_service": 457.0,
    "buses": [],
    "num_gates": 0,
    "langs": [],
    "num_discos": 0,
    "num_monitors": 0,
    "dockers": [],
    "num_dbs": 0,
    "monitors": [],
    "shared_dbs": false,
    "structure": {
        "services": [],
        "detected_dbs": {
            "num": 0,
            "names": [],
            "services": [],
            "shared_dbs": false
        },
        "num_services": 0,
        "path": []
    },
    "num_buses": 0,
    "servers": [
        "node"
    ],
    "url": "git://github.com/veggiemonk/awesome-docker.git",
    "num_services": 0,
    "gates": [],
    "files": [
        {
            "monitors": [],
            "buses": [],
            "discos": [],
            "gates": [],
            "dbs": [],
            "servers": [
                "node"
            ],
            "path": "/package.json"
        }
    ],
    "name": "veggiemonk/awesome-docker",
    "languages": [],
    "images": [],
    "dbs": [],
    "num_servers": 1,
    "num_langs": 0
}