{
    "buses": [],
    "num_servers": 1,
    "languages": [
        "html",
        "c#",
        "shell"
    ],
    "dbs": [],
    "num_services": 0,
    "avg_size_service": 997.6666666666666,
    "servers": [
        "busybox"
    ],
    "structure": {
        "num_services": 0,
        "detected_dbs": {
            "services": [],
            "shared_dbs": false,
            "num": 0,
            "names": []
        },
        "services": [],
        "path": []
    },
    "monitors": [],
    "num_buses": 0,
    "images": [
        "busybox",
        "base"
    ],
    "gates": [],
    "num_gates": 0,
    "num_langs": 3,
    "langs": [
        "shell",
        "c#",
        "html"
    ],
    "url": "git://github.com/ViniciusSouza/ContainersDemo.git",
    "num_discos": 0,
    "num_files": 4,
    "files": [],
    "shared_dbs": false,
    "num_monitors": 0,
    "name": "ViniciusSouza/ContainersDemo",
    "num_dbs": 0,
    "discos": [],
    "dockers": [
        {
            "langs": [],
            "dbs": [],
            "path": "/src/docker/02-Image/Dockerfile",
            "servers": [],
            "monitors": [],
            "keywords": [],
            "cmd": "",
            "buses": [],
            "from_full": "base",
            "from": "base",
            "discos": [],
            "cmd_keywords": [],
            "gates": []
        },
        {
            "langs": [],
            "dbs": [],
            "path": "/src/docker/01-pull_image/Dockerfile",
            "servers": [
                "busybox"
            ],
            "monitors": [],
            "keywords": [
                "apt",
                "install",
                "curl",
                "update"
            ],
            "cmd": "",
            "buses": [],
            "from_full": "busybox",
            "from": "busybox",
            "discos": [],
            "cmd_keywords": [],
            "gates": []
        },
        {
            "langs": [],
            "dbs": [],
            "path": "/src/aks/10-azure-dev-spaces/dotnetcore/getting-started/webfrontend/Dockerfile",
            "servers": [],
            "monitors": [],
            "keywords": [
                "dotnet",
                "csproj",
                "webfrontend",
                "release",
                "app"
            ],
            "cmd": "",
            "buses": [],
            "from_full": "base",
            "from": "base",
            "discos": [],
            "cmd_keywords": [],
            "gates": []
        }
    ],
    "num_dockers": 3,
    "size": 2993
}