{
    "files": [],
    "num_services": 0,
    "discos": [],
    "dbs": [],
    "avg_size_service": 63610.0,
    "name": "vinodkalamati/knowablyFinal",
    "num_buses": 0,
    "num_langs": 3,
    "monitors": [],
    "num_files": 1,
    "langs": [
        "css",
        "javascript",
        "java"
    ],
    "num_gates": 0,
    "dockers": [],
    "structure": {
        "path": [],
        "detected_dbs": {
            "names": [],
            "services": [],
            "num": 0,
            "shared_dbs": false
        },
        "num_services": 0,
        "services": []
    },
    "size": 63610,
    "num_discos": 0,
    "languages": [
        "java",
        "javascript",
        "css"
    ],
    "url": "git://github.com/vinodkalamati/knowablyFinal.git",
    "buses": [],
    "gates": [],
    "shared_dbs": false,
    "servers": [],
    "images": [],
    "num_servers": 0,
    "num_dockers": 0,
    "num_monitors": 0,
    "num_dbs": 0
}