{
    "num_services": 0,
    "num_buses": 0,
    "files": [
        {
            "gates": [],
            "buses": [],
            "monitors": [],
            "servers": [
                "rails",
                "node"
            ],
            "path": "/package.json",
            "discos": [],
            "dbs": []
        },
        {
            "gates": [],
            "buses": [],
            "monitors": [],
            "servers": [
                "rails",
                "node"
            ],
            "path": "/client/package.json",
            "discos": [],
            "dbs": []
        }
    ],
    "num_dbs": 0,
    "num_discos": 0,
    "languages": [
        "javascript"
    ],
    "num_langs": 1,
    "images": [],
    "buses": [],
    "size": 244336,
    "servers": [
        "rails",
        "node"
    ],
    "num_gates": 0,
    "discos": [],
    "num_monitors": 0,
    "avg_size_service": 244336.0,
    "langs": [
        "javascript"
    ],
    "dockers": [],
    "name": "vokythoai/Crawler_MicroServices",
    "url": "git://github.com/vokythoai/Crawler_MicroServices.git",
    "gates": [],
    "num_servers": 2,
    "monitors": [],
    "num_files": 3,
    "shared_dbs": false,
    "num_dockers": 0,
    "dbs": [],
    "structure": {
        "num_services": 0,
        "path": [],
        "services": [],
        "detected_dbs": {
            "shared_dbs": false,
            "num": 0,
            "services": [],
            "names": []
        }
    }
}