{
    "structure": {
        "detected_dbs": {
            "num": 0,
            "names": [],
            "shared_dbs": false,
            "services": []
        },
        "num_services": 5,
        "path": "/spring-cloud-config/docker-compose.yml",
        "services": [
            {
                "depends_on": [],
                "name": "spring-cloud-config",
                "dbs": [],
                "image": "spring-cloud-config",
                "monitors": [],
                "servers": [
                    "spring"
                ],
                "image_full": "spring-cloud-config:1.0",
                "buses": [],
                "discos": [],
                "gates": []
            },
            {
                "depends_on": [
                    "spring-cloud-config"
                ],
                "name": "netflix-eureka",
                "dbs": [],
                "image": "eureka",
                "monitors": [],
                "servers": [],
                "image_full": "eureka:1.0",
                "buses": [],
                "discos": [
                    "eureka"
                ],
                "gates": []
            },
            {
                "depends_on": [
                    "spring-cloud-config",
                    "netflix-eureka"
                ],
                "name": "faculty",
                "dbs": [],
                "image": "faculty",
                "monitors": [],
                "servers": [],
                "image_full": "faculty:1.0",
                "buses": [],
                "discos": [],
                "gates": []
            },
            {
                "depends_on": [
                    "spring-cloud-config",
                    "netflix-eureka",
                    "faculty"
                ],
                "name": "zuul",
                "dbs": [],
                "image": "zuul",
                "monitors": [],
                "servers": [],
                "image_full": "zuul:1.0",
                "buses": [],
                "discos": [],
                "gates": [
                    "zuul"
                ]
            },
            {
                "depends_on": [
                    "spring-cloud-config",
                    "netflix-eureka",
                    "faculty"
                ],
                "name": "report",
                "dbs": [],
                "image": "report",
                "monitors": [],
                "servers": [],
                "image_full": "report:1.0",
                "buses": [],
                "discos": [],
                "gates": []
            }
        ]
    },
    "dbs": [
        "postgresql"
    ],
    "dockers": [
        {
            "dbs": [],
            "path": "/zuul/Dockerfile",
            "buses": [],
            "cmd_keywords": [],
            "gates": [],
            "discos": [],
            "from_full": "openjdk:8-jdk-alpine",
            "langs": [],
            "monitors": [],
            "servers": [],
            "keywords": [],
            "from": "openjdk",
            "cmd": ""
        },
        {
            "dbs": [],
            "path": "/report/Dockerfile",
            "buses": [],
            "cmd_keywords": [],
            "gates": [],
            "discos": [],
            "from_full": "openjdk:8-jdk-alpine",
            "langs": [],
            "monitors": [],
            "servers": [],
            "keywords": [],
            "from": "openjdk",
            "cmd": ""
        },
        {
            "dbs": [],
            "path": "/spring-cloud-config/Dockerfile",
            "buses": [],
            "cmd_keywords": [],
            "gates": [],
            "discos": [],
            "from_full": "openjdk:8-jdk-alpine",
            "langs": [],
            "monitors": [],
            "servers": [],
            "keywords": [],
            "from": "openjdk",
            "cmd": ""
        },
        {
            "dbs": [],
            "path": "/eureka/Dockerfile",
            "buses": [],
            "cmd_keywords": [],
            "gates": [],
            "discos": [],
            "from_full": "openjdk:8-jdk-alpine",
            "langs": [],
            "monitors": [],
            "servers": [],
            "keywords": [],
            "from": "openjdk",
            "cmd": ""
        },
        {
            "dbs": [],
            "path": "/faculty/Dockerfile",
            "buses": [],
            "cmd_keywords": [],
            "gates": [],
            "discos": [],
            "from_full": "openjdk:8-jdk-alpine",
            "langs": [],
            "monitors": [],
            "servers": [],
            "keywords": [],
            "from": "openjdk",
            "cmd": ""
        }
    ],
    "files": [
        {
            "dbs": [],
            "path": "/zuul/pom.xml",
            "monitors": [],
            "servers": [
                "spring"
            ],
            "buses": [],
            "gates": [
                "gateway",
                "zuul"
            ],
            "discos": [
                "eureka"
            ]
        },
        {
            "dbs": [],
            "path": "/report/pom.xml",
            "monitors": [],
            "servers": [
                "spring"
            ],
            "buses": [],
            "gates": [],
            "discos": [
                "eureka"
            ]
        },
        {
            "dbs": [],
            "path": "/spring-cloud-config/pom.xml",
            "monitors": [],
            "servers": [
                "spring"
            ],
            "buses": [],
            "gates": [],
            "discos": []
        },
        {
            "dbs": [],
            "path": "/eureka/pom.xml",
            "monitors": [],
            "servers": [
                "spring"
            ],
            "buses": [],
            "gates": [],
            "discos": [
                "eureka"
            ]
        },
        {
            "dbs": [
                "postgresql"
            ],
            "path": "/faculty/pom.xml",
            "monitors": [],
            "servers": [
                "spring"
            ],
            "buses": [],
            "gates": [],
            "discos": [
                "eureka"
            ]
        },
        {
            "dbs": [],
            "path": "/frontend/package.json",
            "monitors": [],
            "servers": [
                "node"
            ],
            "buses": [],
            "gates": [],
            "discos": []
        }
    ],
    "languages": [
        "java",
        "typescript",
        "html"
    ],
    "num_dbs": 1,
    "num_monitors": 0,
    "images": [
        "openjdk"
    ],
    "name": "vukmanovicmilos/web-app",
    "shared_dbs": false,
    "num_servers": 2,
    "num_langs": 3,
    "buses": [],
    "num_services": 5,
    "num_dockers": 5,
    "size": 3248,
    "avg_size_service": 649.6,
    "gates": [
        "zuul"
    ],
    "discos": [
        "eureka"
    ],
    "langs": [
        "java",
        "typescript",
        "html"
    ],
    "num_files": 12,
    "url": "git://github.com/vukmanovicmilos/web-app.git",
    "monitors": [],
    "servers": [
        "node",
        "spring"
    ],
    "num_buses": 0,
    "num_discos": 1,
    "num_gates": 1
}