{
    "buses": [],
    "num_servers": 0,
    "languages": [
        "shell",
        "dockerfile"
    ],
    "dbs": [],
    "num_services": 0,
    "avg_size_service": 8.0,
    "servers": [],
    "structure": {
        "num_services": 0,
        "detected_dbs": {
            "services": [],
            "shared_dbs": false,
            "num": 0,
            "names": []
        },
        "services": [],
        "path": []
    },
    "monitors": [],
    "num_buses": 0,
    "images": [
        "bioconductor/bioconductor_docker"
    ],
    "gates": [],
    "num_gates": 0,
    "num_langs": 2,
    "langs": [
        "shell",
        "dockerfile"
    ],
    "url": "git://github.com/waldronlab/bioconductor.git",
    "num_discos": 0,
    "num_files": 2,
    "files": [],
    "shared_dbs": false,
    "num_monitors": 0,
    "name": "waldronlab/bioconductor",
    "num_dbs": 0,
    "discos": [],
    "dockers": [
        {
            "langs": [],
            "dbs": [],
            "path": "/Dockerfile",
            "servers": [],
            "monitors": [],
            "keywords": [
                "apt",
                "get",
                "local",
                "lib",
                "install"
            ],
            "cmd": "",
            "buses": [],
            "from_full": "bioconductor/bioconductor_docker:devel",
            "from": "bioconductor/bioconductor_docker",
            "discos": [],
            "cmd_keywords": [],
            "gates": []
        }
    ],
    "num_dockers": 1,
    "size": 8
}