{
    "num_files": 37,
    "num_services": 0,
    "num_discos": 0,
    "gates": [
        "nginx"
    ],
    "languages": [
        "java",
        "vue",
        "javascript"
    ],
    "num_dbs": 1,
    "dbs": [
        "solid"
    ],
    "num_monitors": 0,
    "structure": {
        "detected_dbs": {
            "shared_dbs": false,
            "num": 0,
            "services": [],
            "names": []
        },
        "num_services": 0,
        "services": [],
        "path": []
    },
    "discos": [],
    "url": "git://github.com/wangyl96/sinosoftExam.git",
    "num_buses": 0,
    "files": [
        {
            "path": "/spring-microservice-exam/pom.xml"
        },
        {
            "path": "/spring-microservice-exam/gateway-service/pom.xml"
        },
        {
            "path": "/spring-microservice-exam/modules/pom.xml"
        },
        {
            "path": "/spring-microservice-exam/modules/auth-service-parent/pom.xml"
        },
        {
            "path": "/spring-microservice-exam/modules/auth-service-parent/auth-service/pom.xml"
        },
        {
            "path": "/spring-microservice-exam/modules/auth-service-parent/auth-service-api/pom.xml"
        },
        {
            "path": "/spring-microservice-exam/modules/exam-service-parent/pom.xml"
        },
        {
            "path": "/spring-microservice-exam/modules/exam-service-parent/exam-service/pom.xml"
        },
        {
            "path": "/spring-microservice-exam/modules/exam-service-parent/exam-service-api/pom.xml"
        },
        {
            "path": "/spring-microservice-exam/modules/user-service-parent/pom.xml"
        },
        {
            "path": "/spring-microservice-exam/modules/user-service-parent/user-service-api/pom.xml"
        },
        {
            "path": "/spring-microservice-exam/modules/user-service-parent/user-service/pom.xml"
        },
        {
            "path": "/spring-microservice-exam/modules/msc-service-parent/pom.xml"
        },
        {
            "path": "/spring-microservice-exam/modules/msc-service-parent/msc-service/pom.xml"
        },
        {
            "path": "/spring-microservice-exam/modules/msc-service-parent/msc-service-api/pom.xml"
        },
        {
            "path": "/spring-microservice-exam/common/pom.xml"
        },
        {
            "path": "/spring-microservice-exam/common/common-basic/pom.xml"
        },
        {
            "path": "/spring-microservice-exam/common/common-feign/pom.xml"
        },
        {
            "path": "/spring-microservice-exam/common/common-log/pom.xml"
        },
        {
            "path": "/spring-microservice-exam/common/common-config/pom.xml"
        },
        {
            "path": "/spring-microservice-exam/common/common-oss/pom.xml"
        },
        {
            "path": "/spring-microservice-exam/common/common-security/pom.xml"
        },
        {
            "path": "/spring-microservice-exam/common/common-core/pom.xml"
        },
        {
            "path": "/spring-microservice-exam/config-service/pom.xml"
        },
        {
            "path": "/spring-microservice-exam/monitor-service/pom.xml"
        },
        {
            "path": "/spring-microservice-exam/frontend/spring-microservice-exam-ui/package.json"
        },
        {
            "servers": [
                "spring",
                "node"
            ],
            "dbs": [
                "solid"
            ],
            "discos": [],
            "buses": [],
            "gates": [],
            "monitors": [],
            "path": "/spring-microservice-exam/frontend/spring-microservice-exam-web/package.json"
        }
    ],
    "name": "wangyl96/sinosoftExam",
    "servers": [
        "spring",
        "node"
    ],
    "num_dockers": 9,
    "buses": [],
    "num_gates": 1,
    "num_langs": 4,
    "shared_dbs": false,
    "monitors": [],
    "dockers": [
        {
            "servers": [],
            "from": "anapsix/alpine-java",
            "buses": [],
            "gates": [],
            "monitors": [],
            "path": "/spring-microservice-exam/gateway-service/Dockerfile",
            "keywords": [],
            "dbs": [],
            "langs": [
                "java"
            ],
            "cmd_keywords": [],
            "discos": [],
            "cmd": "",
            "from_full": "anapsix/alpine-java:8_server-jre_unlimited"
        },
        {
            "servers": [],
            "from": "anapsix/alpine-java",
            "buses": [],
            "gates": [],
            "monitors": [],
            "path": "/spring-microservice-exam/modules/auth-service-parent/auth-service/Dockerfile",
            "keywords": [],
            "dbs": [],
            "langs": [
                "java"
            ],
            "cmd_keywords": [],
            "discos": [],
            "cmd": "",
            "from_full": "anapsix/alpine-java:8_server-jre_unlimited"
        },
        {
            "servers": [],
            "from": "anapsix/alpine-java",
            "buses": [],
            "gates": [],
            "monitors": [],
            "path": "/spring-microservice-exam/modules/exam-service-parent/exam-service/Dockerfile",
            "keywords": [],
            "dbs": [],
            "langs": [
                "java"
            ],
            "cmd_keywords": [],
            "discos": [],
            "cmd": "",
            "from_full": "anapsix/alpine-java:8_server-jre_unlimited"
        },
        {
            "servers": [],
            "from": "anapsix/alpine-java",
            "buses": [],
            "gates": [],
            "monitors": [],
            "path": "/spring-microservice-exam/modules/user-service-parent/user-service/Dockerfile",
            "keywords": [],
            "dbs": [],
            "langs": [
                "java"
            ],
            "cmd_keywords": [],
            "discos": [],
            "cmd": "",
            "from_full": "anapsix/alpine-java:8_server-jre_unlimited"
        },
        {
            "servers": [],
            "from": "anapsix/alpine-java",
            "buses": [],
            "gates": [],
            "monitors": [],
            "path": "/spring-microservice-exam/modules/msc-service-parent/msc-service/Dockerfile",
            "keywords": [],
            "dbs": [],
            "langs": [
                "java"
            ],
            "cmd_keywords": [],
            "discos": [],
            "cmd": "",
            "from_full": "anapsix/alpine-java:8_server-jre_unlimited"
        },
        {
            "servers": [],
            "from": "anapsix/alpine-java",
            "buses": [],
            "gates": [],
            "monitors": [],
            "path": "/spring-microservice-exam/config-service/Dockerfile",
            "keywords": [],
            "dbs": [],
            "langs": [
                "java"
            ],
            "cmd_keywords": [],
            "discos": [],
            "cmd": "",
            "from_full": "anapsix/alpine-java:8_server-jre_unlimited"
        },
        {
            "servers": [],
            "from": "nginx",
            "buses": [],
            "gates": [
                "nginx"
            ],
            "monitors": [],
            "path": "/spring-microservice-exam/frontend/spring-microservice-exam-ui/Dockerfile",
            "keywords": [
                "apk",
                "etc",
                "bash",
                "zoneinfo",
                "share"
            ],
            "dbs": [],
            "langs": [
                "bash"
            ],
            "cmd_keywords": [
                "nginx",
                "off",
                "daemon"
            ],
            "discos": [],
            "cmd": "nginx -g daemon off;",
            "from_full": "nginx:1.13.6-alpine"
        },
        {
            "servers": [],
            "from": "nginx",
            "buses": [],
            "gates": [
                "nginx"
            ],
            "monitors": [],
            "path": "/spring-microservice-exam/frontend/spring-microservice-exam-web/Dockerfile",
            "keywords": [
                "apk",
                "etc",
                "bash",
                "zoneinfo",
                "share"
            ],
            "dbs": [],
            "langs": [
                "bash"
            ],
            "cmd_keywords": [
                "nginx",
                "off",
                "daemon"
            ],
            "discos": [],
            "cmd": "nginx -g daemon off;",
            "from_full": "nginx:1.13.6-alpine"
        },
        {
            "servers": [],
            "from": "anapsix/alpine-java",
            "buses": [],
            "gates": [],
            "monitors": [],
            "path": "/spring-microservice-exam/monitor-service/Dockerfile",
            "keywords": [],
            "dbs": [],
            "langs": [
                "java"
            ],
            "cmd_keywords": [],
            "discos": [],
            "cmd": "",
            "from_full": "anapsix/alpine-java:8_server-jre_unlimited"
        }
    ],
    "langs": [
        "vue",
        "java",
        "javascript",
        "bash"
    ],
    "num_servers": 2,
    "size": 36229,
    "images": [
        "nginx",
        "anapsix/alpine-java"
    ],
    "avg_size_service": 4025.4444444444443
}