{
    "dbs": [],
    "name": "wcfrank/Microservice_Docker_Flask",
    "num_langs": 1,
    "languages": [
        "python"
    ],
    "shared_dbs": false,
    "servers": [
        "flask"
    ],
    "langs": [
        "python"
    ],
    "dockers": [
        {
            "buses": [],
            "dbs": [],
            "servers": [],
            "monitors": [],
            "cmd_keywords": [
                "runserver",
                "manage",
                "python"
            ],
            "discos": [],
            "cmd": "python manage.py runserver -h 0.0.0.0",
            "path": "/Dockerfile",
            "from_full": "python",
            "gates": [],
            "from": "python",
            "langs": [
                "python"
            ],
            "keywords": [
                "install",
                "requirements",
                "txt",
                "pip",
                "usr"
            ]
        },
        {
            "buses": [],
            "dbs": [],
            "servers": [],
            "monitors": [],
            "cmd_keywords": [],
            "discos": [],
            "cmd": "",
            "path": "/project/db/Dockerfile",
            "from_full": "postgres",
            "gates": [],
            "from": "postgres",
            "langs": [],
            "keywords": []
        }
    ],
    "gates": [],
    "size": 14,
    "num_dockers": 2,
    "num_discos": 0,
    "num_buses": 0,
    "buses": [],
    "images": [
        "postgres",
        "python"
    ],
    "num_servers": 1,
    "num_services": 2,
    "monitors": [],
    "structure": {
        "services": [
            {
                "buses": [],
                "image": "./project/db",
                "dbs": [],
                "gates": [],
                "image_full": "./project/db",
                "monitors": [],
                "name": "users-db",
                "discos": [],
                "servers": [],
                "depends_on": []
            },
            {
                "buses": [],
                "image": "./",
                "dbs": [],
                "gates": [],
                "image_full": "./",
                "monitors": [],
                "name": "users-service",
                "discos": [],
                "servers": [],
                "depends_on": [
                    "users-db"
                ]
            }
        ],
        "num_services": 2,
        "detected_dbs": {
            "num": 0,
            "shared_dbs": false,
            "names": [],
            "services": []
        },
        "path": "/docker-compose.yml"
    },
    "discos": [],
    "num_files": 4,
    "num_dbs": 0,
    "num_monitors": 0,
    "num_gates": 0,
    "url": "git://github.com/wcfrank/Microservice_Docker_Flask.git",
    "avg_size_service": 7.0,
    "files": [
        {
            "buses": [],
            "dbs": [],
            "gates": [],
            "monitors": [],
            "discos": [],
            "servers": [
                "flask"
            ],
            "path": "/requirements.txt"
        }
    ]
}