{
    "monitors": [],
    "structure": {
        "path": "/docker-compose.yml",
        "detected_dbs": {
            "shared_dbs": false,
            "services": [
                "db"
            ],
            "names": [
                "mysql"
            ],
            "num": 1
        },
        "services": [
            {
                "image": "mysql",
                "buses": [],
                "monitors": [],
                "image_full": "mysql:latest",
                "gates": [],
                "name": "db",
                "discos": [],
                "servers": [],
                "dbs": [
                    "mysql"
                ],
                "depends_on": []
            },
            {
                "image": ".",
                "buses": [],
                "monitors": [],
                "image_full": ".",
                "gates": [],
                "name": "app",
                "discos": [],
                "servers": [],
                "dbs": [],
                "depends_on": [
                    "db"
                ]
            }
        ],
        "num_services": 2
    },
    "num_langs": 4,
    "name": "weslleyrosalem/microservices-docker",
    "num_dockers": 1,
    "buses": [],
    "dbs": [
        "mysql"
    ],
    "size": 292198,
    "num_discos": 0,
    "shared_dbs": false,
    "discos": [],
    "images": [
        "jboss/wildfly"
    ],
    "num_servers": 1,
    "files": [
        {
            "gates": [],
            "buses": [],
            "monitors": [],
            "servers": [],
            "path": "/Source-code/RestauranteApp/pom.xml",
            "discos": [],
            "dbs": []
        },
        {
            "path": "/Source-code/RestauranteApp/RestauranteAppAPI/pom.xml"
        },
        {
            "gates": [],
            "buses": [],
            "monitors": [],
            "servers": [],
            "path": "/Source-code/RestauranteApp/RestauranteAppEAR/pom.xml",
            "discos": [],
            "dbs": []
        }
    ],
    "dockers": [
        {
            "buses": [],
            "cmd_keywords": [
                "bin",
                "opt",
                "standalone",
                "wildfly",
                "bmanagement"
            ],
            "gates": [],
            "monitors": [],
            "dbs": [
                "mysql"
            ],
            "from": "jboss/wildfly",
            "path": "/Dockerfile",
            "from_full": "jboss/wildfly:latest",
            "cmd": "/opt/jboss/wildfly/bin/standalone.sh -b 0.0.0.0 -bmanagement 0.0.0.0",
            "keywords": [
                "mysql",
                "name",
                "jboss",
                "echo",
                "driver"
            ],
            "discos": [],
            "servers": [
                "jboss"
            ],
            "langs": [
                "bash"
            ]
        }
    ],
    "url": "git://github.com/weslleyrosalem/microservices-docker.git",
    "gates": [],
    "num_files": 5,
    "num_services": 2,
    "num_gates": 0,
    "num_dbs": 1,
    "avg_size_service": 292198.0,
    "langs": [
        "bash",
        "dockerfile",
        "tsql",
        "java"
    ],
    "num_buses": 0,
    "languages": [
        "java",
        "tsql",
        "dockerfile"
    ],
    "num_monitors": 0,
    "servers": [
        "jboss"
    ]
}