{
    "dbs": [
        "memcached"
    ],
    "num_dbs": 1,
    "shared_dbs": false,
    "name": "weswu8/policycontroller",
    "num_buses": 0,
    "num_monitors": 0,
    "monitors": [],
    "langs": [
        "java"
    ],
    "gates": [],
    "size": 170,
    "languages": [
        "java"
    ],
    "num_langs": 1,
    "structure": {
        "path": [],
        "services": [],
        "detected_dbs": {
            "services": [],
            "names": [],
            "shared_dbs": false,
            "num": 0
        },
        "num_services": 0
    },
    "servers": [
        "spring"
    ],
    "num_servers": 1,
    "num_files": 2,
    "images": [],
    "buses": [],
    "avg_size_service": 170.0,
    "num_services": 0,
    "files": [
        {
            "path": "/pom.xml",
            "servers": [
                "spring"
            ],
            "monitors": [],
            "gates": [],
            "buses": [],
            "dbs": [
                "memcached"
            ],
            "discos": [
                "eureka"
            ]
        }
    ],
    "num_dockers": 0,
    "dockers": [],
    "num_discos": 1,
    "discos": [
        "eureka"
    ],
    "num_gates": 0,
    "url": "git://github.com/weswu8/policycontroller.git"
}