{
    "num_dbs": 0,
    "dbs": [],
    "images": [
        "debian"
    ],
    "langs": [
        "javascript",
        "bash",
        "dockerfile"
    ],
    "size": 23,
    "num_discos": 0,
    "dockers": [
        {
            "dbs": [],
            "from": "debian",
            "keywords": [
                "nginx",
                "deb",
                "apt",
                "etc",
                "node"
            ],
            "from_full": "debian:jessie",
            "langs": [
                "bash"
            ],
            "servers": [
                "node"
            ],
            "monitors": [],
            "buses": [],
            "cmd": "/bin/bash /start.sh",
            "path": "/Dockerfile",
            "cmd_keywords": [
                "bash",
                "start",
                "bin"
            ],
            "gates": [
                "nginx"
            ],
            "discos": []
        }
    ],
    "servers": [
        "node",
        "express"
    ],
    "monitors": [],
    "num_dockers": 1,
    "structure": {
        "path": "/docker-compose.yml",
        "num_services": 0,
        "detected_dbs": {
            "services": [],
            "names": [],
            "num": 0,
            "shared_dbs": false
        },
        "services": []
    },
    "num_buses": 0,
    "gates": [
        "nginx"
    ],
    "discos": [],
    "num_gates": 1,
    "num_services": 0,
    "name": "WinterWindSoftware/micro-express",
    "shared_dbs": false,
    "avg_size_service": 23.0,
    "num_langs": 3,
    "num_servers": 2,
    "languages": [
        "javascript",
        "dockerfile"
    ],
    "buses": [],
    "files": [
        {
            "dbs": [],
            "buses": [],
            "path": "/package.json",
            "monitors": [],
            "gates": [],
            "discos": [],
            "servers": [
                "node",
                "express"
            ]
        }
    ],
    "url": "git://github.com/WinterWindSoftware/micro-express.git",
    "num_files": 3,
    "num_monitors": 0
}