{
    "avg_size_service": 24.0,
    "buses": [],
    "num_dbs": 0,
    "files": [],
    "num_dockers": 0,
    "num_langs": 1,
    "num_servers": 0,
    "num_buses": 0,
    "num_discos": 0,
    "gates": [],
    "images": [],
    "size": 24,
    "structure": {
        "path": [],
        "num_services": 0,
        "services": [],
        "detected_dbs": {
            "shared_dbs": false,
            "num": 0,
            "names": [],
            "services": []
        }
    },
    "num_files": 1,
    "servers": [],
    "url": "git://github.com/wjamesbonner/wp-container-automation.git",
    "dbs": [],
    "monitors": [],
    "dockers": [],
    "languages": [
        "powershell"
    ],
    "num_services": 0,
    "num_gates": 0,
    "name": "wjamesbonner/wp-container-automation",
    "shared_dbs": false,
    "langs": [
        "powershell"
    ],
    "discos": [],
    "num_monitors": 0
}