{
    "languages": [
        "c#"
    ],
    "num_servers": 0,
    "shared_dbs": false,
    "name": "WolfgangOfner/MicroserviceDemo",
    "servers": [],
    "num_monitors": 0,
    "num_langs": 1,
    "images": [
        "base"
    ],
    "langs": [
        "c#"
    ],
    "dockers": [
        {
            "cmd_keywords": [],
            "dbs": [],
            "buses": [],
            "langs": [],
            "cmd": "",
            "keywords": [
                "customerapi",
                "csproj",
                "dotnet",
                "build",
                "release"
            ],
            "path": "/CustomerApi/Dockerfile",
            "gates": [],
            "from": "base",
            "from_full": "base",
            "servers": [],
            "discos": [],
            "monitors": []
        },
        {
            "cmd_keywords": [],
            "dbs": [],
            "buses": [],
            "langs": [],
            "cmd": "",
            "keywords": [
                "customerapi",
                "csproj",
                "dotnet",
                "build",
                "release"
            ],
            "path": "/CustomerApi/Solution/CustomerApi/Dockerfile",
            "gates": [],
            "from": "base",
            "from_full": "base",
            "servers": [],
            "discos": [],
            "monitors": []
        },
        {
            "cmd_keywords": [],
            "dbs": [],
            "buses": [],
            "langs": [],
            "cmd": "",
            "keywords": [
                "orderapi",
                "csproj",
                "dotnet",
                "build",
                "release"
            ],
            "path": "/OrderApi/Dockerfile",
            "gates": [],
            "from": "base",
            "from_full": "base",
            "servers": [],
            "discos": [],
            "monitors": []
        },
        {
            "cmd_keywords": [],
            "dbs": [],
            "buses": [],
            "langs": [],
            "cmd": "",
            "keywords": [
                "orderapi",
                "csproj",
                "dotnet",
                "build",
                "release"
            ],
            "path": "/OrderApi/Solution/OrderApi/Dockerfile",
            "gates": [],
            "from": "base",
            "from_full": "base",
            "servers": [],
            "discos": [],
            "monitors": []
        }
    ],
    "gates": [],
    "num_buses": 1,
    "discos": [],
    "monitors": [],
    "num_files": 5,
    "structure": {
        "path": "/docker-compose.yml",
        "services": [
            {
                "image_full": "wolfgangofner/orderapi",
                "depends_on": [
                    "rabbitmq"
                ],
                "dbs": [],
                "buses": [],
                "gates": [],
                "name": "orderapi",
                "image": "wolfgangofner/orderapi",
                "servers": [],
                "discos": [],
                "monitors": []
            },
            {
                "image_full": "wolfgangofner/customerapi",
                "depends_on": [
                    "rabbitmq"
                ],
                "dbs": [],
                "buses": [],
                "gates": [],
                "name": "customerapi",
                "image": "wolfgangofner/customerapi",
                "servers": [],
                "discos": [],
                "monitors": []
            },
            {
                "image_full": "rabbitmq:3-management",
                "depends_on": [],
                "dbs": [],
                "buses": [
                    "rabbitmq"
                ],
                "gates": [],
                "name": "rabbitmq",
                "image": "rabbitmq",
                "servers": [],
                "discos": [],
                "monitors": []
            }
        ],
        "num_services": 3,
        "detected_dbs": {
            "services": [],
            "names": [],
            "num": 0,
            "shared_dbs": false
        }
    },
    "dbs": [],
    "num_dbs": 0,
    "avg_size_service": 39.5,
    "num_services": 3,
    "buses": [
        "rabbitmq"
    ],
    "files": [],
    "url": "git://github.com/WolfgangOfner/MicroserviceDemo.git",
    "num_dockers": 4,
    "size": 158,
    "num_discos": 0,
    "num_gates": 0
}