{
    "dbs": [],
    "discos": [
        "eureka"
    ],
    "servers": [],
    "num_dockers": 2,
    "structure": {
        "path": "/docker-host/docker-compose.yml",
        "services": [],
        "num_services": 0,
        "detected_dbs": {
            "names": [],
            "num": 0,
            "shared_dbs": false,
            "services": []
        }
    },
    "files": [
        {
            "dbs": [],
            "discos": [
                "eureka"
            ],
            "buses": [],
            "servers": [],
            "path": "/pom.xml",
            "gates": [
                "zuul",
                "gateway"
            ],
            "monitors": [
                "turbine"
            ]
        },
        {
            "path": "/microservice-discovery-eureka-authenticating/pom.xml"
        },
        {
            "path": "/microservice-config-server-encryption-rsa/pom.xml"
        },
        {
            "path": "/microservice-discovery-eureka/pom.xml"
        },
        {
            "path": "/microservice-gateway-zuul-fallback/pom.xml"
        },
        {
            "path": "/microservice-provider-user-multiple-params/pom.xml"
        },
        {
            "path": "/microservice-discovery-eureka-ha/pom.xml"
        },
        {
            "path": "/microservice-file-upload/pom.xml"
        },
        {
            "path": "/microservice-consumer-movie-feign/pom.xml"
        },
        {
            "path": "/microservice-consumer-movie-feign-hystrix-fallback/pom.xml"
        },
        {
            "path": "/microservice-hystrix-dashboard/pom.xml"
        },
        {
            "path": "/microservice-consumer-movie/pom.xml"
        },
        {
            "path": "/microservice-consumer-movie-ribbon/pom.xml"
        },
        {
            "path": "/microservice-config-server-health/pom.xml"
        },
        {
            "path": "/microservice-consumer-movie-feign-hystrix-fallback-factory/pom.xml"
        },
        {
            "path": "/microservice-provider-user-my-metadata/pom.xml"
        },
        {
            "path": "/microservice-consumer-movie-feign-manual/pom.xml"
        },
        {
            "path": "/microservice-config-client-eureka/pom.xml"
        },
        {
            "path": "/microservice-gateway-zuul-file-upload/pom.xml"
        },
        {
            "path": "/additional-microservice-consumer-movie-ribbon-hystrix-get-the-exception/pom.xml"
        },
        {
            "path": "/microservice-consumer-movie-ribbon-customizing/pom.xml"
        },
        {
            "path": "/microservice-consumer-movie-ribbon-hystrix-turbine-mq/pom.xml"
        },
        {
            "path": "/microservice-consumer-movie-feign-logging/pom.xml"
        },
        {
            "path": "/microservice-provider-user-ip/pom.xml"
        },
        {
            "path": "/microservice-hystrix-turbine/pom.xml"
        },
        {
            "path": "/microservice-consumer-movie-feign-multiple-params/pom.xml"
        },
        {
            "path": "/microservice-gateway-zuul-filter/pom.xml"
        },
        {
            "path": "/docker-host/pom.xml"
        },
        {
            "path": "/docker-host/microservice-discovery-eureka/pom.xml"
        },
        {
            "path": "/docker-host/microservice-hystrix-dashboard/pom.xml"
        },
        {
            "path": "/docker-host/microservice-hystrix-turbine/pom.xml"
        },
        {
            "path": "/docker-host/microservice-provider-user/pom.xml"
        },
        {
            "path": "/docker-host/microservice-gateway-zuul/pom.xml"
        },
        {
            "path": "/docker-host/microservice-consumer-movie-ribbon-hystrix/pom.xml"
        },
        {
            "path": "/microservice-config-server-eureka-authenticating/pom.xml"
        },
        {
            "path": "/microservice-sidecar/pom.xml"
        },
        {
            "path": "/microservice-config-client-eureka-authenticating/pom.xml"
        },
        {
            "path": "/microservice-provider-user/pom.xml"
        },
        {
            "path": "/microservice-config-client-refresh-cloud-bus/pom.xml"
        },
        {
            "path": "/microservice-gateway-zuul/pom.xml"
        },
        {
            "path": "/microservice-simple-consumer-movie/pom.xml"
        },
        {
            "path": "/microservice-consumer-movie-feign-hystrix-fallback-stream/pom.xml"
        },
        {
            "path": "/docker-2-eureka-ha/microservice-discovery-eureka-ha/pom.xml"
        },
        {
            "path": "/microservice-consumer-movie-ribbon-customizing-properties/pom.xml"
        },
        {
            "path": "/microservice-consumer-movie-without-eureka/pom.xml"
        },
        {
            "path": "/microservice-consumer-movie-understanding-metadata/pom.xml"
        },
        {
            "path": "/microservice-config-client/pom.xml"
        },
        {
            "path": "/docker-3-complex/pom.xml"
        },
        {
            "path": "/docker-3-complex/microservice-discovery-eureka-ha/pom.xml"
        },
        {
            "path": "/docker-3-complex/microservice-hystrix-turbine/pom.xml"
        },
        {
            "path": "/docker-3-complex/microservice-provider-user/pom.xml"
        },
        {
            "path": "/docker-3-complex/microservice-gateway-zuul/pom.xml"
        },
        {
            "path": "/docker-3-complex/microservice-consumer-movie-ribbon-hystrix/pom.xml"
        },
        {
            "path": "/microservice-config-server-authenticating/pom.xml"
        },
        {
            "path": "/microservice-provider-user-with-auth/pom.xml"
        },
        {
            "path": "/microservice-config-client-authenticating/pom.xml"
        },
        {
            "path": "/additional-microservice-consumer-movie-ribbon-exception-but-no-fallback/pom.xml"
        },
        {
            "path": "/microservice-config-server-eureka/pom.xml"
        },
        {
            "dbs": [],
            "discos": [],
            "buses": [],
            "servers": [],
            "path": "/trace/pom.xml",
            "gates": [],
            "monitors": [
                "elk"
            ]
        },
        {
            "path": "/trace/microservice-simple-provider-user-trace-elk/pom.xml"
        },
        {
            "path": "/trace/microservice-trace-zipkin-server-stream/pom.xml"
        },
        {
            "path": "/trace/microservice-trace-zipkin-server/pom.xml"
        },
        {
            "path": "/trace/microservice-simple-consumer-movie-trace/pom.xml"
        },
        {
            "path": "/trace/microservice-simple-provider-user-trace-zipkin-stream/pom.xml"
        },
        {
            "path": "/trace/microservice-simple-provider-user-trace-zipkin/pom.xml"
        },
        {
            "path": "/trace/microservice-simple-provider-user-trace/pom.xml"
        },
        {
            "path": "/trace/microservice-trace-zipkin-server-stream-elasticsearch/pom.xml"
        },
        {
            "path": "/trace/microservice-simple-consumer-movie-trace-zipkin/pom.xml"
        },
        {
            "path": "/microservice-gateway-zuul-reg-exp/pom.xml"
        },
        {
            "path": "/microservice-gateway-zuul-filter-groovy/pom.xml"
        },
        {
            "path": "/docker-1-simple/pom.xml"
        },
        {
            "path": "/docker-1-simple/microservice-discovery-eureka/pom.xml"
        },
        {
            "path": "/docker-1-simple/microservice-hystrix-dashboard/pom.xml"
        },
        {
            "path": "/docker-1-simple/microservice-hystrix-turbine/pom.xml"
        },
        {
            "path": "/docker-1-simple/microservice-provider-user/pom.xml"
        },
        {
            "path": "/docker-1-simple/microservice-gateway-zuul/pom.xml"
        },
        {
            "path": "/docker-1-simple/microservice-consumer-movie-ribbon-hystrix/pom.xml"
        },
        {
            "path": "/microservice-config-server-refresh-cloud-bus/pom.xml"
        },
        {
            "path": "/microservice-config-server-encryption/pom.xml"
        },
        {
            "path": "/microservice-hystrix-turbine-mq/pom.xml"
        },
        {
            "path": "/microservice-consumer-movie-ribbon-hystrix/pom.xml"
        },
        {
            "path": "/microservice-simple-provider-user/pom.xml"
        },
        {
            "path": "/microservice-gateway-zuul-aggregation/pom.xml"
        },
        {
            "path": "/microservice-config-client-refresh/pom.xml"
        },
        {
            "path": "/microservice-config-server/pom.xml"
        },
        {
            "path": "/microservice-sidecar-client-ribbon/pom.xml"
        },
        {
            "path": "/microservice-consumer-movie-feign-customizing/pom.xml"
        }
    ],
    "images": [
        "java"
    ],
    "num_servers": 0,
    "monitors": [
        "turbine",
        "elk"
    ],
    "shared_dbs": false,
    "dockers": [
        {
            "dbs": [],
            "discos": [],
            "cmd_keywords": [],
            "buses": [],
            "servers": [],
            "from_full": "java:8",
            "langs": [
                "java"
            ],
            "from": "java",
            "cmd": "",
            "path": "/docker-host/microservice-discovery-eureka/src/main/docker/Dockerfile",
            "monitors": [],
            "keywords": [
                "app",
                "jar",
                "bash",
                "touch"
            ],
            "gates": []
        },
        {
            "dbs": [],
            "discos": [],
            "cmd_keywords": [],
            "buses": [],
            "servers": [],
            "from_full": "java:8",
            "langs": [
                "java"
            ],
            "from": "java",
            "cmd": "",
            "path": "/docker-1-simple/microservice-discovery-eureka/src/main/docker/Dockerfile",
            "monitors": [],
            "keywords": [
                "app",
                "jar",
                "bash",
                "touch"
            ],
            "gates": []
        }
    ],
    "num_discos": 1,
    "size": 475,
    "name": "wozhuchenfu/Spring-Cloud-Docker",
    "buses": [],
    "languages": [
        "java"
    ],
    "num_buses": 0,
    "langs": [
        "java"
    ],
    "num_services": 0,
    "num_langs": 1,
    "num_files": 90,
    "avg_size_service": 237.5,
    "num_monitors": 2,
    "url": "git://github.com/wozhuchenfu/Spring-Cloud-Docker.git",
    "num_dbs": 0,
    "gates": [
        "zuul"
    ],
    "num_gates": 1
}