{
    "discos": [],
    "avg_size_service": 26.0,
    "buses": [],
    "num_gates": 0,
    "name": "wtsi-hgi/docker-proxify",
    "structure": {
        "path": [],
        "services": [],
        "detected_dbs": {
            "names": [],
            "num": 0,
            "shared_dbs": false,
            "services": []
        },
        "num_services": 0
    },
    "dbs": [],
    "dockers": [
        {
            "langs": [
                "bash"
            ],
            "cmd_keywords": [
                "bash"
            ],
            "from_full": "jrandall/redsocks",
            "buses": [],
            "monitors": [],
            "from": "jrandall/redsocks",
            "keywords": [
                "docker",
                "chmod",
                "bin",
                "apt",
                "usr"
            ],
            "gates": [],
            "path": "/Dockerfile",
            "dbs": [],
            "discos": [],
            "cmd": "bash",
            "servers": []
        }
    ],
    "gates": [],
    "size": 26,
    "num_monitors": 0,
    "images": [
        "jrandall/redsocks"
    ],
    "num_buses": 0,
    "num_services": 0,
    "servers": [],
    "shared_dbs": false,
    "monitors": [],
    "num_discos": 0,
    "languages": [
        "perl",
        "shell"
    ],
    "url": "git://github.com/wtsi-hgi/docker-proxify.git",
    "langs": [
        "perl",
        "bash",
        "shell"
    ],
    "num_dbs": 0,
    "num_servers": 0,
    "num_langs": 3,
    "files": [],
    "num_dockers": 1,
    "num_files": 2
}