{
    "languages": [],
    "dockers": [],
    "num_dockers": 0,
    "url": "git://github.com/xinghun147/spring-cloud-docker-microservice-book-code.git",
    "structure": {
        "path": [],
        "num_services": 0,
        "detected_dbs": {
            "num": 0,
            "shared_dbs": false,
            "names": [],
            "services": []
        },
        "services": []
    },
    "num_files": 1,
    "dbs": [],
    "images": [],
    "num_dbs": 0,
    "langs": [],
    "servers": [],
    "num_monitors": 0,
    "gates": [],
    "discos": [],
    "num_discos": 0,
    "files": [],
    "buses": [],
    "num_services": 0,
    "num_gates": 0,
    "avg_size_service": 0.0,
    "shared_dbs": false,
    "size": 0,
    "name": "xinghun147/spring-cloud-docker-microservice-book-code",
    "num_buses": 0,
    "monitors": [],
    "num_servers": 0,
    "num_langs": 0
}