{
    "discos": [],
    "avg_size_service": 15.0,
    "buses": [
        "kafka"
    ],
    "num_gates": 0,
    "name": "Yannael/kafka-sparkstreaming-cassandra",
    "structure": {
        "path": [],
        "services": [],
        "detected_dbs": {
            "names": [],
            "num": 0,
            "shared_dbs": false,
            "services": []
        },
        "num_services": 0
    },
    "dbs": [
        "cassandra"
    ],
    "dockers": [
        {
            "langs": [
                "java"
            ],
            "cmd_keywords": [],
            "from_full": "centos:centos6",
            "buses": [
                "kafka"
            ],
            "monitors": [],
            "from": "centos",
            "keywords": [
                "guest",
                "install",
                "kafka",
                "yum",
                "python"
            ],
            "gates": [],
            "path": "/Dockerfile",
            "dbs": [
                "cassandra"
            ],
            "discos": [],
            "cmd": "",
            "servers": []
        }
    ],
    "gates": [],
    "size": 15,
    "num_monitors": 0,
    "images": [
        "centos"
    ],
    "num_buses": 1,
    "num_services": 0,
    "servers": [],
    "shared_dbs": false,
    "monitors": [],
    "num_discos": 0,
    "languages": [
        "jupyternotebook",
        "dockerfile"
    ],
    "url": "git://github.com/Yannael/kafka-sparkstreaming-cassandra.git",
    "langs": [
        "jupyternotebook",
        "dockerfile",
        "java"
    ],
    "num_dbs": 1,
    "num_servers": 0,
    "num_langs": 3,
    "files": [],
    "num_dockers": 1,
    "num_files": 2
}