{
    "size": 1107,
    "avg_size_service": 1107.0,
    "name": "yanniskonstas/microvideo",
    "languages": [
        "javascript"
    ],
    "servers": [
        "node",
        "express"
    ],
    "num_dbs": 1,
    "images": [
        "node"
    ],
    "structure": {
        "path": "/docker-compose.yml",
        "num_services": 3,
        "services": [
            {
                "depends_on": [],
                "image_full": "azure-storage:ver1",
                "monitors": [],
                "name": "azure-storage",
                "image": "azure-storage",
                "servers": [],
                "buses": [],
                "dbs": [],
                "gates": [],
                "discos": []
            },
            {
                "depends_on": [],
                "image_full": "mongo:4.2.0",
                "monitors": [],
                "name": "db",
                "image": "mongo",
                "servers": [],
                "buses": [],
                "dbs": [
                    "mongo"
                ],
                "gates": [],
                "discos": []
            },
            {
                "depends_on": [],
                "image_full": "microvideo:ver1",
                "monitors": [],
                "name": "microvideo",
                "image": "microvideo",
                "servers": [],
                "buses": [],
                "dbs": [],
                "gates": [],
                "discos": []
            }
        ],
        "detected_dbs": {
            "services": [
                "db"
            ],
            "names": [
                "mongo"
            ],
            "shared_dbs": false,
            "num": 1
        }
    },
    "num_dockers": 1,
    "num_buses": 0,
    "num_services": 3,
    "dockers": [
        {
            "path": "/Dockerfile",
            "from": "node",
            "langs": [],
            "cmd": "npm start",
            "servers": [
                "node"
            ],
            "from_full": "node:12.13.1-alpine",
            "keywords": [
                "install",
                "only",
                "npm",
                "production"
            ],
            "cmd_keywords": [
                "npm",
                "start"
            ],
            "monitors": [],
            "buses": [],
            "dbs": [],
            "gates": [],
            "discos": []
        }
    ],
    "num_langs": 1,
    "langs": [
        "javascript"
    ],
    "discos": [],
    "num_gates": 0,
    "num_monitors": 0,
    "num_files": 3,
    "files": [
        {
            "path": "/package.json",
            "monitors": [],
            "dbs": [
                "mongodb"
            ],
            "buses": [],
            "servers": [
                "node",
                "express"
            ],
            "gates": [],
            "discos": []
        }
    ],
    "shared_dbs": false,
    "monitors": [],
    "num_servers": 2,
    "url": "git://github.com/yanniskonstas/microvideo.git",
    "dbs": [
        "mongo"
    ],
    "num_discos": 0,
    "gates": [],
    "buses": []
}