{
    "gates": [],
    "images": [
        "openjdk"
    ],
    "num_dbs": 1,
    "structure": {
        "num_services": 3,
        "path": "/docker-compose.yml",
        "services": [
            {
                "image_full": "php:7.0-apache",
                "gates": [],
                "image": "php",
                "depends_on": [],
                "dbs": [],
                "name": "website",
                "buses": [],
                "servers": [],
                "discos": [],
                "monitors": []
            },
            {
                "image_full": "mariadb:10.3.4",
                "gates": [],
                "image": "mariadb",
                "depends_on": [],
                "dbs": [
                    "mariadb"
                ],
                "name": "mysql-db",
                "buses": [],
                "servers": [],
                "discos": [],
                "monitors": []
            },
            {
                "image_full": "./spring-boot-restful-service",
                "gates": [],
                "image": "./spring-boot-restful-service",
                "depends_on": [
                    "mysql-db"
                ],
                "dbs": [],
                "name": "spring-rest-service",
                "buses": [],
                "servers": [
                    "spring"
                ],
                "discos": [],
                "monitors": []
            }
        ],
        "detected_dbs": {
            "num": 1,
            "services": [
                "mysql-db"
            ],
            "shared_dbs": false,
            "names": [
                "mariadb"
            ]
        }
    },
    "num_files": 3,
    "num_gates": 0,
    "discos": [],
    "num_dockers": 1,
    "shared_dbs": false,
    "languages": [
        "php",
        "java"
    ],
    "name": "zeflik/todo-list",
    "num_langs": 3,
    "avg_size_service": 74.0,
    "monitors": [],
    "num_servers": 1,
    "num_services": 3,
    "dbs": [
        "mysql"
    ],
    "langs": [
        "bash",
        "java",
        "php"
    ],
    "dockers": [
        {
            "gates": [],
            "path": "/spring-boot-restful-service/Dockerfile",
            "langs": [
                "bash"
            ],
            "dbs": [],
            "buses": [],
            "servers": [],
            "from": "openjdk",
            "discos": [],
            "from_full": "openjdk:8",
            "cmd": "",
            "monitors": [],
            "cmd_keywords": [],
            "keywords": [
                "bash",
                "chmod",
                "jar",
                "touch",
                "wrapper"
            ]
        }
    ],
    "buses": [],
    "servers": [
        "spring"
    ],
    "size": 74,
    "files": [
        {
            "gates": [],
            "path": "/spring-boot-restful-service/build.gradle",
            "discos": [],
            "dbs": [
                "mysql"
            ],
            "buses": [],
            "servers": [
                "spring"
            ],
            "monitors": []
        }
    ],
    "num_buses": 0,
    "num_monitors": 0,
    "url": "git://github.com/zeflik/todo-list.git",
    "num_discos": 0
}