{
    "num_gates": 1,
    "images": [
        "golang"
    ],
    "discos": [],
    "num_buses": 0,
    "name": "Zhanat87/golang-gorilla",
    "gates": [
        "nginx"
    ],
    "structure": {
        "num_services": 4,
        "detected_dbs": {
            "services": [
                "mysql"
            ],
            "names": [
                "mysql"
            ],
            "shared_dbs": true,
            "num": 1
        },
        "path": "/docker/docker-compose.yml",
        "services": [
            {
                "image": "mysql",
                "image_full": "mysql",
                "discos": [],
                "gates": [],
                "depends_on": [],
                "servers": [],
                "name": "mysql",
                "monitors": [],
                "buses": [],
                "dbs": [
                    "mysql"
                ]
            },
            {
                "image": "zhanat87/golang-gorilla",
                "image_full": "zhanat87/golang-gorilla:1.0.0",
                "discos": [],
                "gates": [],
                "depends_on": [
                    "mysql"
                ],
                "servers": [],
                "name": "microservice",
                "monitors": [],
                "buses": [],
                "dbs": []
            },
            {
                "image": "hardware/adminer",
                "image_full": "hardware/adminer",
                "discos": [],
                "gates": [],
                "depends_on": [
                    "mysql"
                ],
                "servers": [],
                "name": "adminer",
                "monitors": [],
                "buses": [],
                "dbs": []
            },
            {
                "image": "nginx",
                "image_full": "nginx:latest",
                "discos": [],
                "gates": [
                    "nginx"
                ],
                "depends_on": [
                    "microservice:app"
                ],
                "servers": [],
                "name": "proxy",
                "monitors": [],
                "buses": [],
                "dbs": []
            }
        ]
    },
    "url": "git://github.com/Zhanat87/golang-gorilla.git",
    "langs": [
        "golang",
        "html",
        "go"
    ],
    "num_dockers": 1,
    "num_langs": 3,
    "dbs": [
        "mysql"
    ],
    "shared_dbs": true,
    "size": 697,
    "dockers": [
        {
            "discos": [],
            "monitors": [],
            "from_full": "golang:1.8-alpine",
            "servers": [],
            "buses": [],
            "langs": [
                "golang"
            ],
            "from": "golang",
            "cmd": "${SOURCES}golang-gorilla",
            "gates": [],
            "keywords": [
                "env",
                "git",
                "apk",
                "govendor",
                "kardianos"
            ],
            "dbs": [],
            "path": "/Dockerfile",
            "cmd_keywords": [
                "golang",
                "sources",
                "gorilla"
            ]
        }
    ],
    "num_servers": 0,
    "monitors": [],
    "num_services": 4,
    "servers": [],
    "num_monitors": 0,
    "avg_size_service": 697.0,
    "num_files": 2,
    "buses": [],
    "files": [],
    "languages": [
        "go",
        "html"
    ],
    "num_dbs": 1,
    "num_discos": 0
}