{
    "discos": [],
    "avg_size_service": 3.0,
    "buses": [],
    "num_gates": 0,
    "name": "zyclonite/zerotier-docker",
    "structure": {
        "path": [],
        "services": [],
        "detected_dbs": {
            "names": [],
            "num": 0,
            "shared_dbs": false,
            "services": []
        },
        "num_services": 0
    },
    "dbs": [],
    "dockers": [
        {
            "langs": [],
            "cmd_keywords": [],
            "from_full": "alpine:3.12",
            "buses": [],
            "monitors": [],
            "from": "alpine",
            "keywords": [
                "zerotier",
                "sbin",
                "usr",
                "one",
                "linux"
            ],
            "gates": [],
            "path": "/Dockerfile",
            "dbs": [],
            "discos": [],
            "cmd": "",
            "servers": []
        }
    ],
    "gates": [],
    "size": 3,
    "num_monitors": 0,
    "images": [
        "alpine"
    ],
    "num_buses": 0,
    "num_services": 0,
    "servers": [],
    "shared_dbs": false,
    "monitors": [],
    "num_discos": 0,
    "languages": [
        "dockerfile"
    ],
    "url": "git://github.com/zyclonite/zerotier-docker.git",
    "langs": [
        "dockerfile"
    ],
    "num_dbs": 0,
    "num_servers": 0,
    "num_langs": 1,
    "files": [],
    "num_dockers": 1,
    "num_files": 2
}