{
    "structure": {
        "path": [],
        "services": [],
        "num_services": 0,
        "detected_dbs": {
            "names": [],
            "num": 0,
            "services": [],
            "shared_dbs": false
        }
    },
    "discos": [],
    "size": 20,
    "num_gates": 0,
    "num_langs": 1,
    "servers": [],
    "gates": [],
    "num_servers": 0,
    "num_buses": 0,
    "files": [
        {
            "servers": [],
            "buses": [],
            "gates": [],
            "monitors": [],
            "discos": [],
            "path": "/pom.xml",
            "dbs": []
        }
    ],
    "num_dockers": 0,
    "buses": [],
    "languages": [
        "java"
    ],
    "monitors": [],
    "dbs": [],
    "num_monitors": 0,
    "num_files": 2,
    "num_dbs": 0,
    "num_services": 0,
    "images": [],
    "url": "git://github.com/zyuxuan/spring-cloud-docker-microservice-book-code.git",
    "dockers": [],
    "avg_size_service": 20.0,
    "shared_dbs": false,
    "num_discos": 0,
    "langs": [
        "java"
    ],
    "name": "zyuxuan/spring-cloud-docker-microservice-book-code"
}